CaseID,NetworkID,FaultType,FaultBus,FaultResistanceOhm,FaultInceptionAngleDeg,BackgroundName,Variant,Model,PredFaultType,PredFaultBus
19,ieee14,SLG,2,10.0,0,NoSSO,Baseline,RandomForest,ThreePhase,2
20,ieee14,SLG,2,10.0,0,SSO25Hz_M01,Baseline,RandomForest,ThreePhase,2
21,ieee14,SLG,2,10.0,0,SSO25Hz_M03,Baseline,RandomForest,ThreePhase,2
22,ieee14,SLG,2,10.0,45,NoSSO,Baseline,RandomForest,ThreePhase,2
23,ieee14,SLG,2,10.0,45,SSO25Hz_M01,Baseline,RandomForest,ThreePhase,2
24,ieee14,SLG,2,10.0,45,SSO25Hz_M03,Baseline,RandomForest,ThreePhase,2
25,ieee14,SLG,2,10.0,90,NoSSO,Baseline,RandomForest,ThreePhase,2
26,ieee14,SLG,2,10.0,90,SSO25Hz_M01,Baseline,RandomForest,ThreePhase,2
27,ieee14,SLG,2,10.0,90,SSO25Hz_M03,Baseline,RandomForest,ThreePhase,2
46,ieee14,LL,2,10.0,0,NoSSO,Baseline,RandomForest,ThreePhase,2
47,ieee14,LL,2,10.0,0,SSO25Hz_M01,Baseline,RandomForest,ThreePhase,2
48,ieee14,LL,2,10.0,0,SSO25Hz_M03,Baseline,RandomForest,ThreePhase,2
49,ieee14,LL,2,10.0,45,NoSSO,Baseline,RandomForest,ThreePhase,2
50,ieee14,LL,2,10.0,45,SSO25Hz_M01,Baseline,RandomForest,ThreePhase,2
51,ieee14,LL,2,10.0,45,SSO25Hz_M03,Baseline,RandomForest,ThreePhase,2
52,ieee14,LL,2,10.0,90,NoSSO,Baseline,RandomForest,ThreePhase,2
53,ieee14,LL,2,10.0,90,SSO25Hz_M01,Baseline,RandomForest,ThreePhase,2
54,ieee14,LL,2,10.0,90,SSO25Hz_M03,Baseline,RandomForest,ThreePhase,2
73,ieee14,LLG,2,10.0,0,NoSSO,Baseline,RandomForest,ThreePhase,2
74,ieee14,LLG,2,10.0,0,SSO25Hz_M01,Baseline,RandomForest,ThreePhase,2
75,ieee14,LLG,2,10.0,0,SSO25Hz_M03,Baseline,RandomForest,ThreePhase,2
76,ieee14,LLG,2,10.0,45,NoSSO,Baseline,RandomForest,ThreePhase,2
77,ieee14,LLG,2,10.0,45,SSO25Hz_M01,Baseline,RandomForest,ThreePhase,2
78,ieee14,LLG,2,10.0,45,SSO25Hz_M03,Baseline,RandomForest,ThreePhase,2
79,ieee14,LLG,2,10.0,90,NoSSO,Baseline,RandomForest,ThreePhase,2
80,ieee14,LLG,2,10.0,90,SSO25Hz_M01,Baseline,RandomForest,ThreePhase,2
81,ieee14,LLG,2,10.0,90,SSO25Hz_M03,Baseline,RandomForest,ThreePhase,2
100,ieee14,ThreePhase,2,10.0,0,NoSSO,Baseline,RandomForest,ThreePhase,2
101,ieee14,ThreePhase,2,10.0,0,SSO25Hz_M01,Baseline,RandomForest,ThreePhase,2
102,ieee14,ThreePhase,2,10.0,0,SSO25Hz_M03,Baseline,RandomForest,ThreePhase,2
103,ieee14,ThreePhase,2,10.0,45,NoSSO,Baseline,RandomForest,ThreePhase,2
104,ieee14,ThreePhase,2,10.0,45,SSO25Hz_M01,Baseline,RandomForest,ThreePhase,2
105,ieee14,ThreePhase,2,10.0,45,SSO25Hz_M03,Baseline,RandomForest,ThreePhase,2
106,ieee14,ThreePhase,2,10.0,90,NoSSO,Baseline,RandomForest,ThreePhase,2
107,ieee14,ThreePhase,2,10.0,90,SSO25Hz_M01,Baseline,RandomForest,ThreePhase,2
108,ieee14,ThreePhase,2,10.0,90,SSO25Hz_M03,Baseline,RandomForest,ThreePhase,2
127,ieee14,SLG,6,10.0,0,NoSSO,Baseline,RandomForest,ThreePhase,2
128,ieee14,SLG,6,10.0,0,SSO25Hz_M01,Baseline,RandomForest,ThreePhase,2
129,ieee14,SLG,6,10.0,0,SSO25Hz_M03,Baseline,RandomForest,ThreePhase,2
130,ieee14,SLG,6,10.0,45,NoSSO,Baseline,RandomForest,ThreePhase,2
131,ieee14,SLG,6,10.0,45,SSO25Hz_M01,Baseline,RandomForest,ThreePhase,2
132,ieee14,SLG,6,10.0,45,SSO25Hz_M03,Baseline,RandomForest,ThreePhase,2
133,ieee14,SLG,6,10.0,90,NoSSO,Baseline,RandomForest,ThreePhase,2
134,ieee14,SLG,6,10.0,90,SSO25Hz_M01,Baseline,RandomForest,ThreePhase,2
135,ieee14,SLG,6,10.0,90,SSO25Hz_M03,Baseline,RandomForest,ThreePhase,2
154,ieee14,LL,6,10.0,0,NoSSO,Baseline,RandomForest,ThreePhase,2
155,ieee14,LL,6,10.0,0,SSO25Hz_M01,Baseline,RandomForest,ThreePhase,2
156,ieee14,LL,6,10.0,0,SSO25Hz_M03,Baseline,RandomForest,ThreePhase,2
157,ieee14,LL,6,10.0,45,NoSSO,Baseline,RandomForest,ThreePhase,2
158,ieee14,LL,6,10.0,45,SSO25Hz_M01,Baseline,RandomForest,ThreePhase,2
159,ieee14,LL,6,10.0,45,SSO25Hz_M03,Baseline,RandomForest,ThreePhase,2
160,ieee14,LL,6,10.0,90,NoSSO,Baseline,RandomForest,ThreePhase,2
161,ieee14,LL,6,10.0,90,SSO25Hz_M01,Baseline,RandomForest,ThreePhase,2
162,ieee14,LL,6,10.0,90,SSO25Hz_M03,Baseline,RandomForest,ThreePhase,2
181,ieee14,LLG,6,10.0,0,NoSSO,Baseline,RandomForest,ThreePhase,2
182,ieee14,LLG,6,10.0,0,SSO25Hz_M01,Baseline,RandomForest,ThreePhase,2
183,ieee14,LLG,6,10.0,0,SSO25Hz_M03,Baseline,RandomForest,ThreePhase,2
184,ieee14,LLG,6,10.0,45,NoSSO,Baseline,RandomForest,ThreePhase,2
185,ieee14,LLG,6,10.0,45,SSO25Hz_M01,Baseline,RandomForest,ThreePhase,2
186,ieee14,LLG,6,10.0,45,SSO25Hz_M03,Baseline,RandomForest,ThreePhase,2
187,ieee14,LLG,6,10.0,90,NoSSO,Baseline,RandomForest,ThreePhase,2
188,ieee14,LLG,6,10.0,90,SSO25Hz_M01,Baseline,RandomForest,ThreePhase,2
189,ieee14,LLG,6,10.0,90,SSO25Hz_M03,Baseline,RandomForest,ThreePhase,2
208,ieee14,ThreePhase,6,10.0,0,NoSSO,Baseline,RandomForest,ThreePhase,2
209,ieee14,ThreePhase,6,10.0,0,SSO25Hz_M01,Baseline,RandomForest,ThreePhase,2
210,ieee14,ThreePhase,6,10.0,0,SSO25Hz_M03,Baseline,RandomForest,ThreePhase,2
211,ieee14,ThreePhase,6,10.0,45,NoSSO,Baseline,RandomForest,ThreePhase,2
212,ieee14,ThreePhase,6,10.0,45,SSO25Hz_M01,Baseline,RandomForest,ThreePhase,2
213,ieee14,ThreePhase,6,10.0,45,SSO25Hz_M03,Baseline,RandomForest,ThreePhase,2
214,ieee14,ThreePhase,6,10.0,90,NoSSO,Baseline,RandomForest,ThreePhase,2
215,ieee14,ThreePhase,6,10.0,90,SSO25Hz_M01,Baseline,RandomForest,ThreePhase,2
216,ieee14,ThreePhase,6,10.0,90,SSO25Hz_M03,Baseline,RandomForest,ThreePhase,2
235,ieee14,SLG,9,10.0,0,NoSSO,Baseline,RandomForest,ThreePhase,2
236,ieee14,SLG,9,10.0,0,SSO25Hz_M01,Baseline,RandomForest,ThreePhase,2
237,ieee14,SLG,9,10.0,0,SSO25Hz_M03,Baseline,RandomForest,ThreePhase,2
238,ieee14,SLG,9,10.0,45,NoSSO,Baseline,RandomForest,ThreePhase,2
239,ieee14,SLG,9,10.0,45,SSO25Hz_M01,Baseline,RandomForest,ThreePhase,2
240,ieee14,SLG,9,10.0,45,SSO25Hz_M03,Baseline,RandomForest,ThreePhase,2
241,ieee14,SLG,9,10.0,90,NoSSO,Baseline,RandomForest,ThreePhase,2
242,ieee14,SLG,9,10.0,90,SSO25Hz_M01,Baseline,RandomForest,ThreePhase,2
243,ieee14,SLG,9,10.0,90,SSO25Hz_M03,Baseline,RandomForest,ThreePhase,2
262,ieee14,LL,9,10.0,0,NoSSO,Baseline,RandomForest,ThreePhase,2
263,ieee14,LL,9,10.0,0,SSO25Hz_M01,Baseline,RandomForest,ThreePhase,2
264,ieee14,LL,9,10.0,0,SSO25Hz_M03,Baseline,RandomForest,ThreePhase,6
265,ieee14,LL,9,10.0,45,NoSSO,Baseline,RandomForest,ThreePhase,2
266,ieee14,LL,9,10.0,45,SSO25Hz_M01,Baseline,RandomForest,ThreePhase,2
267,ieee14,LL,9,10.0,45,SSO25Hz_M03,Baseline,RandomForest,ThreePhase,2
268,ieee14,LL,9,10.0,90,NoSSO,Baseline,RandomForest,ThreePhase,2
269,ieee14,LL,9,10.0,90,SSO25Hz_M01,Baseline,RandomForest,ThreePhase,2
270,ieee14,LL,9,10.0,90,SSO25Hz_M03,Baseline,RandomForest,ThreePhase,2
289,ieee14,LLG,9,10.0,0,NoSSO,Baseline,RandomForest,ThreePhase,6
290,ieee14,LLG,9,10.0,0,SSO25Hz_M01,Baseline,RandomForest,ThreePhase,6
291,ieee14,LLG,9,10.0,0,SSO25Hz_M03,Baseline,RandomForest,ThreePhase,6
292,ieee14,LLG,9,10.0,45,NoSSO,Baseline,RandomForest,ThreePhase,6
293,ieee14,LLG,9,10.0,45,SSO25Hz_M01,Baseline,RandomForest,ThreePhase,6
294,ieee14,LLG,9,10.0,45,SSO25Hz_M03,Baseline,RandomForest,ThreePhase,6
295,ieee14,LLG,9,10.0,90,NoSSO,Baseline,RandomForest,ThreePhase,6
296,ieee14,LLG,9,10.0,90,SSO25Hz_M01,Baseline,RandomForest,ThreePhase,6
297,ieee14,LLG,9,10.0,90,SSO25Hz_M03,Baseline,RandomForest,ThreePhase,6
316,ieee14,ThreePhase,9,10.0,0,NoSSO,Baseline,RandomForest,ThreePhase,6
317,ieee14,ThreePhase,9,10.0,0,SSO25Hz_M01,Baseline,RandomForest,ThreePhase,6
318,ieee14,ThreePhase,9,10.0,0,SSO25Hz_M03,Baseline,RandomForest,ThreePhase,6
319,ieee14,ThreePhase,9,10.0,45,NoSSO,Baseline,RandomForest,ThreePhase,6
320,ieee14,ThreePhase,9,10.0,45,SSO25Hz_M01,Baseline,RandomForest,ThreePhase,6
321,ieee14,ThreePhase,9,10.0,45,SSO25Hz_M03,Baseline,RandomForest,ThreePhase,6
322,ieee14,ThreePhase,9,10.0,90,NoSSO,Baseline,RandomForest,ThreePhase,6
323,ieee14,ThreePhase,9,10.0,90,SSO25Hz_M01,Baseline,RandomForest,ThreePhase,6
324,ieee14,ThreePhase,9,10.0,90,SSO25Hz_M03,Baseline,RandomForest,ThreePhase,6
343,ieee14,SLG,11,10.0,0,NoSSO,Baseline,RandomForest,ThreePhase,2
344,ieee14,SLG,11,10.0,0,SSO25Hz_M01,Baseline,RandomForest,ThreePhase,2
345,ieee14,SLG,11,10.0,0,SSO25Hz_M03,Baseline,RandomForest,ThreePhase,2
346,ieee14,SLG,11,10.0,45,NoSSO,Baseline,RandomForest,ThreePhase,2
347,ieee14,SLG,11,10.0,45,SSO25Hz_M01,Baseline,RandomForest,ThreePhase,2
348,ieee14,SLG,11,10.0,45,SSO25Hz_M03,Baseline,RandomForest,ThreePhase,2
349,ieee14,SLG,11,10.0,90,NoSSO,Baseline,RandomForest,ThreePhase,2
350,ieee14,SLG,11,10.0,90,SSO25Hz_M01,Baseline,RandomForest,ThreePhase,2
351,ieee14,SLG,11,10.0,90,SSO25Hz_M03,Baseline,RandomForest,ThreePhase,2
370,ieee14,LL,11,10.0,0,NoSSO,Baseline,RandomForest,ThreePhase,2
371,ieee14,LL,11,10.0,0,SSO25Hz_M01,Baseline,RandomForest,ThreePhase,2
372,ieee14,LL,11,10.0,0,SSO25Hz_M03,Baseline,RandomForest,ThreePhase,2
373,ieee14,LL,11,10.0,45,NoSSO,Baseline,RandomForest,ThreePhase,2
374,ieee14,LL,11,10.0,45,SSO25Hz_M01,Baseline,RandomForest,ThreePhase,2
375,ieee14,LL,11,10.0,45,SSO25Hz_M03,Baseline,RandomForest,ThreePhase,2
376,ieee14,LL,11,10.0,90,NoSSO,Baseline,RandomForest,ThreePhase,2
377,ieee14,LL,11,10.0,90,SSO25Hz_M01,Baseline,RandomForest,ThreePhase,2
378,ieee14,LL,11,10.0,90,SSO25Hz_M03,Baseline,RandomForest,ThreePhase,2
397,ieee14,LLG,11,10.0,0,NoSSO,Baseline,RandomForest,ThreePhase,2
398,ieee14,LLG,11,10.0,0,SSO25Hz_M01,Baseline,RandomForest,ThreePhase,2
399,ieee14,LLG,11,10.0,0,SSO25Hz_M03,Baseline,RandomForest,ThreePhase,2
400,ieee14,LLG,11,10.0,45,NoSSO,Baseline,RandomForest,ThreePhase,2
401,ieee14,LLG,11,10.0,45,SSO25Hz_M01,Baseline,RandomForest,ThreePhase,2
402,ieee14,LLG,11,10.0,45,SSO25Hz_M03,Baseline,RandomForest,ThreePhase,2
403,ieee14,LLG,11,10.0,90,NoSSO,Baseline,RandomForest,ThreePhase,2
404,ieee14,LLG,11,10.0,90,SSO25Hz_M01,Baseline,RandomForest,ThreePhase,2
405,ieee14,LLG,11,10.0,90,SSO25Hz_M03,Baseline,RandomForest,ThreePhase,2
424,ieee14,ThreePhase,11,10.0,0,NoSSO,Baseline,RandomForest,ThreePhase,6
425,ieee14,ThreePhase,11,10.0,0,SSO25Hz_M01,Baseline,RandomForest,ThreePhase,6
426,ieee14,ThreePhase,11,10.0,0,SSO25Hz_M03,Baseline,RandomForest,ThreePhase,6
427,ieee14,ThreePhase,11,10.0,45,NoSSO,Baseline,RandomForest,ThreePhase,6
428,ieee14,ThreePhase,11,10.0,45,SSO25Hz_M01,Baseline,RandomForest,ThreePhase,6
429,ieee14,ThreePhase,11,10.0,45,SSO25Hz_M03,Baseline,RandomForest,ThreePhase,6
430,ieee14,ThreePhase,11,10.0,90,NoSSO,Baseline,RandomForest,ThreePhase,6
431,ieee14,ThreePhase,11,10.0,90,SSO25Hz_M01,Baseline,RandomForest,ThreePhase,6
432,ieee14,ThreePhase,11,10.0,90,SSO25Hz_M03,Baseline,RandomForest,ThreePhase,6
451,ieee14,SLG,14,10.0,0,NoSSO,Baseline,RandomForest,ThreePhase,2
452,ieee14,SLG,14,10.0,0,SSO25Hz_M01,Baseline,RandomForest,ThreePhase,2
453,ieee14,SLG,14,10.0,0,SSO25Hz_M03,Baseline,RandomForest,ThreePhase,2
454,ieee14,SLG,14,10.0,45,NoSSO,Baseline,RandomForest,ThreePhase,2
455,ieee14,SLG,14,10.0,45,SSO25Hz_M01,Baseline,RandomForest,ThreePhase,2
456,ieee14,SLG,14,10.0,45,SSO25Hz_M03,Baseline,RandomForest,ThreePhase,2
457,ieee14,SLG,14,10.0,90,NoSSO,Baseline,RandomForest,ThreePhase,2
458,ieee14,SLG,14,10.0,90,SSO25Hz_M01,Baseline,RandomForest,ThreePhase,2
459,ieee14,SLG,14,10.0,90,SSO25Hz_M03,Baseline,RandomForest,ThreePhase,2
478,ieee14,LL,14,10.0,0,NoSSO,Baseline,RandomForest,ThreePhase,2
479,ieee14,LL,14,10.0,0,SSO25Hz_M01,Baseline,RandomForest,ThreePhase,2
480,ieee14,LL,14,10.0,0,SSO25Hz_M03,Baseline,RandomForest,ThreePhase,2
481,ieee14,LL,14,10.0,45,NoSSO,Baseline,RandomForest,ThreePhase,2
482,ieee14,LL,14,10.0,45,SSO25Hz_M01,Baseline,RandomForest,ThreePhase,2
483,ieee14,LL,14,10.0,45,SSO25Hz_M03,Baseline,RandomForest,ThreePhase,2
484,ieee14,LL,14,10.0,90,NoSSO,Baseline,RandomForest,ThreePhase,2
485,ieee14,LL,14,10.0,90,SSO25Hz_M01,Baseline,RandomForest,ThreePhase,2
486,ieee14,LL,14,10.0,90,SSO25Hz_M03,Baseline,RandomForest,ThreePhase,2
505,ieee14,LLG,14,10.0,0,NoSSO,Baseline,RandomForest,ThreePhase,2
506,ieee14,LLG,14,10.0,0,SSO25Hz_M01,Baseline,RandomForest,ThreePhase,2
507,ieee14,LLG,14,10.0,0,SSO25Hz_M03,Baseline,RandomForest,ThreePhase,2
508,ieee14,LLG,14,10.0,45,NoSSO,Baseline,RandomForest,ThreePhase,2
509,ieee14,LLG,14,10.0,45,SSO25Hz_M01,Baseline,RandomForest,ThreePhase,2
510,ieee14,LLG,14,10.0,45,SSO25Hz_M03,Baseline,RandomForest,ThreePhase,2
511,ieee14,LLG,14,10.0,90,NoSSO,Baseline,RandomForest,ThreePhase,2
512,ieee14,LLG,14,10.0,90,SSO25Hz_M01,Baseline,RandomForest,ThreePhase,2
513,ieee14,LLG,14,10.0,90,SSO25Hz_M03,Baseline,RandomForest,ThreePhase,2
532,ieee14,ThreePhase,14,10.0,0,NoSSO,Baseline,RandomForest,ThreePhase,6
533,ieee14,ThreePhase,14,10.0,0,SSO25Hz_M01,Baseline,RandomForest,ThreePhase,6
534,ieee14,ThreePhase,14,10.0,0,SSO25Hz_M03,Baseline,RandomForest,ThreePhase,6
535,ieee14,ThreePhase,14,10.0,45,NoSSO,Baseline,RandomForest,ThreePhase,6
536,ieee14,ThreePhase,14,10.0,45,SSO25Hz_M01,Baseline,RandomForest,ThreePhase,6
537,ieee14,ThreePhase,14,10.0,45,SSO25Hz_M03,Baseline,RandomForest,ThreePhase,6
538,ieee14,ThreePhase,14,10.0,90,NoSSO,Baseline,RandomForest,ThreePhase,6
539,ieee14,ThreePhase,14,10.0,90,SSO25Hz_M01,Baseline,RandomForest,ThreePhase,6
540,ieee14,ThreePhase,14,10.0,90,SSO25Hz_M03,Baseline,RandomForest,ThreePhase,6
19,ieee14,SLG,2,10.0,0,NoSSO,Baseline,ExtraTrees,LL,2
20,ieee14,SLG,2,10.0,0,SSO25Hz_M01,Baseline,ExtraTrees,ThreePhase,2
21,ieee14,SLG,2,10.0,0,SSO25Hz_M03,Baseline,ExtraTrees,ThreePhase,2
22,ieee14,SLG,2,10.0,45,NoSSO,Baseline,ExtraTrees,LL,2
23,ieee14,SLG,2,10.0,45,SSO25Hz_M01,Baseline,ExtraTrees,LL,2
24,ieee14,SLG,2,10.0,45,SSO25Hz_M03,Baseline,ExtraTrees,ThreePhase,2
25,ieee14,SLG,2,10.0,90,NoSSO,Baseline,ExtraTrees,LL,2
26,ieee14,SLG,2,10.0,90,SSO25Hz_M01,Baseline,ExtraTrees,ThreePhase,2
27,ieee14,SLG,2,10.0,90,SSO25Hz_M03,Baseline,ExtraTrees,ThreePhase,2
46,ieee14,LL,2,10.0,0,NoSSO,Baseline,ExtraTrees,LL,2
47,ieee14,LL,2,10.0,0,SSO25Hz_M01,Baseline,ExtraTrees,LL,2
48,ieee14,LL,2,10.0,0,SSO25Hz_M03,Baseline,ExtraTrees,LL,2
49,ieee14,LL,2,10.0,45,NoSSO,Baseline,ExtraTrees,LL,2
50,ieee14,LL,2,10.0,45,SSO25Hz_M01,Baseline,ExtraTrees,LL,2
51,ieee14,LL,2,10.0,45,SSO25Hz_M03,Baseline,ExtraTrees,LL,2
52,ieee14,LL,2,10.0,90,NoSSO,Baseline,ExtraTrees,LL,2
53,ieee14,LL,2,10.0,90,SSO25Hz_M01,Baseline,ExtraTrees,LL,2
54,ieee14,LL,2,10.0,90,SSO25Hz_M03,Baseline,ExtraTrees,ThreePhase,2
73,ieee14,LLG,2,10.0,0,NoSSO,Baseline,ExtraTrees,ThreePhase,2
74,ieee14,LLG,2,10.0,0,SSO25Hz_M01,Baseline,ExtraTrees,ThreePhase,2
75,ieee14,LLG,2,10.0,0,SSO25Hz_M03,Baseline,ExtraTrees,ThreePhase,2
76,ieee14,LLG,2,10.0,45,NoSSO,Baseline,ExtraTrees,LL,2
77,ieee14,LLG,2,10.0,45,SSO25Hz_M01,Baseline,ExtraTrees,ThreePhase,2
78,ieee14,LLG,2,10.0,45,SSO25Hz_M03,Baseline,ExtraTrees,ThreePhase,2
79,ieee14,LLG,2,10.0,90,NoSSO,Baseline,ExtraTrees,ThreePhase,2
80,ieee14,LLG,2,10.0,90,SSO25Hz_M01,Baseline,ExtraTrees,ThreePhase,2
81,ieee14,LLG,2,10.0,90,SSO25Hz_M03,Baseline,ExtraTrees,ThreePhase,2
100,ieee14,ThreePhase,2,10.0,0,NoSSO,Baseline,ExtraTrees,ThreePhase,2
101,ieee14,ThreePhase,2,10.0,0,SSO25Hz_M01,Baseline,ExtraTrees,ThreePhase,2
102,ieee14,ThreePhase,2,10.0,0,SSO25Hz_M03,Baseline,ExtraTrees,ThreePhase,2
103,ieee14,ThreePhase,2,10.0,45,NoSSO,Baseline,ExtraTrees,ThreePhase,2
104,ieee14,ThreePhase,2,10.0,45,SSO25Hz_M01,Baseline,ExtraTrees,ThreePhase,2
105,ieee14,ThreePhase,2,10.0,45,SSO25Hz_M03,Baseline,ExtraTrees,ThreePhase,2
106,ieee14,ThreePhase,2,10.0,90,NoSSO,Baseline,ExtraTrees,ThreePhase,2
107,ieee14,ThreePhase,2,10.0,90,SSO25Hz_M01,Baseline,ExtraTrees,ThreePhase,2
108,ieee14,ThreePhase,2,10.0,90,SSO25Hz_M03,Baseline,ExtraTrees,ThreePhase,2
127,ieee14,SLG,6,10.0,0,NoSSO,Baseline,ExtraTrees,LL,2
128,ieee14,SLG,6,10.0,0,SSO25Hz_M01,Baseline,ExtraTrees,ThreePhase,2
129,ieee14,SLG,6,10.0,0,SSO25Hz_M03,Baseline,ExtraTrees,ThreePhase,2
130,ieee14,SLG,6,10.0,45,NoSSO,Baseline,ExtraTrees,LL,2
131,ieee14,SLG,6,10.0,45,SSO25Hz_M01,Baseline,ExtraTrees,LL,2
132,ieee14,SLG,6,10.0,45,SSO25Hz_M03,Baseline,ExtraTrees,ThreePhase,2
133,ieee14,SLG,6,10.0,90,NoSSO,Baseline,ExtraTrees,LL,2
134,ieee14,SLG,6,10.0,90,SSO25Hz_M01,Baseline,ExtraTrees,ThreePhase,2
135,ieee14,SLG,6,10.0,90,SSO25Hz_M03,Baseline,ExtraTrees,ThreePhase,2
154,ieee14,LL,6,10.0,0,NoSSO,Baseline,ExtraTrees,LL,2
155,ieee14,LL,6,10.0,0,SSO25Hz_M01,Baseline,ExtraTrees,LL,2
156,ieee14,LL,6,10.0,0,SSO25Hz_M03,Baseline,ExtraTrees,ThreePhase,2
157,ieee14,LL,6,10.0,45,NoSSO,Baseline,ExtraTrees,LL,2
158,ieee14,LL,6,10.0,45,SSO25Hz_M01,Baseline,ExtraTrees,LL,2
159,ieee14,LL,6,10.0,45,SSO25Hz_M03,Baseline,ExtraTrees,ThreePhase,2
160,ieee14,LL,6,10.0,90,NoSSO,Baseline,ExtraTrees,LL,2
161,ieee14,LL,6,10.0,90,SSO25Hz_M01,Baseline,ExtraTrees,ThreePhase,2
162,ieee14,LL,6,10.0,90,SSO25Hz_M03,Baseline,ExtraTrees,ThreePhase,2
181,ieee14,LLG,6,10.0,0,NoSSO,Baseline,ExtraTrees,ThreePhase,2
182,ieee14,LLG,6,10.0,0,SSO25Hz_M01,Baseline,ExtraTrees,ThreePhase,2
183,ieee14,LLG,6,10.0,0,SSO25Hz_M03,Baseline,ExtraTrees,ThreePhase,2
184,ieee14,LLG,6,10.0,45,NoSSO,Baseline,ExtraTrees,LL,2
185,ieee14,LLG,6,10.0,45,SSO25Hz_M01,Baseline,ExtraTrees,ThreePhase,2
186,ieee14,LLG,6,10.0,45,SSO25Hz_M03,Baseline,ExtraTrees,ThreePhase,2
187,ieee14,LLG,6,10.0,90,NoSSO,Baseline,ExtraTrees,ThreePhase,2
188,ieee14,LLG,6,10.0,90,SSO25Hz_M01,Baseline,ExtraTrees,ThreePhase,2
189,ieee14,LLG,6,10.0,90,SSO25Hz_M03,Baseline,ExtraTrees,ThreePhase,2
208,ieee14,ThreePhase,6,10.0,0,NoSSO,Baseline,ExtraTrees,ThreePhase,2
209,ieee14,ThreePhase,6,10.0,0,SSO25Hz_M01,Baseline,ExtraTrees,ThreePhase,2
210,ieee14,ThreePhase,6,10.0,0,SSO25Hz_M03,Baseline,ExtraTrees,ThreePhase,2
211,ieee14,ThreePhase,6,10.0,45,NoSSO,Baseline,ExtraTrees,ThreePhase,2
212,ieee14,ThreePhase,6,10.0,45,SSO25Hz_M01,Baseline,ExtraTrees,ThreePhase,2
213,ieee14,ThreePhase,6,10.0,45,SSO25Hz_M03,Baseline,ExtraTrees,ThreePhase,2
214,ieee14,ThreePhase,6,10.0,90,NoSSO,Baseline,ExtraTrees,ThreePhase,2
215,ieee14,ThreePhase,6,10.0,90,SSO25Hz_M01,Baseline,ExtraTrees,ThreePhase,2
216,ieee14,ThreePhase,6,10.0,90,SSO25Hz_M03,Baseline,ExtraTrees,ThreePhase,2
235,ieee14,SLG,9,10.0,0,NoSSO,Baseline,ExtraTrees,LL,2
236,ieee14,SLG,9,10.0,0,SSO25Hz_M01,Baseline,ExtraTrees,ThreePhase,2
237,ieee14,SLG,9,10.0,0,SSO25Hz_M03,Baseline,ExtraTrees,ThreePhase,2
238,ieee14,SLG,9,10.0,45,NoSSO,Baseline,ExtraTrees,LL,2
239,ieee14,SLG,9,10.0,45,SSO25Hz_M01,Baseline,ExtraTrees,LL,2
240,ieee14,SLG,9,10.0,45,SSO25Hz_M03,Baseline,ExtraTrees,ThreePhase,2
241,ieee14,SLG,9,10.0,90,NoSSO,Baseline,ExtraTrees,LL,2
242,ieee14,SLG,9,10.0,90,SSO25Hz_M01,Baseline,ExtraTrees,ThreePhase,2
243,ieee14,SLG,9,10.0,90,SSO25Hz_M03,Baseline,ExtraTrees,ThreePhase,2
262,ieee14,LL,9,10.0,0,NoSSO,Baseline,ExtraTrees,LL,2
263,ieee14,LL,9,10.0,0,SSO25Hz_M01,Baseline,ExtraTrees,LL,2
264,ieee14,LL,9,10.0,0,SSO25Hz_M03,Baseline,ExtraTrees,LL,2
265,ieee14,LL,9,10.0,45,NoSSO,Baseline,ExtraTrees,LL,2
266,ieee14,LL,9,10.0,45,SSO25Hz_M01,Baseline,ExtraTrees,LL,2
267,ieee14,LL,9,10.0,45,SSO25Hz_M03,Baseline,ExtraTrees,LL,2
268,ieee14,LL,9,10.0,90,NoSSO,Baseline,ExtraTrees,LL,2
269,ieee14,LL,9,10.0,90,SSO25Hz_M01,Baseline,ExtraTrees,LL,2
270,ieee14,LL,9,10.0,90,SSO25Hz_M03,Baseline,ExtraTrees,ThreePhase,2
289,ieee14,LLG,9,10.0,0,NoSSO,Baseline,ExtraTrees,ThreePhase,2
290,ieee14,LLG,9,10.0,0,SSO25Hz_M01,Baseline,ExtraTrees,ThreePhase,2
291,ieee14,LLG,9,10.0,0,SSO25Hz_M03,Baseline,ExtraTrees,ThreePhase,2
292,ieee14,LLG,9,10.0,45,NoSSO,Baseline,ExtraTrees,LL,2
293,ieee14,LLG,9,10.0,45,SSO25Hz_M01,Baseline,ExtraTrees,ThreePhase,2
294,ieee14,LLG,9,10.0,45,SSO25Hz_M03,Baseline,ExtraTrees,ThreePhase,2
295,ieee14,LLG,9,10.0,90,NoSSO,Baseline,ExtraTrees,ThreePhase,2
296,ieee14,LLG,9,10.0,90,SSO25Hz_M01,Baseline,ExtraTrees,ThreePhase,2
297,ieee14,LLG,9,10.0,90,SSO25Hz_M03,Baseline,ExtraTrees,ThreePhase,2
316,ieee14,ThreePhase,9,10.0,0,NoSSO,Baseline,ExtraTrees,ThreePhase,2
317,ieee14,ThreePhase,9,10.0,0,SSO25Hz_M01,Baseline,ExtraTrees,ThreePhase,2
318,ieee14,ThreePhase,9,10.0,0,SSO25Hz_M03,Baseline,ExtraTrees,ThreePhase,2
319,ieee14,ThreePhase,9,10.0,45,NoSSO,Baseline,ExtraTrees,ThreePhase,2
320,ieee14,ThreePhase,9,10.0,45,SSO25Hz_M01,Baseline,ExtraTrees,ThreePhase,2
321,ieee14,ThreePhase,9,10.0,45,SSO25Hz_M03,Baseline,ExtraTrees,ThreePhase,2
322,ieee14,ThreePhase,9,10.0,90,NoSSO,Baseline,ExtraTrees,ThreePhase,2
323,ieee14,ThreePhase,9,10.0,90,SSO25Hz_M01,Baseline,ExtraTrees,ThreePhase,2
324,ieee14,ThreePhase,9,10.0,90,SSO25Hz_M03,Baseline,ExtraTrees,ThreePhase,2
343,ieee14,SLG,11,10.0,0,NoSSO,Baseline,ExtraTrees,LL,2
344,ieee14,SLG,11,10.0,0,SSO25Hz_M01,Baseline,ExtraTrees,ThreePhase,2
345,ieee14,SLG,11,10.0,0,SSO25Hz_M03,Baseline,ExtraTrees,ThreePhase,2
346,ieee14,SLG,11,10.0,45,NoSSO,Baseline,ExtraTrees,LL,2
347,ieee14,SLG,11,10.0,45,SSO25Hz_M01,Baseline,ExtraTrees,LL,2
348,ieee14,SLG,11,10.0,45,SSO25Hz_M03,Baseline,ExtraTrees,ThreePhase,2
349,ieee14,SLG,11,10.0,90,NoSSO,Baseline,ExtraTrees,LL,2
350,ieee14,SLG,11,10.0,90,SSO25Hz_M01,Baseline,ExtraTrees,ThreePhase,2
351,ieee14,SLG,11,10.0,90,SSO25Hz_M03,Baseline,ExtraTrees,ThreePhase,2
370,ieee14,LL,11,10.0,0,NoSSO,Baseline,ExtraTrees,LL,2
371,ieee14,LL,11,10.0,0,SSO25Hz_M01,Baseline,ExtraTrees,LL,2
372,ieee14,LL,11,10.0,0,SSO25Hz_M03,Baseline,ExtraTrees,LL,2
373,ieee14,LL,11,10.0,45,NoSSO,Baseline,ExtraTrees,LL,2
374,ieee14,LL,11,10.0,45,SSO25Hz_M01,Baseline,ExtraTrees,LL,2
375,ieee14,LL,11,10.0,45,SSO25Hz_M03,Baseline,ExtraTrees,ThreePhase,2
376,ieee14,LL,11,10.0,90,NoSSO,Baseline,ExtraTrees,LL,2
377,ieee14,LL,11,10.0,90,SSO25Hz_M01,Baseline,ExtraTrees,LL,2
378,ieee14,LL,11,10.0,90,SSO25Hz_M03,Baseline,ExtraTrees,ThreePhase,2
397,ieee14,LLG,11,10.0,0,NoSSO,Baseline,ExtraTrees,ThreePhase,2
398,ieee14,LLG,11,10.0,0,SSO25Hz_M01,Baseline,ExtraTrees,ThreePhase,2
399,ieee14,LLG,11,10.0,0,SSO25Hz_M03,Baseline,ExtraTrees,ThreePhase,2
400,ieee14,LLG,11,10.0,45,NoSSO,Baseline,ExtraTrees,LL,2
401,ieee14,LLG,11,10.0,45,SSO25Hz_M01,Baseline,ExtraTrees,ThreePhase,2
402,ieee14,LLG,11,10.0,45,SSO25Hz_M03,Baseline,ExtraTrees,ThreePhase,2
403,ieee14,LLG,11,10.0,90,NoSSO,Baseline,ExtraTrees,ThreePhase,2
404,ieee14,LLG,11,10.0,90,SSO25Hz_M01,Baseline,ExtraTrees,ThreePhase,2
405,ieee14,LLG,11,10.0,90,SSO25Hz_M03,Baseline,ExtraTrees,ThreePhase,2
424,ieee14,ThreePhase,11,10.0,0,NoSSO,Baseline,ExtraTrees,ThreePhase,2
425,ieee14,ThreePhase,11,10.0,0,SSO25Hz_M01,Baseline,ExtraTrees,ThreePhase,2
426,ieee14,ThreePhase,11,10.0,0,SSO25Hz_M03,Baseline,ExtraTrees,ThreePhase,2
427,ieee14,ThreePhase,11,10.0,45,NoSSO,Baseline,ExtraTrees,ThreePhase,2
428,ieee14,ThreePhase,11,10.0,45,SSO25Hz_M01,Baseline,ExtraTrees,ThreePhase,2
429,ieee14,ThreePhase,11,10.0,45,SSO25Hz_M03,Baseline,ExtraTrees,ThreePhase,2
430,ieee14,ThreePhase,11,10.0,90,NoSSO,Baseline,ExtraTrees,ThreePhase,2
431,ieee14,ThreePhase,11,10.0,90,SSO25Hz_M01,Baseline,ExtraTrees,ThreePhase,2
432,ieee14,ThreePhase,11,10.0,90,SSO25Hz_M03,Baseline,ExtraTrees,ThreePhase,2
451,ieee14,SLG,14,10.0,0,NoSSO,Baseline,ExtraTrees,LL,2
452,ieee14,SLG,14,10.0,0,SSO25Hz_M01,Baseline,ExtraTrees,ThreePhase,2
453,ieee14,SLG,14,10.0,0,SSO25Hz_M03,Baseline,ExtraTrees,ThreePhase,2
454,ieee14,SLG,14,10.0,45,NoSSO,Baseline,ExtraTrees,LL,2
455,ieee14,SLG,14,10.0,45,SSO25Hz_M01,Baseline,ExtraTrees,LL,2
456,ieee14,SLG,14,10.0,45,SSO25Hz_M03,Baseline,ExtraTrees,ThreePhase,2
457,ieee14,SLG,14,10.0,90,NoSSO,Baseline,ExtraTrees,LL,2
458,ieee14,SLG,14,10.0,90,SSO25Hz_M01,Baseline,ExtraTrees,ThreePhase,2
459,ieee14,SLG,14,10.0,90,SSO25Hz_M03,Baseline,ExtraTrees,ThreePhase,2
478,ieee14,LL,14,10.0,0,NoSSO,Baseline,ExtraTrees,LL,2
479,ieee14,LL,14,10.0,0,SSO25Hz_M01,Baseline,ExtraTrees,LL,2
480,ieee14,LL,14,10.0,0,SSO25Hz_M03,Baseline,ExtraTrees,LL,2
481,ieee14,LL,14,10.0,45,NoSSO,Baseline,ExtraTrees,LL,2
482,ieee14,LL,14,10.0,45,SSO25Hz_M01,Baseline,ExtraTrees,LL,2
483,ieee14,LL,14,10.0,45,SSO25Hz_M03,Baseline,ExtraTrees,LL,2
484,ieee14,LL,14,10.0,90,NoSSO,Baseline,ExtraTrees,LL,2
485,ieee14,LL,14,10.0,90,SSO25Hz_M01,Baseline,ExtraTrees,LL,2
486,ieee14,LL,14,10.0,90,SSO25Hz_M03,Baseline,ExtraTrees,ThreePhase,2
505,ieee14,LLG,14,10.0,0,NoSSO,Baseline,ExtraTrees,ThreePhase,2
506,ieee14,LLG,14,10.0,0,SSO25Hz_M01,Baseline,ExtraTrees,ThreePhase,2
507,ieee14,LLG,14,10.0,0,SSO25Hz_M03,Baseline,ExtraTrees,ThreePhase,2
508,ieee14,LLG,14,10.0,45,NoSSO,Baseline,ExtraTrees,LL,2
509,ieee14,LLG,14,10.0,45,SSO25Hz_M01,Baseline,ExtraTrees,ThreePhase,2
510,ieee14,LLG,14,10.0,45,SSO25Hz_M03,Baseline,ExtraTrees,ThreePhase,2
511,ieee14,LLG,14,10.0,90,NoSSO,Baseline,ExtraTrees,ThreePhase,2
512,ieee14,LLG,14,10.0,90,SSO25Hz_M01,Baseline,ExtraTrees,ThreePhase,2
513,ieee14,LLG,14,10.0,90,SSO25Hz_M03,Baseline,ExtraTrees,ThreePhase,2
532,ieee14,ThreePhase,14,10.0,0,NoSSO,Baseline,ExtraTrees,ThreePhase,2
533,ieee14,ThreePhase,14,10.0,0,SSO25Hz_M01,Baseline,ExtraTrees,ThreePhase,2
534,ieee14,ThreePhase,14,10.0,0,SSO25Hz_M03,Baseline,ExtraTrees,ThreePhase,2
535,ieee14,ThreePhase,14,10.0,45,NoSSO,Baseline,ExtraTrees,ThreePhase,2
536,ieee14,ThreePhase,14,10.0,45,SSO25Hz_M01,Baseline,ExtraTrees,ThreePhase,2
537,ieee14,ThreePhase,14,10.0,45,SSO25Hz_M03,Baseline,ExtraTrees,ThreePhase,2
538,ieee14,ThreePhase,14,10.0,90,NoSSO,Baseline,ExtraTrees,ThreePhase,2
539,ieee14,ThreePhase,14,10.0,90,SSO25Hz_M01,Baseline,ExtraTrees,ThreePhase,2
540,ieee14,ThreePhase,14,10.0,90,SSO25Hz_M03,Baseline,ExtraTrees,ThreePhase,2
19,ieee14,SLG,2,10.0,0,NoSSO,Experiment A: voltage only,RandomForest,ThreePhase,2
20,ieee14,SLG,2,10.0,0,SSO25Hz_M01,Experiment A: voltage only,RandomForest,ThreePhase,2
21,ieee14,SLG,2,10.0,0,SSO25Hz_M03,Experiment A: voltage only,RandomForest,ThreePhase,2
22,ieee14,SLG,2,10.0,45,NoSSO,Experiment A: voltage only,RandomForest,ThreePhase,2
23,ieee14,SLG,2,10.0,45,SSO25Hz_M01,Experiment A: voltage only,RandomForest,ThreePhase,2
24,ieee14,SLG,2,10.0,45,SSO25Hz_M03,Experiment A: voltage only,RandomForest,ThreePhase,2
25,ieee14,SLG,2,10.0,90,NoSSO,Experiment A: voltage only,RandomForest,ThreePhase,2
26,ieee14,SLG,2,10.0,90,SSO25Hz_M01,Experiment A: voltage only,RandomForest,ThreePhase,2
27,ieee14,SLG,2,10.0,90,SSO25Hz_M03,Experiment A: voltage only,RandomForest,ThreePhase,2
46,ieee14,LL,2,10.0,0,NoSSO,Experiment A: voltage only,RandomForest,ThreePhase,2
47,ieee14,LL,2,10.0,0,SSO25Hz_M01,Experiment A: voltage only,RandomForest,ThreePhase,2
48,ieee14,LL,2,10.0,0,SSO25Hz_M03,Experiment A: voltage only,RandomForest,ThreePhase,2
49,ieee14,LL,2,10.0,45,NoSSO,Experiment A: voltage only,RandomForest,ThreePhase,2
50,ieee14,LL,2,10.0,45,SSO25Hz_M01,Experiment A: voltage only,RandomForest,ThreePhase,2
51,ieee14,LL,2,10.0,45,SSO25Hz_M03,Experiment A: voltage only,RandomForest,ThreePhase,2
52,ieee14,LL,2,10.0,90,NoSSO,Experiment A: voltage only,RandomForest,ThreePhase,2
53,ieee14,LL,2,10.0,90,SSO25Hz_M01,Experiment A: voltage only,RandomForest,ThreePhase,2
54,ieee14,LL,2,10.0,90,SSO25Hz_M03,Experiment A: voltage only,RandomForest,ThreePhase,2
73,ieee14,LLG,2,10.0,0,NoSSO,Experiment A: voltage only,RandomForest,ThreePhase,2
74,ieee14,LLG,2,10.0,0,SSO25Hz_M01,Experiment A: voltage only,RandomForest,ThreePhase,2
75,ieee14,LLG,2,10.0,0,SSO25Hz_M03,Experiment A: voltage only,RandomForest,ThreePhase,2
76,ieee14,LLG,2,10.0,45,NoSSO,Experiment A: voltage only,RandomForest,ThreePhase,2
77,ieee14,LLG,2,10.0,45,SSO25Hz_M01,Experiment A: voltage only,RandomForest,ThreePhase,2
78,ieee14,LLG,2,10.0,45,SSO25Hz_M03,Experiment A: voltage only,RandomForest,ThreePhase,2
79,ieee14,LLG,2,10.0,90,NoSSO,Experiment A: voltage only,RandomForest,ThreePhase,2
80,ieee14,LLG,2,10.0,90,SSO25Hz_M01,Experiment A: voltage only,RandomForest,ThreePhase,2
81,ieee14,LLG,2,10.0,90,SSO25Hz_M03,Experiment A: voltage only,RandomForest,ThreePhase,2
100,ieee14,ThreePhase,2,10.0,0,NoSSO,Experiment A: voltage only,RandomForest,ThreePhase,2
101,ieee14,ThreePhase,2,10.0,0,SSO25Hz_M01,Experiment A: voltage only,RandomForest,ThreePhase,2
102,ieee14,ThreePhase,2,10.0,0,SSO25Hz_M03,Experiment A: voltage only,RandomForest,ThreePhase,2
103,ieee14,ThreePhase,2,10.0,45,NoSSO,Experiment A: voltage only,RandomForest,ThreePhase,2
104,ieee14,ThreePhase,2,10.0,45,SSO25Hz_M01,Experiment A: voltage only,RandomForest,ThreePhase,2
105,ieee14,ThreePhase,2,10.0,45,SSO25Hz_M03,Experiment A: voltage only,RandomForest,ThreePhase,2
106,ieee14,ThreePhase,2,10.0,90,NoSSO,Experiment A: voltage only,RandomForest,ThreePhase,2
107,ieee14,ThreePhase,2,10.0,90,SSO25Hz_M01,Experiment A: voltage only,RandomForest,ThreePhase,2
108,ieee14,ThreePhase,2,10.0,90,SSO25Hz_M03,Experiment A: voltage only,RandomForest,ThreePhase,2
127,ieee14,SLG,6,10.0,0,NoSSO,Experiment A: voltage only,RandomForest,ThreePhase,2
128,ieee14,SLG,6,10.0,0,SSO25Hz_M01,Experiment A: voltage only,RandomForest,ThreePhase,2
129,ieee14,SLG,6,10.0,0,SSO25Hz_M03,Experiment A: voltage only,RandomForest,ThreePhase,2
130,ieee14,SLG,6,10.0,45,NoSSO,Experiment A: voltage only,RandomForest,ThreePhase,2
131,ieee14,SLG,6,10.0,45,SSO25Hz_M01,Experiment A: voltage only,RandomForest,ThreePhase,2
132,ieee14,SLG,6,10.0,45,SSO25Hz_M03,Experiment A: voltage only,RandomForest,ThreePhase,2
133,ieee14,SLG,6,10.0,90,NoSSO,Experiment A: voltage only,RandomForest,ThreePhase,2
134,ieee14,SLG,6,10.0,90,SSO25Hz_M01,Experiment A: voltage only,RandomForest,ThreePhase,2
135,ieee14,SLG,6,10.0,90,SSO25Hz_M03,Experiment A: voltage only,RandomForest,ThreePhase,2
154,ieee14,LL,6,10.0,0,NoSSO,Experiment A: voltage only,RandomForest,ThreePhase,2
155,ieee14,LL,6,10.0,0,SSO25Hz_M01,Experiment A: voltage only,RandomForest,ThreePhase,2
156,ieee14,LL,6,10.0,0,SSO25Hz_M03,Experiment A: voltage only,RandomForest,ThreePhase,2
157,ieee14,LL,6,10.0,45,NoSSO,Experiment A: voltage only,RandomForest,ThreePhase,2
158,ieee14,LL,6,10.0,45,SSO25Hz_M01,Experiment A: voltage only,RandomForest,ThreePhase,2
159,ieee14,LL,6,10.0,45,SSO25Hz_M03,Experiment A: voltage only,RandomForest,ThreePhase,2
160,ieee14,LL,6,10.0,90,NoSSO,Experiment A: voltage only,RandomForest,ThreePhase,2
161,ieee14,LL,6,10.0,90,SSO25Hz_M01,Experiment A: voltage only,RandomForest,ThreePhase,2
162,ieee14,LL,6,10.0,90,SSO25Hz_M03,Experiment A: voltage only,RandomForest,ThreePhase,2
181,ieee14,LLG,6,10.0,0,NoSSO,Experiment A: voltage only,RandomForest,ThreePhase,2
182,ieee14,LLG,6,10.0,0,SSO25Hz_M01,Experiment A: voltage only,RandomForest,ThreePhase,2
183,ieee14,LLG,6,10.0,0,SSO25Hz_M03,Experiment A: voltage only,RandomForest,ThreePhase,2
184,ieee14,LLG,6,10.0,45,NoSSO,Experiment A: voltage only,RandomForest,ThreePhase,2
185,ieee14,LLG,6,10.0,45,SSO25Hz_M01,Experiment A: voltage only,RandomForest,ThreePhase,2
186,ieee14,LLG,6,10.0,45,SSO25Hz_M03,Experiment A: voltage only,RandomForest,ThreePhase,2
187,ieee14,LLG,6,10.0,90,NoSSO,Experiment A: voltage only,RandomForest,ThreePhase,2
188,ieee14,LLG,6,10.0,90,SSO25Hz_M01,Experiment A: voltage only,RandomForest,ThreePhase,2
189,ieee14,LLG,6,10.0,90,SSO25Hz_M03,Experiment A: voltage only,RandomForest,ThreePhase,2
208,ieee14,ThreePhase,6,10.0,0,NoSSO,Experiment A: voltage only,RandomForest,ThreePhase,2
209,ieee14,ThreePhase,6,10.0,0,SSO25Hz_M01,Experiment A: voltage only,RandomForest,ThreePhase,2
210,ieee14,ThreePhase,6,10.0,0,SSO25Hz_M03,Experiment A: voltage only,RandomForest,ThreePhase,2
211,ieee14,ThreePhase,6,10.0,45,NoSSO,Experiment A: voltage only,RandomForest,ThreePhase,2
212,ieee14,ThreePhase,6,10.0,45,SSO25Hz_M01,Experiment A: voltage only,RandomForest,ThreePhase,2
213,ieee14,ThreePhase,6,10.0,45,SSO25Hz_M03,Experiment A: voltage only,RandomForest,ThreePhase,2
214,ieee14,ThreePhase,6,10.0,90,NoSSO,Experiment A: voltage only,RandomForest,ThreePhase,2
215,ieee14,ThreePhase,6,10.0,90,SSO25Hz_M01,Experiment A: voltage only,RandomForest,ThreePhase,2
216,ieee14,ThreePhase,6,10.0,90,SSO25Hz_M03,Experiment A: voltage only,RandomForest,ThreePhase,2
235,ieee14,SLG,9,10.0,0,NoSSO,Experiment A: voltage only,RandomForest,ThreePhase,2
236,ieee14,SLG,9,10.0,0,SSO25Hz_M01,Experiment A: voltage only,RandomForest,ThreePhase,2
237,ieee14,SLG,9,10.0,0,SSO25Hz_M03,Experiment A: voltage only,RandomForest,ThreePhase,2
238,ieee14,SLG,9,10.0,45,NoSSO,Experiment A: voltage only,RandomForest,ThreePhase,2
239,ieee14,SLG,9,10.0,45,SSO25Hz_M01,Experiment A: voltage only,RandomForest,ThreePhase,2
240,ieee14,SLG,9,10.0,45,SSO25Hz_M03,Experiment A: voltage only,RandomForest,ThreePhase,2
241,ieee14,SLG,9,10.0,90,NoSSO,Experiment A: voltage only,RandomForest,ThreePhase,2
242,ieee14,SLG,9,10.0,90,SSO25Hz_M01,Experiment A: voltage only,RandomForest,ThreePhase,2
243,ieee14,SLG,9,10.0,90,SSO25Hz_M03,Experiment A: voltage only,RandomForest,ThreePhase,2
262,ieee14,LL,9,10.0,0,NoSSO,Experiment A: voltage only,RandomForest,ThreePhase,2
263,ieee14,LL,9,10.0,0,SSO25Hz_M01,Experiment A: voltage only,RandomForest,ThreePhase,2
264,ieee14,LL,9,10.0,0,SSO25Hz_M03,Experiment A: voltage only,RandomForest,ThreePhase,2
265,ieee14,LL,9,10.0,45,NoSSO,Experiment A: voltage only,RandomForest,ThreePhase,2
266,ieee14,LL,9,10.0,45,SSO25Hz_M01,Experiment A: voltage only,RandomForest,ThreePhase,2
267,ieee14,LL,9,10.0,45,SSO25Hz_M03,Experiment A: voltage only,RandomForest,ThreePhase,2
268,ieee14,LL,9,10.0,90,NoSSO,Experiment A: voltage only,RandomForest,ThreePhase,2
269,ieee14,LL,9,10.0,90,SSO25Hz_M01,Experiment A: voltage only,RandomForest,ThreePhase,2
270,ieee14,LL,9,10.0,90,SSO25Hz_M03,Experiment A: voltage only,RandomForest,ThreePhase,2
289,ieee14,LLG,9,10.0,0,NoSSO,Experiment A: voltage only,RandomForest,ThreePhase,2
290,ieee14,LLG,9,10.0,0,SSO25Hz_M01,Experiment A: voltage only,RandomForest,ThreePhase,2
291,ieee14,LLG,9,10.0,0,SSO25Hz_M03,Experiment A: voltage only,RandomForest,ThreePhase,2
292,ieee14,LLG,9,10.0,45,NoSSO,Experiment A: voltage only,RandomForest,ThreePhase,2
293,ieee14,LLG,9,10.0,45,SSO25Hz_M01,Experiment A: voltage only,RandomForest,ThreePhase,2
294,ieee14,LLG,9,10.0,45,SSO25Hz_M03,Experiment A: voltage only,RandomForest,ThreePhase,2
295,ieee14,LLG,9,10.0,90,NoSSO,Experiment A: voltage only,RandomForest,ThreePhase,2
296,ieee14,LLG,9,10.0,90,SSO25Hz_M01,Experiment A: voltage only,RandomForest,ThreePhase,2
297,ieee14,LLG,9,10.0,90,SSO25Hz_M03,Experiment A: voltage only,RandomForest,ThreePhase,2
316,ieee14,ThreePhase,9,10.0,0,NoSSO,Experiment A: voltage only,RandomForest,ThreePhase,2
317,ieee14,ThreePhase,9,10.0,0,SSO25Hz_M01,Experiment A: voltage only,RandomForest,ThreePhase,2
318,ieee14,ThreePhase,9,10.0,0,SSO25Hz_M03,Experiment A: voltage only,RandomForest,ThreePhase,2
319,ieee14,ThreePhase,9,10.0,45,NoSSO,Experiment A: voltage only,RandomForest,ThreePhase,2
320,ieee14,ThreePhase,9,10.0,45,SSO25Hz_M01,Experiment A: voltage only,RandomForest,ThreePhase,2
321,ieee14,ThreePhase,9,10.0,45,SSO25Hz_M03,Experiment A: voltage only,RandomForest,ThreePhase,2
322,ieee14,ThreePhase,9,10.0,90,NoSSO,Experiment A: voltage only,RandomForest,ThreePhase,2
323,ieee14,ThreePhase,9,10.0,90,SSO25Hz_M01,Experiment A: voltage only,RandomForest,ThreePhase,2
324,ieee14,ThreePhase,9,10.0,90,SSO25Hz_M03,Experiment A: voltage only,RandomForest,ThreePhase,2
343,ieee14,SLG,11,10.0,0,NoSSO,Experiment A: voltage only,RandomForest,ThreePhase,2
344,ieee14,SLG,11,10.0,0,SSO25Hz_M01,Experiment A: voltage only,RandomForest,ThreePhase,2
345,ieee14,SLG,11,10.0,0,SSO25Hz_M03,Experiment A: voltage only,RandomForest,ThreePhase,2
346,ieee14,SLG,11,10.0,45,NoSSO,Experiment A: voltage only,RandomForest,ThreePhase,2
347,ieee14,SLG,11,10.0,45,SSO25Hz_M01,Experiment A: voltage only,RandomForest,ThreePhase,2
348,ieee14,SLG,11,10.0,45,SSO25Hz_M03,Experiment A: voltage only,RandomForest,ThreePhase,2
349,ieee14,SLG,11,10.0,90,NoSSO,Experiment A: voltage only,RandomForest,ThreePhase,2
350,ieee14,SLG,11,10.0,90,SSO25Hz_M01,Experiment A: voltage only,RandomForest,ThreePhase,2
351,ieee14,SLG,11,10.0,90,SSO25Hz_M03,Experiment A: voltage only,RandomForest,ThreePhase,2
370,ieee14,LL,11,10.0,0,NoSSO,Experiment A: voltage only,RandomForest,ThreePhase,2
371,ieee14,LL,11,10.0,0,SSO25Hz_M01,Experiment A: voltage only,RandomForest,ThreePhase,2
372,ieee14,LL,11,10.0,0,SSO25Hz_M03,Experiment A: voltage only,RandomForest,ThreePhase,2
373,ieee14,LL,11,10.0,45,NoSSO,Experiment A: voltage only,RandomForest,ThreePhase,2
374,ieee14,LL,11,10.0,45,SSO25Hz_M01,Experiment A: voltage only,RandomForest,ThreePhase,2
375,ieee14,LL,11,10.0,45,SSO25Hz_M03,Experiment A: voltage only,RandomForest,ThreePhase,2
376,ieee14,LL,11,10.0,90,NoSSO,Experiment A: voltage only,RandomForest,ThreePhase,2
377,ieee14,LL,11,10.0,90,SSO25Hz_M01,Experiment A: voltage only,RandomForest,ThreePhase,2
378,ieee14,LL,11,10.0,90,SSO25Hz_M03,Experiment A: voltage only,RandomForest,ThreePhase,2
397,ieee14,LLG,11,10.0,0,NoSSO,Experiment A: voltage only,RandomForest,ThreePhase,2
398,ieee14,LLG,11,10.0,0,SSO25Hz_M01,Experiment A: voltage only,RandomForest,ThreePhase,2
399,ieee14,LLG,11,10.0,0,SSO25Hz_M03,Experiment A: voltage only,RandomForest,ThreePhase,2
400,ieee14,LLG,11,10.0,45,NoSSO,Experiment A: voltage only,RandomForest,ThreePhase,2
401,ieee14,LLG,11,10.0,45,SSO25Hz_M01,Experiment A: voltage only,RandomForest,ThreePhase,2
402,ieee14,LLG,11,10.0,45,SSO25Hz_M03,Experiment A: voltage only,RandomForest,ThreePhase,2
403,ieee14,LLG,11,10.0,90,NoSSO,Experiment A: voltage only,RandomForest,ThreePhase,2
404,ieee14,LLG,11,10.0,90,SSO25Hz_M01,Experiment A: voltage only,RandomForest,ThreePhase,2
405,ieee14,LLG,11,10.0,90,SSO25Hz_M03,Experiment A: voltage only,RandomForest,ThreePhase,2
424,ieee14,ThreePhase,11,10.0,0,NoSSO,Experiment A: voltage only,RandomForest,ThreePhase,2
425,ieee14,ThreePhase,11,10.0,0,SSO25Hz_M01,Experiment A: voltage only,RandomForest,ThreePhase,2
426,ieee14,ThreePhase,11,10.0,0,SSO25Hz_M03,Experiment A: voltage only,RandomForest,ThreePhase,2
427,ieee14,ThreePhase,11,10.0,45,NoSSO,Experiment A: voltage only,RandomForest,ThreePhase,2
428,ieee14,ThreePhase,11,10.0,45,SSO25Hz_M01,Experiment A: voltage only,RandomForest,ThreePhase,2
429,ieee14,ThreePhase,11,10.0,45,SSO25Hz_M03,Experiment A: voltage only,RandomForest,ThreePhase,2
430,ieee14,ThreePhase,11,10.0,90,NoSSO,Experiment A: voltage only,RandomForest,ThreePhase,2
431,ieee14,ThreePhase,11,10.0,90,SSO25Hz_M01,Experiment A: voltage only,RandomForest,ThreePhase,2
432,ieee14,ThreePhase,11,10.0,90,SSO25Hz_M03,Experiment A: voltage only,RandomForest,ThreePhase,2
451,ieee14,SLG,14,10.0,0,NoSSO,Experiment A: voltage only,RandomForest,ThreePhase,2
452,ieee14,SLG,14,10.0,0,SSO25Hz_M01,Experiment A: voltage only,RandomForest,ThreePhase,2
453,ieee14,SLG,14,10.0,0,SSO25Hz_M03,Experiment A: voltage only,RandomForest,ThreePhase,2
454,ieee14,SLG,14,10.0,45,NoSSO,Experiment A: voltage only,RandomForest,ThreePhase,2
455,ieee14,SLG,14,10.0,45,SSO25Hz_M01,Experiment A: voltage only,RandomForest,ThreePhase,2
456,ieee14,SLG,14,10.0,45,SSO25Hz_M03,Experiment A: voltage only,RandomForest,ThreePhase,2
457,ieee14,SLG,14,10.0,90,NoSSO,Experiment A: voltage only,RandomForest,ThreePhase,2
458,ieee14,SLG,14,10.0,90,SSO25Hz_M01,Experiment A: voltage only,RandomForest,ThreePhase,2
459,ieee14,SLG,14,10.0,90,SSO25Hz_M03,Experiment A: voltage only,RandomForest,ThreePhase,2
478,ieee14,LL,14,10.0,0,NoSSO,Experiment A: voltage only,RandomForest,ThreePhase,2
479,ieee14,LL,14,10.0,0,SSO25Hz_M01,Experiment A: voltage only,RandomForest,ThreePhase,2
480,ieee14,LL,14,10.0,0,SSO25Hz_M03,Experiment A: voltage only,RandomForest,ThreePhase,2
481,ieee14,LL,14,10.0,45,NoSSO,Experiment A: voltage only,RandomForest,ThreePhase,2
482,ieee14,LL,14,10.0,45,SSO25Hz_M01,Experiment A: voltage only,RandomForest,ThreePhase,2
483,ieee14,LL,14,10.0,45,SSO25Hz_M03,Experiment A: voltage only,RandomForest,ThreePhase,2
484,ieee14,LL,14,10.0,90,NoSSO,Experiment A: voltage only,RandomForest,ThreePhase,2
485,ieee14,LL,14,10.0,90,SSO25Hz_M01,Experiment A: voltage only,RandomForest,ThreePhase,2
486,ieee14,LL,14,10.0,90,SSO25Hz_M03,Experiment A: voltage only,RandomForest,ThreePhase,2
505,ieee14,LLG,14,10.0,0,NoSSO,Experiment A: voltage only,RandomForest,ThreePhase,2
506,ieee14,LLG,14,10.0,0,SSO25Hz_M01,Experiment A: voltage only,RandomForest,ThreePhase,2
507,ieee14,LLG,14,10.0,0,SSO25Hz_M03,Experiment A: voltage only,RandomForest,ThreePhase,2
508,ieee14,LLG,14,10.0,45,NoSSO,Experiment A: voltage only,RandomForest,ThreePhase,2
509,ieee14,LLG,14,10.0,45,SSO25Hz_M01,Experiment A: voltage only,RandomForest,ThreePhase,2
510,ieee14,LLG,14,10.0,45,SSO25Hz_M03,Experiment A: voltage only,RandomForest,ThreePhase,2
511,ieee14,LLG,14,10.0,90,NoSSO,Experiment A: voltage only,RandomForest,ThreePhase,2
512,ieee14,LLG,14,10.0,90,SSO25Hz_M01,Experiment A: voltage only,RandomForest,ThreePhase,2
513,ieee14,LLG,14,10.0,90,SSO25Hz_M03,Experiment A: voltage only,RandomForest,ThreePhase,2
532,ieee14,ThreePhase,14,10.0,0,NoSSO,Experiment A: voltage only,RandomForest,ThreePhase,2
533,ieee14,ThreePhase,14,10.0,0,SSO25Hz_M01,Experiment A: voltage only,RandomForest,ThreePhase,2
534,ieee14,ThreePhase,14,10.0,0,SSO25Hz_M03,Experiment A: voltage only,RandomForest,ThreePhase,2
535,ieee14,ThreePhase,14,10.0,45,NoSSO,Experiment A: voltage only,RandomForest,ThreePhase,2
536,ieee14,ThreePhase,14,10.0,45,SSO25Hz_M01,Experiment A: voltage only,RandomForest,ThreePhase,2
537,ieee14,ThreePhase,14,10.0,45,SSO25Hz_M03,Experiment A: voltage only,RandomForest,ThreePhase,2
538,ieee14,ThreePhase,14,10.0,90,NoSSO,Experiment A: voltage only,RandomForest,ThreePhase,2
539,ieee14,ThreePhase,14,10.0,90,SSO25Hz_M01,Experiment A: voltage only,RandomForest,ThreePhase,2
540,ieee14,ThreePhase,14,10.0,90,SSO25Hz_M03,Experiment A: voltage only,RandomForest,ThreePhase,2
19,ieee14,SLG,2,10.0,0,NoSSO,Experiment A: voltage only,ExtraTrees,ThreePhase,2
20,ieee14,SLG,2,10.0,0,SSO25Hz_M01,Experiment A: voltage only,ExtraTrees,ThreePhase,2
21,ieee14,SLG,2,10.0,0,SSO25Hz_M03,Experiment A: voltage only,ExtraTrees,ThreePhase,2
22,ieee14,SLG,2,10.0,45,NoSSO,Experiment A: voltage only,ExtraTrees,ThreePhase,2
23,ieee14,SLG,2,10.0,45,SSO25Hz_M01,Experiment A: voltage only,ExtraTrees,ThreePhase,2
24,ieee14,SLG,2,10.0,45,SSO25Hz_M03,Experiment A: voltage only,ExtraTrees,ThreePhase,2
25,ieee14,SLG,2,10.0,90,NoSSO,Experiment A: voltage only,ExtraTrees,ThreePhase,2
26,ieee14,SLG,2,10.0,90,SSO25Hz_M01,Experiment A: voltage only,ExtraTrees,ThreePhase,2
27,ieee14,SLG,2,10.0,90,SSO25Hz_M03,Experiment A: voltage only,ExtraTrees,ThreePhase,2
46,ieee14,LL,2,10.0,0,NoSSO,Experiment A: voltage only,ExtraTrees,LL,2
47,ieee14,LL,2,10.0,0,SSO25Hz_M01,Experiment A: voltage only,ExtraTrees,LL,2
48,ieee14,LL,2,10.0,0,SSO25Hz_M03,Experiment A: voltage only,ExtraTrees,LL,2
49,ieee14,LL,2,10.0,45,NoSSO,Experiment A: voltage only,ExtraTrees,LL,2
50,ieee14,LL,2,10.0,45,SSO25Hz_M01,Experiment A: voltage only,ExtraTrees,LL,2
51,ieee14,LL,2,10.0,45,SSO25Hz_M03,Experiment A: voltage only,ExtraTrees,LL,2
52,ieee14,LL,2,10.0,90,NoSSO,Experiment A: voltage only,ExtraTrees,LL,2
53,ieee14,LL,2,10.0,90,SSO25Hz_M01,Experiment A: voltage only,ExtraTrees,LL,2
54,ieee14,LL,2,10.0,90,SSO25Hz_M03,Experiment A: voltage only,ExtraTrees,LL,2
73,ieee14,LLG,2,10.0,0,NoSSO,Experiment A: voltage only,ExtraTrees,ThreePhase,2
74,ieee14,LLG,2,10.0,0,SSO25Hz_M01,Experiment A: voltage only,ExtraTrees,ThreePhase,2
75,ieee14,LLG,2,10.0,0,SSO25Hz_M03,Experiment A: voltage only,ExtraTrees,ThreePhase,2
76,ieee14,LLG,2,10.0,45,NoSSO,Experiment A: voltage only,ExtraTrees,ThreePhase,2
77,ieee14,LLG,2,10.0,45,SSO25Hz_M01,Experiment A: voltage only,ExtraTrees,ThreePhase,2
78,ieee14,LLG,2,10.0,45,SSO25Hz_M03,Experiment A: voltage only,ExtraTrees,ThreePhase,2
79,ieee14,LLG,2,10.0,90,NoSSO,Experiment A: voltage only,ExtraTrees,ThreePhase,2
80,ieee14,LLG,2,10.0,90,SSO25Hz_M01,Experiment A: voltage only,ExtraTrees,ThreePhase,2
81,ieee14,LLG,2,10.0,90,SSO25Hz_M03,Experiment A: voltage only,ExtraTrees,ThreePhase,2
100,ieee14,ThreePhase,2,10.0,0,NoSSO,Experiment A: voltage only,ExtraTrees,ThreePhase,2
101,ieee14,ThreePhase,2,10.0,0,SSO25Hz_M01,Experiment A: voltage only,ExtraTrees,ThreePhase,2
102,ieee14,ThreePhase,2,10.0,0,SSO25Hz_M03,Experiment A: voltage only,ExtraTrees,ThreePhase,2
103,ieee14,ThreePhase,2,10.0,45,NoSSO,Experiment A: voltage only,ExtraTrees,ThreePhase,2
104,ieee14,ThreePhase,2,10.0,45,SSO25Hz_M01,Experiment A: voltage only,ExtraTrees,ThreePhase,2
105,ieee14,ThreePhase,2,10.0,45,SSO25Hz_M03,Experiment A: voltage only,ExtraTrees,ThreePhase,2
106,ieee14,ThreePhase,2,10.0,90,NoSSO,Experiment A: voltage only,ExtraTrees,ThreePhase,2
107,ieee14,ThreePhase,2,10.0,90,SSO25Hz_M01,Experiment A: voltage only,ExtraTrees,ThreePhase,2
108,ieee14,ThreePhase,2,10.0,90,SSO25Hz_M03,Experiment A: voltage only,ExtraTrees,ThreePhase,2
127,ieee14,SLG,6,10.0,0,NoSSO,Experiment A: voltage only,ExtraTrees,SLG,2
128,ieee14,SLG,6,10.0,0,SSO25Hz_M01,Experiment A: voltage only,ExtraTrees,SLG,2
129,ieee14,SLG,6,10.0,0,SSO25Hz_M03,Experiment A: voltage only,ExtraTrees,SLG,2
130,ieee14,SLG,6,10.0,45,NoSSO,Experiment A: voltage only,ExtraTrees,ThreePhase,2
131,ieee14,SLG,6,10.0,45,SSO25Hz_M01,Experiment A: voltage only,ExtraTrees,SLG,2
132,ieee14,SLG,6,10.0,45,SSO25Hz_M03,Experiment A: voltage only,ExtraTrees,SLG,2
133,ieee14,SLG,6,10.0,90,NoSSO,Experiment A: voltage only,ExtraTrees,ThreePhase,2
134,ieee14,SLG,6,10.0,90,SSO25Hz_M01,Experiment A: voltage only,ExtraTrees,ThreePhase,2
135,ieee14,SLG,6,10.0,90,SSO25Hz_M03,Experiment A: voltage only,ExtraTrees,ThreePhase,2
154,ieee14,LL,6,10.0,0,NoSSO,Experiment A: voltage only,ExtraTrees,LL,2
155,ieee14,LL,6,10.0,0,SSO25Hz_M01,Experiment A: voltage only,ExtraTrees,LL,2
156,ieee14,LL,6,10.0,0,SSO25Hz_M03,Experiment A: voltage only,ExtraTrees,LL,2
157,ieee14,LL,6,10.0,45,NoSSO,Experiment A: voltage only,ExtraTrees,LL,2
158,ieee14,LL,6,10.0,45,SSO25Hz_M01,Experiment A: voltage only,ExtraTrees,LL,2
159,ieee14,LL,6,10.0,45,SSO25Hz_M03,Experiment A: voltage only,ExtraTrees,LL,2
160,ieee14,LL,6,10.0,90,NoSSO,Experiment A: voltage only,ExtraTrees,LL,2
161,ieee14,LL,6,10.0,90,SSO25Hz_M01,Experiment A: voltage only,ExtraTrees,LL,2
162,ieee14,LL,6,10.0,90,SSO25Hz_M03,Experiment A: voltage only,ExtraTrees,LL,2
181,ieee14,LLG,6,10.0,0,NoSSO,Experiment A: voltage only,ExtraTrees,SLG,2
182,ieee14,LLG,6,10.0,0,SSO25Hz_M01,Experiment A: voltage only,ExtraTrees,SLG,2
183,ieee14,LLG,6,10.0,0,SSO25Hz_M03,Experiment A: voltage only,ExtraTrees,SLG,2
184,ieee14,LLG,6,10.0,45,NoSSO,Experiment A: voltage only,ExtraTrees,SLG,2
185,ieee14,LLG,6,10.0,45,SSO25Hz_M01,Experiment A: voltage only,ExtraTrees,SLG,2
186,ieee14,LLG,6,10.0,45,SSO25Hz_M03,Experiment A: voltage only,ExtraTrees,SLG,2
187,ieee14,LLG,6,10.0,90,NoSSO,Experiment A: voltage only,ExtraTrees,SLG,2
188,ieee14,LLG,6,10.0,90,SSO25Hz_M01,Experiment A: voltage only,ExtraTrees,SLG,2
189,ieee14,LLG,6,10.0,90,SSO25Hz_M03,Experiment A: voltage only,ExtraTrees,SLG,2
208,ieee14,ThreePhase,6,10.0,0,NoSSO,Experiment A: voltage only,ExtraTrees,ThreePhase,2
209,ieee14,ThreePhase,6,10.0,0,SSO25Hz_M01,Experiment A: voltage only,ExtraTrees,ThreePhase,2
210,ieee14,ThreePhase,6,10.0,0,SSO25Hz_M03,Experiment A: voltage only,ExtraTrees,LL,2
211,ieee14,ThreePhase,6,10.0,45,NoSSO,Experiment A: voltage only,ExtraTrees,ThreePhase,2
212,ieee14,ThreePhase,6,10.0,45,SSO25Hz_M01,Experiment A: voltage only,ExtraTrees,ThreePhase,2
213,ieee14,ThreePhase,6,10.0,45,SSO25Hz_M03,Experiment A: voltage only,ExtraTrees,ThreePhase,2
214,ieee14,ThreePhase,6,10.0,90,NoSSO,Experiment A: voltage only,ExtraTrees,ThreePhase,2
215,ieee14,ThreePhase,6,10.0,90,SSO25Hz_M01,Experiment A: voltage only,ExtraTrees,ThreePhase,2
216,ieee14,ThreePhase,6,10.0,90,SSO25Hz_M03,Experiment A: voltage only,ExtraTrees,ThreePhase,2
235,ieee14,SLG,9,10.0,0,NoSSO,Experiment A: voltage only,ExtraTrees,SLG,2
236,ieee14,SLG,9,10.0,0,SSO25Hz_M01,Experiment A: voltage only,ExtraTrees,SLG,2
237,ieee14,SLG,9,10.0,0,SSO25Hz_M03,Experiment A: voltage only,ExtraTrees,SLG,2
238,ieee14,SLG,9,10.0,45,NoSSO,Experiment A: voltage only,ExtraTrees,SLG,2
239,ieee14,SLG,9,10.0,45,SSO25Hz_M01,Experiment A: voltage only,ExtraTrees,SLG,2
240,ieee14,SLG,9,10.0,45,SSO25Hz_M03,Experiment A: voltage only,ExtraTrees,SLG,2
241,ieee14,SLG,9,10.0,90,NoSSO,Experiment A: voltage only,ExtraTrees,SLG,2
242,ieee14,SLG,9,10.0,90,SSO25Hz_M01,Experiment A: voltage only,ExtraTrees,SLG,2
243,ieee14,SLG,9,10.0,90,SSO25Hz_M03,Experiment A: voltage only,ExtraTrees,SLG,2
262,ieee14,LL,9,10.0,0,NoSSO,Experiment A: voltage only,ExtraTrees,LL,2
263,ieee14,LL,9,10.0,0,SSO25Hz_M01,Experiment A: voltage only,ExtraTrees,LL,2
264,ieee14,LL,9,10.0,0,SSO25Hz_M03,Experiment A: voltage only,ExtraTrees,LL,2
265,ieee14,LL,9,10.0,45,NoSSO,Experiment A: voltage only,ExtraTrees,LL,2
266,ieee14,LL,9,10.0,45,SSO25Hz_M01,Experiment A: voltage only,ExtraTrees,LL,2
267,ieee14,LL,9,10.0,45,SSO25Hz_M03,Experiment A: voltage only,ExtraTrees,LL,2
268,ieee14,LL,9,10.0,90,NoSSO,Experiment A: voltage only,ExtraTrees,LL,2
269,ieee14,LL,9,10.0,90,SSO25Hz_M01,Experiment A: voltage only,ExtraTrees,LL,2
270,ieee14,LL,9,10.0,90,SSO25Hz_M03,Experiment A: voltage only,ExtraTrees,LL,2
289,ieee14,LLG,9,10.0,0,NoSSO,Experiment A: voltage only,ExtraTrees,SLG,2
290,ieee14,LLG,9,10.0,0,SSO25Hz_M01,Experiment A: voltage only,ExtraTrees,SLG,2
291,ieee14,LLG,9,10.0,0,SSO25Hz_M03,Experiment A: voltage only,ExtraTrees,SLG,2
292,ieee14,LLG,9,10.0,45,NoSSO,Experiment A: voltage only,ExtraTrees,SLG,2
293,ieee14,LLG,9,10.0,45,SSO25Hz_M01,Experiment A: voltage only,ExtraTrees,SLG,2
294,ieee14,LLG,9,10.0,45,SSO25Hz_M03,Experiment A: voltage only,ExtraTrees,SLG,2
295,ieee14,LLG,9,10.0,90,NoSSO,Experiment A: voltage only,ExtraTrees,SLG,2
296,ieee14,LLG,9,10.0,90,SSO25Hz_M01,Experiment A: voltage only,ExtraTrees,SLG,2
297,ieee14,LLG,9,10.0,90,SSO25Hz_M03,Experiment A: voltage only,ExtraTrees,SLG,2
316,ieee14,ThreePhase,9,10.0,0,NoSSO,Experiment A: voltage only,ExtraTrees,ThreePhase,2
317,ieee14,ThreePhase,9,10.0,0,SSO25Hz_M01,Experiment A: voltage only,ExtraTrees,ThreePhase,2
318,ieee14,ThreePhase,9,10.0,0,SSO25Hz_M03,Experiment A: voltage only,ExtraTrees,ThreePhase,2
319,ieee14,ThreePhase,9,10.0,45,NoSSO,Experiment A: voltage only,ExtraTrees,ThreePhase,2
320,ieee14,ThreePhase,9,10.0,45,SSO25Hz_M01,Experiment A: voltage only,ExtraTrees,ThreePhase,2
321,ieee14,ThreePhase,9,10.0,45,SSO25Hz_M03,Experiment A: voltage only,ExtraTrees,ThreePhase,2
322,ieee14,ThreePhase,9,10.0,90,NoSSO,Experiment A: voltage only,ExtraTrees,ThreePhase,2
323,ieee14,ThreePhase,9,10.0,90,SSO25Hz_M01,Experiment A: voltage only,ExtraTrees,ThreePhase,2
324,ieee14,ThreePhase,9,10.0,90,SSO25Hz_M03,Experiment A: voltage only,ExtraTrees,ThreePhase,2
343,ieee14,SLG,11,10.0,0,NoSSO,Experiment A: voltage only,ExtraTrees,SLG,2
344,ieee14,SLG,11,10.0,0,SSO25Hz_M01,Experiment A: voltage only,ExtraTrees,SLG,2
345,ieee14,SLG,11,10.0,0,SSO25Hz_M03,Experiment A: voltage only,ExtraTrees,SLG,2
346,ieee14,SLG,11,10.0,45,NoSSO,Experiment A: voltage only,ExtraTrees,SLG,2
347,ieee14,SLG,11,10.0,45,SSO25Hz_M01,Experiment A: voltage only,ExtraTrees,SLG,2
348,ieee14,SLG,11,10.0,45,SSO25Hz_M03,Experiment A: voltage only,ExtraTrees,SLG,2
349,ieee14,SLG,11,10.0,90,NoSSO,Experiment A: voltage only,ExtraTrees,SLG,2
350,ieee14,SLG,11,10.0,90,SSO25Hz_M01,Experiment A: voltage only,ExtraTrees,SLG,2
351,ieee14,SLG,11,10.0,90,SSO25Hz_M03,Experiment A: voltage only,ExtraTrees,SLG,2
370,ieee14,LL,11,10.0,0,NoSSO,Experiment A: voltage only,ExtraTrees,LL,2
371,ieee14,LL,11,10.0,0,SSO25Hz_M01,Experiment A: voltage only,ExtraTrees,LL,2
372,ieee14,LL,11,10.0,0,SSO25Hz_M03,Experiment A: voltage only,ExtraTrees,LL,2
373,ieee14,LL,11,10.0,45,NoSSO,Experiment A: voltage only,ExtraTrees,LL,2
374,ieee14,LL,11,10.0,45,SSO25Hz_M01,Experiment A: voltage only,ExtraTrees,LL,2
375,ieee14,LL,11,10.0,45,SSO25Hz_M03,Experiment A: voltage only,ExtraTrees,LL,2
376,ieee14,LL,11,10.0,90,NoSSO,Experiment A: voltage only,ExtraTrees,LL,2
377,ieee14,LL,11,10.0,90,SSO25Hz_M01,Experiment A: voltage only,ExtraTrees,LL,2
378,ieee14,LL,11,10.0,90,SSO25Hz_M03,Experiment A: voltage only,ExtraTrees,LL,2
397,ieee14,LLG,11,10.0,0,NoSSO,Experiment A: voltage only,ExtraTrees,SLG,2
398,ieee14,LLG,11,10.0,0,SSO25Hz_M01,Experiment A: voltage only,ExtraTrees,SLG,2
399,ieee14,LLG,11,10.0,0,SSO25Hz_M03,Experiment A: voltage only,ExtraTrees,SLG,2
400,ieee14,LLG,11,10.0,45,NoSSO,Experiment A: voltage only,ExtraTrees,SLG,2
401,ieee14,LLG,11,10.0,45,SSO25Hz_M01,Experiment A: voltage only,ExtraTrees,SLG,2
402,ieee14,LLG,11,10.0,45,SSO25Hz_M03,Experiment A: voltage only,ExtraTrees,SLG,2
403,ieee14,LLG,11,10.0,90,NoSSO,Experiment A: voltage only,ExtraTrees,SLG,2
404,ieee14,LLG,11,10.0,90,SSO25Hz_M01,Experiment A: voltage only,ExtraTrees,SLG,2
405,ieee14,LLG,11,10.0,90,SSO25Hz_M03,Experiment A: voltage only,ExtraTrees,SLG,2
424,ieee14,ThreePhase,11,10.0,0,NoSSO,Experiment A: voltage only,ExtraTrees,ThreePhase,2
425,ieee14,ThreePhase,11,10.0,0,SSO25Hz_M01,Experiment A: voltage only,ExtraTrees,ThreePhase,2
426,ieee14,ThreePhase,11,10.0,0,SSO25Hz_M03,Experiment A: voltage only,ExtraTrees,ThreePhase,2
427,ieee14,ThreePhase,11,10.0,45,NoSSO,Experiment A: voltage only,ExtraTrees,ThreePhase,2
428,ieee14,ThreePhase,11,10.0,45,SSO25Hz_M01,Experiment A: voltage only,ExtraTrees,ThreePhase,2
429,ieee14,ThreePhase,11,10.0,45,SSO25Hz_M03,Experiment A: voltage only,ExtraTrees,ThreePhase,2
430,ieee14,ThreePhase,11,10.0,90,NoSSO,Experiment A: voltage only,ExtraTrees,ThreePhase,2
431,ieee14,ThreePhase,11,10.0,90,SSO25Hz_M01,Experiment A: voltage only,ExtraTrees,ThreePhase,2
432,ieee14,ThreePhase,11,10.0,90,SSO25Hz_M03,Experiment A: voltage only,ExtraTrees,ThreePhase,2
451,ieee14,SLG,14,10.0,0,NoSSO,Experiment A: voltage only,ExtraTrees,SLG,2
452,ieee14,SLG,14,10.0,0,SSO25Hz_M01,Experiment A: voltage only,ExtraTrees,SLG,2
453,ieee14,SLG,14,10.0,0,SSO25Hz_M03,Experiment A: voltage only,ExtraTrees,SLG,2
454,ieee14,SLG,14,10.0,45,NoSSO,Experiment A: voltage only,ExtraTrees,SLG,2
455,ieee14,SLG,14,10.0,45,SSO25Hz_M01,Experiment A: voltage only,ExtraTrees,ThreePhase,2
456,ieee14,SLG,14,10.0,45,SSO25Hz_M03,Experiment A: voltage only,ExtraTrees,SLG,2
457,ieee14,SLG,14,10.0,90,NoSSO,Experiment A: voltage only,ExtraTrees,SLG,2
458,ieee14,SLG,14,10.0,90,SSO25Hz_M01,Experiment A: voltage only,ExtraTrees,SLG,2
459,ieee14,SLG,14,10.0,90,SSO25Hz_M03,Experiment A: voltage only,ExtraTrees,ThreePhase,2
478,ieee14,LL,14,10.0,0,NoSSO,Experiment A: voltage only,ExtraTrees,LL,2
479,ieee14,LL,14,10.0,0,SSO25Hz_M01,Experiment A: voltage only,ExtraTrees,LL,2
480,ieee14,LL,14,10.0,0,SSO25Hz_M03,Experiment A: voltage only,ExtraTrees,LL,2
481,ieee14,LL,14,10.0,45,NoSSO,Experiment A: voltage only,ExtraTrees,LL,2
482,ieee14,LL,14,10.0,45,SSO25Hz_M01,Experiment A: voltage only,ExtraTrees,LL,2
483,ieee14,LL,14,10.0,45,SSO25Hz_M03,Experiment A: voltage only,ExtraTrees,LL,2
484,ieee14,LL,14,10.0,90,NoSSO,Experiment A: voltage only,ExtraTrees,LL,2
485,ieee14,LL,14,10.0,90,SSO25Hz_M01,Experiment A: voltage only,ExtraTrees,LL,2
486,ieee14,LL,14,10.0,90,SSO25Hz_M03,Experiment A: voltage only,ExtraTrees,LL,2
505,ieee14,LLG,14,10.0,0,NoSSO,Experiment A: voltage only,ExtraTrees,SLG,2
506,ieee14,LLG,14,10.0,0,SSO25Hz_M01,Experiment A: voltage only,ExtraTrees,SLG,2
507,ieee14,LLG,14,10.0,0,SSO25Hz_M03,Experiment A: voltage only,ExtraTrees,SLG,2
508,ieee14,LLG,14,10.0,45,NoSSO,Experiment A: voltage only,ExtraTrees,ThreePhase,2
509,ieee14,LLG,14,10.0,45,SSO25Hz_M01,Experiment A: voltage only,ExtraTrees,ThreePhase,2
510,ieee14,LLG,14,10.0,45,SSO25Hz_M03,Experiment A: voltage only,ExtraTrees,ThreePhase,2
511,ieee14,LLG,14,10.0,90,NoSSO,Experiment A: voltage only,ExtraTrees,SLG,2
512,ieee14,LLG,14,10.0,90,SSO25Hz_M01,Experiment A: voltage only,ExtraTrees,SLG,2
513,ieee14,LLG,14,10.0,90,SSO25Hz_M03,Experiment A: voltage only,ExtraTrees,SLG,2
532,ieee14,ThreePhase,14,10.0,0,NoSSO,Experiment A: voltage only,ExtraTrees,ThreePhase,2
533,ieee14,ThreePhase,14,10.0,0,SSO25Hz_M01,Experiment A: voltage only,ExtraTrees,ThreePhase,2
534,ieee14,ThreePhase,14,10.0,0,SSO25Hz_M03,Experiment A: voltage only,ExtraTrees,ThreePhase,2
535,ieee14,ThreePhase,14,10.0,45,NoSSO,Experiment A: voltage only,ExtraTrees,ThreePhase,2
536,ieee14,ThreePhase,14,10.0,45,SSO25Hz_M01,Experiment A: voltage only,ExtraTrees,ThreePhase,2
537,ieee14,ThreePhase,14,10.0,45,SSO25Hz_M03,Experiment A: voltage only,ExtraTrees,ThreePhase,2
538,ieee14,ThreePhase,14,10.0,90,NoSSO,Experiment A: voltage only,ExtraTrees,ThreePhase,2
539,ieee14,ThreePhase,14,10.0,90,SSO25Hz_M01,Experiment A: voltage only,ExtraTrees,ThreePhase,2
540,ieee14,ThreePhase,14,10.0,90,SSO25Hz_M03,Experiment A: voltage only,ExtraTrees,ThreePhase,2
19,ieee14,SLG,2,10.0,0,NoSSO,Experiment B: current only,RandomForest,ThreePhase,2
20,ieee14,SLG,2,10.0,0,SSO25Hz_M01,Experiment B: current only,RandomForest,ThreePhase,2
21,ieee14,SLG,2,10.0,0,SSO25Hz_M03,Experiment B: current only,RandomForest,ThreePhase,2
22,ieee14,SLG,2,10.0,45,NoSSO,Experiment B: current only,RandomForest,ThreePhase,2
23,ieee14,SLG,2,10.0,45,SSO25Hz_M01,Experiment B: current only,RandomForest,ThreePhase,2
24,ieee14,SLG,2,10.0,45,SSO25Hz_M03,Experiment B: current only,RandomForest,ThreePhase,2
25,ieee14,SLG,2,10.0,90,NoSSO,Experiment B: current only,RandomForest,ThreePhase,2
26,ieee14,SLG,2,10.0,90,SSO25Hz_M01,Experiment B: current only,RandomForest,ThreePhase,2
27,ieee14,SLG,2,10.0,90,SSO25Hz_M03,Experiment B: current only,RandomForest,ThreePhase,2
46,ieee14,LL,2,10.0,0,NoSSO,Experiment B: current only,RandomForest,ThreePhase,2
47,ieee14,LL,2,10.0,0,SSO25Hz_M01,Experiment B: current only,RandomForest,ThreePhase,2
48,ieee14,LL,2,10.0,0,SSO25Hz_M03,Experiment B: current only,RandomForest,ThreePhase,2
49,ieee14,LL,2,10.0,45,NoSSO,Experiment B: current only,RandomForest,ThreePhase,2
50,ieee14,LL,2,10.0,45,SSO25Hz_M01,Experiment B: current only,RandomForest,ThreePhase,2
51,ieee14,LL,2,10.0,45,SSO25Hz_M03,Experiment B: current only,RandomForest,ThreePhase,2
52,ieee14,LL,2,10.0,90,NoSSO,Experiment B: current only,RandomForest,ThreePhase,2
53,ieee14,LL,2,10.0,90,SSO25Hz_M01,Experiment B: current only,RandomForest,ThreePhase,2
54,ieee14,LL,2,10.0,90,SSO25Hz_M03,Experiment B: current only,RandomForest,ThreePhase,2
73,ieee14,LLG,2,10.0,0,NoSSO,Experiment B: current only,RandomForest,ThreePhase,2
74,ieee14,LLG,2,10.0,0,SSO25Hz_M01,Experiment B: current only,RandomForest,ThreePhase,2
75,ieee14,LLG,2,10.0,0,SSO25Hz_M03,Experiment B: current only,RandomForest,ThreePhase,2
76,ieee14,LLG,2,10.0,45,NoSSO,Experiment B: current only,RandomForest,ThreePhase,2
77,ieee14,LLG,2,10.0,45,SSO25Hz_M01,Experiment B: current only,RandomForest,ThreePhase,2
78,ieee14,LLG,2,10.0,45,SSO25Hz_M03,Experiment B: current only,RandomForest,ThreePhase,2
79,ieee14,LLG,2,10.0,90,NoSSO,Experiment B: current only,RandomForest,ThreePhase,2
80,ieee14,LLG,2,10.0,90,SSO25Hz_M01,Experiment B: current only,RandomForest,ThreePhase,2
81,ieee14,LLG,2,10.0,90,SSO25Hz_M03,Experiment B: current only,RandomForest,ThreePhase,2
100,ieee14,ThreePhase,2,10.0,0,NoSSO,Experiment B: current only,RandomForest,ThreePhase,2
101,ieee14,ThreePhase,2,10.0,0,SSO25Hz_M01,Experiment B: current only,RandomForest,ThreePhase,2
102,ieee14,ThreePhase,2,10.0,0,SSO25Hz_M03,Experiment B: current only,RandomForest,ThreePhase,2
103,ieee14,ThreePhase,2,10.0,45,NoSSO,Experiment B: current only,RandomForest,ThreePhase,2
104,ieee14,ThreePhase,2,10.0,45,SSO25Hz_M01,Experiment B: current only,RandomForest,ThreePhase,2
105,ieee14,ThreePhase,2,10.0,45,SSO25Hz_M03,Experiment B: current only,RandomForest,ThreePhase,2
106,ieee14,ThreePhase,2,10.0,90,NoSSO,Experiment B: current only,RandomForest,ThreePhase,2
107,ieee14,ThreePhase,2,10.0,90,SSO25Hz_M01,Experiment B: current only,RandomForest,ThreePhase,2
108,ieee14,ThreePhase,2,10.0,90,SSO25Hz_M03,Experiment B: current only,RandomForest,ThreePhase,2
127,ieee14,SLG,6,10.0,0,NoSSO,Experiment B: current only,RandomForest,ThreePhase,2
128,ieee14,SLG,6,10.0,0,SSO25Hz_M01,Experiment B: current only,RandomForest,ThreePhase,2
129,ieee14,SLG,6,10.0,0,SSO25Hz_M03,Experiment B: current only,RandomForest,ThreePhase,2
130,ieee14,SLG,6,10.0,45,NoSSO,Experiment B: current only,RandomForest,ThreePhase,2
131,ieee14,SLG,6,10.0,45,SSO25Hz_M01,Experiment B: current only,RandomForest,ThreePhase,2
132,ieee14,SLG,6,10.0,45,SSO25Hz_M03,Experiment B: current only,RandomForest,ThreePhase,2
133,ieee14,SLG,6,10.0,90,NoSSO,Experiment B: current only,RandomForest,ThreePhase,2
134,ieee14,SLG,6,10.0,90,SSO25Hz_M01,Experiment B: current only,RandomForest,ThreePhase,2
135,ieee14,SLG,6,10.0,90,SSO25Hz_M03,Experiment B: current only,RandomForest,ThreePhase,2
154,ieee14,LL,6,10.0,0,NoSSO,Experiment B: current only,RandomForest,ThreePhase,2
155,ieee14,LL,6,10.0,0,SSO25Hz_M01,Experiment B: current only,RandomForest,ThreePhase,2
156,ieee14,LL,6,10.0,0,SSO25Hz_M03,Experiment B: current only,RandomForest,ThreePhase,2
157,ieee14,LL,6,10.0,45,NoSSO,Experiment B: current only,RandomForest,ThreePhase,2
158,ieee14,LL,6,10.0,45,SSO25Hz_M01,Experiment B: current only,RandomForest,ThreePhase,2
159,ieee14,LL,6,10.0,45,SSO25Hz_M03,Experiment B: current only,RandomForest,ThreePhase,2
160,ieee14,LL,6,10.0,90,NoSSO,Experiment B: current only,RandomForest,ThreePhase,2
161,ieee14,LL,6,10.0,90,SSO25Hz_M01,Experiment B: current only,RandomForest,ThreePhase,2
162,ieee14,LL,6,10.0,90,SSO25Hz_M03,Experiment B: current only,RandomForest,ThreePhase,2
181,ieee14,LLG,6,10.0,0,NoSSO,Experiment B: current only,RandomForest,ThreePhase,2
182,ieee14,LLG,6,10.0,0,SSO25Hz_M01,Experiment B: current only,RandomForest,ThreePhase,2
183,ieee14,LLG,6,10.0,0,SSO25Hz_M03,Experiment B: current only,RandomForest,ThreePhase,2
184,ieee14,LLG,6,10.0,45,NoSSO,Experiment B: current only,RandomForest,ThreePhase,2
185,ieee14,LLG,6,10.0,45,SSO25Hz_M01,Experiment B: current only,RandomForest,ThreePhase,2
186,ieee14,LLG,6,10.0,45,SSO25Hz_M03,Experiment B: current only,RandomForest,ThreePhase,2
187,ieee14,LLG,6,10.0,90,NoSSO,Experiment B: current only,RandomForest,ThreePhase,2
188,ieee14,LLG,6,10.0,90,SSO25Hz_M01,Experiment B: current only,RandomForest,ThreePhase,2
189,ieee14,LLG,6,10.0,90,SSO25Hz_M03,Experiment B: current only,RandomForest,ThreePhase,2
208,ieee14,ThreePhase,6,10.0,0,NoSSO,Experiment B: current only,RandomForest,ThreePhase,2
209,ieee14,ThreePhase,6,10.0,0,SSO25Hz_M01,Experiment B: current only,RandomForest,ThreePhase,2
210,ieee14,ThreePhase,6,10.0,0,SSO25Hz_M03,Experiment B: current only,RandomForest,ThreePhase,2
211,ieee14,ThreePhase,6,10.0,45,NoSSO,Experiment B: current only,RandomForest,ThreePhase,2
212,ieee14,ThreePhase,6,10.0,45,SSO25Hz_M01,Experiment B: current only,RandomForest,ThreePhase,2
213,ieee14,ThreePhase,6,10.0,45,SSO25Hz_M03,Experiment B: current only,RandomForest,ThreePhase,2
214,ieee14,ThreePhase,6,10.0,90,NoSSO,Experiment B: current only,RandomForest,ThreePhase,2
215,ieee14,ThreePhase,6,10.0,90,SSO25Hz_M01,Experiment B: current only,RandomForest,ThreePhase,2
216,ieee14,ThreePhase,6,10.0,90,SSO25Hz_M03,Experiment B: current only,RandomForest,ThreePhase,2
235,ieee14,SLG,9,10.0,0,NoSSO,Experiment B: current only,RandomForest,ThreePhase,2
236,ieee14,SLG,9,10.0,0,SSO25Hz_M01,Experiment B: current only,RandomForest,ThreePhase,2
237,ieee14,SLG,9,10.0,0,SSO25Hz_M03,Experiment B: current only,RandomForest,ThreePhase,2
238,ieee14,SLG,9,10.0,45,NoSSO,Experiment B: current only,RandomForest,ThreePhase,2
239,ieee14,SLG,9,10.0,45,SSO25Hz_M01,Experiment B: current only,RandomForest,ThreePhase,2
240,ieee14,SLG,9,10.0,45,SSO25Hz_M03,Experiment B: current only,RandomForest,ThreePhase,2
241,ieee14,SLG,9,10.0,90,NoSSO,Experiment B: current only,RandomForest,ThreePhase,2
242,ieee14,SLG,9,10.0,90,SSO25Hz_M01,Experiment B: current only,RandomForest,ThreePhase,2
243,ieee14,SLG,9,10.0,90,SSO25Hz_M03,Experiment B: current only,RandomForest,ThreePhase,2
262,ieee14,LL,9,10.0,0,NoSSO,Experiment B: current only,RandomForest,ThreePhase,2
263,ieee14,LL,9,10.0,0,SSO25Hz_M01,Experiment B: current only,RandomForest,ThreePhase,2
264,ieee14,LL,9,10.0,0,SSO25Hz_M03,Experiment B: current only,RandomForest,ThreePhase,6
265,ieee14,LL,9,10.0,45,NoSSO,Experiment B: current only,RandomForest,ThreePhase,2
266,ieee14,LL,9,10.0,45,SSO25Hz_M01,Experiment B: current only,RandomForest,ThreePhase,2
267,ieee14,LL,9,10.0,45,SSO25Hz_M03,Experiment B: current only,RandomForest,ThreePhase,2
268,ieee14,LL,9,10.0,90,NoSSO,Experiment B: current only,RandomForest,ThreePhase,2
269,ieee14,LL,9,10.0,90,SSO25Hz_M01,Experiment B: current only,RandomForest,ThreePhase,2
270,ieee14,LL,9,10.0,90,SSO25Hz_M03,Experiment B: current only,RandomForest,ThreePhase,2
289,ieee14,LLG,9,10.0,0,NoSSO,Experiment B: current only,RandomForest,ThreePhase,6
290,ieee14,LLG,9,10.0,0,SSO25Hz_M01,Experiment B: current only,RandomForest,ThreePhase,6
291,ieee14,LLG,9,10.0,0,SSO25Hz_M03,Experiment B: current only,RandomForest,ThreePhase,6
292,ieee14,LLG,9,10.0,45,NoSSO,Experiment B: current only,RandomForest,ThreePhase,6
293,ieee14,LLG,9,10.0,45,SSO25Hz_M01,Experiment B: current only,RandomForest,ThreePhase,6
294,ieee14,LLG,9,10.0,45,SSO25Hz_M03,Experiment B: current only,RandomForest,ThreePhase,6
295,ieee14,LLG,9,10.0,90,NoSSO,Experiment B: current only,RandomForest,ThreePhase,6
296,ieee14,LLG,9,10.0,90,SSO25Hz_M01,Experiment B: current only,RandomForest,ThreePhase,6
297,ieee14,LLG,9,10.0,90,SSO25Hz_M03,Experiment B: current only,RandomForest,ThreePhase,6
316,ieee14,ThreePhase,9,10.0,0,NoSSO,Experiment B: current only,RandomForest,ThreePhase,6
317,ieee14,ThreePhase,9,10.0,0,SSO25Hz_M01,Experiment B: current only,RandomForest,ThreePhase,6
318,ieee14,ThreePhase,9,10.0,0,SSO25Hz_M03,Experiment B: current only,RandomForest,ThreePhase,6
319,ieee14,ThreePhase,9,10.0,45,NoSSO,Experiment B: current only,RandomForest,ThreePhase,6
320,ieee14,ThreePhase,9,10.0,45,SSO25Hz_M01,Experiment B: current only,RandomForest,ThreePhase,6
321,ieee14,ThreePhase,9,10.0,45,SSO25Hz_M03,Experiment B: current only,RandomForest,ThreePhase,6
322,ieee14,ThreePhase,9,10.0,90,NoSSO,Experiment B: current only,RandomForest,ThreePhase,6
323,ieee14,ThreePhase,9,10.0,90,SSO25Hz_M01,Experiment B: current only,RandomForest,ThreePhase,6
324,ieee14,ThreePhase,9,10.0,90,SSO25Hz_M03,Experiment B: current only,RandomForest,ThreePhase,6
343,ieee14,SLG,11,10.0,0,NoSSO,Experiment B: current only,RandomForest,ThreePhase,2
344,ieee14,SLG,11,10.0,0,SSO25Hz_M01,Experiment B: current only,RandomForest,ThreePhase,2
345,ieee14,SLG,11,10.0,0,SSO25Hz_M03,Experiment B: current only,RandomForest,ThreePhase,2
346,ieee14,SLG,11,10.0,45,NoSSO,Experiment B: current only,RandomForest,ThreePhase,2
347,ieee14,SLG,11,10.0,45,SSO25Hz_M01,Experiment B: current only,RandomForest,ThreePhase,2
348,ieee14,SLG,11,10.0,45,SSO25Hz_M03,Experiment B: current only,RandomForest,ThreePhase,2
349,ieee14,SLG,11,10.0,90,NoSSO,Experiment B: current only,RandomForest,ThreePhase,2
350,ieee14,SLG,11,10.0,90,SSO25Hz_M01,Experiment B: current only,RandomForest,ThreePhase,2
351,ieee14,SLG,11,10.0,90,SSO25Hz_M03,Experiment B: current only,RandomForest,ThreePhase,2
370,ieee14,LL,11,10.0,0,NoSSO,Experiment B: current only,RandomForest,ThreePhase,2
371,ieee14,LL,11,10.0,0,SSO25Hz_M01,Experiment B: current only,RandomForest,ThreePhase,2
372,ieee14,LL,11,10.0,0,SSO25Hz_M03,Experiment B: current only,RandomForest,ThreePhase,2
373,ieee14,LL,11,10.0,45,NoSSO,Experiment B: current only,RandomForest,ThreePhase,2
374,ieee14,LL,11,10.0,45,SSO25Hz_M01,Experiment B: current only,RandomForest,ThreePhase,2
375,ieee14,LL,11,10.0,45,SSO25Hz_M03,Experiment B: current only,RandomForest,ThreePhase,2
376,ieee14,LL,11,10.0,90,NoSSO,Experiment B: current only,RandomForest,ThreePhase,2
377,ieee14,LL,11,10.0,90,SSO25Hz_M01,Experiment B: current only,RandomForest,ThreePhase,2
378,ieee14,LL,11,10.0,90,SSO25Hz_M03,Experiment B: current only,RandomForest,ThreePhase,2
397,ieee14,LLG,11,10.0,0,NoSSO,Experiment B: current only,RandomForest,ThreePhase,2
398,ieee14,LLG,11,10.0,0,SSO25Hz_M01,Experiment B: current only,RandomForest,ThreePhase,2
399,ieee14,LLG,11,10.0,0,SSO25Hz_M03,Experiment B: current only,RandomForest,ThreePhase,2
400,ieee14,LLG,11,10.0,45,NoSSO,Experiment B: current only,RandomForest,ThreePhase,2
401,ieee14,LLG,11,10.0,45,SSO25Hz_M01,Experiment B: current only,RandomForest,ThreePhase,2
402,ieee14,LLG,11,10.0,45,SSO25Hz_M03,Experiment B: current only,RandomForest,ThreePhase,2
403,ieee14,LLG,11,10.0,90,NoSSO,Experiment B: current only,RandomForest,ThreePhase,2
404,ieee14,LLG,11,10.0,90,SSO25Hz_M01,Experiment B: current only,RandomForest,ThreePhase,2
405,ieee14,LLG,11,10.0,90,SSO25Hz_M03,Experiment B: current only,RandomForest,ThreePhase,2
424,ieee14,ThreePhase,11,10.0,0,NoSSO,Experiment B: current only,RandomForest,ThreePhase,6
425,ieee14,ThreePhase,11,10.0,0,SSO25Hz_M01,Experiment B: current only,RandomForest,ThreePhase,6
426,ieee14,ThreePhase,11,10.0,0,SSO25Hz_M03,Experiment B: current only,RandomForest,ThreePhase,6
427,ieee14,ThreePhase,11,10.0,45,NoSSO,Experiment B: current only,RandomForest,ThreePhase,6
428,ieee14,ThreePhase,11,10.0,45,SSO25Hz_M01,Experiment B: current only,RandomForest,ThreePhase,6
429,ieee14,ThreePhase,11,10.0,45,SSO25Hz_M03,Experiment B: current only,RandomForest,ThreePhase,6
430,ieee14,ThreePhase,11,10.0,90,NoSSO,Experiment B: current only,RandomForest,ThreePhase,6
431,ieee14,ThreePhase,11,10.0,90,SSO25Hz_M01,Experiment B: current only,RandomForest,ThreePhase,6
432,ieee14,ThreePhase,11,10.0,90,SSO25Hz_M03,Experiment B: current only,RandomForest,ThreePhase,6
451,ieee14,SLG,14,10.0,0,NoSSO,Experiment B: current only,RandomForest,ThreePhase,2
452,ieee14,SLG,14,10.0,0,SSO25Hz_M01,Experiment B: current only,RandomForest,ThreePhase,2
453,ieee14,SLG,14,10.0,0,SSO25Hz_M03,Experiment B: current only,RandomForest,ThreePhase,2
454,ieee14,SLG,14,10.0,45,NoSSO,Experiment B: current only,RandomForest,ThreePhase,2
455,ieee14,SLG,14,10.0,45,SSO25Hz_M01,Experiment B: current only,RandomForest,ThreePhase,2
456,ieee14,SLG,14,10.0,45,SSO25Hz_M03,Experiment B: current only,RandomForest,ThreePhase,2
457,ieee14,SLG,14,10.0,90,NoSSO,Experiment B: current only,RandomForest,ThreePhase,2
458,ieee14,SLG,14,10.0,90,SSO25Hz_M01,Experiment B: current only,RandomForest,ThreePhase,2
459,ieee14,SLG,14,10.0,90,SSO25Hz_M03,Experiment B: current only,RandomForest,ThreePhase,2
478,ieee14,LL,14,10.0,0,NoSSO,Experiment B: current only,RandomForest,ThreePhase,2
479,ieee14,LL,14,10.0,0,SSO25Hz_M01,Experiment B: current only,RandomForest,ThreePhase,2
480,ieee14,LL,14,10.0,0,SSO25Hz_M03,Experiment B: current only,RandomForest,ThreePhase,2
481,ieee14,LL,14,10.0,45,NoSSO,Experiment B: current only,RandomForest,ThreePhase,2
482,ieee14,LL,14,10.0,45,SSO25Hz_M01,Experiment B: current only,RandomForest,ThreePhase,2
483,ieee14,LL,14,10.0,45,SSO25Hz_M03,Experiment B: current only,RandomForest,ThreePhase,2
484,ieee14,LL,14,10.0,90,NoSSO,Experiment B: current only,RandomForest,ThreePhase,2
485,ieee14,LL,14,10.0,90,SSO25Hz_M01,Experiment B: current only,RandomForest,ThreePhase,2
486,ieee14,LL,14,10.0,90,SSO25Hz_M03,Experiment B: current only,RandomForest,ThreePhase,2
505,ieee14,LLG,14,10.0,0,NoSSO,Experiment B: current only,RandomForest,ThreePhase,2
506,ieee14,LLG,14,10.0,0,SSO25Hz_M01,Experiment B: current only,RandomForest,ThreePhase,2
507,ieee14,LLG,14,10.0,0,SSO25Hz_M03,Experiment B: current only,RandomForest,ThreePhase,2
508,ieee14,LLG,14,10.0,45,NoSSO,Experiment B: current only,RandomForest,ThreePhase,2
509,ieee14,LLG,14,10.0,45,SSO25Hz_M01,Experiment B: current only,RandomForest,ThreePhase,2
510,ieee14,LLG,14,10.0,45,SSO25Hz_M03,Experiment B: current only,RandomForest,ThreePhase,2
511,ieee14,LLG,14,10.0,90,NoSSO,Experiment B: current only,RandomForest,ThreePhase,2
512,ieee14,LLG,14,10.0,90,SSO25Hz_M01,Experiment B: current only,RandomForest,ThreePhase,2
513,ieee14,LLG,14,10.0,90,SSO25Hz_M03,Experiment B: current only,RandomForest,ThreePhase,2
532,ieee14,ThreePhase,14,10.0,0,NoSSO,Experiment B: current only,RandomForest,ThreePhase,6
533,ieee14,ThreePhase,14,10.0,0,SSO25Hz_M01,Experiment B: current only,RandomForest,ThreePhase,6
534,ieee14,ThreePhase,14,10.0,0,SSO25Hz_M03,Experiment B: current only,RandomForest,ThreePhase,6
535,ieee14,ThreePhase,14,10.0,45,NoSSO,Experiment B: current only,RandomForest,ThreePhase,6
536,ieee14,ThreePhase,14,10.0,45,SSO25Hz_M01,Experiment B: current only,RandomForest,ThreePhase,6
537,ieee14,ThreePhase,14,10.0,45,SSO25Hz_M03,Experiment B: current only,RandomForest,ThreePhase,6
538,ieee14,ThreePhase,14,10.0,90,NoSSO,Experiment B: current only,RandomForest,ThreePhase,6
539,ieee14,ThreePhase,14,10.0,90,SSO25Hz_M01,Experiment B: current only,RandomForest,ThreePhase,6
540,ieee14,ThreePhase,14,10.0,90,SSO25Hz_M03,Experiment B: current only,RandomForest,ThreePhase,6
19,ieee14,SLG,2,10.0,0,NoSSO,Experiment B: current only,ExtraTrees,ThreePhase,2
20,ieee14,SLG,2,10.0,0,SSO25Hz_M01,Experiment B: current only,ExtraTrees,ThreePhase,2
21,ieee14,SLG,2,10.0,0,SSO25Hz_M03,Experiment B: current only,ExtraTrees,ThreePhase,2
22,ieee14,SLG,2,10.0,45,NoSSO,Experiment B: current only,ExtraTrees,ThreePhase,2
23,ieee14,SLG,2,10.0,45,SSO25Hz_M01,Experiment B: current only,ExtraTrees,ThreePhase,2
24,ieee14,SLG,2,10.0,45,SSO25Hz_M03,Experiment B: current only,ExtraTrees,ThreePhase,2
25,ieee14,SLG,2,10.0,90,NoSSO,Experiment B: current only,ExtraTrees,ThreePhase,2
26,ieee14,SLG,2,10.0,90,SSO25Hz_M01,Experiment B: current only,ExtraTrees,ThreePhase,2
27,ieee14,SLG,2,10.0,90,SSO25Hz_M03,Experiment B: current only,ExtraTrees,ThreePhase,2
46,ieee14,LL,2,10.0,0,NoSSO,Experiment B: current only,ExtraTrees,ThreePhase,2
47,ieee14,LL,2,10.0,0,SSO25Hz_M01,Experiment B: current only,ExtraTrees,ThreePhase,2
48,ieee14,LL,2,10.0,0,SSO25Hz_M03,Experiment B: current only,ExtraTrees,ThreePhase,2
49,ieee14,LL,2,10.0,45,NoSSO,Experiment B: current only,ExtraTrees,ThreePhase,2
50,ieee14,LL,2,10.0,45,SSO25Hz_M01,Experiment B: current only,ExtraTrees,ThreePhase,2
51,ieee14,LL,2,10.0,45,SSO25Hz_M03,Experiment B: current only,ExtraTrees,ThreePhase,2
52,ieee14,LL,2,10.0,90,NoSSO,Experiment B: current only,ExtraTrees,ThreePhase,2
53,ieee14,LL,2,10.0,90,SSO25Hz_M01,Experiment B: current only,ExtraTrees,ThreePhase,2
54,ieee14,LL,2,10.0,90,SSO25Hz_M03,Experiment B: current only,ExtraTrees,ThreePhase,2
73,ieee14,LLG,2,10.0,0,NoSSO,Experiment B: current only,ExtraTrees,ThreePhase,2
74,ieee14,LLG,2,10.0,0,SSO25Hz_M01,Experiment B: current only,ExtraTrees,ThreePhase,2
75,ieee14,LLG,2,10.0,0,SSO25Hz_M03,Experiment B: current only,ExtraTrees,ThreePhase,2
76,ieee14,LLG,2,10.0,45,NoSSO,Experiment B: current only,ExtraTrees,ThreePhase,2
77,ieee14,LLG,2,10.0,45,SSO25Hz_M01,Experiment B: current only,ExtraTrees,ThreePhase,2
78,ieee14,LLG,2,10.0,45,SSO25Hz_M03,Experiment B: current only,ExtraTrees,ThreePhase,2
79,ieee14,LLG,2,10.0,90,NoSSO,Experiment B: current only,ExtraTrees,ThreePhase,2
80,ieee14,LLG,2,10.0,90,SSO25Hz_M01,Experiment B: current only,ExtraTrees,ThreePhase,2
81,ieee14,LLG,2,10.0,90,SSO25Hz_M03,Experiment B: current only,ExtraTrees,ThreePhase,2
100,ieee14,ThreePhase,2,10.0,0,NoSSO,Experiment B: current only,ExtraTrees,ThreePhase,2
101,ieee14,ThreePhase,2,10.0,0,SSO25Hz_M01,Experiment B: current only,ExtraTrees,ThreePhase,2
102,ieee14,ThreePhase,2,10.0,0,SSO25Hz_M03,Experiment B: current only,ExtraTrees,ThreePhase,2
103,ieee14,ThreePhase,2,10.0,45,NoSSO,Experiment B: current only,ExtraTrees,ThreePhase,2
104,ieee14,ThreePhase,2,10.0,45,SSO25Hz_M01,Experiment B: current only,ExtraTrees,ThreePhase,2
105,ieee14,ThreePhase,2,10.0,45,SSO25Hz_M03,Experiment B: current only,ExtraTrees,ThreePhase,2
106,ieee14,ThreePhase,2,10.0,90,NoSSO,Experiment B: current only,ExtraTrees,ThreePhase,2
107,ieee14,ThreePhase,2,10.0,90,SSO25Hz_M01,Experiment B: current only,ExtraTrees,ThreePhase,2
108,ieee14,ThreePhase,2,10.0,90,SSO25Hz_M03,Experiment B: current only,ExtraTrees,ThreePhase,2
127,ieee14,SLG,6,10.0,0,NoSSO,Experiment B: current only,ExtraTrees,ThreePhase,2
128,ieee14,SLG,6,10.0,0,SSO25Hz_M01,Experiment B: current only,ExtraTrees,ThreePhase,2
129,ieee14,SLG,6,10.0,0,SSO25Hz_M03,Experiment B: current only,ExtraTrees,ThreePhase,2
130,ieee14,SLG,6,10.0,45,NoSSO,Experiment B: current only,ExtraTrees,ThreePhase,2
131,ieee14,SLG,6,10.0,45,SSO25Hz_M01,Experiment B: current only,ExtraTrees,ThreePhase,2
132,ieee14,SLG,6,10.0,45,SSO25Hz_M03,Experiment B: current only,ExtraTrees,ThreePhase,2
133,ieee14,SLG,6,10.0,90,NoSSO,Experiment B: current only,ExtraTrees,ThreePhase,2
134,ieee14,SLG,6,10.0,90,SSO25Hz_M01,Experiment B: current only,ExtraTrees,ThreePhase,2
135,ieee14,SLG,6,10.0,90,SSO25Hz_M03,Experiment B: current only,ExtraTrees,ThreePhase,2
154,ieee14,LL,6,10.0,0,NoSSO,Experiment B: current only,ExtraTrees,ThreePhase,2
155,ieee14,LL,6,10.0,0,SSO25Hz_M01,Experiment B: current only,ExtraTrees,ThreePhase,2
156,ieee14,LL,6,10.0,0,SSO25Hz_M03,Experiment B: current only,ExtraTrees,ThreePhase,2
157,ieee14,LL,6,10.0,45,NoSSO,Experiment B: current only,ExtraTrees,ThreePhase,2
158,ieee14,LL,6,10.0,45,SSO25Hz_M01,Experiment B: current only,ExtraTrees,ThreePhase,2
159,ieee14,LL,6,10.0,45,SSO25Hz_M03,Experiment B: current only,ExtraTrees,ThreePhase,2
160,ieee14,LL,6,10.0,90,NoSSO,Experiment B: current only,ExtraTrees,ThreePhase,2
161,ieee14,LL,6,10.0,90,SSO25Hz_M01,Experiment B: current only,ExtraTrees,ThreePhase,2
162,ieee14,LL,6,10.0,90,SSO25Hz_M03,Experiment B: current only,ExtraTrees,ThreePhase,2
181,ieee14,LLG,6,10.0,0,NoSSO,Experiment B: current only,ExtraTrees,ThreePhase,2
182,ieee14,LLG,6,10.0,0,SSO25Hz_M01,Experiment B: current only,ExtraTrees,ThreePhase,2
183,ieee14,LLG,6,10.0,0,SSO25Hz_M03,Experiment B: current only,ExtraTrees,ThreePhase,2
184,ieee14,LLG,6,10.0,45,NoSSO,Experiment B: current only,ExtraTrees,ThreePhase,2
185,ieee14,LLG,6,10.0,45,SSO25Hz_M01,Experiment B: current only,ExtraTrees,ThreePhase,2
186,ieee14,LLG,6,10.0,45,SSO25Hz_M03,Experiment B: current only,ExtraTrees,ThreePhase,2
187,ieee14,LLG,6,10.0,90,NoSSO,Experiment B: current only,ExtraTrees,ThreePhase,2
188,ieee14,LLG,6,10.0,90,SSO25Hz_M01,Experiment B: current only,ExtraTrees,ThreePhase,2
189,ieee14,LLG,6,10.0,90,SSO25Hz_M03,Experiment B: current only,ExtraTrees,ThreePhase,2
208,ieee14,ThreePhase,6,10.0,0,NoSSO,Experiment B: current only,ExtraTrees,ThreePhase,2
209,ieee14,ThreePhase,6,10.0,0,SSO25Hz_M01,Experiment B: current only,ExtraTrees,ThreePhase,2
210,ieee14,ThreePhase,6,10.0,0,SSO25Hz_M03,Experiment B: current only,ExtraTrees,ThreePhase,2
211,ieee14,ThreePhase,6,10.0,45,NoSSO,Experiment B: current only,ExtraTrees,ThreePhase,2
212,ieee14,ThreePhase,6,10.0,45,SSO25Hz_M01,Experiment B: current only,ExtraTrees,ThreePhase,2
213,ieee14,ThreePhase,6,10.0,45,SSO25Hz_M03,Experiment B: current only,ExtraTrees,ThreePhase,2
214,ieee14,ThreePhase,6,10.0,90,NoSSO,Experiment B: current only,ExtraTrees,ThreePhase,2
215,ieee14,ThreePhase,6,10.0,90,SSO25Hz_M01,Experiment B: current only,ExtraTrees,ThreePhase,2
216,ieee14,ThreePhase,6,10.0,90,SSO25Hz_M03,Experiment B: current only,ExtraTrees,ThreePhase,2
235,ieee14,SLG,9,10.0,0,NoSSO,Experiment B: current only,ExtraTrees,ThreePhase,2
236,ieee14,SLG,9,10.0,0,SSO25Hz_M01,Experiment B: current only,ExtraTrees,ThreePhase,2
237,ieee14,SLG,9,10.0,0,SSO25Hz_M03,Experiment B: current only,ExtraTrees,ThreePhase,2
238,ieee14,SLG,9,10.0,45,NoSSO,Experiment B: current only,ExtraTrees,ThreePhase,2
239,ieee14,SLG,9,10.0,45,SSO25Hz_M01,Experiment B: current only,ExtraTrees,ThreePhase,2
240,ieee14,SLG,9,10.0,45,SSO25Hz_M03,Experiment B: current only,ExtraTrees,ThreePhase,2
241,ieee14,SLG,9,10.0,90,NoSSO,Experiment B: current only,ExtraTrees,ThreePhase,2
242,ieee14,SLG,9,10.0,90,SSO25Hz_M01,Experiment B: current only,ExtraTrees,ThreePhase,2
243,ieee14,SLG,9,10.0,90,SSO25Hz_M03,Experiment B: current only,ExtraTrees,ThreePhase,2
262,ieee14,LL,9,10.0,0,NoSSO,Experiment B: current only,ExtraTrees,ThreePhase,2
263,ieee14,LL,9,10.0,0,SSO25Hz_M01,Experiment B: current only,ExtraTrees,ThreePhase,2
264,ieee14,LL,9,10.0,0,SSO25Hz_M03,Experiment B: current only,ExtraTrees,ThreePhase,2
265,ieee14,LL,9,10.0,45,NoSSO,Experiment B: current only,ExtraTrees,ThreePhase,2
266,ieee14,LL,9,10.0,45,SSO25Hz_M01,Experiment B: current only,ExtraTrees,ThreePhase,2
267,ieee14,LL,9,10.0,45,SSO25Hz_M03,Experiment B: current only,ExtraTrees,ThreePhase,2
268,ieee14,LL,9,10.0,90,NoSSO,Experiment B: current only,ExtraTrees,ThreePhase,2
269,ieee14,LL,9,10.0,90,SSO25Hz_M01,Experiment B: current only,ExtraTrees,ThreePhase,2
270,ieee14,LL,9,10.0,90,SSO25Hz_M03,Experiment B: current only,ExtraTrees,ThreePhase,2
289,ieee14,LLG,9,10.0,0,NoSSO,Experiment B: current only,ExtraTrees,ThreePhase,2
290,ieee14,LLG,9,10.0,0,SSO25Hz_M01,Experiment B: current only,ExtraTrees,ThreePhase,2
291,ieee14,LLG,9,10.0,0,SSO25Hz_M03,Experiment B: current only,ExtraTrees,ThreePhase,2
292,ieee14,LLG,9,10.0,45,NoSSO,Experiment B: current only,ExtraTrees,ThreePhase,2
293,ieee14,LLG,9,10.0,45,SSO25Hz_M01,Experiment B: current only,ExtraTrees,ThreePhase,2
294,ieee14,LLG,9,10.0,45,SSO25Hz_M03,Experiment B: current only,ExtraTrees,ThreePhase,2
295,ieee14,LLG,9,10.0,90,NoSSO,Experiment B: current only,ExtraTrees,ThreePhase,2
296,ieee14,LLG,9,10.0,90,SSO25Hz_M01,Experiment B: current only,ExtraTrees,ThreePhase,2
297,ieee14,LLG,9,10.0,90,SSO25Hz_M03,Experiment B: current only,ExtraTrees,ThreePhase,2
316,ieee14,ThreePhase,9,10.0,0,NoSSO,Experiment B: current only,ExtraTrees,ThreePhase,2
317,ieee14,ThreePhase,9,10.0,0,SSO25Hz_M01,Experiment B: current only,ExtraTrees,ThreePhase,2
318,ieee14,ThreePhase,9,10.0,0,SSO25Hz_M03,Experiment B: current only,ExtraTrees,ThreePhase,2
319,ieee14,ThreePhase,9,10.0,45,NoSSO,Experiment B: current only,ExtraTrees,ThreePhase,2
320,ieee14,ThreePhase,9,10.0,45,SSO25Hz_M01,Experiment B: current only,ExtraTrees,ThreePhase,2
321,ieee14,ThreePhase,9,10.0,45,SSO25Hz_M03,Experiment B: current only,ExtraTrees,ThreePhase,2
322,ieee14,ThreePhase,9,10.0,90,NoSSO,Experiment B: current only,ExtraTrees,ThreePhase,2
323,ieee14,ThreePhase,9,10.0,90,SSO25Hz_M01,Experiment B: current only,ExtraTrees,ThreePhase,2
324,ieee14,ThreePhase,9,10.0,90,SSO25Hz_M03,Experiment B: current only,ExtraTrees,ThreePhase,2
343,ieee14,SLG,11,10.0,0,NoSSO,Experiment B: current only,ExtraTrees,ThreePhase,2
344,ieee14,SLG,11,10.0,0,SSO25Hz_M01,Experiment B: current only,ExtraTrees,ThreePhase,2
345,ieee14,SLG,11,10.0,0,SSO25Hz_M03,Experiment B: current only,ExtraTrees,ThreePhase,2
346,ieee14,SLG,11,10.0,45,NoSSO,Experiment B: current only,ExtraTrees,ThreePhase,2
347,ieee14,SLG,11,10.0,45,SSO25Hz_M01,Experiment B: current only,ExtraTrees,ThreePhase,2
348,ieee14,SLG,11,10.0,45,SSO25Hz_M03,Experiment B: current only,ExtraTrees,ThreePhase,2
349,ieee14,SLG,11,10.0,90,NoSSO,Experiment B: current only,ExtraTrees,ThreePhase,2
350,ieee14,SLG,11,10.0,90,SSO25Hz_M01,Experiment B: current only,ExtraTrees,ThreePhase,2
351,ieee14,SLG,11,10.0,90,SSO25Hz_M03,Experiment B: current only,ExtraTrees,ThreePhase,2
370,ieee14,LL,11,10.0,0,NoSSO,Experiment B: current only,ExtraTrees,ThreePhase,2
371,ieee14,LL,11,10.0,0,SSO25Hz_M01,Experiment B: current only,ExtraTrees,ThreePhase,2
372,ieee14,LL,11,10.0,0,SSO25Hz_M03,Experiment B: current only,ExtraTrees,ThreePhase,2
373,ieee14,LL,11,10.0,45,NoSSO,Experiment B: current only,ExtraTrees,ThreePhase,2
374,ieee14,LL,11,10.0,45,SSO25Hz_M01,Experiment B: current only,ExtraTrees,ThreePhase,2
375,ieee14,LL,11,10.0,45,SSO25Hz_M03,Experiment B: current only,ExtraTrees,ThreePhase,2
376,ieee14,LL,11,10.0,90,NoSSO,Experiment B: current only,ExtraTrees,ThreePhase,2
377,ieee14,LL,11,10.0,90,SSO25Hz_M01,Experiment B: current only,ExtraTrees,ThreePhase,2
378,ieee14,LL,11,10.0,90,SSO25Hz_M03,Experiment B: current only,ExtraTrees,ThreePhase,2
397,ieee14,LLG,11,10.0,0,NoSSO,Experiment B: current only,ExtraTrees,ThreePhase,2
398,ieee14,LLG,11,10.0,0,SSO25Hz_M01,Experiment B: current only,ExtraTrees,ThreePhase,2
399,ieee14,LLG,11,10.0,0,SSO25Hz_M03,Experiment B: current only,ExtraTrees,ThreePhase,2
400,ieee14,LLG,11,10.0,45,NoSSO,Experiment B: current only,ExtraTrees,ThreePhase,2
401,ieee14,LLG,11,10.0,45,SSO25Hz_M01,Experiment B: current only,ExtraTrees,ThreePhase,2
402,ieee14,LLG,11,10.0,45,SSO25Hz_M03,Experiment B: current only,ExtraTrees,ThreePhase,2
403,ieee14,LLG,11,10.0,90,NoSSO,Experiment B: current only,ExtraTrees,ThreePhase,2
404,ieee14,LLG,11,10.0,90,SSO25Hz_M01,Experiment B: current only,ExtraTrees,ThreePhase,2
405,ieee14,LLG,11,10.0,90,SSO25Hz_M03,Experiment B: current only,ExtraTrees,ThreePhase,2
424,ieee14,ThreePhase,11,10.0,0,NoSSO,Experiment B: current only,ExtraTrees,ThreePhase,2
425,ieee14,ThreePhase,11,10.0,0,SSO25Hz_M01,Experiment B: current only,ExtraTrees,ThreePhase,2
426,ieee14,ThreePhase,11,10.0,0,SSO25Hz_M03,Experiment B: current only,ExtraTrees,ThreePhase,2
427,ieee14,ThreePhase,11,10.0,45,NoSSO,Experiment B: current only,ExtraTrees,ThreePhase,2
428,ieee14,ThreePhase,11,10.0,45,SSO25Hz_M01,Experiment B: current only,ExtraTrees,ThreePhase,2
429,ieee14,ThreePhase,11,10.0,45,SSO25Hz_M03,Experiment B: current only,ExtraTrees,ThreePhase,2
430,ieee14,ThreePhase,11,10.0,90,NoSSO,Experiment B: current only,ExtraTrees,ThreePhase,2
431,ieee14,ThreePhase,11,10.0,90,SSO25Hz_M01,Experiment B: current only,ExtraTrees,ThreePhase,2
432,ieee14,ThreePhase,11,10.0,90,SSO25Hz_M03,Experiment B: current only,ExtraTrees,ThreePhase,2
451,ieee14,SLG,14,10.0,0,NoSSO,Experiment B: current only,ExtraTrees,ThreePhase,2
452,ieee14,SLG,14,10.0,0,SSO25Hz_M01,Experiment B: current only,ExtraTrees,ThreePhase,2
453,ieee14,SLG,14,10.0,0,SSO25Hz_M03,Experiment B: current only,ExtraTrees,ThreePhase,2
454,ieee14,SLG,14,10.0,45,NoSSO,Experiment B: current only,ExtraTrees,ThreePhase,2
455,ieee14,SLG,14,10.0,45,SSO25Hz_M01,Experiment B: current only,ExtraTrees,ThreePhase,2
456,ieee14,SLG,14,10.0,45,SSO25Hz_M03,Experiment B: current only,ExtraTrees,ThreePhase,2
457,ieee14,SLG,14,10.0,90,NoSSO,Experiment B: current only,ExtraTrees,ThreePhase,2
458,ieee14,SLG,14,10.0,90,SSO25Hz_M01,Experiment B: current only,ExtraTrees,ThreePhase,2
459,ieee14,SLG,14,10.0,90,SSO25Hz_M03,Experiment B: current only,ExtraTrees,ThreePhase,2
478,ieee14,LL,14,10.0,0,NoSSO,Experiment B: current only,ExtraTrees,ThreePhase,2
479,ieee14,LL,14,10.0,0,SSO25Hz_M01,Experiment B: current only,ExtraTrees,ThreePhase,2
480,ieee14,LL,14,10.0,0,SSO25Hz_M03,Experiment B: current only,ExtraTrees,ThreePhase,2
481,ieee14,LL,14,10.0,45,NoSSO,Experiment B: current only,ExtraTrees,ThreePhase,2
482,ieee14,LL,14,10.0,45,SSO25Hz_M01,Experiment B: current only,ExtraTrees,ThreePhase,2
483,ieee14,LL,14,10.0,45,SSO25Hz_M03,Experiment B: current only,ExtraTrees,ThreePhase,2
484,ieee14,LL,14,10.0,90,NoSSO,Experiment B: current only,ExtraTrees,ThreePhase,2
485,ieee14,LL,14,10.0,90,SSO25Hz_M01,Experiment B: current only,ExtraTrees,ThreePhase,2
486,ieee14,LL,14,10.0,90,SSO25Hz_M03,Experiment B: current only,ExtraTrees,ThreePhase,2
505,ieee14,LLG,14,10.0,0,NoSSO,Experiment B: current only,ExtraTrees,ThreePhase,2
506,ieee14,LLG,14,10.0,0,SSO25Hz_M01,Experiment B: current only,ExtraTrees,ThreePhase,2
507,ieee14,LLG,14,10.0,0,SSO25Hz_M03,Experiment B: current only,ExtraTrees,ThreePhase,2
508,ieee14,LLG,14,10.0,45,NoSSO,Experiment B: current only,ExtraTrees,ThreePhase,2
509,ieee14,LLG,14,10.0,45,SSO25Hz_M01,Experiment B: current only,ExtraTrees,ThreePhase,2
510,ieee14,LLG,14,10.0,45,SSO25Hz_M03,Experiment B: current only,ExtraTrees,ThreePhase,2
511,ieee14,LLG,14,10.0,90,NoSSO,Experiment B: current only,ExtraTrees,ThreePhase,2
512,ieee14,LLG,14,10.0,90,SSO25Hz_M01,Experiment B: current only,ExtraTrees,ThreePhase,2
513,ieee14,LLG,14,10.0,90,SSO25Hz_M03,Experiment B: current only,ExtraTrees,ThreePhase,2
532,ieee14,ThreePhase,14,10.0,0,NoSSO,Experiment B: current only,ExtraTrees,ThreePhase,2
533,ieee14,ThreePhase,14,10.0,0,SSO25Hz_M01,Experiment B: current only,ExtraTrees,ThreePhase,2
534,ieee14,ThreePhase,14,10.0,0,SSO25Hz_M03,Experiment B: current only,ExtraTrees,ThreePhase,2
535,ieee14,ThreePhase,14,10.0,45,NoSSO,Experiment B: current only,ExtraTrees,ThreePhase,2
536,ieee14,ThreePhase,14,10.0,45,SSO25Hz_M01,Experiment B: current only,ExtraTrees,ThreePhase,2
537,ieee14,ThreePhase,14,10.0,45,SSO25Hz_M03,Experiment B: current only,ExtraTrees,ThreePhase,2
538,ieee14,ThreePhase,14,10.0,90,NoSSO,Experiment B: current only,ExtraTrees,ThreePhase,2
539,ieee14,ThreePhase,14,10.0,90,SSO25Hz_M01,Experiment B: current only,ExtraTrees,ThreePhase,2
540,ieee14,ThreePhase,14,10.0,90,SSO25Hz_M03,Experiment B: current only,ExtraTrees,ThreePhase,2
19,ieee14,SLG,2,10.0,0,NoSSO,Experiment C: existing V+C,RandomForest,ThreePhase,2
20,ieee14,SLG,2,10.0,0,SSO25Hz_M01,Experiment C: existing V+C,RandomForest,ThreePhase,2
21,ieee14,SLG,2,10.0,0,SSO25Hz_M03,Experiment C: existing V+C,RandomForest,ThreePhase,2
22,ieee14,SLG,2,10.0,45,NoSSO,Experiment C: existing V+C,RandomForest,ThreePhase,2
23,ieee14,SLG,2,10.0,45,SSO25Hz_M01,Experiment C: existing V+C,RandomForest,ThreePhase,2
24,ieee14,SLG,2,10.0,45,SSO25Hz_M03,Experiment C: existing V+C,RandomForest,ThreePhase,2
25,ieee14,SLG,2,10.0,90,NoSSO,Experiment C: existing V+C,RandomForest,ThreePhase,2
26,ieee14,SLG,2,10.0,90,SSO25Hz_M01,Experiment C: existing V+C,RandomForest,ThreePhase,2
27,ieee14,SLG,2,10.0,90,SSO25Hz_M03,Experiment C: existing V+C,RandomForest,ThreePhase,2
46,ieee14,LL,2,10.0,0,NoSSO,Experiment C: existing V+C,RandomForest,ThreePhase,2
47,ieee14,LL,2,10.0,0,SSO25Hz_M01,Experiment C: existing V+C,RandomForest,ThreePhase,2
48,ieee14,LL,2,10.0,0,SSO25Hz_M03,Experiment C: existing V+C,RandomForest,ThreePhase,2
49,ieee14,LL,2,10.0,45,NoSSO,Experiment C: existing V+C,RandomForest,ThreePhase,2
50,ieee14,LL,2,10.0,45,SSO25Hz_M01,Experiment C: existing V+C,RandomForest,ThreePhase,2
51,ieee14,LL,2,10.0,45,SSO25Hz_M03,Experiment C: existing V+C,RandomForest,ThreePhase,2
52,ieee14,LL,2,10.0,90,NoSSO,Experiment C: existing V+C,RandomForest,ThreePhase,2
53,ieee14,LL,2,10.0,90,SSO25Hz_M01,Experiment C: existing V+C,RandomForest,ThreePhase,2
54,ieee14,LL,2,10.0,90,SSO25Hz_M03,Experiment C: existing V+C,RandomForest,ThreePhase,2
73,ieee14,LLG,2,10.0,0,NoSSO,Experiment C: existing V+C,RandomForest,ThreePhase,2
74,ieee14,LLG,2,10.0,0,SSO25Hz_M01,Experiment C: existing V+C,RandomForest,ThreePhase,2
75,ieee14,LLG,2,10.0,0,SSO25Hz_M03,Experiment C: existing V+C,RandomForest,ThreePhase,2
76,ieee14,LLG,2,10.0,45,NoSSO,Experiment C: existing V+C,RandomForest,ThreePhase,2
77,ieee14,LLG,2,10.0,45,SSO25Hz_M01,Experiment C: existing V+C,RandomForest,ThreePhase,2
78,ieee14,LLG,2,10.0,45,SSO25Hz_M03,Experiment C: existing V+C,RandomForest,ThreePhase,2
79,ieee14,LLG,2,10.0,90,NoSSO,Experiment C: existing V+C,RandomForest,ThreePhase,2
80,ieee14,LLG,2,10.0,90,SSO25Hz_M01,Experiment C: existing V+C,RandomForest,ThreePhase,2
81,ieee14,LLG,2,10.0,90,SSO25Hz_M03,Experiment C: existing V+C,RandomForest,ThreePhase,2
100,ieee14,ThreePhase,2,10.0,0,NoSSO,Experiment C: existing V+C,RandomForest,ThreePhase,2
101,ieee14,ThreePhase,2,10.0,0,SSO25Hz_M01,Experiment C: existing V+C,RandomForest,ThreePhase,2
102,ieee14,ThreePhase,2,10.0,0,SSO25Hz_M03,Experiment C: existing V+C,RandomForest,ThreePhase,2
103,ieee14,ThreePhase,2,10.0,45,NoSSO,Experiment C: existing V+C,RandomForest,ThreePhase,2
104,ieee14,ThreePhase,2,10.0,45,SSO25Hz_M01,Experiment C: existing V+C,RandomForest,ThreePhase,2
105,ieee14,ThreePhase,2,10.0,45,SSO25Hz_M03,Experiment C: existing V+C,RandomForest,ThreePhase,2
106,ieee14,ThreePhase,2,10.0,90,NoSSO,Experiment C: existing V+C,RandomForest,ThreePhase,2
107,ieee14,ThreePhase,2,10.0,90,SSO25Hz_M01,Experiment C: existing V+C,RandomForest,ThreePhase,2
108,ieee14,ThreePhase,2,10.0,90,SSO25Hz_M03,Experiment C: existing V+C,RandomForest,ThreePhase,2
127,ieee14,SLG,6,10.0,0,NoSSO,Experiment C: existing V+C,RandomForest,ThreePhase,2
128,ieee14,SLG,6,10.0,0,SSO25Hz_M01,Experiment C: existing V+C,RandomForest,ThreePhase,2
129,ieee14,SLG,6,10.0,0,SSO25Hz_M03,Experiment C: existing V+C,RandomForest,ThreePhase,2
130,ieee14,SLG,6,10.0,45,NoSSO,Experiment C: existing V+C,RandomForest,ThreePhase,2
131,ieee14,SLG,6,10.0,45,SSO25Hz_M01,Experiment C: existing V+C,RandomForest,ThreePhase,2
132,ieee14,SLG,6,10.0,45,SSO25Hz_M03,Experiment C: existing V+C,RandomForest,ThreePhase,2
133,ieee14,SLG,6,10.0,90,NoSSO,Experiment C: existing V+C,RandomForest,ThreePhase,2
134,ieee14,SLG,6,10.0,90,SSO25Hz_M01,Experiment C: existing V+C,RandomForest,ThreePhase,2
135,ieee14,SLG,6,10.0,90,SSO25Hz_M03,Experiment C: existing V+C,RandomForest,ThreePhase,2
154,ieee14,LL,6,10.0,0,NoSSO,Experiment C: existing V+C,RandomForest,ThreePhase,2
155,ieee14,LL,6,10.0,0,SSO25Hz_M01,Experiment C: existing V+C,RandomForest,ThreePhase,2
156,ieee14,LL,6,10.0,0,SSO25Hz_M03,Experiment C: existing V+C,RandomForest,ThreePhase,2
157,ieee14,LL,6,10.0,45,NoSSO,Experiment C: existing V+C,RandomForest,ThreePhase,2
158,ieee14,LL,6,10.0,45,SSO25Hz_M01,Experiment C: existing V+C,RandomForest,ThreePhase,2
159,ieee14,LL,6,10.0,45,SSO25Hz_M03,Experiment C: existing V+C,RandomForest,ThreePhase,2
160,ieee14,LL,6,10.0,90,NoSSO,Experiment C: existing V+C,RandomForest,ThreePhase,2
161,ieee14,LL,6,10.0,90,SSO25Hz_M01,Experiment C: existing V+C,RandomForest,ThreePhase,2
162,ieee14,LL,6,10.0,90,SSO25Hz_M03,Experiment C: existing V+C,RandomForest,ThreePhase,2
181,ieee14,LLG,6,10.0,0,NoSSO,Experiment C: existing V+C,RandomForest,ThreePhase,2
182,ieee14,LLG,6,10.0,0,SSO25Hz_M01,Experiment C: existing V+C,RandomForest,ThreePhase,2
183,ieee14,LLG,6,10.0,0,SSO25Hz_M03,Experiment C: existing V+C,RandomForest,ThreePhase,2
184,ieee14,LLG,6,10.0,45,NoSSO,Experiment C: existing V+C,RandomForest,ThreePhase,2
185,ieee14,LLG,6,10.0,45,SSO25Hz_M01,Experiment C: existing V+C,RandomForest,ThreePhase,2
186,ieee14,LLG,6,10.0,45,SSO25Hz_M03,Experiment C: existing V+C,RandomForest,ThreePhase,2
187,ieee14,LLG,6,10.0,90,NoSSO,Experiment C: existing V+C,RandomForest,ThreePhase,2
188,ieee14,LLG,6,10.0,90,SSO25Hz_M01,Experiment C: existing V+C,RandomForest,ThreePhase,2
189,ieee14,LLG,6,10.0,90,SSO25Hz_M03,Experiment C: existing V+C,RandomForest,ThreePhase,2
208,ieee14,ThreePhase,6,10.0,0,NoSSO,Experiment C: existing V+C,RandomForest,ThreePhase,2
209,ieee14,ThreePhase,6,10.0,0,SSO25Hz_M01,Experiment C: existing V+C,RandomForest,ThreePhase,2
210,ieee14,ThreePhase,6,10.0,0,SSO25Hz_M03,Experiment C: existing V+C,RandomForest,ThreePhase,2
211,ieee14,ThreePhase,6,10.0,45,NoSSO,Experiment C: existing V+C,RandomForest,ThreePhase,2
212,ieee14,ThreePhase,6,10.0,45,SSO25Hz_M01,Experiment C: existing V+C,RandomForest,ThreePhase,2
213,ieee14,ThreePhase,6,10.0,45,SSO25Hz_M03,Experiment C: existing V+C,RandomForest,ThreePhase,2
214,ieee14,ThreePhase,6,10.0,90,NoSSO,Experiment C: existing V+C,RandomForest,ThreePhase,2
215,ieee14,ThreePhase,6,10.0,90,SSO25Hz_M01,Experiment C: existing V+C,RandomForest,ThreePhase,2
216,ieee14,ThreePhase,6,10.0,90,SSO25Hz_M03,Experiment C: existing V+C,RandomForest,ThreePhase,2
235,ieee14,SLG,9,10.0,0,NoSSO,Experiment C: existing V+C,RandomForest,ThreePhase,2
236,ieee14,SLG,9,10.0,0,SSO25Hz_M01,Experiment C: existing V+C,RandomForest,ThreePhase,2
237,ieee14,SLG,9,10.0,0,SSO25Hz_M03,Experiment C: existing V+C,RandomForest,ThreePhase,2
238,ieee14,SLG,9,10.0,45,NoSSO,Experiment C: existing V+C,RandomForest,ThreePhase,2
239,ieee14,SLG,9,10.0,45,SSO25Hz_M01,Experiment C: existing V+C,RandomForest,ThreePhase,2
240,ieee14,SLG,9,10.0,45,SSO25Hz_M03,Experiment C: existing V+C,RandomForest,ThreePhase,2
241,ieee14,SLG,9,10.0,90,NoSSO,Experiment C: existing V+C,RandomForest,ThreePhase,2
242,ieee14,SLG,9,10.0,90,SSO25Hz_M01,Experiment C: existing V+C,RandomForest,ThreePhase,2
243,ieee14,SLG,9,10.0,90,SSO25Hz_M03,Experiment C: existing V+C,RandomForest,ThreePhase,2
262,ieee14,LL,9,10.0,0,NoSSO,Experiment C: existing V+C,RandomForest,ThreePhase,2
263,ieee14,LL,9,10.0,0,SSO25Hz_M01,Experiment C: existing V+C,RandomForest,ThreePhase,2
264,ieee14,LL,9,10.0,0,SSO25Hz_M03,Experiment C: existing V+C,RandomForest,ThreePhase,6
265,ieee14,LL,9,10.0,45,NoSSO,Experiment C: existing V+C,RandomForest,ThreePhase,2
266,ieee14,LL,9,10.0,45,SSO25Hz_M01,Experiment C: existing V+C,RandomForest,ThreePhase,2
267,ieee14,LL,9,10.0,45,SSO25Hz_M03,Experiment C: existing V+C,RandomForest,ThreePhase,2
268,ieee14,LL,9,10.0,90,NoSSO,Experiment C: existing V+C,RandomForest,ThreePhase,2
269,ieee14,LL,9,10.0,90,SSO25Hz_M01,Experiment C: existing V+C,RandomForest,ThreePhase,2
270,ieee14,LL,9,10.0,90,SSO25Hz_M03,Experiment C: existing V+C,RandomForest,ThreePhase,2
289,ieee14,LLG,9,10.0,0,NoSSO,Experiment C: existing V+C,RandomForest,ThreePhase,2
290,ieee14,LLG,9,10.0,0,SSO25Hz_M01,Experiment C: existing V+C,RandomForest,ThreePhase,2
291,ieee14,LLG,9,10.0,0,SSO25Hz_M03,Experiment C: existing V+C,RandomForest,ThreePhase,2
292,ieee14,LLG,9,10.0,45,NoSSO,Experiment C: existing V+C,RandomForest,ThreePhase,2
293,ieee14,LLG,9,10.0,45,SSO25Hz_M01,Experiment C: existing V+C,RandomForest,ThreePhase,2
294,ieee14,LLG,9,10.0,45,SSO25Hz_M03,Experiment C: existing V+C,RandomForest,ThreePhase,6
295,ieee14,LLG,9,10.0,90,NoSSO,Experiment C: existing V+C,RandomForest,ThreePhase,2
296,ieee14,LLG,9,10.0,90,SSO25Hz_M01,Experiment C: existing V+C,RandomForest,ThreePhase,6
297,ieee14,LLG,9,10.0,90,SSO25Hz_M03,Experiment C: existing V+C,RandomForest,ThreePhase,2
316,ieee14,ThreePhase,9,10.0,0,NoSSO,Experiment C: existing V+C,RandomForest,ThreePhase,2
317,ieee14,ThreePhase,9,10.0,0,SSO25Hz_M01,Experiment C: existing V+C,RandomForest,ThreePhase,2
318,ieee14,ThreePhase,9,10.0,0,SSO25Hz_M03,Experiment C: existing V+C,RandomForest,ThreePhase,2
319,ieee14,ThreePhase,9,10.0,45,NoSSO,Experiment C: existing V+C,RandomForest,ThreePhase,2
320,ieee14,ThreePhase,9,10.0,45,SSO25Hz_M01,Experiment C: existing V+C,RandomForest,ThreePhase,2
321,ieee14,ThreePhase,9,10.0,45,SSO25Hz_M03,Experiment C: existing V+C,RandomForest,ThreePhase,2
322,ieee14,ThreePhase,9,10.0,90,NoSSO,Experiment C: existing V+C,RandomForest,ThreePhase,2
323,ieee14,ThreePhase,9,10.0,90,SSO25Hz_M01,Experiment C: existing V+C,RandomForest,ThreePhase,2
324,ieee14,ThreePhase,9,10.0,90,SSO25Hz_M03,Experiment C: existing V+C,RandomForest,ThreePhase,2
343,ieee14,SLG,11,10.0,0,NoSSO,Experiment C: existing V+C,RandomForest,ThreePhase,2
344,ieee14,SLG,11,10.0,0,SSO25Hz_M01,Experiment C: existing V+C,RandomForest,ThreePhase,2
345,ieee14,SLG,11,10.0,0,SSO25Hz_M03,Experiment C: existing V+C,RandomForest,ThreePhase,2
346,ieee14,SLG,11,10.0,45,NoSSO,Experiment C: existing V+C,RandomForest,ThreePhase,2
347,ieee14,SLG,11,10.0,45,SSO25Hz_M01,Experiment C: existing V+C,RandomForest,ThreePhase,2
348,ieee14,SLG,11,10.0,45,SSO25Hz_M03,Experiment C: existing V+C,RandomForest,ThreePhase,2
349,ieee14,SLG,11,10.0,90,NoSSO,Experiment C: existing V+C,RandomForest,ThreePhase,2
350,ieee14,SLG,11,10.0,90,SSO25Hz_M01,Experiment C: existing V+C,RandomForest,ThreePhase,2
351,ieee14,SLG,11,10.0,90,SSO25Hz_M03,Experiment C: existing V+C,RandomForest,ThreePhase,2
370,ieee14,LL,11,10.0,0,NoSSO,Experiment C: existing V+C,RandomForest,ThreePhase,2
371,ieee14,LL,11,10.0,0,SSO25Hz_M01,Experiment C: existing V+C,RandomForest,ThreePhase,2
372,ieee14,LL,11,10.0,0,SSO25Hz_M03,Experiment C: existing V+C,RandomForest,ThreePhase,2
373,ieee14,LL,11,10.0,45,NoSSO,Experiment C: existing V+C,RandomForest,ThreePhase,2
374,ieee14,LL,11,10.0,45,SSO25Hz_M01,Experiment C: existing V+C,RandomForest,ThreePhase,2
375,ieee14,LL,11,10.0,45,SSO25Hz_M03,Experiment C: existing V+C,RandomForest,ThreePhase,2
376,ieee14,LL,11,10.0,90,NoSSO,Experiment C: existing V+C,RandomForest,ThreePhase,2
377,ieee14,LL,11,10.0,90,SSO25Hz_M01,Experiment C: existing V+C,RandomForest,ThreePhase,2
378,ieee14,LL,11,10.0,90,SSO25Hz_M03,Experiment C: existing V+C,RandomForest,ThreePhase,2
397,ieee14,LLG,11,10.0,0,NoSSO,Experiment C: existing V+C,RandomForest,ThreePhase,2
398,ieee14,LLG,11,10.0,0,SSO25Hz_M01,Experiment C: existing V+C,RandomForest,ThreePhase,2
399,ieee14,LLG,11,10.0,0,SSO25Hz_M03,Experiment C: existing V+C,RandomForest,ThreePhase,2
400,ieee14,LLG,11,10.0,45,NoSSO,Experiment C: existing V+C,RandomForest,ThreePhase,2
401,ieee14,LLG,11,10.0,45,SSO25Hz_M01,Experiment C: existing V+C,RandomForest,ThreePhase,2
402,ieee14,LLG,11,10.0,45,SSO25Hz_M03,Experiment C: existing V+C,RandomForest,ThreePhase,2
403,ieee14,LLG,11,10.0,90,NoSSO,Experiment C: existing V+C,RandomForest,ThreePhase,2
404,ieee14,LLG,11,10.0,90,SSO25Hz_M01,Experiment C: existing V+C,RandomForest,ThreePhase,2
405,ieee14,LLG,11,10.0,90,SSO25Hz_M03,Experiment C: existing V+C,RandomForest,ThreePhase,2
424,ieee14,ThreePhase,11,10.0,0,NoSSO,Experiment C: existing V+C,RandomForest,ThreePhase,2
425,ieee14,ThreePhase,11,10.0,0,SSO25Hz_M01,Experiment C: existing V+C,RandomForest,ThreePhase,2
426,ieee14,ThreePhase,11,10.0,0,SSO25Hz_M03,Experiment C: existing V+C,RandomForest,ThreePhase,2
427,ieee14,ThreePhase,11,10.0,45,NoSSO,Experiment C: existing V+C,RandomForest,ThreePhase,2
428,ieee14,ThreePhase,11,10.0,45,SSO25Hz_M01,Experiment C: existing V+C,RandomForest,ThreePhase,2
429,ieee14,ThreePhase,11,10.0,45,SSO25Hz_M03,Experiment C: existing V+C,RandomForest,ThreePhase,2
430,ieee14,ThreePhase,11,10.0,90,NoSSO,Experiment C: existing V+C,RandomForest,ThreePhase,2
431,ieee14,ThreePhase,11,10.0,90,SSO25Hz_M01,Experiment C: existing V+C,RandomForest,ThreePhase,2
432,ieee14,ThreePhase,11,10.0,90,SSO25Hz_M03,Experiment C: existing V+C,RandomForest,ThreePhase,2
451,ieee14,SLG,14,10.0,0,NoSSO,Experiment C: existing V+C,RandomForest,ThreePhase,2
452,ieee14,SLG,14,10.0,0,SSO25Hz_M01,Experiment C: existing V+C,RandomForest,ThreePhase,2
453,ieee14,SLG,14,10.0,0,SSO25Hz_M03,Experiment C: existing V+C,RandomForest,ThreePhase,2
454,ieee14,SLG,14,10.0,45,NoSSO,Experiment C: existing V+C,RandomForest,ThreePhase,2
455,ieee14,SLG,14,10.0,45,SSO25Hz_M01,Experiment C: existing V+C,RandomForest,ThreePhase,2
456,ieee14,SLG,14,10.0,45,SSO25Hz_M03,Experiment C: existing V+C,RandomForest,ThreePhase,2
457,ieee14,SLG,14,10.0,90,NoSSO,Experiment C: existing V+C,RandomForest,ThreePhase,2
458,ieee14,SLG,14,10.0,90,SSO25Hz_M01,Experiment C: existing V+C,RandomForest,ThreePhase,2
459,ieee14,SLG,14,10.0,90,SSO25Hz_M03,Experiment C: existing V+C,RandomForest,ThreePhase,2
478,ieee14,LL,14,10.0,0,NoSSO,Experiment C: existing V+C,RandomForest,ThreePhase,2
479,ieee14,LL,14,10.0,0,SSO25Hz_M01,Experiment C: existing V+C,RandomForest,ThreePhase,2
480,ieee14,LL,14,10.0,0,SSO25Hz_M03,Experiment C: existing V+C,RandomForest,ThreePhase,2
481,ieee14,LL,14,10.0,45,NoSSO,Experiment C: existing V+C,RandomForest,ThreePhase,2
482,ieee14,LL,14,10.0,45,SSO25Hz_M01,Experiment C: existing V+C,RandomForest,ThreePhase,2
483,ieee14,LL,14,10.0,45,SSO25Hz_M03,Experiment C: existing V+C,RandomForest,ThreePhase,2
484,ieee14,LL,14,10.0,90,NoSSO,Experiment C: existing V+C,RandomForest,ThreePhase,2
485,ieee14,LL,14,10.0,90,SSO25Hz_M01,Experiment C: existing V+C,RandomForest,ThreePhase,2
486,ieee14,LL,14,10.0,90,SSO25Hz_M03,Experiment C: existing V+C,RandomForest,ThreePhase,2
505,ieee14,LLG,14,10.0,0,NoSSO,Experiment C: existing V+C,RandomForest,ThreePhase,2
506,ieee14,LLG,14,10.0,0,SSO25Hz_M01,Experiment C: existing V+C,RandomForest,ThreePhase,2
507,ieee14,LLG,14,10.0,0,SSO25Hz_M03,Experiment C: existing V+C,RandomForest,ThreePhase,2
508,ieee14,LLG,14,10.0,45,NoSSO,Experiment C: existing V+C,RandomForest,ThreePhase,2
509,ieee14,LLG,14,10.0,45,SSO25Hz_M01,Experiment C: existing V+C,RandomForest,ThreePhase,2
510,ieee14,LLG,14,10.0,45,SSO25Hz_M03,Experiment C: existing V+C,RandomForest,ThreePhase,2
511,ieee14,LLG,14,10.0,90,NoSSO,Experiment C: existing V+C,RandomForest,ThreePhase,2
512,ieee14,LLG,14,10.0,90,SSO25Hz_M01,Experiment C: existing V+C,RandomForest,ThreePhase,2
513,ieee14,LLG,14,10.0,90,SSO25Hz_M03,Experiment C: existing V+C,RandomForest,ThreePhase,2
532,ieee14,ThreePhase,14,10.0,0,NoSSO,Experiment C: existing V+C,RandomForest,ThreePhase,2
533,ieee14,ThreePhase,14,10.0,0,SSO25Hz_M01,Experiment C: existing V+C,RandomForest,ThreePhase,2
534,ieee14,ThreePhase,14,10.0,0,SSO25Hz_M03,Experiment C: existing V+C,RandomForest,ThreePhase,2
535,ieee14,ThreePhase,14,10.0,45,NoSSO,Experiment C: existing V+C,RandomForest,ThreePhase,2
536,ieee14,ThreePhase,14,10.0,45,SSO25Hz_M01,Experiment C: existing V+C,RandomForest,ThreePhase,2
537,ieee14,ThreePhase,14,10.0,45,SSO25Hz_M03,Experiment C: existing V+C,RandomForest,ThreePhase,2
538,ieee14,ThreePhase,14,10.0,90,NoSSO,Experiment C: existing V+C,RandomForest,ThreePhase,2
539,ieee14,ThreePhase,14,10.0,90,SSO25Hz_M01,Experiment C: existing V+C,RandomForest,ThreePhase,2
540,ieee14,ThreePhase,14,10.0,90,SSO25Hz_M03,Experiment C: existing V+C,RandomForest,ThreePhase,2
19,ieee14,SLG,2,10.0,0,NoSSO,Experiment C: existing V+C,ExtraTrees,SLG,2
20,ieee14,SLG,2,10.0,0,SSO25Hz_M01,Experiment C: existing V+C,ExtraTrees,SLG,2
21,ieee14,SLG,2,10.0,0,SSO25Hz_M03,Experiment C: existing V+C,ExtraTrees,SLG,2
22,ieee14,SLG,2,10.0,45,NoSSO,Experiment C: existing V+C,ExtraTrees,SLG,2
23,ieee14,SLG,2,10.0,45,SSO25Hz_M01,Experiment C: existing V+C,ExtraTrees,SLG,2
24,ieee14,SLG,2,10.0,45,SSO25Hz_M03,Experiment C: existing V+C,ExtraTrees,SLG,2
25,ieee14,SLG,2,10.0,90,NoSSO,Experiment C: existing V+C,ExtraTrees,SLG,2
26,ieee14,SLG,2,10.0,90,SSO25Hz_M01,Experiment C: existing V+C,ExtraTrees,SLG,2
27,ieee14,SLG,2,10.0,90,SSO25Hz_M03,Experiment C: existing V+C,ExtraTrees,ThreePhase,2
46,ieee14,LL,2,10.0,0,NoSSO,Experiment C: existing V+C,ExtraTrees,LL,2
47,ieee14,LL,2,10.0,0,SSO25Hz_M01,Experiment C: existing V+C,ExtraTrees,LL,2
48,ieee14,LL,2,10.0,0,SSO25Hz_M03,Experiment C: existing V+C,ExtraTrees,LL,2
49,ieee14,LL,2,10.0,45,NoSSO,Experiment C: existing V+C,ExtraTrees,LL,2
50,ieee14,LL,2,10.0,45,SSO25Hz_M01,Experiment C: existing V+C,ExtraTrees,LL,2
51,ieee14,LL,2,10.0,45,SSO25Hz_M03,Experiment C: existing V+C,ExtraTrees,LL,2
52,ieee14,LL,2,10.0,90,NoSSO,Experiment C: existing V+C,ExtraTrees,LL,2
53,ieee14,LL,2,10.0,90,SSO25Hz_M01,Experiment C: existing V+C,ExtraTrees,LL,2
54,ieee14,LL,2,10.0,90,SSO25Hz_M03,Experiment C: existing V+C,ExtraTrees,ThreePhase,2
73,ieee14,LLG,2,10.0,0,NoSSO,Experiment C: existing V+C,ExtraTrees,ThreePhase,2
74,ieee14,LLG,2,10.0,0,SSO25Hz_M01,Experiment C: existing V+C,ExtraTrees,ThreePhase,2
75,ieee14,LLG,2,10.0,0,SSO25Hz_M03,Experiment C: existing V+C,ExtraTrees,ThreePhase,2
76,ieee14,LLG,2,10.0,45,NoSSO,Experiment C: existing V+C,ExtraTrees,SLG,2
77,ieee14,LLG,2,10.0,45,SSO25Hz_M01,Experiment C: existing V+C,ExtraTrees,SLG,2
78,ieee14,LLG,2,10.0,45,SSO25Hz_M03,Experiment C: existing V+C,ExtraTrees,ThreePhase,2
79,ieee14,LLG,2,10.0,90,NoSSO,Experiment C: existing V+C,ExtraTrees,ThreePhase,2
80,ieee14,LLG,2,10.0,90,SSO25Hz_M01,Experiment C: existing V+C,ExtraTrees,ThreePhase,2
81,ieee14,LLG,2,10.0,90,SSO25Hz_M03,Experiment C: existing V+C,ExtraTrees,ThreePhase,2
100,ieee14,ThreePhase,2,10.0,0,NoSSO,Experiment C: existing V+C,ExtraTrees,ThreePhase,2
101,ieee14,ThreePhase,2,10.0,0,SSO25Hz_M01,Experiment C: existing V+C,ExtraTrees,ThreePhase,2
102,ieee14,ThreePhase,2,10.0,0,SSO25Hz_M03,Experiment C: existing V+C,ExtraTrees,ThreePhase,2
103,ieee14,ThreePhase,2,10.0,45,NoSSO,Experiment C: existing V+C,ExtraTrees,ThreePhase,2
104,ieee14,ThreePhase,2,10.0,45,SSO25Hz_M01,Experiment C: existing V+C,ExtraTrees,ThreePhase,2
105,ieee14,ThreePhase,2,10.0,45,SSO25Hz_M03,Experiment C: existing V+C,ExtraTrees,ThreePhase,2
106,ieee14,ThreePhase,2,10.0,90,NoSSO,Experiment C: existing V+C,ExtraTrees,ThreePhase,2
107,ieee14,ThreePhase,2,10.0,90,SSO25Hz_M01,Experiment C: existing V+C,ExtraTrees,ThreePhase,2
108,ieee14,ThreePhase,2,10.0,90,SSO25Hz_M03,Experiment C: existing V+C,ExtraTrees,ThreePhase,2
127,ieee14,SLG,6,10.0,0,NoSSO,Experiment C: existing V+C,ExtraTrees,SLG,2
128,ieee14,SLG,6,10.0,0,SSO25Hz_M01,Experiment C: existing V+C,ExtraTrees,SLG,2
129,ieee14,SLG,6,10.0,0,SSO25Hz_M03,Experiment C: existing V+C,ExtraTrees,ThreePhase,2
130,ieee14,SLG,6,10.0,45,NoSSO,Experiment C: existing V+C,ExtraTrees,SLG,2
131,ieee14,SLG,6,10.0,45,SSO25Hz_M01,Experiment C: existing V+C,ExtraTrees,SLG,2
132,ieee14,SLG,6,10.0,45,SSO25Hz_M03,Experiment C: existing V+C,ExtraTrees,SLG,2
133,ieee14,SLG,6,10.0,90,NoSSO,Experiment C: existing V+C,ExtraTrees,SLG,2
134,ieee14,SLG,6,10.0,90,SSO25Hz_M01,Experiment C: existing V+C,ExtraTrees,SLG,2
135,ieee14,SLG,6,10.0,90,SSO25Hz_M03,Experiment C: existing V+C,ExtraTrees,SLG,2
154,ieee14,LL,6,10.0,0,NoSSO,Experiment C: existing V+C,ExtraTrees,LL,2
155,ieee14,LL,6,10.0,0,SSO25Hz_M01,Experiment C: existing V+C,ExtraTrees,LL,2
156,ieee14,LL,6,10.0,0,SSO25Hz_M03,Experiment C: existing V+C,ExtraTrees,ThreePhase,2
157,ieee14,LL,6,10.0,45,NoSSO,Experiment C: existing V+C,ExtraTrees,LL,2
158,ieee14,LL,6,10.0,45,SSO25Hz_M01,Experiment C: existing V+C,ExtraTrees,LL,2
159,ieee14,LL,6,10.0,45,SSO25Hz_M03,Experiment C: existing V+C,ExtraTrees,ThreePhase,2
160,ieee14,LL,6,10.0,90,NoSSO,Experiment C: existing V+C,ExtraTrees,LL,2
161,ieee14,LL,6,10.0,90,SSO25Hz_M01,Experiment C: existing V+C,ExtraTrees,LL,2
162,ieee14,LL,6,10.0,90,SSO25Hz_M03,Experiment C: existing V+C,ExtraTrees,ThreePhase,2
181,ieee14,LLG,6,10.0,0,NoSSO,Experiment C: existing V+C,ExtraTrees,ThreePhase,2
182,ieee14,LLG,6,10.0,0,SSO25Hz_M01,Experiment C: existing V+C,ExtraTrees,ThreePhase,2
183,ieee14,LLG,6,10.0,0,SSO25Hz_M03,Experiment C: existing V+C,ExtraTrees,ThreePhase,2
184,ieee14,LLG,6,10.0,45,NoSSO,Experiment C: existing V+C,ExtraTrees,SLG,2
185,ieee14,LLG,6,10.0,45,SSO25Hz_M01,Experiment C: existing V+C,ExtraTrees,SLG,2
186,ieee14,LLG,6,10.0,45,SSO25Hz_M03,Experiment C: existing V+C,ExtraTrees,SLG,2
187,ieee14,LLG,6,10.0,90,NoSSO,Experiment C: existing V+C,ExtraTrees,ThreePhase,2
188,ieee14,LLG,6,10.0,90,SSO25Hz_M01,Experiment C: existing V+C,ExtraTrees,ThreePhase,2
189,ieee14,LLG,6,10.0,90,SSO25Hz_M03,Experiment C: existing V+C,ExtraTrees,ThreePhase,2
208,ieee14,ThreePhase,6,10.0,0,NoSSO,Experiment C: existing V+C,ExtraTrees,ThreePhase,2
209,ieee14,ThreePhase,6,10.0,0,SSO25Hz_M01,Experiment C: existing V+C,ExtraTrees,ThreePhase,2
210,ieee14,ThreePhase,6,10.0,0,SSO25Hz_M03,Experiment C: existing V+C,ExtraTrees,ThreePhase,2
211,ieee14,ThreePhase,6,10.0,45,NoSSO,Experiment C: existing V+C,ExtraTrees,ThreePhase,2
212,ieee14,ThreePhase,6,10.0,45,SSO25Hz_M01,Experiment C: existing V+C,ExtraTrees,ThreePhase,2
213,ieee14,ThreePhase,6,10.0,45,SSO25Hz_M03,Experiment C: existing V+C,ExtraTrees,ThreePhase,2
214,ieee14,ThreePhase,6,10.0,90,NoSSO,Experiment C: existing V+C,ExtraTrees,ThreePhase,2
215,ieee14,ThreePhase,6,10.0,90,SSO25Hz_M01,Experiment C: existing V+C,ExtraTrees,ThreePhase,2
216,ieee14,ThreePhase,6,10.0,90,SSO25Hz_M03,Experiment C: existing V+C,ExtraTrees,ThreePhase,2
235,ieee14,SLG,9,10.0,0,NoSSO,Experiment C: existing V+C,ExtraTrees,SLG,2
236,ieee14,SLG,9,10.0,0,SSO25Hz_M01,Experiment C: existing V+C,ExtraTrees,SLG,2
237,ieee14,SLG,9,10.0,0,SSO25Hz_M03,Experiment C: existing V+C,ExtraTrees,SLG,2
238,ieee14,SLG,9,10.0,45,NoSSO,Experiment C: existing V+C,ExtraTrees,SLG,2
239,ieee14,SLG,9,10.0,45,SSO25Hz_M01,Experiment C: existing V+C,ExtraTrees,SLG,2
240,ieee14,SLG,9,10.0,45,SSO25Hz_M03,Experiment C: existing V+C,ExtraTrees,SLG,2
241,ieee14,SLG,9,10.0,90,NoSSO,Experiment C: existing V+C,ExtraTrees,SLG,2
242,ieee14,SLG,9,10.0,90,SSO25Hz_M01,Experiment C: existing V+C,ExtraTrees,SLG,2
243,ieee14,SLG,9,10.0,90,SSO25Hz_M03,Experiment C: existing V+C,ExtraTrees,SLG,2
262,ieee14,LL,9,10.0,0,NoSSO,Experiment C: existing V+C,ExtraTrees,LL,2
263,ieee14,LL,9,10.0,0,SSO25Hz_M01,Experiment C: existing V+C,ExtraTrees,LL,2
264,ieee14,LL,9,10.0,0,SSO25Hz_M03,Experiment C: existing V+C,ExtraTrees,ThreePhase,2
265,ieee14,LL,9,10.0,45,NoSSO,Experiment C: existing V+C,ExtraTrees,LL,2
266,ieee14,LL,9,10.0,45,SSO25Hz_M01,Experiment C: existing V+C,ExtraTrees,LL,2
267,ieee14,LL,9,10.0,45,SSO25Hz_M03,Experiment C: existing V+C,ExtraTrees,ThreePhase,2
268,ieee14,LL,9,10.0,90,NoSSO,Experiment C: existing V+C,ExtraTrees,LL,2
269,ieee14,LL,9,10.0,90,SSO25Hz_M01,Experiment C: existing V+C,ExtraTrees,ThreePhase,2
270,ieee14,LL,9,10.0,90,SSO25Hz_M03,Experiment C: existing V+C,ExtraTrees,ThreePhase,2
289,ieee14,LLG,9,10.0,0,NoSSO,Experiment C: existing V+C,ExtraTrees,ThreePhase,2
290,ieee14,LLG,9,10.0,0,SSO25Hz_M01,Experiment C: existing V+C,ExtraTrees,ThreePhase,2
291,ieee14,LLG,9,10.0,0,SSO25Hz_M03,Experiment C: existing V+C,ExtraTrees,ThreePhase,2
292,ieee14,LLG,9,10.0,45,NoSSO,Experiment C: existing V+C,ExtraTrees,SLG,2
293,ieee14,LLG,9,10.0,45,SSO25Hz_M01,Experiment C: existing V+C,ExtraTrees,SLG,2
294,ieee14,LLG,9,10.0,45,SSO25Hz_M03,Experiment C: existing V+C,ExtraTrees,SLG,2
295,ieee14,LLG,9,10.0,90,NoSSO,Experiment C: existing V+C,ExtraTrees,ThreePhase,2
296,ieee14,LLG,9,10.0,90,SSO25Hz_M01,Experiment C: existing V+C,ExtraTrees,ThreePhase,2
297,ieee14,LLG,9,10.0,90,SSO25Hz_M03,Experiment C: existing V+C,ExtraTrees,ThreePhase,2
316,ieee14,ThreePhase,9,10.0,0,NoSSO,Experiment C: existing V+C,ExtraTrees,ThreePhase,2
317,ieee14,ThreePhase,9,10.0,0,SSO25Hz_M01,Experiment C: existing V+C,ExtraTrees,ThreePhase,2
318,ieee14,ThreePhase,9,10.0,0,SSO25Hz_M03,Experiment C: existing V+C,ExtraTrees,ThreePhase,2
319,ieee14,ThreePhase,9,10.0,45,NoSSO,Experiment C: existing V+C,ExtraTrees,ThreePhase,2
320,ieee14,ThreePhase,9,10.0,45,SSO25Hz_M01,Experiment C: existing V+C,ExtraTrees,ThreePhase,2
321,ieee14,ThreePhase,9,10.0,45,SSO25Hz_M03,Experiment C: existing V+C,ExtraTrees,ThreePhase,2
322,ieee14,ThreePhase,9,10.0,90,NoSSO,Experiment C: existing V+C,ExtraTrees,ThreePhase,2
323,ieee14,ThreePhase,9,10.0,90,SSO25Hz_M01,Experiment C: existing V+C,ExtraTrees,ThreePhase,2
324,ieee14,ThreePhase,9,10.0,90,SSO25Hz_M03,Experiment C: existing V+C,ExtraTrees,ThreePhase,2
343,ieee14,SLG,11,10.0,0,NoSSO,Experiment C: existing V+C,ExtraTrees,SLG,2
344,ieee14,SLG,11,10.0,0,SSO25Hz_M01,Experiment C: existing V+C,ExtraTrees,SLG,2
345,ieee14,SLG,11,10.0,0,SSO25Hz_M03,Experiment C: existing V+C,ExtraTrees,SLG,2
346,ieee14,SLG,11,10.0,45,NoSSO,Experiment C: existing V+C,ExtraTrees,SLG,2
347,ieee14,SLG,11,10.0,45,SSO25Hz_M01,Experiment C: existing V+C,ExtraTrees,SLG,2
348,ieee14,SLG,11,10.0,45,SSO25Hz_M03,Experiment C: existing V+C,ExtraTrees,SLG,2
349,ieee14,SLG,11,10.0,90,NoSSO,Experiment C: existing V+C,ExtraTrees,SLG,2
350,ieee14,SLG,11,10.0,90,SSO25Hz_M01,Experiment C: existing V+C,ExtraTrees,SLG,2
351,ieee14,SLG,11,10.0,90,SSO25Hz_M03,Experiment C: existing V+C,ExtraTrees,SLG,2
370,ieee14,LL,11,10.0,0,NoSSO,Experiment C: existing V+C,ExtraTrees,LL,2
371,ieee14,LL,11,10.0,0,SSO25Hz_M01,Experiment C: existing V+C,ExtraTrees,LL,2
372,ieee14,LL,11,10.0,0,SSO25Hz_M03,Experiment C: existing V+C,ExtraTrees,ThreePhase,2
373,ieee14,LL,11,10.0,45,NoSSO,Experiment C: existing V+C,ExtraTrees,LL,2
374,ieee14,LL,11,10.0,45,SSO25Hz_M01,Experiment C: existing V+C,ExtraTrees,LL,2
375,ieee14,LL,11,10.0,45,SSO25Hz_M03,Experiment C: existing V+C,ExtraTrees,ThreePhase,2
376,ieee14,LL,11,10.0,90,NoSSO,Experiment C: existing V+C,ExtraTrees,LL,2
377,ieee14,LL,11,10.0,90,SSO25Hz_M01,Experiment C: existing V+C,ExtraTrees,ThreePhase,2
378,ieee14,LL,11,10.0,90,SSO25Hz_M03,Experiment C: existing V+C,ExtraTrees,ThreePhase,2
397,ieee14,LLG,11,10.0,0,NoSSO,Experiment C: existing V+C,ExtraTrees,ThreePhase,2
398,ieee14,LLG,11,10.0,0,SSO25Hz_M01,Experiment C: existing V+C,ExtraTrees,ThreePhase,2
399,ieee14,LLG,11,10.0,0,SSO25Hz_M03,Experiment C: existing V+C,ExtraTrees,ThreePhase,2
400,ieee14,LLG,11,10.0,45,NoSSO,Experiment C: existing V+C,ExtraTrees,SLG,2
401,ieee14,LLG,11,10.0,45,SSO25Hz_M01,Experiment C: existing V+C,ExtraTrees,SLG,2
402,ieee14,LLG,11,10.0,45,SSO25Hz_M03,Experiment C: existing V+C,ExtraTrees,SLG,2
403,ieee14,LLG,11,10.0,90,NoSSO,Experiment C: existing V+C,ExtraTrees,ThreePhase,2
404,ieee14,LLG,11,10.0,90,SSO25Hz_M01,Experiment C: existing V+C,ExtraTrees,ThreePhase,2
405,ieee14,LLG,11,10.0,90,SSO25Hz_M03,Experiment C: existing V+C,ExtraTrees,ThreePhase,2
424,ieee14,ThreePhase,11,10.0,0,NoSSO,Experiment C: existing V+C,ExtraTrees,ThreePhase,2
425,ieee14,ThreePhase,11,10.0,0,SSO25Hz_M01,Experiment C: existing V+C,ExtraTrees,ThreePhase,2
426,ieee14,ThreePhase,11,10.0,0,SSO25Hz_M03,Experiment C: existing V+C,ExtraTrees,ThreePhase,2
427,ieee14,ThreePhase,11,10.0,45,NoSSO,Experiment C: existing V+C,ExtraTrees,ThreePhase,2
428,ieee14,ThreePhase,11,10.0,45,SSO25Hz_M01,Experiment C: existing V+C,ExtraTrees,ThreePhase,2
429,ieee14,ThreePhase,11,10.0,45,SSO25Hz_M03,Experiment C: existing V+C,ExtraTrees,ThreePhase,2
430,ieee14,ThreePhase,11,10.0,90,NoSSO,Experiment C: existing V+C,ExtraTrees,ThreePhase,2
431,ieee14,ThreePhase,11,10.0,90,SSO25Hz_M01,Experiment C: existing V+C,ExtraTrees,ThreePhase,2
432,ieee14,ThreePhase,11,10.0,90,SSO25Hz_M03,Experiment C: existing V+C,ExtraTrees,ThreePhase,2
451,ieee14,SLG,14,10.0,0,NoSSO,Experiment C: existing V+C,ExtraTrees,SLG,2
452,ieee14,SLG,14,10.0,0,SSO25Hz_M01,Experiment C: existing V+C,ExtraTrees,SLG,2
453,ieee14,SLG,14,10.0,0,SSO25Hz_M03,Experiment C: existing V+C,ExtraTrees,SLG,2
454,ieee14,SLG,14,10.0,45,NoSSO,Experiment C: existing V+C,ExtraTrees,SLG,2
455,ieee14,SLG,14,10.0,45,SSO25Hz_M01,Experiment C: existing V+C,ExtraTrees,SLG,2
456,ieee14,SLG,14,10.0,45,SSO25Hz_M03,Experiment C: existing V+C,ExtraTrees,SLG,2
457,ieee14,SLG,14,10.0,90,NoSSO,Experiment C: existing V+C,ExtraTrees,SLG,2
458,ieee14,SLG,14,10.0,90,SSO25Hz_M01,Experiment C: existing V+C,ExtraTrees,SLG,2
459,ieee14,SLG,14,10.0,90,SSO25Hz_M03,Experiment C: existing V+C,ExtraTrees,SLG,2
478,ieee14,LL,14,10.0,0,NoSSO,Experiment C: existing V+C,ExtraTrees,LL,2
479,ieee14,LL,14,10.0,0,SSO25Hz_M01,Experiment C: existing V+C,ExtraTrees,LL,2
480,ieee14,LL,14,10.0,0,SSO25Hz_M03,Experiment C: existing V+C,ExtraTrees,ThreePhase,2
481,ieee14,LL,14,10.0,45,NoSSO,Experiment C: existing V+C,ExtraTrees,LL,2
482,ieee14,LL,14,10.0,45,SSO25Hz_M01,Experiment C: existing V+C,ExtraTrees,LL,2
483,ieee14,LL,14,10.0,45,SSO25Hz_M03,Experiment C: existing V+C,ExtraTrees,ThreePhase,2
484,ieee14,LL,14,10.0,90,NoSSO,Experiment C: existing V+C,ExtraTrees,LL,2
485,ieee14,LL,14,10.0,90,SSO25Hz_M01,Experiment C: existing V+C,ExtraTrees,ThreePhase,2
486,ieee14,LL,14,10.0,90,SSO25Hz_M03,Experiment C: existing V+C,ExtraTrees,ThreePhase,2
505,ieee14,LLG,14,10.0,0,NoSSO,Experiment C: existing V+C,ExtraTrees,ThreePhase,2
506,ieee14,LLG,14,10.0,0,SSO25Hz_M01,Experiment C: existing V+C,ExtraTrees,ThreePhase,2
507,ieee14,LLG,14,10.0,0,SSO25Hz_M03,Experiment C: existing V+C,ExtraTrees,ThreePhase,2
508,ieee14,LLG,14,10.0,45,NoSSO,Experiment C: existing V+C,ExtraTrees,SLG,2
509,ieee14,LLG,14,10.0,45,SSO25Hz_M01,Experiment C: existing V+C,ExtraTrees,SLG,2
510,ieee14,LLG,14,10.0,45,SSO25Hz_M03,Experiment C: existing V+C,ExtraTrees,SLG,2
511,ieee14,LLG,14,10.0,90,NoSSO,Experiment C: existing V+C,ExtraTrees,ThreePhase,2
512,ieee14,LLG,14,10.0,90,SSO25Hz_M01,Experiment C: existing V+C,ExtraTrees,ThreePhase,2
513,ieee14,LLG,14,10.0,90,SSO25Hz_M03,Experiment C: existing V+C,ExtraTrees,ThreePhase,2
532,ieee14,ThreePhase,14,10.0,0,NoSSO,Experiment C: existing V+C,ExtraTrees,ThreePhase,2
533,ieee14,ThreePhase,14,10.0,0,SSO25Hz_M01,Experiment C: existing V+C,ExtraTrees,ThreePhase,2
534,ieee14,ThreePhase,14,10.0,0,SSO25Hz_M03,Experiment C: existing V+C,ExtraTrees,ThreePhase,2
535,ieee14,ThreePhase,14,10.0,45,NoSSO,Experiment C: existing V+C,ExtraTrees,ThreePhase,2
536,ieee14,ThreePhase,14,10.0,45,SSO25Hz_M01,Experiment C: existing V+C,ExtraTrees,ThreePhase,2
537,ieee14,ThreePhase,14,10.0,45,SSO25Hz_M03,Experiment C: existing V+C,ExtraTrees,ThreePhase,2
538,ieee14,ThreePhase,14,10.0,90,NoSSO,Experiment C: existing V+C,ExtraTrees,ThreePhase,2
539,ieee14,ThreePhase,14,10.0,90,SSO25Hz_M01,Experiment C: existing V+C,ExtraTrees,ThreePhase,2
540,ieee14,ThreePhase,14,10.0,90,SSO25Hz_M03,Experiment C: existing V+C,ExtraTrees,ThreePhase,2
19,ieee14,SLG,2,10.0,0,NoSSO,Experiment D: existing + normalized V/I,RandomForest,ThreePhase,2
20,ieee14,SLG,2,10.0,0,SSO25Hz_M01,Experiment D: existing + normalized V/I,RandomForest,ThreePhase,2
21,ieee14,SLG,2,10.0,0,SSO25Hz_M03,Experiment D: existing + normalized V/I,RandomForest,ThreePhase,2
22,ieee14,SLG,2,10.0,45,NoSSO,Experiment D: existing + normalized V/I,RandomForest,ThreePhase,2
23,ieee14,SLG,2,10.0,45,SSO25Hz_M01,Experiment D: existing + normalized V/I,RandomForest,ThreePhase,2
24,ieee14,SLG,2,10.0,45,SSO25Hz_M03,Experiment D: existing + normalized V/I,RandomForest,ThreePhase,2
25,ieee14,SLG,2,10.0,90,NoSSO,Experiment D: existing + normalized V/I,RandomForest,ThreePhase,2
26,ieee14,SLG,2,10.0,90,SSO25Hz_M01,Experiment D: existing + normalized V/I,RandomForest,ThreePhase,2
27,ieee14,SLG,2,10.0,90,SSO25Hz_M03,Experiment D: existing + normalized V/I,RandomForest,ThreePhase,2
46,ieee14,LL,2,10.0,0,NoSSO,Experiment D: existing + normalized V/I,RandomForest,ThreePhase,2
47,ieee14,LL,2,10.0,0,SSO25Hz_M01,Experiment D: existing + normalized V/I,RandomForest,ThreePhase,2
48,ieee14,LL,2,10.0,0,SSO25Hz_M03,Experiment D: existing + normalized V/I,RandomForest,ThreePhase,2
49,ieee14,LL,2,10.0,45,NoSSO,Experiment D: existing + normalized V/I,RandomForest,ThreePhase,2
50,ieee14,LL,2,10.0,45,SSO25Hz_M01,Experiment D: existing + normalized V/I,RandomForest,ThreePhase,2
51,ieee14,LL,2,10.0,45,SSO25Hz_M03,Experiment D: existing + normalized V/I,RandomForest,ThreePhase,2
52,ieee14,LL,2,10.0,90,NoSSO,Experiment D: existing + normalized V/I,RandomForest,ThreePhase,2
53,ieee14,LL,2,10.0,90,SSO25Hz_M01,Experiment D: existing + normalized V/I,RandomForest,ThreePhase,2
54,ieee14,LL,2,10.0,90,SSO25Hz_M03,Experiment D: existing + normalized V/I,RandomForest,ThreePhase,2
73,ieee14,LLG,2,10.0,0,NoSSO,Experiment D: existing + normalized V/I,RandomForest,ThreePhase,2
74,ieee14,LLG,2,10.0,0,SSO25Hz_M01,Experiment D: existing + normalized V/I,RandomForest,ThreePhase,2
75,ieee14,LLG,2,10.0,0,SSO25Hz_M03,Experiment D: existing + normalized V/I,RandomForest,ThreePhase,2
76,ieee14,LLG,2,10.0,45,NoSSO,Experiment D: existing + normalized V/I,RandomForest,ThreePhase,2
77,ieee14,LLG,2,10.0,45,SSO25Hz_M01,Experiment D: existing + normalized V/I,RandomForest,ThreePhase,2
78,ieee14,LLG,2,10.0,45,SSO25Hz_M03,Experiment D: existing + normalized V/I,RandomForest,ThreePhase,2
79,ieee14,LLG,2,10.0,90,NoSSO,Experiment D: existing + normalized V/I,RandomForest,ThreePhase,2
80,ieee14,LLG,2,10.0,90,SSO25Hz_M01,Experiment D: existing + normalized V/I,RandomForest,ThreePhase,2
81,ieee14,LLG,2,10.0,90,SSO25Hz_M03,Experiment D: existing + normalized V/I,RandomForest,ThreePhase,2
100,ieee14,ThreePhase,2,10.0,0,NoSSO,Experiment D: existing + normalized V/I,RandomForest,ThreePhase,2
101,ieee14,ThreePhase,2,10.0,0,SSO25Hz_M01,Experiment D: existing + normalized V/I,RandomForest,ThreePhase,2
102,ieee14,ThreePhase,2,10.0,0,SSO25Hz_M03,Experiment D: existing + normalized V/I,RandomForest,ThreePhase,2
103,ieee14,ThreePhase,2,10.0,45,NoSSO,Experiment D: existing + normalized V/I,RandomForest,ThreePhase,2
104,ieee14,ThreePhase,2,10.0,45,SSO25Hz_M01,Experiment D: existing + normalized V/I,RandomForest,ThreePhase,2
105,ieee14,ThreePhase,2,10.0,45,SSO25Hz_M03,Experiment D: existing + normalized V/I,RandomForest,ThreePhase,2
106,ieee14,ThreePhase,2,10.0,90,NoSSO,Experiment D: existing + normalized V/I,RandomForest,ThreePhase,2
107,ieee14,ThreePhase,2,10.0,90,SSO25Hz_M01,Experiment D: existing + normalized V/I,RandomForest,ThreePhase,2
108,ieee14,ThreePhase,2,10.0,90,SSO25Hz_M03,Experiment D: existing + normalized V/I,RandomForest,ThreePhase,2
127,ieee14,SLG,6,10.0,0,NoSSO,Experiment D: existing + normalized V/I,RandomForest,ThreePhase,6
128,ieee14,SLG,6,10.0,0,SSO25Hz_M01,Experiment D: existing + normalized V/I,RandomForest,ThreePhase,6
129,ieee14,SLG,6,10.0,0,SSO25Hz_M03,Experiment D: existing + normalized V/I,RandomForest,ThreePhase,14
130,ieee14,SLG,6,10.0,45,NoSSO,Experiment D: existing + normalized V/I,RandomForest,ThreePhase,6
131,ieee14,SLG,6,10.0,45,SSO25Hz_M01,Experiment D: existing + normalized V/I,RandomForest,ThreePhase,6
132,ieee14,SLG,6,10.0,45,SSO25Hz_M03,Experiment D: existing + normalized V/I,RandomForest,ThreePhase,14
133,ieee14,SLG,6,10.0,90,NoSSO,Experiment D: existing + normalized V/I,RandomForest,ThreePhase,6
134,ieee14,SLG,6,10.0,90,SSO25Hz_M01,Experiment D: existing + normalized V/I,RandomForest,ThreePhase,6
135,ieee14,SLG,6,10.0,90,SSO25Hz_M03,Experiment D: existing + normalized V/I,RandomForest,ThreePhase,14
154,ieee14,LL,6,10.0,0,NoSSO,Experiment D: existing + normalized V/I,RandomForest,ThreePhase,6
155,ieee14,LL,6,10.0,0,SSO25Hz_M01,Experiment D: existing + normalized V/I,RandomForest,ThreePhase,6
156,ieee14,LL,6,10.0,0,SSO25Hz_M03,Experiment D: existing + normalized V/I,RandomForest,ThreePhase,6
157,ieee14,LL,6,10.0,45,NoSSO,Experiment D: existing + normalized V/I,RandomForest,ThreePhase,6
158,ieee14,LL,6,10.0,45,SSO25Hz_M01,Experiment D: existing + normalized V/I,RandomForest,ThreePhase,6
159,ieee14,LL,6,10.0,45,SSO25Hz_M03,Experiment D: existing + normalized V/I,RandomForest,ThreePhase,6
160,ieee14,LL,6,10.0,90,NoSSO,Experiment D: existing + normalized V/I,RandomForest,ThreePhase,6
161,ieee14,LL,6,10.0,90,SSO25Hz_M01,Experiment D: existing + normalized V/I,RandomForest,ThreePhase,6
162,ieee14,LL,6,10.0,90,SSO25Hz_M03,Experiment D: existing + normalized V/I,RandomForest,ThreePhase,6
181,ieee14,LLG,6,10.0,0,NoSSO,Experiment D: existing + normalized V/I,RandomForest,ThreePhase,6
182,ieee14,LLG,6,10.0,0,SSO25Hz_M01,Experiment D: existing + normalized V/I,RandomForest,ThreePhase,6
183,ieee14,LLG,6,10.0,0,SSO25Hz_M03,Experiment D: existing + normalized V/I,RandomForest,ThreePhase,6
184,ieee14,LLG,6,10.0,45,NoSSO,Experiment D: existing + normalized V/I,RandomForest,ThreePhase,6
185,ieee14,LLG,6,10.0,45,SSO25Hz_M01,Experiment D: existing + normalized V/I,RandomForest,ThreePhase,6
186,ieee14,LLG,6,10.0,45,SSO25Hz_M03,Experiment D: existing + normalized V/I,RandomForest,ThreePhase,6
187,ieee14,LLG,6,10.0,90,NoSSO,Experiment D: existing + normalized V/I,RandomForest,ThreePhase,6
188,ieee14,LLG,6,10.0,90,SSO25Hz_M01,Experiment D: existing + normalized V/I,RandomForest,ThreePhase,6
189,ieee14,LLG,6,10.0,90,SSO25Hz_M03,Experiment D: existing + normalized V/I,RandomForest,ThreePhase,6
208,ieee14,ThreePhase,6,10.0,0,NoSSO,Experiment D: existing + normalized V/I,RandomForest,ThreePhase,6
209,ieee14,ThreePhase,6,10.0,0,SSO25Hz_M01,Experiment D: existing + normalized V/I,RandomForest,ThreePhase,6
210,ieee14,ThreePhase,6,10.0,0,SSO25Hz_M03,Experiment D: existing + normalized V/I,RandomForest,ThreePhase,6
211,ieee14,ThreePhase,6,10.0,45,NoSSO,Experiment D: existing + normalized V/I,RandomForest,ThreePhase,6
212,ieee14,ThreePhase,6,10.0,45,SSO25Hz_M01,Experiment D: existing + normalized V/I,RandomForest,ThreePhase,6
213,ieee14,ThreePhase,6,10.0,45,SSO25Hz_M03,Experiment D: existing + normalized V/I,RandomForest,ThreePhase,6
214,ieee14,ThreePhase,6,10.0,90,NoSSO,Experiment D: existing + normalized V/I,RandomForest,ThreePhase,6
215,ieee14,ThreePhase,6,10.0,90,SSO25Hz_M01,Experiment D: existing + normalized V/I,RandomForest,ThreePhase,6
216,ieee14,ThreePhase,6,10.0,90,SSO25Hz_M03,Experiment D: existing + normalized V/I,RandomForest,ThreePhase,6
235,ieee14,SLG,9,10.0,0,NoSSO,Experiment D: existing + normalized V/I,RandomForest,ThreePhase,9
236,ieee14,SLG,9,10.0,0,SSO25Hz_M01,Experiment D: existing + normalized V/I,RandomForest,ThreePhase,9
237,ieee14,SLG,9,10.0,0,SSO25Hz_M03,Experiment D: existing + normalized V/I,RandomForest,ThreePhase,9
238,ieee14,SLG,9,10.0,45,NoSSO,Experiment D: existing + normalized V/I,RandomForest,ThreePhase,9
239,ieee14,SLG,9,10.0,45,SSO25Hz_M01,Experiment D: existing + normalized V/I,RandomForest,ThreePhase,9
240,ieee14,SLG,9,10.0,45,SSO25Hz_M03,Experiment D: existing + normalized V/I,RandomForest,ThreePhase,9
241,ieee14,SLG,9,10.0,90,NoSSO,Experiment D: existing + normalized V/I,RandomForest,ThreePhase,9
242,ieee14,SLG,9,10.0,90,SSO25Hz_M01,Experiment D: existing + normalized V/I,RandomForest,ThreePhase,9
243,ieee14,SLG,9,10.0,90,SSO25Hz_M03,Experiment D: existing + normalized V/I,RandomForest,ThreePhase,9
262,ieee14,LL,9,10.0,0,NoSSO,Experiment D: existing + normalized V/I,RandomForest,ThreePhase,9
263,ieee14,LL,9,10.0,0,SSO25Hz_M01,Experiment D: existing + normalized V/I,RandomForest,ThreePhase,9
264,ieee14,LL,9,10.0,0,SSO25Hz_M03,Experiment D: existing + normalized V/I,RandomForest,ThreePhase,9
265,ieee14,LL,9,10.0,45,NoSSO,Experiment D: existing + normalized V/I,RandomForest,ThreePhase,9
266,ieee14,LL,9,10.0,45,SSO25Hz_M01,Experiment D: existing + normalized V/I,RandomForest,ThreePhase,9
267,ieee14,LL,9,10.0,45,SSO25Hz_M03,Experiment D: existing + normalized V/I,RandomForest,ThreePhase,9
268,ieee14,LL,9,10.0,90,NoSSO,Experiment D: existing + normalized V/I,RandomForest,ThreePhase,9
269,ieee14,LL,9,10.0,90,SSO25Hz_M01,Experiment D: existing + normalized V/I,RandomForest,ThreePhase,9
270,ieee14,LL,9,10.0,90,SSO25Hz_M03,Experiment D: existing + normalized V/I,RandomForest,ThreePhase,9
289,ieee14,LLG,9,10.0,0,NoSSO,Experiment D: existing + normalized V/I,RandomForest,ThreePhase,9
290,ieee14,LLG,9,10.0,0,SSO25Hz_M01,Experiment D: existing + normalized V/I,RandomForest,ThreePhase,9
291,ieee14,LLG,9,10.0,0,SSO25Hz_M03,Experiment D: existing + normalized V/I,RandomForest,ThreePhase,9
292,ieee14,LLG,9,10.0,45,NoSSO,Experiment D: existing + normalized V/I,RandomForest,ThreePhase,9
293,ieee14,LLG,9,10.0,45,SSO25Hz_M01,Experiment D: existing + normalized V/I,RandomForest,ThreePhase,9
294,ieee14,LLG,9,10.0,45,SSO25Hz_M03,Experiment D: existing + normalized V/I,RandomForest,ThreePhase,9
295,ieee14,LLG,9,10.0,90,NoSSO,Experiment D: existing + normalized V/I,RandomForest,ThreePhase,9
296,ieee14,LLG,9,10.0,90,SSO25Hz_M01,Experiment D: existing + normalized V/I,RandomForest,ThreePhase,9
297,ieee14,LLG,9,10.0,90,SSO25Hz_M03,Experiment D: existing + normalized V/I,RandomForest,ThreePhase,9
316,ieee14,ThreePhase,9,10.0,0,NoSSO,Experiment D: existing + normalized V/I,RandomForest,ThreePhase,9
317,ieee14,ThreePhase,9,10.0,0,SSO25Hz_M01,Experiment D: existing + normalized V/I,RandomForest,ThreePhase,9
318,ieee14,ThreePhase,9,10.0,0,SSO25Hz_M03,Experiment D: existing + normalized V/I,RandomForest,ThreePhase,9
319,ieee14,ThreePhase,9,10.0,45,NoSSO,Experiment D: existing + normalized V/I,RandomForest,ThreePhase,9
320,ieee14,ThreePhase,9,10.0,45,SSO25Hz_M01,Experiment D: existing + normalized V/I,RandomForest,ThreePhase,9
321,ieee14,ThreePhase,9,10.0,45,SSO25Hz_M03,Experiment D: existing + normalized V/I,RandomForest,ThreePhase,9
322,ieee14,ThreePhase,9,10.0,90,NoSSO,Experiment D: existing + normalized V/I,RandomForest,ThreePhase,9
323,ieee14,ThreePhase,9,10.0,90,SSO25Hz_M01,Experiment D: existing + normalized V/I,RandomForest,ThreePhase,9
324,ieee14,ThreePhase,9,10.0,90,SSO25Hz_M03,Experiment D: existing + normalized V/I,RandomForest,ThreePhase,9
343,ieee14,SLG,11,10.0,0,NoSSO,Experiment D: existing + normalized V/I,RandomForest,ThreePhase,11
344,ieee14,SLG,11,10.0,0,SSO25Hz_M01,Experiment D: existing + normalized V/I,RandomForest,ThreePhase,11
345,ieee14,SLG,11,10.0,0,SSO25Hz_M03,Experiment D: existing + normalized V/I,RandomForest,ThreePhase,11
346,ieee14,SLG,11,10.0,45,NoSSO,Experiment D: existing + normalized V/I,RandomForest,ThreePhase,11
347,ieee14,SLG,11,10.0,45,SSO25Hz_M01,Experiment D: existing + normalized V/I,RandomForest,ThreePhase,11
348,ieee14,SLG,11,10.0,45,SSO25Hz_M03,Experiment D: existing + normalized V/I,RandomForest,ThreePhase,11
349,ieee14,SLG,11,10.0,90,NoSSO,Experiment D: existing + normalized V/I,RandomForest,ThreePhase,11
350,ieee14,SLG,11,10.0,90,SSO25Hz_M01,Experiment D: existing + normalized V/I,RandomForest,ThreePhase,11
351,ieee14,SLG,11,10.0,90,SSO25Hz_M03,Experiment D: existing + normalized V/I,RandomForest,ThreePhase,11
370,ieee14,LL,11,10.0,0,NoSSO,Experiment D: existing + normalized V/I,RandomForest,ThreePhase,11
371,ieee14,LL,11,10.0,0,SSO25Hz_M01,Experiment D: existing + normalized V/I,RandomForest,ThreePhase,11
372,ieee14,LL,11,10.0,0,SSO25Hz_M03,Experiment D: existing + normalized V/I,RandomForest,ThreePhase,11
373,ieee14,LL,11,10.0,45,NoSSO,Experiment D: existing + normalized V/I,RandomForest,ThreePhase,11
374,ieee14,LL,11,10.0,45,SSO25Hz_M01,Experiment D: existing + normalized V/I,RandomForest,ThreePhase,11
375,ieee14,LL,11,10.0,45,SSO25Hz_M03,Experiment D: existing + normalized V/I,RandomForest,ThreePhase,11
376,ieee14,LL,11,10.0,90,NoSSO,Experiment D: existing + normalized V/I,RandomForest,ThreePhase,11
377,ieee14,LL,11,10.0,90,SSO25Hz_M01,Experiment D: existing + normalized V/I,RandomForest,ThreePhase,11
378,ieee14,LL,11,10.0,90,SSO25Hz_M03,Experiment D: existing + normalized V/I,RandomForest,ThreePhase,11
397,ieee14,LLG,11,10.0,0,NoSSO,Experiment D: existing + normalized V/I,RandomForest,ThreePhase,11
398,ieee14,LLG,11,10.0,0,SSO25Hz_M01,Experiment D: existing + normalized V/I,RandomForest,ThreePhase,11
399,ieee14,LLG,11,10.0,0,SSO25Hz_M03,Experiment D: existing + normalized V/I,RandomForest,ThreePhase,11
400,ieee14,LLG,11,10.0,45,NoSSO,Experiment D: existing + normalized V/I,RandomForest,ThreePhase,11
401,ieee14,LLG,11,10.0,45,SSO25Hz_M01,Experiment D: existing + normalized V/I,RandomForest,ThreePhase,11
402,ieee14,LLG,11,10.0,45,SSO25Hz_M03,Experiment D: existing + normalized V/I,RandomForest,ThreePhase,11
403,ieee14,LLG,11,10.0,90,NoSSO,Experiment D: existing + normalized V/I,RandomForest,ThreePhase,11
404,ieee14,LLG,11,10.0,90,SSO25Hz_M01,Experiment D: existing + normalized V/I,RandomForest,ThreePhase,11
405,ieee14,LLG,11,10.0,90,SSO25Hz_M03,Experiment D: existing + normalized V/I,RandomForest,ThreePhase,11
424,ieee14,ThreePhase,11,10.0,0,NoSSO,Experiment D: existing + normalized V/I,RandomForest,ThreePhase,11
425,ieee14,ThreePhase,11,10.0,0,SSO25Hz_M01,Experiment D: existing + normalized V/I,RandomForest,ThreePhase,11
426,ieee14,ThreePhase,11,10.0,0,SSO25Hz_M03,Experiment D: existing + normalized V/I,RandomForest,ThreePhase,11
427,ieee14,ThreePhase,11,10.0,45,NoSSO,Experiment D: existing + normalized V/I,RandomForest,ThreePhase,11
428,ieee14,ThreePhase,11,10.0,45,SSO25Hz_M01,Experiment D: existing + normalized V/I,RandomForest,ThreePhase,11
429,ieee14,ThreePhase,11,10.0,45,SSO25Hz_M03,Experiment D: existing + normalized V/I,RandomForest,ThreePhase,11
430,ieee14,ThreePhase,11,10.0,90,NoSSO,Experiment D: existing + normalized V/I,RandomForest,ThreePhase,11
431,ieee14,ThreePhase,11,10.0,90,SSO25Hz_M01,Experiment D: existing + normalized V/I,RandomForest,ThreePhase,11
432,ieee14,ThreePhase,11,10.0,90,SSO25Hz_M03,Experiment D: existing + normalized V/I,RandomForest,ThreePhase,11
451,ieee14,SLG,14,10.0,0,NoSSO,Experiment D: existing + normalized V/I,RandomForest,ThreePhase,14
452,ieee14,SLG,14,10.0,0,SSO25Hz_M01,Experiment D: existing + normalized V/I,RandomForest,ThreePhase,14
453,ieee14,SLG,14,10.0,0,SSO25Hz_M03,Experiment D: existing + normalized V/I,RandomForest,ThreePhase,14
454,ieee14,SLG,14,10.0,45,NoSSO,Experiment D: existing + normalized V/I,RandomForest,ThreePhase,14
455,ieee14,SLG,14,10.0,45,SSO25Hz_M01,Experiment D: existing + normalized V/I,RandomForest,ThreePhase,14
456,ieee14,SLG,14,10.0,45,SSO25Hz_M03,Experiment D: existing + normalized V/I,RandomForest,ThreePhase,14
457,ieee14,SLG,14,10.0,90,NoSSO,Experiment D: existing + normalized V/I,RandomForest,ThreePhase,14
458,ieee14,SLG,14,10.0,90,SSO25Hz_M01,Experiment D: existing + normalized V/I,RandomForest,ThreePhase,14
459,ieee14,SLG,14,10.0,90,SSO25Hz_M03,Experiment D: existing + normalized V/I,RandomForest,ThreePhase,14
478,ieee14,LL,14,10.0,0,NoSSO,Experiment D: existing + normalized V/I,RandomForest,ThreePhase,14
479,ieee14,LL,14,10.0,0,SSO25Hz_M01,Experiment D: existing + normalized V/I,RandomForest,ThreePhase,14
480,ieee14,LL,14,10.0,0,SSO25Hz_M03,Experiment D: existing + normalized V/I,RandomForest,ThreePhase,14
481,ieee14,LL,14,10.0,45,NoSSO,Experiment D: existing + normalized V/I,RandomForest,ThreePhase,14
482,ieee14,LL,14,10.0,45,SSO25Hz_M01,Experiment D: existing + normalized V/I,RandomForest,ThreePhase,14
483,ieee14,LL,14,10.0,45,SSO25Hz_M03,Experiment D: existing + normalized V/I,RandomForest,ThreePhase,14
484,ieee14,LL,14,10.0,90,NoSSO,Experiment D: existing + normalized V/I,RandomForest,ThreePhase,14
485,ieee14,LL,14,10.0,90,SSO25Hz_M01,Experiment D: existing + normalized V/I,RandomForest,ThreePhase,14
486,ieee14,LL,14,10.0,90,SSO25Hz_M03,Experiment D: existing + normalized V/I,RandomForest,ThreePhase,14
505,ieee14,LLG,14,10.0,0,NoSSO,Experiment D: existing + normalized V/I,RandomForest,ThreePhase,14
506,ieee14,LLG,14,10.0,0,SSO25Hz_M01,Experiment D: existing + normalized V/I,RandomForest,ThreePhase,14
507,ieee14,LLG,14,10.0,0,SSO25Hz_M03,Experiment D: existing + normalized V/I,RandomForest,ThreePhase,14
508,ieee14,LLG,14,10.0,45,NoSSO,Experiment D: existing + normalized V/I,RandomForest,ThreePhase,14
509,ieee14,LLG,14,10.0,45,SSO25Hz_M01,Experiment D: existing + normalized V/I,RandomForest,ThreePhase,14
510,ieee14,LLG,14,10.0,45,SSO25Hz_M03,Experiment D: existing + normalized V/I,RandomForest,ThreePhase,14
511,ieee14,LLG,14,10.0,90,NoSSO,Experiment D: existing + normalized V/I,RandomForest,ThreePhase,14
512,ieee14,LLG,14,10.0,90,SSO25Hz_M01,Experiment D: existing + normalized V/I,RandomForest,ThreePhase,14
513,ieee14,LLG,14,10.0,90,SSO25Hz_M03,Experiment D: existing + normalized V/I,RandomForest,ThreePhase,14
532,ieee14,ThreePhase,14,10.0,0,NoSSO,Experiment D: existing + normalized V/I,RandomForest,ThreePhase,14
533,ieee14,ThreePhase,14,10.0,0,SSO25Hz_M01,Experiment D: existing + normalized V/I,RandomForest,ThreePhase,14
534,ieee14,ThreePhase,14,10.0,0,SSO25Hz_M03,Experiment D: existing + normalized V/I,RandomForest,ThreePhase,14
535,ieee14,ThreePhase,14,10.0,45,NoSSO,Experiment D: existing + normalized V/I,RandomForest,ThreePhase,14
536,ieee14,ThreePhase,14,10.0,45,SSO25Hz_M01,Experiment D: existing + normalized V/I,RandomForest,ThreePhase,14
537,ieee14,ThreePhase,14,10.0,45,SSO25Hz_M03,Experiment D: existing + normalized V/I,RandomForest,ThreePhase,14
538,ieee14,ThreePhase,14,10.0,90,NoSSO,Experiment D: existing + normalized V/I,RandomForest,ThreePhase,14
539,ieee14,ThreePhase,14,10.0,90,SSO25Hz_M01,Experiment D: existing + normalized V/I,RandomForest,ThreePhase,14
540,ieee14,ThreePhase,14,10.0,90,SSO25Hz_M03,Experiment D: existing + normalized V/I,RandomForest,ThreePhase,14
19,ieee14,SLG,2,10.0,0,NoSSO,Experiment D: existing + normalized V/I,ExtraTrees,LL,2
20,ieee14,SLG,2,10.0,0,SSO25Hz_M01,Experiment D: existing + normalized V/I,ExtraTrees,LL,2
21,ieee14,SLG,2,10.0,0,SSO25Hz_M03,Experiment D: existing + normalized V/I,ExtraTrees,ThreePhase,11
22,ieee14,SLG,2,10.0,45,NoSSO,Experiment D: existing + normalized V/I,ExtraTrees,LL,2
23,ieee14,SLG,2,10.0,45,SSO25Hz_M01,Experiment D: existing + normalized V/I,ExtraTrees,LL,2
24,ieee14,SLG,2,10.0,45,SSO25Hz_M03,Experiment D: existing + normalized V/I,ExtraTrees,LL,2
25,ieee14,SLG,2,10.0,90,NoSSO,Experiment D: existing + normalized V/I,ExtraTrees,LL,2
26,ieee14,SLG,2,10.0,90,SSO25Hz_M01,Experiment D: existing + normalized V/I,ExtraTrees,ThreePhase,2
27,ieee14,SLG,2,10.0,90,SSO25Hz_M03,Experiment D: existing + normalized V/I,ExtraTrees,ThreePhase,2
46,ieee14,LL,2,10.0,0,NoSSO,Experiment D: existing + normalized V/I,ExtraTrees,LL,2
47,ieee14,LL,2,10.0,0,SSO25Hz_M01,Experiment D: existing + normalized V/I,ExtraTrees,LL,2
48,ieee14,LL,2,10.0,0,SSO25Hz_M03,Experiment D: existing + normalized V/I,ExtraTrees,LL,2
49,ieee14,LL,2,10.0,45,NoSSO,Experiment D: existing + normalized V/I,ExtraTrees,LL,2
50,ieee14,LL,2,10.0,45,SSO25Hz_M01,Experiment D: existing + normalized V/I,ExtraTrees,LL,2
51,ieee14,LL,2,10.0,45,SSO25Hz_M03,Experiment D: existing + normalized V/I,ExtraTrees,LL,2
52,ieee14,LL,2,10.0,90,NoSSO,Experiment D: existing + normalized V/I,ExtraTrees,LL,2
53,ieee14,LL,2,10.0,90,SSO25Hz_M01,Experiment D: existing + normalized V/I,ExtraTrees,LL,2
54,ieee14,LL,2,10.0,90,SSO25Hz_M03,Experiment D: existing + normalized V/I,ExtraTrees,ThreePhase,2
73,ieee14,LLG,2,10.0,0,NoSSO,Experiment D: existing + normalized V/I,ExtraTrees,ThreePhase,2
74,ieee14,LLG,2,10.0,0,SSO25Hz_M01,Experiment D: existing + normalized V/I,ExtraTrees,ThreePhase,2
75,ieee14,LLG,2,10.0,0,SSO25Hz_M03,Experiment D: existing + normalized V/I,ExtraTrees,ThreePhase,2
76,ieee14,LLG,2,10.0,45,NoSSO,Experiment D: existing + normalized V/I,ExtraTrees,LL,2
77,ieee14,LLG,2,10.0,45,SSO25Hz_M01,Experiment D: existing + normalized V/I,ExtraTrees,LL,2
78,ieee14,LLG,2,10.0,45,SSO25Hz_M03,Experiment D: existing + normalized V/I,ExtraTrees,ThreePhase,2
79,ieee14,LLG,2,10.0,90,NoSSO,Experiment D: existing + normalized V/I,ExtraTrees,ThreePhase,2
80,ieee14,LLG,2,10.0,90,SSO25Hz_M01,Experiment D: existing + normalized V/I,ExtraTrees,ThreePhase,2
81,ieee14,LLG,2,10.0,90,SSO25Hz_M03,Experiment D: existing + normalized V/I,ExtraTrees,ThreePhase,2
100,ieee14,ThreePhase,2,10.0,0,NoSSO,Experiment D: existing + normalized V/I,ExtraTrees,ThreePhase,2
101,ieee14,ThreePhase,2,10.0,0,SSO25Hz_M01,Experiment D: existing + normalized V/I,ExtraTrees,ThreePhase,2
102,ieee14,ThreePhase,2,10.0,0,SSO25Hz_M03,Experiment D: existing + normalized V/I,ExtraTrees,ThreePhase,2
103,ieee14,ThreePhase,2,10.0,45,NoSSO,Experiment D: existing + normalized V/I,ExtraTrees,ThreePhase,2
104,ieee14,ThreePhase,2,10.0,45,SSO25Hz_M01,Experiment D: existing + normalized V/I,ExtraTrees,ThreePhase,2
105,ieee14,ThreePhase,2,10.0,45,SSO25Hz_M03,Experiment D: existing + normalized V/I,ExtraTrees,ThreePhase,2
106,ieee14,ThreePhase,2,10.0,90,NoSSO,Experiment D: existing + normalized V/I,ExtraTrees,ThreePhase,2
107,ieee14,ThreePhase,2,10.0,90,SSO25Hz_M01,Experiment D: existing + normalized V/I,ExtraTrees,ThreePhase,2
108,ieee14,ThreePhase,2,10.0,90,SSO25Hz_M03,Experiment D: existing + normalized V/I,ExtraTrees,ThreePhase,2
127,ieee14,SLG,6,10.0,0,NoSSO,Experiment D: existing + normalized V/I,ExtraTrees,LL,6
128,ieee14,SLG,6,10.0,0,SSO25Hz_M01,Experiment D: existing + normalized V/I,ExtraTrees,ThreePhase,6
129,ieee14,SLG,6,10.0,0,SSO25Hz_M03,Experiment D: existing + normalized V/I,ExtraTrees,ThreePhase,11
130,ieee14,SLG,6,10.0,45,NoSSO,Experiment D: existing + normalized V/I,ExtraTrees,LL,6
131,ieee14,SLG,6,10.0,45,SSO25Hz_M01,Experiment D: existing + normalized V/I,ExtraTrees,LL,6
132,ieee14,SLG,6,10.0,45,SSO25Hz_M03,Experiment D: existing + normalized V/I,ExtraTrees,ThreePhase,11
133,ieee14,SLG,6,10.0,90,NoSSO,Experiment D: existing + normalized V/I,ExtraTrees,LL,6
134,ieee14,SLG,6,10.0,90,SSO25Hz_M01,Experiment D: existing + normalized V/I,ExtraTrees,ThreePhase,6
135,ieee14,SLG,6,10.0,90,SSO25Hz_M03,Experiment D: existing + normalized V/I,ExtraTrees,ThreePhase,6
154,ieee14,LL,6,10.0,0,NoSSO,Experiment D: existing + normalized V/I,ExtraTrees,LL,6
155,ieee14,LL,6,10.0,0,SSO25Hz_M01,Experiment D: existing + normalized V/I,ExtraTrees,LL,6
156,ieee14,LL,6,10.0,0,SSO25Hz_M03,Experiment D: existing + normalized V/I,ExtraTrees,ThreePhase,6
157,ieee14,LL,6,10.0,45,NoSSO,Experiment D: existing + normalized V/I,ExtraTrees,LL,6
158,ieee14,LL,6,10.0,45,SSO25Hz_M01,Experiment D: existing + normalized V/I,ExtraTrees,LL,6
159,ieee14,LL,6,10.0,45,SSO25Hz_M03,Experiment D: existing + normalized V/I,ExtraTrees,ThreePhase,6
160,ieee14,LL,6,10.0,90,NoSSO,Experiment D: existing + normalized V/I,ExtraTrees,ThreePhase,6
161,ieee14,LL,6,10.0,90,SSO25Hz_M01,Experiment D: existing + normalized V/I,ExtraTrees,ThreePhase,6
162,ieee14,LL,6,10.0,90,SSO25Hz_M03,Experiment D: existing + normalized V/I,ExtraTrees,ThreePhase,6
181,ieee14,LLG,6,10.0,0,NoSSO,Experiment D: existing + normalized V/I,ExtraTrees,ThreePhase,6
182,ieee14,LLG,6,10.0,0,SSO25Hz_M01,Experiment D: existing + normalized V/I,ExtraTrees,ThreePhase,6
183,ieee14,LLG,6,10.0,0,SSO25Hz_M03,Experiment D: existing + normalized V/I,ExtraTrees,ThreePhase,6
184,ieee14,LLG,6,10.0,45,NoSSO,Experiment D: existing + normalized V/I,ExtraTrees,ThreePhase,6
185,ieee14,LLG,6,10.0,45,SSO25Hz_M01,Experiment D: existing + normalized V/I,ExtraTrees,ThreePhase,6
186,ieee14,LLG,6,10.0,45,SSO25Hz_M03,Experiment D: existing + normalized V/I,ExtraTrees,ThreePhase,6
187,ieee14,LLG,6,10.0,90,NoSSO,Experiment D: existing + normalized V/I,ExtraTrees,ThreePhase,6
188,ieee14,LLG,6,10.0,90,SSO25Hz_M01,Experiment D: existing + normalized V/I,ExtraTrees,ThreePhase,6
189,ieee14,LLG,6,10.0,90,SSO25Hz_M03,Experiment D: existing + normalized V/I,ExtraTrees,ThreePhase,6
208,ieee14,ThreePhase,6,10.0,0,NoSSO,Experiment D: existing + normalized V/I,ExtraTrees,ThreePhase,6
209,ieee14,ThreePhase,6,10.0,0,SSO25Hz_M01,Experiment D: existing + normalized V/I,ExtraTrees,ThreePhase,6
210,ieee14,ThreePhase,6,10.0,0,SSO25Hz_M03,Experiment D: existing + normalized V/I,ExtraTrees,ThreePhase,6
211,ieee14,ThreePhase,6,10.0,45,NoSSO,Experiment D: existing + normalized V/I,ExtraTrees,ThreePhase,6
212,ieee14,ThreePhase,6,10.0,45,SSO25Hz_M01,Experiment D: existing + normalized V/I,ExtraTrees,ThreePhase,6
213,ieee14,ThreePhase,6,10.0,45,SSO25Hz_M03,Experiment D: existing + normalized V/I,ExtraTrees,ThreePhase,6
214,ieee14,ThreePhase,6,10.0,90,NoSSO,Experiment D: existing + normalized V/I,ExtraTrees,ThreePhase,6
215,ieee14,ThreePhase,6,10.0,90,SSO25Hz_M01,Experiment D: existing + normalized V/I,ExtraTrees,ThreePhase,6
216,ieee14,ThreePhase,6,10.0,90,SSO25Hz_M03,Experiment D: existing + normalized V/I,ExtraTrees,ThreePhase,6
235,ieee14,SLG,9,10.0,0,NoSSO,Experiment D: existing + normalized V/I,ExtraTrees,SLG,11
236,ieee14,SLG,9,10.0,0,SSO25Hz_M01,Experiment D: existing + normalized V/I,ExtraTrees,SLG,11
237,ieee14,SLG,9,10.0,0,SSO25Hz_M03,Experiment D: existing + normalized V/I,ExtraTrees,ThreePhase,11
238,ieee14,SLG,9,10.0,45,NoSSO,Experiment D: existing + normalized V/I,ExtraTrees,SLG,9
239,ieee14,SLG,9,10.0,45,SSO25Hz_M01,Experiment D: existing + normalized V/I,ExtraTrees,SLG,9
240,ieee14,SLG,9,10.0,45,SSO25Hz_M03,Experiment D: existing + normalized V/I,ExtraTrees,SLG,11
241,ieee14,SLG,9,10.0,90,NoSSO,Experiment D: existing + normalized V/I,ExtraTrees,SLG,11
242,ieee14,SLG,9,10.0,90,SSO25Hz_M01,Experiment D: existing + normalized V/I,ExtraTrees,SLG,11
243,ieee14,SLG,9,10.0,90,SSO25Hz_M03,Experiment D: existing + normalized V/I,ExtraTrees,ThreePhase,11
262,ieee14,LL,9,10.0,0,NoSSO,Experiment D: existing + normalized V/I,ExtraTrees,LL,9
263,ieee14,LL,9,10.0,0,SSO25Hz_M01,Experiment D: existing + normalized V/I,ExtraTrees,LL,9
264,ieee14,LL,9,10.0,0,SSO25Hz_M03,Experiment D: existing + normalized V/I,ExtraTrees,LL,9
265,ieee14,LL,9,10.0,45,NoSSO,Experiment D: existing + normalized V/I,ExtraTrees,LL,9
266,ieee14,LL,9,10.0,45,SSO25Hz_M01,Experiment D: existing + normalized V/I,ExtraTrees,LL,9
267,ieee14,LL,9,10.0,45,SSO25Hz_M03,Experiment D: existing + normalized V/I,ExtraTrees,LL,9
268,ieee14,LL,9,10.0,90,NoSSO,Experiment D: existing + normalized V/I,ExtraTrees,LL,9
269,ieee14,LL,9,10.0,90,SSO25Hz_M01,Experiment D: existing + normalized V/I,ExtraTrees,LL,9
270,ieee14,LL,9,10.0,90,SSO25Hz_M03,Experiment D: existing + normalized V/I,ExtraTrees,ThreePhase,9
289,ieee14,LLG,9,10.0,0,NoSSO,Experiment D: existing + normalized V/I,ExtraTrees,ThreePhase,9
290,ieee14,LLG,9,10.0,0,SSO25Hz_M01,Experiment D: existing + normalized V/I,ExtraTrees,ThreePhase,9
291,ieee14,LLG,9,10.0,0,SSO25Hz_M03,Experiment D: existing + normalized V/I,ExtraTrees,ThreePhase,9
292,ieee14,LLG,9,10.0,45,NoSSO,Experiment D: existing + normalized V/I,ExtraTrees,ThreePhase,9
293,ieee14,LLG,9,10.0,45,SSO25Hz_M01,Experiment D: existing + normalized V/I,ExtraTrees,ThreePhase,9
294,ieee14,LLG,9,10.0,45,SSO25Hz_M03,Experiment D: existing + normalized V/I,ExtraTrees,ThreePhase,9
295,ieee14,LLG,9,10.0,90,NoSSO,Experiment D: existing + normalized V/I,ExtraTrees,ThreePhase,9
296,ieee14,LLG,9,10.0,90,SSO25Hz_M01,Experiment D: existing + normalized V/I,ExtraTrees,ThreePhase,9
297,ieee14,LLG,9,10.0,90,SSO25Hz_M03,Experiment D: existing + normalized V/I,ExtraTrees,ThreePhase,9
316,ieee14,ThreePhase,9,10.0,0,NoSSO,Experiment D: existing + normalized V/I,ExtraTrees,ThreePhase,9
317,ieee14,ThreePhase,9,10.0,0,SSO25Hz_M01,Experiment D: existing + normalized V/I,ExtraTrees,ThreePhase,9
318,ieee14,ThreePhase,9,10.0,0,SSO25Hz_M03,Experiment D: existing + normalized V/I,ExtraTrees,ThreePhase,9
319,ieee14,ThreePhase,9,10.0,45,NoSSO,Experiment D: existing + normalized V/I,ExtraTrees,ThreePhase,9
320,ieee14,ThreePhase,9,10.0,45,SSO25Hz_M01,Experiment D: existing + normalized V/I,ExtraTrees,ThreePhase,9
321,ieee14,ThreePhase,9,10.0,45,SSO25Hz_M03,Experiment D: existing + normalized V/I,ExtraTrees,ThreePhase,9
322,ieee14,ThreePhase,9,10.0,90,NoSSO,Experiment D: existing + normalized V/I,ExtraTrees,ThreePhase,9
323,ieee14,ThreePhase,9,10.0,90,SSO25Hz_M01,Experiment D: existing + normalized V/I,ExtraTrees,ThreePhase,9
324,ieee14,ThreePhase,9,10.0,90,SSO25Hz_M03,Experiment D: existing + normalized V/I,ExtraTrees,ThreePhase,9
343,ieee14,SLG,11,10.0,0,NoSSO,Experiment D: existing + normalized V/I,ExtraTrees,SLG,11
344,ieee14,SLG,11,10.0,0,SSO25Hz_M01,Experiment D: existing + normalized V/I,ExtraTrees,SLG,11
345,ieee14,SLG,11,10.0,0,SSO25Hz_M03,Experiment D: existing + normalized V/I,ExtraTrees,ThreePhase,11
346,ieee14,SLG,11,10.0,45,NoSSO,Experiment D: existing + normalized V/I,ExtraTrees,SLG,11
347,ieee14,SLG,11,10.0,45,SSO25Hz_M01,Experiment D: existing + normalized V/I,ExtraTrees,SLG,11
348,ieee14,SLG,11,10.0,45,SSO25Hz_M03,Experiment D: existing + normalized V/I,ExtraTrees,SLG,11
349,ieee14,SLG,11,10.0,90,NoSSO,Experiment D: existing + normalized V/I,ExtraTrees,SLG,11
350,ieee14,SLG,11,10.0,90,SSO25Hz_M01,Experiment D: existing + normalized V/I,ExtraTrees,SLG,11
351,ieee14,SLG,11,10.0,90,SSO25Hz_M03,Experiment D: existing + normalized V/I,ExtraTrees,ThreePhase,11
370,ieee14,LL,11,10.0,0,NoSSO,Experiment D: existing + normalized V/I,ExtraTrees,LL,11
371,ieee14,LL,11,10.0,0,SSO25Hz_M01,Experiment D: existing + normalized V/I,ExtraTrees,LL,11
372,ieee14,LL,11,10.0,0,SSO25Hz_M03,Experiment D: existing + normalized V/I,ExtraTrees,LL,11
373,ieee14,LL,11,10.0,45,NoSSO,Experiment D: existing + normalized V/I,ExtraTrees,LL,11
374,ieee14,LL,11,10.0,45,SSO25Hz_M01,Experiment D: existing + normalized V/I,ExtraTrees,LL,11
375,ieee14,LL,11,10.0,45,SSO25Hz_M03,Experiment D: existing + normalized V/I,ExtraTrees,LL,11
376,ieee14,LL,11,10.0,90,NoSSO,Experiment D: existing + normalized V/I,ExtraTrees,LL,11
377,ieee14,LL,11,10.0,90,SSO25Hz_M01,Experiment D: existing + normalized V/I,ExtraTrees,LL,11
378,ieee14,LL,11,10.0,90,SSO25Hz_M03,Experiment D: existing + normalized V/I,ExtraTrees,ThreePhase,11
397,ieee14,LLG,11,10.0,0,NoSSO,Experiment D: existing + normalized V/I,ExtraTrees,ThreePhase,11
398,ieee14,LLG,11,10.0,0,SSO25Hz_M01,Experiment D: existing + normalized V/I,ExtraTrees,ThreePhase,11
399,ieee14,LLG,11,10.0,0,SSO25Hz_M03,Experiment D: existing + normalized V/I,ExtraTrees,ThreePhase,11
400,ieee14,LLG,11,10.0,45,NoSSO,Experiment D: existing + normalized V/I,ExtraTrees,SLG,11
401,ieee14,LLG,11,10.0,45,SSO25Hz_M01,Experiment D: existing + normalized V/I,ExtraTrees,SLG,11
402,ieee14,LLG,11,10.0,45,SSO25Hz_M03,Experiment D: existing + normalized V/I,ExtraTrees,ThreePhase,11
403,ieee14,LLG,11,10.0,90,NoSSO,Experiment D: existing + normalized V/I,ExtraTrees,ThreePhase,11
404,ieee14,LLG,11,10.0,90,SSO25Hz_M01,Experiment D: existing + normalized V/I,ExtraTrees,ThreePhase,11
405,ieee14,LLG,11,10.0,90,SSO25Hz_M03,Experiment D: existing + normalized V/I,ExtraTrees,ThreePhase,11
424,ieee14,ThreePhase,11,10.0,0,NoSSO,Experiment D: existing + normalized V/I,ExtraTrees,ThreePhase,11
425,ieee14,ThreePhase,11,10.0,0,SSO25Hz_M01,Experiment D: existing + normalized V/I,ExtraTrees,ThreePhase,11
426,ieee14,ThreePhase,11,10.0,0,SSO25Hz_M03,Experiment D: existing + normalized V/I,ExtraTrees,ThreePhase,11
427,ieee14,ThreePhase,11,10.0,45,NoSSO,Experiment D: existing + normalized V/I,ExtraTrees,ThreePhase,11
428,ieee14,ThreePhase,11,10.0,45,SSO25Hz_M01,Experiment D: existing + normalized V/I,ExtraTrees,ThreePhase,11
429,ieee14,ThreePhase,11,10.0,45,SSO25Hz_M03,Experiment D: existing + normalized V/I,ExtraTrees,ThreePhase,11
430,ieee14,ThreePhase,11,10.0,90,NoSSO,Experiment D: existing + normalized V/I,ExtraTrees,ThreePhase,11
431,ieee14,ThreePhase,11,10.0,90,SSO25Hz_M01,Experiment D: existing + normalized V/I,ExtraTrees,ThreePhase,11
432,ieee14,ThreePhase,11,10.0,90,SSO25Hz_M03,Experiment D: existing + normalized V/I,ExtraTrees,ThreePhase,11
451,ieee14,SLG,14,10.0,0,NoSSO,Experiment D: existing + normalized V/I,ExtraTrees,SLG,14
452,ieee14,SLG,14,10.0,0,SSO25Hz_M01,Experiment D: existing + normalized V/I,ExtraTrees,ThreePhase,14
453,ieee14,SLG,14,10.0,0,SSO25Hz_M03,Experiment D: existing + normalized V/I,ExtraTrees,ThreePhase,14
454,ieee14,SLG,14,10.0,45,NoSSO,Experiment D: existing + normalized V/I,ExtraTrees,SLG,14
455,ieee14,SLG,14,10.0,45,SSO25Hz_M01,Experiment D: existing + normalized V/I,ExtraTrees,SLG,14
456,ieee14,SLG,14,10.0,45,SSO25Hz_M03,Experiment D: existing + normalized V/I,ExtraTrees,SLG,14
457,ieee14,SLG,14,10.0,90,NoSSO,Experiment D: existing + normalized V/I,ExtraTrees,SLG,14
458,ieee14,SLG,14,10.0,90,SSO25Hz_M01,Experiment D: existing + normalized V/I,ExtraTrees,SLG,14
459,ieee14,SLG,14,10.0,90,SSO25Hz_M03,Experiment D: existing + normalized V/I,ExtraTrees,ThreePhase,14
478,ieee14,LL,14,10.0,0,NoSSO,Experiment D: existing + normalized V/I,ExtraTrees,LL,14
479,ieee14,LL,14,10.0,0,SSO25Hz_M01,Experiment D: existing + normalized V/I,ExtraTrees,LL,14
480,ieee14,LL,14,10.0,0,SSO25Hz_M03,Experiment D: existing + normalized V/I,ExtraTrees,ThreePhase,14
481,ieee14,LL,14,10.0,45,NoSSO,Experiment D: existing + normalized V/I,ExtraTrees,LL,14
482,ieee14,LL,14,10.0,45,SSO25Hz_M01,Experiment D: existing + normalized V/I,ExtraTrees,LL,14
483,ieee14,LL,14,10.0,45,SSO25Hz_M03,Experiment D: existing + normalized V/I,ExtraTrees,ThreePhase,14
484,ieee14,LL,14,10.0,90,NoSSO,Experiment D: existing + normalized V/I,ExtraTrees,ThreePhase,14
485,ieee14,LL,14,10.0,90,SSO25Hz_M01,Experiment D: existing + normalized V/I,ExtraTrees,ThreePhase,14
486,ieee14,LL,14,10.0,90,SSO25Hz_M03,Experiment D: existing + normalized V/I,ExtraTrees,ThreePhase,14
505,ieee14,LLG,14,10.0,0,NoSSO,Experiment D: existing + normalized V/I,ExtraTrees,ThreePhase,14
506,ieee14,LLG,14,10.0,0,SSO25Hz_M01,Experiment D: existing + normalized V/I,ExtraTrees,ThreePhase,14
507,ieee14,LLG,14,10.0,0,SSO25Hz_M03,Experiment D: existing + normalized V/I,ExtraTrees,ThreePhase,14
508,ieee14,LLG,14,10.0,45,NoSSO,Experiment D: existing + normalized V/I,ExtraTrees,ThreePhase,14
509,ieee14,LLG,14,10.0,45,SSO25Hz_M01,Experiment D: existing + normalized V/I,ExtraTrees,ThreePhase,14
510,ieee14,LLG,14,10.0,45,SSO25Hz_M03,Experiment D: existing + normalized V/I,ExtraTrees,ThreePhase,14
511,ieee14,LLG,14,10.0,90,NoSSO,Experiment D: existing + normalized V/I,ExtraTrees,ThreePhase,14
512,ieee14,LLG,14,10.0,90,SSO25Hz_M01,Experiment D: existing + normalized V/I,ExtraTrees,ThreePhase,14
513,ieee14,LLG,14,10.0,90,SSO25Hz_M03,Experiment D: existing + normalized V/I,ExtraTrees,ThreePhase,14
532,ieee14,ThreePhase,14,10.0,0,NoSSO,Experiment D: existing + normalized V/I,ExtraTrees,ThreePhase,14
533,ieee14,ThreePhase,14,10.0,0,SSO25Hz_M01,Experiment D: existing + normalized V/I,ExtraTrees,ThreePhase,14
534,ieee14,ThreePhase,14,10.0,0,SSO25Hz_M03,Experiment D: existing + normalized V/I,ExtraTrees,ThreePhase,14
535,ieee14,ThreePhase,14,10.0,45,NoSSO,Experiment D: existing + normalized V/I,ExtraTrees,ThreePhase,14
536,ieee14,ThreePhase,14,10.0,45,SSO25Hz_M01,Experiment D: existing + normalized V/I,ExtraTrees,ThreePhase,14
537,ieee14,ThreePhase,14,10.0,45,SSO25Hz_M03,Experiment D: existing + normalized V/I,ExtraTrees,ThreePhase,14
538,ieee14,ThreePhase,14,10.0,90,NoSSO,Experiment D: existing + normalized V/I,ExtraTrees,ThreePhase,14
539,ieee14,ThreePhase,14,10.0,90,SSO25Hz_M01,Experiment D: existing + normalized V/I,ExtraTrees,ThreePhase,14
540,ieee14,ThreePhase,14,10.0,90,SSO25Hz_M03,Experiment D: existing + normalized V/I,ExtraTrees,ThreePhase,14
19,ieee14,SLG,2,10.0,0,NoSSO,Experiment E: existing + normalized V/I + rank,RandomForest,ThreePhase,2
20,ieee14,SLG,2,10.0,0,SSO25Hz_M01,Experiment E: existing + normalized V/I + rank,RandomForest,ThreePhase,2
21,ieee14,SLG,2,10.0,0,SSO25Hz_M03,Experiment E: existing + normalized V/I + rank,RandomForest,ThreePhase,2
22,ieee14,SLG,2,10.0,45,NoSSO,Experiment E: existing + normalized V/I + rank,RandomForest,ThreePhase,2
23,ieee14,SLG,2,10.0,45,SSO25Hz_M01,Experiment E: existing + normalized V/I + rank,RandomForest,ThreePhase,2
24,ieee14,SLG,2,10.0,45,SSO25Hz_M03,Experiment E: existing + normalized V/I + rank,RandomForest,ThreePhase,2
25,ieee14,SLG,2,10.0,90,NoSSO,Experiment E: existing + normalized V/I + rank,RandomForest,ThreePhase,2
26,ieee14,SLG,2,10.0,90,SSO25Hz_M01,Experiment E: existing + normalized V/I + rank,RandomForest,ThreePhase,2
27,ieee14,SLG,2,10.0,90,SSO25Hz_M03,Experiment E: existing + normalized V/I + rank,RandomForest,ThreePhase,2
46,ieee14,LL,2,10.0,0,NoSSO,Experiment E: existing + normalized V/I + rank,RandomForest,ThreePhase,2
47,ieee14,LL,2,10.0,0,SSO25Hz_M01,Experiment E: existing + normalized V/I + rank,RandomForest,ThreePhase,2
48,ieee14,LL,2,10.0,0,SSO25Hz_M03,Experiment E: existing + normalized V/I + rank,RandomForest,ThreePhase,2
49,ieee14,LL,2,10.0,45,NoSSO,Experiment E: existing + normalized V/I + rank,RandomForest,ThreePhase,2
50,ieee14,LL,2,10.0,45,SSO25Hz_M01,Experiment E: existing + normalized V/I + rank,RandomForest,ThreePhase,2
51,ieee14,LL,2,10.0,45,SSO25Hz_M03,Experiment E: existing + normalized V/I + rank,RandomForest,ThreePhase,2
52,ieee14,LL,2,10.0,90,NoSSO,Experiment E: existing + normalized V/I + rank,RandomForest,ThreePhase,2
53,ieee14,LL,2,10.0,90,SSO25Hz_M01,Experiment E: existing + normalized V/I + rank,RandomForest,ThreePhase,2
54,ieee14,LL,2,10.0,90,SSO25Hz_M03,Experiment E: existing + normalized V/I + rank,RandomForest,ThreePhase,2
73,ieee14,LLG,2,10.0,0,NoSSO,Experiment E: existing + normalized V/I + rank,RandomForest,ThreePhase,2
74,ieee14,LLG,2,10.0,0,SSO25Hz_M01,Experiment E: existing + normalized V/I + rank,RandomForest,ThreePhase,2
75,ieee14,LLG,2,10.0,0,SSO25Hz_M03,Experiment E: existing + normalized V/I + rank,RandomForest,ThreePhase,2
76,ieee14,LLG,2,10.0,45,NoSSO,Experiment E: existing + normalized V/I + rank,RandomForest,ThreePhase,2
77,ieee14,LLG,2,10.0,45,SSO25Hz_M01,Experiment E: existing + normalized V/I + rank,RandomForest,ThreePhase,2
78,ieee14,LLG,2,10.0,45,SSO25Hz_M03,Experiment E: existing + normalized V/I + rank,RandomForest,ThreePhase,2
79,ieee14,LLG,2,10.0,90,NoSSO,Experiment E: existing + normalized V/I + rank,RandomForest,ThreePhase,2
80,ieee14,LLG,2,10.0,90,SSO25Hz_M01,Experiment E: existing + normalized V/I + rank,RandomForest,ThreePhase,2
81,ieee14,LLG,2,10.0,90,SSO25Hz_M03,Experiment E: existing + normalized V/I + rank,RandomForest,ThreePhase,2
100,ieee14,ThreePhase,2,10.0,0,NoSSO,Experiment E: existing + normalized V/I + rank,RandomForest,ThreePhase,2
101,ieee14,ThreePhase,2,10.0,0,SSO25Hz_M01,Experiment E: existing + normalized V/I + rank,RandomForest,ThreePhase,2
102,ieee14,ThreePhase,2,10.0,0,SSO25Hz_M03,Experiment E: existing + normalized V/I + rank,RandomForest,ThreePhase,2
103,ieee14,ThreePhase,2,10.0,45,NoSSO,Experiment E: existing + normalized V/I + rank,RandomForest,ThreePhase,2
104,ieee14,ThreePhase,2,10.0,45,SSO25Hz_M01,Experiment E: existing + normalized V/I + rank,RandomForest,ThreePhase,2
105,ieee14,ThreePhase,2,10.0,45,SSO25Hz_M03,Experiment E: existing + normalized V/I + rank,RandomForest,ThreePhase,2
106,ieee14,ThreePhase,2,10.0,90,NoSSO,Experiment E: existing + normalized V/I + rank,RandomForest,ThreePhase,2
107,ieee14,ThreePhase,2,10.0,90,SSO25Hz_M01,Experiment E: existing + normalized V/I + rank,RandomForest,ThreePhase,2
108,ieee14,ThreePhase,2,10.0,90,SSO25Hz_M03,Experiment E: existing + normalized V/I + rank,RandomForest,ThreePhase,2
127,ieee14,SLG,6,10.0,0,NoSSO,Experiment E: existing + normalized V/I + rank,RandomForest,ThreePhase,6
128,ieee14,SLG,6,10.0,0,SSO25Hz_M01,Experiment E: existing + normalized V/I + rank,RandomForest,ThreePhase,6
129,ieee14,SLG,6,10.0,0,SSO25Hz_M03,Experiment E: existing + normalized V/I + rank,RandomForest,ThreePhase,14
130,ieee14,SLG,6,10.0,45,NoSSO,Experiment E: existing + normalized V/I + rank,RandomForest,ThreePhase,6
131,ieee14,SLG,6,10.0,45,SSO25Hz_M01,Experiment E: existing + normalized V/I + rank,RandomForest,ThreePhase,6
132,ieee14,SLG,6,10.0,45,SSO25Hz_M03,Experiment E: existing + normalized V/I + rank,RandomForest,ThreePhase,6
133,ieee14,SLG,6,10.0,90,NoSSO,Experiment E: existing + normalized V/I + rank,RandomForest,ThreePhase,6
134,ieee14,SLG,6,10.0,90,SSO25Hz_M01,Experiment E: existing + normalized V/I + rank,RandomForest,ThreePhase,6
135,ieee14,SLG,6,10.0,90,SSO25Hz_M03,Experiment E: existing + normalized V/I + rank,RandomForest,ThreePhase,6
154,ieee14,LL,6,10.0,0,NoSSO,Experiment E: existing + normalized V/I + rank,RandomForest,ThreePhase,6
155,ieee14,LL,6,10.0,0,SSO25Hz_M01,Experiment E: existing + normalized V/I + rank,RandomForest,ThreePhase,6
156,ieee14,LL,6,10.0,0,SSO25Hz_M03,Experiment E: existing + normalized V/I + rank,RandomForest,ThreePhase,6
157,ieee14,LL,6,10.0,45,NoSSO,Experiment E: existing + normalized V/I + rank,RandomForest,ThreePhase,6
158,ieee14,LL,6,10.0,45,SSO25Hz_M01,Experiment E: existing + normalized V/I + rank,RandomForest,ThreePhase,6
159,ieee14,LL,6,10.0,45,SSO25Hz_M03,Experiment E: existing + normalized V/I + rank,RandomForest,ThreePhase,6
160,ieee14,LL,6,10.0,90,NoSSO,Experiment E: existing + normalized V/I + rank,RandomForest,ThreePhase,6
161,ieee14,LL,6,10.0,90,SSO25Hz_M01,Experiment E: existing + normalized V/I + rank,RandomForest,ThreePhase,6
162,ieee14,LL,6,10.0,90,SSO25Hz_M03,Experiment E: existing + normalized V/I + rank,RandomForest,ThreePhase,6
181,ieee14,LLG,6,10.0,0,NoSSO,Experiment E: existing + normalized V/I + rank,RandomForest,ThreePhase,6
182,ieee14,LLG,6,10.0,0,SSO25Hz_M01,Experiment E: existing + normalized V/I + rank,RandomForest,ThreePhase,6
183,ieee14,LLG,6,10.0,0,SSO25Hz_M03,Experiment E: existing + normalized V/I + rank,RandomForest,ThreePhase,6
184,ieee14,LLG,6,10.0,45,NoSSO,Experiment E: existing + normalized V/I + rank,RandomForest,ThreePhase,6
185,ieee14,LLG,6,10.0,45,SSO25Hz_M01,Experiment E: existing + normalized V/I + rank,RandomForest,ThreePhase,6
186,ieee14,LLG,6,10.0,45,SSO25Hz_M03,Experiment E: existing + normalized V/I + rank,RandomForest,ThreePhase,6
187,ieee14,LLG,6,10.0,90,NoSSO,Experiment E: existing + normalized V/I + rank,RandomForest,ThreePhase,6
188,ieee14,LLG,6,10.0,90,SSO25Hz_M01,Experiment E: existing + normalized V/I + rank,RandomForest,ThreePhase,6
189,ieee14,LLG,6,10.0,90,SSO25Hz_M03,Experiment E: existing + normalized V/I + rank,RandomForest,ThreePhase,6
208,ieee14,ThreePhase,6,10.0,0,NoSSO,Experiment E: existing + normalized V/I + rank,RandomForest,ThreePhase,6
209,ieee14,ThreePhase,6,10.0,0,SSO25Hz_M01,Experiment E: existing + normalized V/I + rank,RandomForest,ThreePhase,6
210,ieee14,ThreePhase,6,10.0,0,SSO25Hz_M03,Experiment E: existing + normalized V/I + rank,RandomForest,ThreePhase,6
211,ieee14,ThreePhase,6,10.0,45,NoSSO,Experiment E: existing + normalized V/I + rank,RandomForest,ThreePhase,6
212,ieee14,ThreePhase,6,10.0,45,SSO25Hz_M01,Experiment E: existing + normalized V/I + rank,RandomForest,ThreePhase,6
213,ieee14,ThreePhase,6,10.0,45,SSO25Hz_M03,Experiment E: existing + normalized V/I + rank,RandomForest,ThreePhase,6
214,ieee14,ThreePhase,6,10.0,90,NoSSO,Experiment E: existing + normalized V/I + rank,RandomForest,ThreePhase,6
215,ieee14,ThreePhase,6,10.0,90,SSO25Hz_M01,Experiment E: existing + normalized V/I + rank,RandomForest,ThreePhase,6
216,ieee14,ThreePhase,6,10.0,90,SSO25Hz_M03,Experiment E: existing + normalized V/I + rank,RandomForest,ThreePhase,6
235,ieee14,SLG,9,10.0,0,NoSSO,Experiment E: existing + normalized V/I + rank,RandomForest,ThreePhase,9
236,ieee14,SLG,9,10.0,0,SSO25Hz_M01,Experiment E: existing + normalized V/I + rank,RandomForest,ThreePhase,9
237,ieee14,SLG,9,10.0,0,SSO25Hz_M03,Experiment E: existing + normalized V/I + rank,RandomForest,ThreePhase,9
238,ieee14,SLG,9,10.0,45,NoSSO,Experiment E: existing + normalized V/I + rank,RandomForest,ThreePhase,9
239,ieee14,SLG,9,10.0,45,SSO25Hz_M01,Experiment E: existing + normalized V/I + rank,RandomForest,ThreePhase,9
240,ieee14,SLG,9,10.0,45,SSO25Hz_M03,Experiment E: existing + normalized V/I + rank,RandomForest,ThreePhase,9
241,ieee14,SLG,9,10.0,90,NoSSO,Experiment E: existing + normalized V/I + rank,RandomForest,ThreePhase,9
242,ieee14,SLG,9,10.0,90,SSO25Hz_M01,Experiment E: existing + normalized V/I + rank,RandomForest,ThreePhase,9
243,ieee14,SLG,9,10.0,90,SSO25Hz_M03,Experiment E: existing + normalized V/I + rank,RandomForest,ThreePhase,9
262,ieee14,LL,9,10.0,0,NoSSO,Experiment E: existing + normalized V/I + rank,RandomForest,ThreePhase,9
263,ieee14,LL,9,10.0,0,SSO25Hz_M01,Experiment E: existing + normalized V/I + rank,RandomForest,ThreePhase,9
264,ieee14,LL,9,10.0,0,SSO25Hz_M03,Experiment E: existing + normalized V/I + rank,RandomForest,ThreePhase,9
265,ieee14,LL,9,10.0,45,NoSSO,Experiment E: existing + normalized V/I + rank,RandomForest,ThreePhase,9
266,ieee14,LL,9,10.0,45,SSO25Hz_M01,Experiment E: existing + normalized V/I + rank,RandomForest,ThreePhase,9
267,ieee14,LL,9,10.0,45,SSO25Hz_M03,Experiment E: existing + normalized V/I + rank,RandomForest,ThreePhase,9
268,ieee14,LL,9,10.0,90,NoSSO,Experiment E: existing + normalized V/I + rank,RandomForest,ThreePhase,9
269,ieee14,LL,9,10.0,90,SSO25Hz_M01,Experiment E: existing + normalized V/I + rank,RandomForest,ThreePhase,9
270,ieee14,LL,9,10.0,90,SSO25Hz_M03,Experiment E: existing + normalized V/I + rank,RandomForest,ThreePhase,9
289,ieee14,LLG,9,10.0,0,NoSSO,Experiment E: existing + normalized V/I + rank,RandomForest,ThreePhase,9
290,ieee14,LLG,9,10.0,0,SSO25Hz_M01,Experiment E: existing + normalized V/I + rank,RandomForest,ThreePhase,9
291,ieee14,LLG,9,10.0,0,SSO25Hz_M03,Experiment E: existing + normalized V/I + rank,RandomForest,ThreePhase,9
292,ieee14,LLG,9,10.0,45,NoSSO,Experiment E: existing + normalized V/I + rank,RandomForest,ThreePhase,9
293,ieee14,LLG,9,10.0,45,SSO25Hz_M01,Experiment E: existing + normalized V/I + rank,RandomForest,ThreePhase,9
294,ieee14,LLG,9,10.0,45,SSO25Hz_M03,Experiment E: existing + normalized V/I + rank,RandomForest,ThreePhase,9
295,ieee14,LLG,9,10.0,90,NoSSO,Experiment E: existing + normalized V/I + rank,RandomForest,ThreePhase,9
296,ieee14,LLG,9,10.0,90,SSO25Hz_M01,Experiment E: existing + normalized V/I + rank,RandomForest,ThreePhase,9
297,ieee14,LLG,9,10.0,90,SSO25Hz_M03,Experiment E: existing + normalized V/I + rank,RandomForest,ThreePhase,9
316,ieee14,ThreePhase,9,10.0,0,NoSSO,Experiment E: existing + normalized V/I + rank,RandomForest,ThreePhase,9
317,ieee14,ThreePhase,9,10.0,0,SSO25Hz_M01,Experiment E: existing + normalized V/I + rank,RandomForest,ThreePhase,9
318,ieee14,ThreePhase,9,10.0,0,SSO25Hz_M03,Experiment E: existing + normalized V/I + rank,RandomForest,ThreePhase,9
319,ieee14,ThreePhase,9,10.0,45,NoSSO,Experiment E: existing + normalized V/I + rank,RandomForest,ThreePhase,9
320,ieee14,ThreePhase,9,10.0,45,SSO25Hz_M01,Experiment E: existing + normalized V/I + rank,RandomForest,ThreePhase,9
321,ieee14,ThreePhase,9,10.0,45,SSO25Hz_M03,Experiment E: existing + normalized V/I + rank,RandomForest,ThreePhase,9
322,ieee14,ThreePhase,9,10.0,90,NoSSO,Experiment E: existing + normalized V/I + rank,RandomForest,ThreePhase,9
323,ieee14,ThreePhase,9,10.0,90,SSO25Hz_M01,Experiment E: existing + normalized V/I + rank,RandomForest,ThreePhase,9
324,ieee14,ThreePhase,9,10.0,90,SSO25Hz_M03,Experiment E: existing + normalized V/I + rank,RandomForest,ThreePhase,9
343,ieee14,SLG,11,10.0,0,NoSSO,Experiment E: existing + normalized V/I + rank,RandomForest,ThreePhase,11
344,ieee14,SLG,11,10.0,0,SSO25Hz_M01,Experiment E: existing + normalized V/I + rank,RandomForest,ThreePhase,11
345,ieee14,SLG,11,10.0,0,SSO25Hz_M03,Experiment E: existing + normalized V/I + rank,RandomForest,ThreePhase,11
346,ieee14,SLG,11,10.0,45,NoSSO,Experiment E: existing + normalized V/I + rank,RandomForest,ThreePhase,11
347,ieee14,SLG,11,10.0,45,SSO25Hz_M01,Experiment E: existing + normalized V/I + rank,RandomForest,ThreePhase,11
348,ieee14,SLG,11,10.0,45,SSO25Hz_M03,Experiment E: existing + normalized V/I + rank,RandomForest,ThreePhase,11
349,ieee14,SLG,11,10.0,90,NoSSO,Experiment E: existing + normalized V/I + rank,RandomForest,ThreePhase,11
350,ieee14,SLG,11,10.0,90,SSO25Hz_M01,Experiment E: existing + normalized V/I + rank,RandomForest,ThreePhase,11
351,ieee14,SLG,11,10.0,90,SSO25Hz_M03,Experiment E: existing + normalized V/I + rank,RandomForest,ThreePhase,11
370,ieee14,LL,11,10.0,0,NoSSO,Experiment E: existing + normalized V/I + rank,RandomForest,ThreePhase,11
371,ieee14,LL,11,10.0,0,SSO25Hz_M01,Experiment E: existing + normalized V/I + rank,RandomForest,ThreePhase,11
372,ieee14,LL,11,10.0,0,SSO25Hz_M03,Experiment E: existing + normalized V/I + rank,RandomForest,ThreePhase,11
373,ieee14,LL,11,10.0,45,NoSSO,Experiment E: existing + normalized V/I + rank,RandomForest,ThreePhase,11
374,ieee14,LL,11,10.0,45,SSO25Hz_M01,Experiment E: existing + normalized V/I + rank,RandomForest,ThreePhase,11
375,ieee14,LL,11,10.0,45,SSO25Hz_M03,Experiment E: existing + normalized V/I + rank,RandomForest,ThreePhase,11
376,ieee14,LL,11,10.0,90,NoSSO,Experiment E: existing + normalized V/I + rank,RandomForest,ThreePhase,11
377,ieee14,LL,11,10.0,90,SSO25Hz_M01,Experiment E: existing + normalized V/I + rank,RandomForest,ThreePhase,11
378,ieee14,LL,11,10.0,90,SSO25Hz_M03,Experiment E: existing + normalized V/I + rank,RandomForest,ThreePhase,11
397,ieee14,LLG,11,10.0,0,NoSSO,Experiment E: existing + normalized V/I + rank,RandomForest,ThreePhase,11
398,ieee14,LLG,11,10.0,0,SSO25Hz_M01,Experiment E: existing + normalized V/I + rank,RandomForest,ThreePhase,11
399,ieee14,LLG,11,10.0,0,SSO25Hz_M03,Experiment E: existing + normalized V/I + rank,RandomForest,ThreePhase,11
400,ieee14,LLG,11,10.0,45,NoSSO,Experiment E: existing + normalized V/I + rank,RandomForest,ThreePhase,11
401,ieee14,LLG,11,10.0,45,SSO25Hz_M01,Experiment E: existing + normalized V/I + rank,RandomForest,ThreePhase,11
402,ieee14,LLG,11,10.0,45,SSO25Hz_M03,Experiment E: existing + normalized V/I + rank,RandomForest,ThreePhase,11
403,ieee14,LLG,11,10.0,90,NoSSO,Experiment E: existing + normalized V/I + rank,RandomForest,ThreePhase,11
404,ieee14,LLG,11,10.0,90,SSO25Hz_M01,Experiment E: existing + normalized V/I + rank,RandomForest,ThreePhase,11
405,ieee14,LLG,11,10.0,90,SSO25Hz_M03,Experiment E: existing + normalized V/I + rank,RandomForest,ThreePhase,11
424,ieee14,ThreePhase,11,10.0,0,NoSSO,Experiment E: existing + normalized V/I + rank,RandomForest,ThreePhase,11
425,ieee14,ThreePhase,11,10.0,0,SSO25Hz_M01,Experiment E: existing + normalized V/I + rank,RandomForest,ThreePhase,11
426,ieee14,ThreePhase,11,10.0,0,SSO25Hz_M03,Experiment E: existing + normalized V/I + rank,RandomForest,ThreePhase,11
427,ieee14,ThreePhase,11,10.0,45,NoSSO,Experiment E: existing + normalized V/I + rank,RandomForest,ThreePhase,11
428,ieee14,ThreePhase,11,10.0,45,SSO25Hz_M01,Experiment E: existing + normalized V/I + rank,RandomForest,ThreePhase,11
429,ieee14,ThreePhase,11,10.0,45,SSO25Hz_M03,Experiment E: existing + normalized V/I + rank,RandomForest,ThreePhase,11
430,ieee14,ThreePhase,11,10.0,90,NoSSO,Experiment E: existing + normalized V/I + rank,RandomForest,ThreePhase,11
431,ieee14,ThreePhase,11,10.0,90,SSO25Hz_M01,Experiment E: existing + normalized V/I + rank,RandomForest,ThreePhase,11
432,ieee14,ThreePhase,11,10.0,90,SSO25Hz_M03,Experiment E: existing + normalized V/I + rank,RandomForest,ThreePhase,11
451,ieee14,SLG,14,10.0,0,NoSSO,Experiment E: existing + normalized V/I + rank,RandomForest,ThreePhase,14
452,ieee14,SLG,14,10.0,0,SSO25Hz_M01,Experiment E: existing + normalized V/I + rank,RandomForest,ThreePhase,14
453,ieee14,SLG,14,10.0,0,SSO25Hz_M03,Experiment E: existing + normalized V/I + rank,RandomForest,ThreePhase,14
454,ieee14,SLG,14,10.0,45,NoSSO,Experiment E: existing + normalized V/I + rank,RandomForest,ThreePhase,14
455,ieee14,SLG,14,10.0,45,SSO25Hz_M01,Experiment E: existing + normalized V/I + rank,RandomForest,ThreePhase,14
456,ieee14,SLG,14,10.0,45,SSO25Hz_M03,Experiment E: existing + normalized V/I + rank,RandomForest,ThreePhase,14
457,ieee14,SLG,14,10.0,90,NoSSO,Experiment E: existing + normalized V/I + rank,RandomForest,ThreePhase,14
458,ieee14,SLG,14,10.0,90,SSO25Hz_M01,Experiment E: existing + normalized V/I + rank,RandomForest,ThreePhase,14
459,ieee14,SLG,14,10.0,90,SSO25Hz_M03,Experiment E: existing + normalized V/I + rank,RandomForest,ThreePhase,14
478,ieee14,LL,14,10.0,0,NoSSO,Experiment E: existing + normalized V/I + rank,RandomForest,ThreePhase,14
479,ieee14,LL,14,10.0,0,SSO25Hz_M01,Experiment E: existing + normalized V/I + rank,RandomForest,ThreePhase,14
480,ieee14,LL,14,10.0,0,SSO25Hz_M03,Experiment E: existing + normalized V/I + rank,RandomForest,ThreePhase,14
481,ieee14,LL,14,10.0,45,NoSSO,Experiment E: existing + normalized V/I + rank,RandomForest,ThreePhase,14
482,ieee14,LL,14,10.0,45,SSO25Hz_M01,Experiment E: existing + normalized V/I + rank,RandomForest,ThreePhase,14
483,ieee14,LL,14,10.0,45,SSO25Hz_M03,Experiment E: existing + normalized V/I + rank,RandomForest,ThreePhase,14
484,ieee14,LL,14,10.0,90,NoSSO,Experiment E: existing + normalized V/I + rank,RandomForest,ThreePhase,14
485,ieee14,LL,14,10.0,90,SSO25Hz_M01,Experiment E: existing + normalized V/I + rank,RandomForest,ThreePhase,14
486,ieee14,LL,14,10.0,90,SSO25Hz_M03,Experiment E: existing + normalized V/I + rank,RandomForest,ThreePhase,14
505,ieee14,LLG,14,10.0,0,NoSSO,Experiment E: existing + normalized V/I + rank,RandomForest,ThreePhase,14
506,ieee14,LLG,14,10.0,0,SSO25Hz_M01,Experiment E: existing + normalized V/I + rank,RandomForest,ThreePhase,14
507,ieee14,LLG,14,10.0,0,SSO25Hz_M03,Experiment E: existing + normalized V/I + rank,RandomForest,ThreePhase,14
508,ieee14,LLG,14,10.0,45,NoSSO,Experiment E: existing + normalized V/I + rank,RandomForest,ThreePhase,14
509,ieee14,LLG,14,10.0,45,SSO25Hz_M01,Experiment E: existing + normalized V/I + rank,RandomForest,ThreePhase,14
510,ieee14,LLG,14,10.0,45,SSO25Hz_M03,Experiment E: existing + normalized V/I + rank,RandomForest,ThreePhase,14
511,ieee14,LLG,14,10.0,90,NoSSO,Experiment E: existing + normalized V/I + rank,RandomForest,ThreePhase,14
512,ieee14,LLG,14,10.0,90,SSO25Hz_M01,Experiment E: existing + normalized V/I + rank,RandomForest,ThreePhase,14
513,ieee14,LLG,14,10.0,90,SSO25Hz_M03,Experiment E: existing + normalized V/I + rank,RandomForest,ThreePhase,14
532,ieee14,ThreePhase,14,10.0,0,NoSSO,Experiment E: existing + normalized V/I + rank,RandomForest,ThreePhase,14
533,ieee14,ThreePhase,14,10.0,0,SSO25Hz_M01,Experiment E: existing + normalized V/I + rank,RandomForest,ThreePhase,14
534,ieee14,ThreePhase,14,10.0,0,SSO25Hz_M03,Experiment E: existing + normalized V/I + rank,RandomForest,ThreePhase,14
535,ieee14,ThreePhase,14,10.0,45,NoSSO,Experiment E: existing + normalized V/I + rank,RandomForest,ThreePhase,14
536,ieee14,ThreePhase,14,10.0,45,SSO25Hz_M01,Experiment E: existing + normalized V/I + rank,RandomForest,ThreePhase,14
537,ieee14,ThreePhase,14,10.0,45,SSO25Hz_M03,Experiment E: existing + normalized V/I + rank,RandomForest,ThreePhase,14
538,ieee14,ThreePhase,14,10.0,90,NoSSO,Experiment E: existing + normalized V/I + rank,RandomForest,ThreePhase,14
539,ieee14,ThreePhase,14,10.0,90,SSO25Hz_M01,Experiment E: existing + normalized V/I + rank,RandomForest,ThreePhase,14
540,ieee14,ThreePhase,14,10.0,90,SSO25Hz_M03,Experiment E: existing + normalized V/I + rank,RandomForest,ThreePhase,14
19,ieee14,SLG,2,10.0,0,NoSSO,Experiment E: existing + normalized V/I + rank,ExtraTrees,SLG,2
20,ieee14,SLG,2,10.0,0,SSO25Hz_M01,Experiment E: existing + normalized V/I + rank,ExtraTrees,SLG,2
21,ieee14,SLG,2,10.0,0,SSO25Hz_M03,Experiment E: existing + normalized V/I + rank,ExtraTrees,SLG,2
22,ieee14,SLG,2,10.0,45,NoSSO,Experiment E: existing + normalized V/I + rank,ExtraTrees,SLG,2
23,ieee14,SLG,2,10.0,45,SSO25Hz_M01,Experiment E: existing + normalized V/I + rank,ExtraTrees,SLG,2
24,ieee14,SLG,2,10.0,45,SSO25Hz_M03,Experiment E: existing + normalized V/I + rank,ExtraTrees,SLG,2
25,ieee14,SLG,2,10.0,90,NoSSO,Experiment E: existing + normalized V/I + rank,ExtraTrees,SLG,2
26,ieee14,SLG,2,10.0,90,SSO25Hz_M01,Experiment E: existing + normalized V/I + rank,ExtraTrees,SLG,2
27,ieee14,SLG,2,10.0,90,SSO25Hz_M03,Experiment E: existing + normalized V/I + rank,ExtraTrees,SLG,2
46,ieee14,LL,2,10.0,0,NoSSO,Experiment E: existing + normalized V/I + rank,ExtraTrees,LL,2
47,ieee14,LL,2,10.0,0,SSO25Hz_M01,Experiment E: existing + normalized V/I + rank,ExtraTrees,LL,2
48,ieee14,LL,2,10.0,0,SSO25Hz_M03,Experiment E: existing + normalized V/I + rank,ExtraTrees,LL,2
49,ieee14,LL,2,10.0,45,NoSSO,Experiment E: existing + normalized V/I + rank,ExtraTrees,LL,2
50,ieee14,LL,2,10.0,45,SSO25Hz_M01,Experiment E: existing + normalized V/I + rank,ExtraTrees,LL,2
51,ieee14,LL,2,10.0,45,SSO25Hz_M03,Experiment E: existing + normalized V/I + rank,ExtraTrees,LL,2
52,ieee14,LL,2,10.0,90,NoSSO,Experiment E: existing + normalized V/I + rank,ExtraTrees,LL,2
53,ieee14,LL,2,10.0,90,SSO25Hz_M01,Experiment E: existing + normalized V/I + rank,ExtraTrees,LL,2
54,ieee14,LL,2,10.0,90,SSO25Hz_M03,Experiment E: existing + normalized V/I + rank,ExtraTrees,ThreePhase,2
73,ieee14,LLG,2,10.0,0,NoSSO,Experiment E: existing + normalized V/I + rank,ExtraTrees,SLG,2
74,ieee14,LLG,2,10.0,0,SSO25Hz_M01,Experiment E: existing + normalized V/I + rank,ExtraTrees,ThreePhase,2
75,ieee14,LLG,2,10.0,0,SSO25Hz_M03,Experiment E: existing + normalized V/I + rank,ExtraTrees,ThreePhase,2
76,ieee14,LLG,2,10.0,45,NoSSO,Experiment E: existing + normalized V/I + rank,ExtraTrees,SLG,2
77,ieee14,LLG,2,10.0,45,SSO25Hz_M01,Experiment E: existing + normalized V/I + rank,ExtraTrees,SLG,2
78,ieee14,LLG,2,10.0,45,SSO25Hz_M03,Experiment E: existing + normalized V/I + rank,ExtraTrees,SLG,2
79,ieee14,LLG,2,10.0,90,NoSSO,Experiment E: existing + normalized V/I + rank,ExtraTrees,ThreePhase,2
80,ieee14,LLG,2,10.0,90,SSO25Hz_M01,Experiment E: existing + normalized V/I + rank,ExtraTrees,ThreePhase,2
81,ieee14,LLG,2,10.0,90,SSO25Hz_M03,Experiment E: existing + normalized V/I + rank,ExtraTrees,ThreePhase,2
100,ieee14,ThreePhase,2,10.0,0,NoSSO,Experiment E: existing + normalized V/I + rank,ExtraTrees,ThreePhase,2
101,ieee14,ThreePhase,2,10.0,0,SSO25Hz_M01,Experiment E: existing + normalized V/I + rank,ExtraTrees,ThreePhase,2
102,ieee14,ThreePhase,2,10.0,0,SSO25Hz_M03,Experiment E: existing + normalized V/I + rank,ExtraTrees,ThreePhase,2
103,ieee14,ThreePhase,2,10.0,45,NoSSO,Experiment E: existing + normalized V/I + rank,ExtraTrees,ThreePhase,2
104,ieee14,ThreePhase,2,10.0,45,SSO25Hz_M01,Experiment E: existing + normalized V/I + rank,ExtraTrees,ThreePhase,2
105,ieee14,ThreePhase,2,10.0,45,SSO25Hz_M03,Experiment E: existing + normalized V/I + rank,ExtraTrees,ThreePhase,2
106,ieee14,ThreePhase,2,10.0,90,NoSSO,Experiment E: existing + normalized V/I + rank,ExtraTrees,ThreePhase,2
107,ieee14,ThreePhase,2,10.0,90,SSO25Hz_M01,Experiment E: existing + normalized V/I + rank,ExtraTrees,ThreePhase,2
108,ieee14,ThreePhase,2,10.0,90,SSO25Hz_M03,Experiment E: existing + normalized V/I + rank,ExtraTrees,ThreePhase,2
127,ieee14,SLG,6,10.0,0,NoSSO,Experiment E: existing + normalized V/I + rank,ExtraTrees,SLG,6
128,ieee14,SLG,6,10.0,0,SSO25Hz_M01,Experiment E: existing + normalized V/I + rank,ExtraTrees,SLG,6
129,ieee14,SLG,6,10.0,0,SSO25Hz_M03,Experiment E: existing + normalized V/I + rank,ExtraTrees,SLG,6
130,ieee14,SLG,6,10.0,45,NoSSO,Experiment E: existing + normalized V/I + rank,ExtraTrees,SLG,6
131,ieee14,SLG,6,10.0,45,SSO25Hz_M01,Experiment E: existing + normalized V/I + rank,ExtraTrees,SLG,6
132,ieee14,SLG,6,10.0,45,SSO25Hz_M03,Experiment E: existing + normalized V/I + rank,ExtraTrees,SLG,6
133,ieee14,SLG,6,10.0,90,NoSSO,Experiment E: existing + normalized V/I + rank,ExtraTrees,SLG,6
134,ieee14,SLG,6,10.0,90,SSO25Hz_M01,Experiment E: existing + normalized V/I + rank,ExtraTrees,SLG,6
135,ieee14,SLG,6,10.0,90,SSO25Hz_M03,Experiment E: existing + normalized V/I + rank,ExtraTrees,SLG,6
154,ieee14,LL,6,10.0,0,NoSSO,Experiment E: existing + normalized V/I + rank,ExtraTrees,LL,6
155,ieee14,LL,6,10.0,0,SSO25Hz_M01,Experiment E: existing + normalized V/I + rank,ExtraTrees,LL,6
156,ieee14,LL,6,10.0,0,SSO25Hz_M03,Experiment E: existing + normalized V/I + rank,ExtraTrees,ThreePhase,6
157,ieee14,LL,6,10.0,45,NoSSO,Experiment E: existing + normalized V/I + rank,ExtraTrees,LL,6
158,ieee14,LL,6,10.0,45,SSO25Hz_M01,Experiment E: existing + normalized V/I + rank,ExtraTrees,LL,6
159,ieee14,LL,6,10.0,45,SSO25Hz_M03,Experiment E: existing + normalized V/I + rank,ExtraTrees,ThreePhase,6
160,ieee14,LL,6,10.0,90,NoSSO,Experiment E: existing + normalized V/I + rank,ExtraTrees,LL,6
161,ieee14,LL,6,10.0,90,SSO25Hz_M01,Experiment E: existing + normalized V/I + rank,ExtraTrees,LL,6
162,ieee14,LL,6,10.0,90,SSO25Hz_M03,Experiment E: existing + normalized V/I + rank,ExtraTrees,ThreePhase,6
181,ieee14,LLG,6,10.0,0,NoSSO,Experiment E: existing + normalized V/I + rank,ExtraTrees,ThreePhase,6
182,ieee14,LLG,6,10.0,0,SSO25Hz_M01,Experiment E: existing + normalized V/I + rank,ExtraTrees,ThreePhase,6
183,ieee14,LLG,6,10.0,0,SSO25Hz_M03,Experiment E: existing + normalized V/I + rank,ExtraTrees,ThreePhase,6
184,ieee14,LLG,6,10.0,45,NoSSO,Experiment E: existing + normalized V/I + rank,ExtraTrees,SLG,6
185,ieee14,LLG,6,10.0,45,SSO25Hz_M01,Experiment E: existing + normalized V/I + rank,ExtraTrees,ThreePhase,6
186,ieee14,LLG,6,10.0,45,SSO25Hz_M03,Experiment E: existing + normalized V/I + rank,ExtraTrees,ThreePhase,6
187,ieee14,LLG,6,10.0,90,NoSSO,Experiment E: existing + normalized V/I + rank,ExtraTrees,ThreePhase,6
188,ieee14,LLG,6,10.0,90,SSO25Hz_M01,Experiment E: existing + normalized V/I + rank,ExtraTrees,ThreePhase,6
189,ieee14,LLG,6,10.0,90,SSO25Hz_M03,Experiment E: existing + normalized V/I + rank,ExtraTrees,ThreePhase,6
208,ieee14,ThreePhase,6,10.0,0,NoSSO,Experiment E: existing + normalized V/I + rank,ExtraTrees,ThreePhase,6
209,ieee14,ThreePhase,6,10.0,0,SSO25Hz_M01,Experiment E: existing + normalized V/I + rank,ExtraTrees,ThreePhase,6
210,ieee14,ThreePhase,6,10.0,0,SSO25Hz_M03,Experiment E: existing + normalized V/I + rank,ExtraTrees,ThreePhase,6
211,ieee14,ThreePhase,6,10.0,45,NoSSO,Experiment E: existing + normalized V/I + rank,ExtraTrees,ThreePhase,6
212,ieee14,ThreePhase,6,10.0,45,SSO25Hz_M01,Experiment E: existing + normalized V/I + rank,ExtraTrees,ThreePhase,6
213,ieee14,ThreePhase,6,10.0,45,SSO25Hz_M03,Experiment E: existing + normalized V/I + rank,ExtraTrees,ThreePhase,6
214,ieee14,ThreePhase,6,10.0,90,NoSSO,Experiment E: existing + normalized V/I + rank,ExtraTrees,ThreePhase,6
215,ieee14,ThreePhase,6,10.0,90,SSO25Hz_M01,Experiment E: existing + normalized V/I + rank,ExtraTrees,ThreePhase,6
216,ieee14,ThreePhase,6,10.0,90,SSO25Hz_M03,Experiment E: existing + normalized V/I + rank,ExtraTrees,ThreePhase,6
235,ieee14,SLG,9,10.0,0,NoSSO,Experiment E: existing + normalized V/I + rank,ExtraTrees,SLG,9
236,ieee14,SLG,9,10.0,0,SSO25Hz_M01,Experiment E: existing + normalized V/I + rank,ExtraTrees,SLG,9
237,ieee14,SLG,9,10.0,0,SSO25Hz_M03,Experiment E: existing + normalized V/I + rank,ExtraTrees,SLG,9
238,ieee14,SLG,9,10.0,45,NoSSO,Experiment E: existing + normalized V/I + rank,ExtraTrees,SLG,9
239,ieee14,SLG,9,10.0,45,SSO25Hz_M01,Experiment E: existing + normalized V/I + rank,ExtraTrees,SLG,9
240,ieee14,SLG,9,10.0,45,SSO25Hz_M03,Experiment E: existing + normalized V/I + rank,ExtraTrees,SLG,9
241,ieee14,SLG,9,10.0,90,NoSSO,Experiment E: existing + normalized V/I + rank,ExtraTrees,SLG,9
242,ieee14,SLG,9,10.0,90,SSO25Hz_M01,Experiment E: existing + normalized V/I + rank,ExtraTrees,SLG,9
243,ieee14,SLG,9,10.0,90,SSO25Hz_M03,Experiment E: existing + normalized V/I + rank,ExtraTrees,SLG,9
262,ieee14,LL,9,10.0,0,NoSSO,Experiment E: existing + normalized V/I + rank,ExtraTrees,LL,9
263,ieee14,LL,9,10.0,0,SSO25Hz_M01,Experiment E: existing + normalized V/I + rank,ExtraTrees,LL,9
264,ieee14,LL,9,10.0,0,SSO25Hz_M03,Experiment E: existing + normalized V/I + rank,ExtraTrees,ThreePhase,9
265,ieee14,LL,9,10.0,45,NoSSO,Experiment E: existing + normalized V/I + rank,ExtraTrees,LL,9
266,ieee14,LL,9,10.0,45,SSO25Hz_M01,Experiment E: existing + normalized V/I + rank,ExtraTrees,LL,9
267,ieee14,LL,9,10.0,45,SSO25Hz_M03,Experiment E: existing + normalized V/I + rank,ExtraTrees,ThreePhase,9
268,ieee14,LL,9,10.0,90,NoSSO,Experiment E: existing + normalized V/I + rank,ExtraTrees,LL,9
269,ieee14,LL,9,10.0,90,SSO25Hz_M01,Experiment E: existing + normalized V/I + rank,ExtraTrees,LL,9
270,ieee14,LL,9,10.0,90,SSO25Hz_M03,Experiment E: existing + normalized V/I + rank,ExtraTrees,ThreePhase,9
289,ieee14,LLG,9,10.0,0,NoSSO,Experiment E: existing + normalized V/I + rank,ExtraTrees,SLG,9
290,ieee14,LLG,9,10.0,0,SSO25Hz_M01,Experiment E: existing + normalized V/I + rank,ExtraTrees,SLG,9
291,ieee14,LLG,9,10.0,0,SSO25Hz_M03,Experiment E: existing + normalized V/I + rank,ExtraTrees,SLG,9
292,ieee14,LLG,9,10.0,45,NoSSO,Experiment E: existing + normalized V/I + rank,ExtraTrees,SLG,9
293,ieee14,LLG,9,10.0,45,SSO25Hz_M01,Experiment E: existing + normalized V/I + rank,ExtraTrees,SLG,9
294,ieee14,LLG,9,10.0,45,SSO25Hz_M03,Experiment E: existing + normalized V/I + rank,ExtraTrees,SLG,9
295,ieee14,LLG,9,10.0,90,NoSSO,Experiment E: existing + normalized V/I + rank,ExtraTrees,ThreePhase,9
296,ieee14,LLG,9,10.0,90,SSO25Hz_M01,Experiment E: existing + normalized V/I + rank,ExtraTrees,ThreePhase,9
297,ieee14,LLG,9,10.0,90,SSO25Hz_M03,Experiment E: existing + normalized V/I + rank,ExtraTrees,ThreePhase,9
316,ieee14,ThreePhase,9,10.0,0,NoSSO,Experiment E: existing + normalized V/I + rank,ExtraTrees,ThreePhase,9
317,ieee14,ThreePhase,9,10.0,0,SSO25Hz_M01,Experiment E: existing + normalized V/I + rank,ExtraTrees,ThreePhase,9
318,ieee14,ThreePhase,9,10.0,0,SSO25Hz_M03,Experiment E: existing + normalized V/I + rank,ExtraTrees,ThreePhase,9
319,ieee14,ThreePhase,9,10.0,45,NoSSO,Experiment E: existing + normalized V/I + rank,ExtraTrees,ThreePhase,9
320,ieee14,ThreePhase,9,10.0,45,SSO25Hz_M01,Experiment E: existing + normalized V/I + rank,ExtraTrees,ThreePhase,9
321,ieee14,ThreePhase,9,10.0,45,SSO25Hz_M03,Experiment E: existing + normalized V/I + rank,ExtraTrees,ThreePhase,9
322,ieee14,ThreePhase,9,10.0,90,NoSSO,Experiment E: existing + normalized V/I + rank,ExtraTrees,ThreePhase,9
323,ieee14,ThreePhase,9,10.0,90,SSO25Hz_M01,Experiment E: existing + normalized V/I + rank,ExtraTrees,ThreePhase,9
324,ieee14,ThreePhase,9,10.0,90,SSO25Hz_M03,Experiment E: existing + normalized V/I + rank,ExtraTrees,ThreePhase,9
343,ieee14,SLG,11,10.0,0,NoSSO,Experiment E: existing + normalized V/I + rank,ExtraTrees,SLG,11
344,ieee14,SLG,11,10.0,0,SSO25Hz_M01,Experiment E: existing + normalized V/I + rank,ExtraTrees,SLG,11
345,ieee14,SLG,11,10.0,0,SSO25Hz_M03,Experiment E: existing + normalized V/I + rank,ExtraTrees,SLG,11
346,ieee14,SLG,11,10.0,45,NoSSO,Experiment E: existing + normalized V/I + rank,ExtraTrees,SLG,11
347,ieee14,SLG,11,10.0,45,SSO25Hz_M01,Experiment E: existing + normalized V/I + rank,ExtraTrees,SLG,11
348,ieee14,SLG,11,10.0,45,SSO25Hz_M03,Experiment E: existing + normalized V/I + rank,ExtraTrees,SLG,11
349,ieee14,SLG,11,10.0,90,NoSSO,Experiment E: existing + normalized V/I + rank,ExtraTrees,SLG,11
350,ieee14,SLG,11,10.0,90,SSO25Hz_M01,Experiment E: existing + normalized V/I + rank,ExtraTrees,SLG,11
351,ieee14,SLG,11,10.0,90,SSO25Hz_M03,Experiment E: existing + normalized V/I + rank,ExtraTrees,SLG,11
370,ieee14,LL,11,10.0,0,NoSSO,Experiment E: existing + normalized V/I + rank,ExtraTrees,LL,11
371,ieee14,LL,11,10.0,0,SSO25Hz_M01,Experiment E: existing + normalized V/I + rank,ExtraTrees,LL,11
372,ieee14,LL,11,10.0,0,SSO25Hz_M03,Experiment E: existing + normalized V/I + rank,ExtraTrees,ThreePhase,11
373,ieee14,LL,11,10.0,45,NoSSO,Experiment E: existing + normalized V/I + rank,ExtraTrees,LL,11
374,ieee14,LL,11,10.0,45,SSO25Hz_M01,Experiment E: existing + normalized V/I + rank,ExtraTrees,LL,11
375,ieee14,LL,11,10.0,45,SSO25Hz_M03,Experiment E: existing + normalized V/I + rank,ExtraTrees,ThreePhase,11
376,ieee14,LL,11,10.0,90,NoSSO,Experiment E: existing + normalized V/I + rank,ExtraTrees,LL,11
377,ieee14,LL,11,10.0,90,SSO25Hz_M01,Experiment E: existing + normalized V/I + rank,ExtraTrees,LL,11
378,ieee14,LL,11,10.0,90,SSO25Hz_M03,Experiment E: existing + normalized V/I + rank,ExtraTrees,ThreePhase,11
397,ieee14,LLG,11,10.0,0,NoSSO,Experiment E: existing + normalized V/I + rank,ExtraTrees,SLG,11
398,ieee14,LLG,11,10.0,0,SSO25Hz_M01,Experiment E: existing + normalized V/I + rank,ExtraTrees,SLG,11
399,ieee14,LLG,11,10.0,0,SSO25Hz_M03,Experiment E: existing + normalized V/I + rank,ExtraTrees,ThreePhase,11
400,ieee14,LLG,11,10.0,45,NoSSO,Experiment E: existing + normalized V/I + rank,ExtraTrees,SLG,11
401,ieee14,LLG,11,10.0,45,SSO25Hz_M01,Experiment E: existing + normalized V/I + rank,ExtraTrees,SLG,11
402,ieee14,LLG,11,10.0,45,SSO25Hz_M03,Experiment E: existing + normalized V/I + rank,ExtraTrees,SLG,11
403,ieee14,LLG,11,10.0,90,NoSSO,Experiment E: existing + normalized V/I + rank,ExtraTrees,ThreePhase,11
404,ieee14,LLG,11,10.0,90,SSO25Hz_M01,Experiment E: existing + normalized V/I + rank,ExtraTrees,ThreePhase,11
405,ieee14,LLG,11,10.0,90,SSO25Hz_M03,Experiment E: existing + normalized V/I + rank,ExtraTrees,ThreePhase,11
424,ieee14,ThreePhase,11,10.0,0,NoSSO,Experiment E: existing + normalized V/I + rank,ExtraTrees,ThreePhase,11
425,ieee14,ThreePhase,11,10.0,0,SSO25Hz_M01,Experiment E: existing + normalized V/I + rank,ExtraTrees,ThreePhase,11
426,ieee14,ThreePhase,11,10.0,0,SSO25Hz_M03,Experiment E: existing + normalized V/I + rank,ExtraTrees,ThreePhase,11
427,ieee14,ThreePhase,11,10.0,45,NoSSO,Experiment E: existing + normalized V/I + rank,ExtraTrees,ThreePhase,11
428,ieee14,ThreePhase,11,10.0,45,SSO25Hz_M01,Experiment E: existing + normalized V/I + rank,ExtraTrees,ThreePhase,11
429,ieee14,ThreePhase,11,10.0,45,SSO25Hz_M03,Experiment E: existing + normalized V/I + rank,ExtraTrees,ThreePhase,11
430,ieee14,ThreePhase,11,10.0,90,NoSSO,Experiment E: existing + normalized V/I + rank,ExtraTrees,ThreePhase,11
431,ieee14,ThreePhase,11,10.0,90,SSO25Hz_M01,Experiment E: existing + normalized V/I + rank,ExtraTrees,ThreePhase,11
432,ieee14,ThreePhase,11,10.0,90,SSO25Hz_M03,Experiment E: existing + normalized V/I + rank,ExtraTrees,ThreePhase,11
451,ieee14,SLG,14,10.0,0,NoSSO,Experiment E: existing + normalized V/I + rank,ExtraTrees,SLG,14
452,ieee14,SLG,14,10.0,0,SSO25Hz_M01,Experiment E: existing + normalized V/I + rank,ExtraTrees,SLG,14
453,ieee14,SLG,14,10.0,0,SSO25Hz_M03,Experiment E: existing + normalized V/I + rank,ExtraTrees,SLG,14
454,ieee14,SLG,14,10.0,45,NoSSO,Experiment E: existing + normalized V/I + rank,ExtraTrees,SLG,14
455,ieee14,SLG,14,10.0,45,SSO25Hz_M01,Experiment E: existing + normalized V/I + rank,ExtraTrees,SLG,14
456,ieee14,SLG,14,10.0,45,SSO25Hz_M03,Experiment E: existing + normalized V/I + rank,ExtraTrees,SLG,14
457,ieee14,SLG,14,10.0,90,NoSSO,Experiment E: existing + normalized V/I + rank,ExtraTrees,SLG,14
458,ieee14,SLG,14,10.0,90,SSO25Hz_M01,Experiment E: existing + normalized V/I + rank,ExtraTrees,SLG,14
459,ieee14,SLG,14,10.0,90,SSO25Hz_M03,Experiment E: existing + normalized V/I + rank,ExtraTrees,SLG,14
478,ieee14,LL,14,10.0,0,NoSSO,Experiment E: existing + normalized V/I + rank,ExtraTrees,LL,14
479,ieee14,LL,14,10.0,0,SSO25Hz_M01,Experiment E: existing + normalized V/I + rank,ExtraTrees,LL,14
480,ieee14,LL,14,10.0,0,SSO25Hz_M03,Experiment E: existing + normalized V/I + rank,ExtraTrees,ThreePhase,14
481,ieee14,LL,14,10.0,45,NoSSO,Experiment E: existing + normalized V/I + rank,ExtraTrees,LL,14
482,ieee14,LL,14,10.0,45,SSO25Hz_M01,Experiment E: existing + normalized V/I + rank,ExtraTrees,LL,14
483,ieee14,LL,14,10.0,45,SSO25Hz_M03,Experiment E: existing + normalized V/I + rank,ExtraTrees,ThreePhase,14
484,ieee14,LL,14,10.0,90,NoSSO,Experiment E: existing + normalized V/I + rank,ExtraTrees,LL,14
485,ieee14,LL,14,10.0,90,SSO25Hz_M01,Experiment E: existing + normalized V/I + rank,ExtraTrees,LL,14
486,ieee14,LL,14,10.0,90,SSO25Hz_M03,Experiment E: existing + normalized V/I + rank,ExtraTrees,ThreePhase,14
505,ieee14,LLG,14,10.0,0,NoSSO,Experiment E: existing + normalized V/I + rank,ExtraTrees,SLG,14
506,ieee14,LLG,14,10.0,0,SSO25Hz_M01,Experiment E: existing + normalized V/I + rank,ExtraTrees,SLG,14
507,ieee14,LLG,14,10.0,0,SSO25Hz_M03,Experiment E: existing + normalized V/I + rank,ExtraTrees,SLG,14
508,ieee14,LLG,14,10.0,45,NoSSO,Experiment E: existing + normalized V/I + rank,ExtraTrees,SLG,14
509,ieee14,LLG,14,10.0,45,SSO25Hz_M01,Experiment E: existing + normalized V/I + rank,ExtraTrees,SLG,14
510,ieee14,LLG,14,10.0,45,SSO25Hz_M03,Experiment E: existing + normalized V/I + rank,ExtraTrees,SLG,14
511,ieee14,LLG,14,10.0,90,NoSSO,Experiment E: existing + normalized V/I + rank,ExtraTrees,SLG,14
512,ieee14,LLG,14,10.0,90,SSO25Hz_M01,Experiment E: existing + normalized V/I + rank,ExtraTrees,SLG,14
513,ieee14,LLG,14,10.0,90,SSO25Hz_M03,Experiment E: existing + normalized V/I + rank,ExtraTrees,ThreePhase,14
532,ieee14,ThreePhase,14,10.0,0,NoSSO,Experiment E: existing + normalized V/I + rank,ExtraTrees,ThreePhase,14
533,ieee14,ThreePhase,14,10.0,0,SSO25Hz_M01,Experiment E: existing + normalized V/I + rank,ExtraTrees,ThreePhase,14
534,ieee14,ThreePhase,14,10.0,0,SSO25Hz_M03,Experiment E: existing + normalized V/I + rank,ExtraTrees,ThreePhase,14
535,ieee14,ThreePhase,14,10.0,45,NoSSO,Experiment E: existing + normalized V/I + rank,ExtraTrees,ThreePhase,14
536,ieee14,ThreePhase,14,10.0,45,SSO25Hz_M01,Experiment E: existing + normalized V/I + rank,ExtraTrees,ThreePhase,14
537,ieee14,ThreePhase,14,10.0,45,SSO25Hz_M03,Experiment E: existing + normalized V/I + rank,ExtraTrees,ThreePhase,14
538,ieee14,ThreePhase,14,10.0,90,NoSSO,Experiment E: existing + normalized V/I + rank,ExtraTrees,ThreePhase,14
539,ieee14,ThreePhase,14,10.0,90,SSO25Hz_M01,Experiment E: existing + normalized V/I + rank,ExtraTrees,ThreePhase,14
540,ieee14,ThreePhase,14,10.0,90,SSO25Hz_M03,Experiment E: existing + normalized V/I + rank,ExtraTrees,ThreePhase,14
19,ieee14,SLG,2,10.0,0,NoSSO,Experiment F: existing + normalized V/I + rank + V-I coupled,RandomForest,ThreePhase,2
20,ieee14,SLG,2,10.0,0,SSO25Hz_M01,Experiment F: existing + normalized V/I + rank + V-I coupled,RandomForest,ThreePhase,2
21,ieee14,SLG,2,10.0,0,SSO25Hz_M03,Experiment F: existing + normalized V/I + rank + V-I coupled,RandomForest,ThreePhase,2
22,ieee14,SLG,2,10.0,45,NoSSO,Experiment F: existing + normalized V/I + rank + V-I coupled,RandomForest,ThreePhase,2
23,ieee14,SLG,2,10.0,45,SSO25Hz_M01,Experiment F: existing + normalized V/I + rank + V-I coupled,RandomForest,ThreePhase,2
24,ieee14,SLG,2,10.0,45,SSO25Hz_M03,Experiment F: existing + normalized V/I + rank + V-I coupled,RandomForest,ThreePhase,2
25,ieee14,SLG,2,10.0,90,NoSSO,Experiment F: existing + normalized V/I + rank + V-I coupled,RandomForest,ThreePhase,2
26,ieee14,SLG,2,10.0,90,SSO25Hz_M01,Experiment F: existing + normalized V/I + rank + V-I coupled,RandomForest,ThreePhase,2
27,ieee14,SLG,2,10.0,90,SSO25Hz_M03,Experiment F: existing + normalized V/I + rank + V-I coupled,RandomForest,ThreePhase,2
46,ieee14,LL,2,10.0,0,NoSSO,Experiment F: existing + normalized V/I + rank + V-I coupled,RandomForest,ThreePhase,2
47,ieee14,LL,2,10.0,0,SSO25Hz_M01,Experiment F: existing + normalized V/I + rank + V-I coupled,RandomForest,ThreePhase,2
48,ieee14,LL,2,10.0,0,SSO25Hz_M03,Experiment F: existing + normalized V/I + rank + V-I coupled,RandomForest,ThreePhase,2
49,ieee14,LL,2,10.0,45,NoSSO,Experiment F: existing + normalized V/I + rank + V-I coupled,RandomForest,ThreePhase,2
50,ieee14,LL,2,10.0,45,SSO25Hz_M01,Experiment F: existing + normalized V/I + rank + V-I coupled,RandomForest,ThreePhase,2
51,ieee14,LL,2,10.0,45,SSO25Hz_M03,Experiment F: existing + normalized V/I + rank + V-I coupled,RandomForest,ThreePhase,2
52,ieee14,LL,2,10.0,90,NoSSO,Experiment F: existing + normalized V/I + rank + V-I coupled,RandomForest,ThreePhase,2
53,ieee14,LL,2,10.0,90,SSO25Hz_M01,Experiment F: existing + normalized V/I + rank + V-I coupled,RandomForest,ThreePhase,2
54,ieee14,LL,2,10.0,90,SSO25Hz_M03,Experiment F: existing + normalized V/I + rank + V-I coupled,RandomForest,ThreePhase,2
73,ieee14,LLG,2,10.0,0,NoSSO,Experiment F: existing + normalized V/I + rank + V-I coupled,RandomForest,ThreePhase,2
74,ieee14,LLG,2,10.0,0,SSO25Hz_M01,Experiment F: existing + normalized V/I + rank + V-I coupled,RandomForest,ThreePhase,2
75,ieee14,LLG,2,10.0,0,SSO25Hz_M03,Experiment F: existing + normalized V/I + rank + V-I coupled,RandomForest,ThreePhase,2
76,ieee14,LLG,2,10.0,45,NoSSO,Experiment F: existing + normalized V/I + rank + V-I coupled,RandomForest,ThreePhase,2
77,ieee14,LLG,2,10.0,45,SSO25Hz_M01,Experiment F: existing + normalized V/I + rank + V-I coupled,RandomForest,ThreePhase,2
78,ieee14,LLG,2,10.0,45,SSO25Hz_M03,Experiment F: existing + normalized V/I + rank + V-I coupled,RandomForest,ThreePhase,2
79,ieee14,LLG,2,10.0,90,NoSSO,Experiment F: existing + normalized V/I + rank + V-I coupled,RandomForest,ThreePhase,2
80,ieee14,LLG,2,10.0,90,SSO25Hz_M01,Experiment F: existing + normalized V/I + rank + V-I coupled,RandomForest,ThreePhase,2
81,ieee14,LLG,2,10.0,90,SSO25Hz_M03,Experiment F: existing + normalized V/I + rank + V-I coupled,RandomForest,ThreePhase,2
100,ieee14,ThreePhase,2,10.0,0,NoSSO,Experiment F: existing + normalized V/I + rank + V-I coupled,RandomForest,ThreePhase,2
101,ieee14,ThreePhase,2,10.0,0,SSO25Hz_M01,Experiment F: existing + normalized V/I + rank + V-I coupled,RandomForest,ThreePhase,2
102,ieee14,ThreePhase,2,10.0,0,SSO25Hz_M03,Experiment F: existing + normalized V/I + rank + V-I coupled,RandomForest,ThreePhase,2
103,ieee14,ThreePhase,2,10.0,45,NoSSO,Experiment F: existing + normalized V/I + rank + V-I coupled,RandomForest,ThreePhase,2
104,ieee14,ThreePhase,2,10.0,45,SSO25Hz_M01,Experiment F: existing + normalized V/I + rank + V-I coupled,RandomForest,ThreePhase,2
105,ieee14,ThreePhase,2,10.0,45,SSO25Hz_M03,Experiment F: existing + normalized V/I + rank + V-I coupled,RandomForest,ThreePhase,2
106,ieee14,ThreePhase,2,10.0,90,NoSSO,Experiment F: existing + normalized V/I + rank + V-I coupled,RandomForest,ThreePhase,2
107,ieee14,ThreePhase,2,10.0,90,SSO25Hz_M01,Experiment F: existing + normalized V/I + rank + V-I coupled,RandomForest,ThreePhase,2
108,ieee14,ThreePhase,2,10.0,90,SSO25Hz_M03,Experiment F: existing + normalized V/I + rank + V-I coupled,RandomForest,ThreePhase,2
127,ieee14,SLG,6,10.0,0,NoSSO,Experiment F: existing + normalized V/I + rank + V-I coupled,RandomForest,ThreePhase,6
128,ieee14,SLG,6,10.0,0,SSO25Hz_M01,Experiment F: existing + normalized V/I + rank + V-I coupled,RandomForest,ThreePhase,6
129,ieee14,SLG,6,10.0,0,SSO25Hz_M03,Experiment F: existing + normalized V/I + rank + V-I coupled,RandomForest,ThreePhase,6
130,ieee14,SLG,6,10.0,45,NoSSO,Experiment F: existing + normalized V/I + rank + V-I coupled,RandomForest,ThreePhase,6
131,ieee14,SLG,6,10.0,45,SSO25Hz_M01,Experiment F: existing + normalized V/I + rank + V-I coupled,RandomForest,ThreePhase,6
132,ieee14,SLG,6,10.0,45,SSO25Hz_M03,Experiment F: existing + normalized V/I + rank + V-I coupled,RandomForest,ThreePhase,6
133,ieee14,SLG,6,10.0,90,NoSSO,Experiment F: existing + normalized V/I + rank + V-I coupled,RandomForest,ThreePhase,6
134,ieee14,SLG,6,10.0,90,SSO25Hz_M01,Experiment F: existing + normalized V/I + rank + V-I coupled,RandomForest,ThreePhase,6
135,ieee14,SLG,6,10.0,90,SSO25Hz_M03,Experiment F: existing + normalized V/I + rank + V-I coupled,RandomForest,ThreePhase,6
154,ieee14,LL,6,10.0,0,NoSSO,Experiment F: existing + normalized V/I + rank + V-I coupled,RandomForest,ThreePhase,6
155,ieee14,LL,6,10.0,0,SSO25Hz_M01,Experiment F: existing + normalized V/I + rank + V-I coupled,RandomForest,ThreePhase,6
156,ieee14,LL,6,10.0,0,SSO25Hz_M03,Experiment F: existing + normalized V/I + rank + V-I coupled,RandomForest,ThreePhase,6
157,ieee14,LL,6,10.0,45,NoSSO,Experiment F: existing + normalized V/I + rank + V-I coupled,RandomForest,ThreePhase,6
158,ieee14,LL,6,10.0,45,SSO25Hz_M01,Experiment F: existing + normalized V/I + rank + V-I coupled,RandomForest,ThreePhase,6
159,ieee14,LL,6,10.0,45,SSO25Hz_M03,Experiment F: existing + normalized V/I + rank + V-I coupled,RandomForest,ThreePhase,6
160,ieee14,LL,6,10.0,90,NoSSO,Experiment F: existing + normalized V/I + rank + V-I coupled,RandomForest,ThreePhase,6
161,ieee14,LL,6,10.0,90,SSO25Hz_M01,Experiment F: existing + normalized V/I + rank + V-I coupled,RandomForest,ThreePhase,6
162,ieee14,LL,6,10.0,90,SSO25Hz_M03,Experiment F: existing + normalized V/I + rank + V-I coupled,RandomForest,ThreePhase,6
181,ieee14,LLG,6,10.0,0,NoSSO,Experiment F: existing + normalized V/I + rank + V-I coupled,RandomForest,ThreePhase,6
182,ieee14,LLG,6,10.0,0,SSO25Hz_M01,Experiment F: existing + normalized V/I + rank + V-I coupled,RandomForest,ThreePhase,6
183,ieee14,LLG,6,10.0,0,SSO25Hz_M03,Experiment F: existing + normalized V/I + rank + V-I coupled,RandomForest,ThreePhase,6
184,ieee14,LLG,6,10.0,45,NoSSO,Experiment F: existing + normalized V/I + rank + V-I coupled,RandomForest,ThreePhase,6
185,ieee14,LLG,6,10.0,45,SSO25Hz_M01,Experiment F: existing + normalized V/I + rank + V-I coupled,RandomForest,ThreePhase,6
186,ieee14,LLG,6,10.0,45,SSO25Hz_M03,Experiment F: existing + normalized V/I + rank + V-I coupled,RandomForest,ThreePhase,6
187,ieee14,LLG,6,10.0,90,NoSSO,Experiment F: existing + normalized V/I + rank + V-I coupled,RandomForest,ThreePhase,6
188,ieee14,LLG,6,10.0,90,SSO25Hz_M01,Experiment F: existing + normalized V/I + rank + V-I coupled,RandomForest,ThreePhase,6
189,ieee14,LLG,6,10.0,90,SSO25Hz_M03,Experiment F: existing + normalized V/I + rank + V-I coupled,RandomForest,ThreePhase,6
208,ieee14,ThreePhase,6,10.0,0,NoSSO,Experiment F: existing + normalized V/I + rank + V-I coupled,RandomForest,ThreePhase,6
209,ieee14,ThreePhase,6,10.0,0,SSO25Hz_M01,Experiment F: existing + normalized V/I + rank + V-I coupled,RandomForest,ThreePhase,6
210,ieee14,ThreePhase,6,10.0,0,SSO25Hz_M03,Experiment F: existing + normalized V/I + rank + V-I coupled,RandomForest,ThreePhase,6
211,ieee14,ThreePhase,6,10.0,45,NoSSO,Experiment F: existing + normalized V/I + rank + V-I coupled,RandomForest,ThreePhase,6
212,ieee14,ThreePhase,6,10.0,45,SSO25Hz_M01,Experiment F: existing + normalized V/I + rank + V-I coupled,RandomForest,ThreePhase,6
213,ieee14,ThreePhase,6,10.0,45,SSO25Hz_M03,Experiment F: existing + normalized V/I + rank + V-I coupled,RandomForest,ThreePhase,6
214,ieee14,ThreePhase,6,10.0,90,NoSSO,Experiment F: existing + normalized V/I + rank + V-I coupled,RandomForest,ThreePhase,6
215,ieee14,ThreePhase,6,10.0,90,SSO25Hz_M01,Experiment F: existing + normalized V/I + rank + V-I coupled,RandomForest,ThreePhase,6
216,ieee14,ThreePhase,6,10.0,90,SSO25Hz_M03,Experiment F: existing + normalized V/I + rank + V-I coupled,RandomForest,ThreePhase,6
235,ieee14,SLG,9,10.0,0,NoSSO,Experiment F: existing + normalized V/I + rank + V-I coupled,RandomForest,ThreePhase,9
236,ieee14,SLG,9,10.0,0,SSO25Hz_M01,Experiment F: existing + normalized V/I + rank + V-I coupled,RandomForest,ThreePhase,9
237,ieee14,SLG,9,10.0,0,SSO25Hz_M03,Experiment F: existing + normalized V/I + rank + V-I coupled,RandomForest,ThreePhase,9
238,ieee14,SLG,9,10.0,45,NoSSO,Experiment F: existing + normalized V/I + rank + V-I coupled,RandomForest,ThreePhase,9
239,ieee14,SLG,9,10.0,45,SSO25Hz_M01,Experiment F: existing + normalized V/I + rank + V-I coupled,RandomForest,ThreePhase,9
240,ieee14,SLG,9,10.0,45,SSO25Hz_M03,Experiment F: existing + normalized V/I + rank + V-I coupled,RandomForest,ThreePhase,9
241,ieee14,SLG,9,10.0,90,NoSSO,Experiment F: existing + normalized V/I + rank + V-I coupled,RandomForest,ThreePhase,9
242,ieee14,SLG,9,10.0,90,SSO25Hz_M01,Experiment F: existing + normalized V/I + rank + V-I coupled,RandomForest,ThreePhase,9
243,ieee14,SLG,9,10.0,90,SSO25Hz_M03,Experiment F: existing + normalized V/I + rank + V-I coupled,RandomForest,ThreePhase,9
262,ieee14,LL,9,10.0,0,NoSSO,Experiment F: existing + normalized V/I + rank + V-I coupled,RandomForest,ThreePhase,9
263,ieee14,LL,9,10.0,0,SSO25Hz_M01,Experiment F: existing + normalized V/I + rank + V-I coupled,RandomForest,ThreePhase,9
264,ieee14,LL,9,10.0,0,SSO25Hz_M03,Experiment F: existing + normalized V/I + rank + V-I coupled,RandomForest,ThreePhase,9
265,ieee14,LL,9,10.0,45,NoSSO,Experiment F: existing + normalized V/I + rank + V-I coupled,RandomForest,ThreePhase,9
266,ieee14,LL,9,10.0,45,SSO25Hz_M01,Experiment F: existing + normalized V/I + rank + V-I coupled,RandomForest,ThreePhase,9
267,ieee14,LL,9,10.0,45,SSO25Hz_M03,Experiment F: existing + normalized V/I + rank + V-I coupled,RandomForest,ThreePhase,9
268,ieee14,LL,9,10.0,90,NoSSO,Experiment F: existing + normalized V/I + rank + V-I coupled,RandomForest,ThreePhase,9
269,ieee14,LL,9,10.0,90,SSO25Hz_M01,Experiment F: existing + normalized V/I + rank + V-I coupled,RandomForest,ThreePhase,9
270,ieee14,LL,9,10.0,90,SSO25Hz_M03,Experiment F: existing + normalized V/I + rank + V-I coupled,RandomForest,ThreePhase,9
289,ieee14,LLG,9,10.0,0,NoSSO,Experiment F: existing + normalized V/I + rank + V-I coupled,RandomForest,ThreePhase,9
290,ieee14,LLG,9,10.0,0,SSO25Hz_M01,Experiment F: existing + normalized V/I + rank + V-I coupled,RandomForest,ThreePhase,9
291,ieee14,LLG,9,10.0,0,SSO25Hz_M03,Experiment F: existing + normalized V/I + rank + V-I coupled,RandomForest,ThreePhase,9
292,ieee14,LLG,9,10.0,45,NoSSO,Experiment F: existing + normalized V/I + rank + V-I coupled,RandomForest,ThreePhase,9
293,ieee14,LLG,9,10.0,45,SSO25Hz_M01,Experiment F: existing + normalized V/I + rank + V-I coupled,RandomForest,ThreePhase,9
294,ieee14,LLG,9,10.0,45,SSO25Hz_M03,Experiment F: existing + normalized V/I + rank + V-I coupled,RandomForest,ThreePhase,9
295,ieee14,LLG,9,10.0,90,NoSSO,Experiment F: existing + normalized V/I + rank + V-I coupled,RandomForest,ThreePhase,9
296,ieee14,LLG,9,10.0,90,SSO25Hz_M01,Experiment F: existing + normalized V/I + rank + V-I coupled,RandomForest,ThreePhase,9
297,ieee14,LLG,9,10.0,90,SSO25Hz_M03,Experiment F: existing + normalized V/I + rank + V-I coupled,RandomForest,ThreePhase,9
316,ieee14,ThreePhase,9,10.0,0,NoSSO,Experiment F: existing + normalized V/I + rank + V-I coupled,RandomForest,ThreePhase,9
317,ieee14,ThreePhase,9,10.0,0,SSO25Hz_M01,Experiment F: existing + normalized V/I + rank + V-I coupled,RandomForest,ThreePhase,9
318,ieee14,ThreePhase,9,10.0,0,SSO25Hz_M03,Experiment F: existing + normalized V/I + rank + V-I coupled,RandomForest,ThreePhase,9
319,ieee14,ThreePhase,9,10.0,45,NoSSO,Experiment F: existing + normalized V/I + rank + V-I coupled,RandomForest,ThreePhase,9
320,ieee14,ThreePhase,9,10.0,45,SSO25Hz_M01,Experiment F: existing + normalized V/I + rank + V-I coupled,RandomForest,ThreePhase,9
321,ieee14,ThreePhase,9,10.0,45,SSO25Hz_M03,Experiment F: existing + normalized V/I + rank + V-I coupled,RandomForest,ThreePhase,9
322,ieee14,ThreePhase,9,10.0,90,NoSSO,Experiment F: existing + normalized V/I + rank + V-I coupled,RandomForest,ThreePhase,9
323,ieee14,ThreePhase,9,10.0,90,SSO25Hz_M01,Experiment F: existing + normalized V/I + rank + V-I coupled,RandomForest,ThreePhase,9
324,ieee14,ThreePhase,9,10.0,90,SSO25Hz_M03,Experiment F: existing + normalized V/I + rank + V-I coupled,RandomForest,ThreePhase,9
343,ieee14,SLG,11,10.0,0,NoSSO,Experiment F: existing + normalized V/I + rank + V-I coupled,RandomForest,ThreePhase,11
344,ieee14,SLG,11,10.0,0,SSO25Hz_M01,Experiment F: existing + normalized V/I + rank + V-I coupled,RandomForest,ThreePhase,11
345,ieee14,SLG,11,10.0,0,SSO25Hz_M03,Experiment F: existing + normalized V/I + rank + V-I coupled,RandomForest,ThreePhase,11
346,ieee14,SLG,11,10.0,45,NoSSO,Experiment F: existing + normalized V/I + rank + V-I coupled,RandomForest,ThreePhase,11
347,ieee14,SLG,11,10.0,45,SSO25Hz_M01,Experiment F: existing + normalized V/I + rank + V-I coupled,RandomForest,ThreePhase,11
348,ieee14,SLG,11,10.0,45,SSO25Hz_M03,Experiment F: existing + normalized V/I + rank + V-I coupled,RandomForest,ThreePhase,11
349,ieee14,SLG,11,10.0,90,NoSSO,Experiment F: existing + normalized V/I + rank + V-I coupled,RandomForest,ThreePhase,11
350,ieee14,SLG,11,10.0,90,SSO25Hz_M01,Experiment F: existing + normalized V/I + rank + V-I coupled,RandomForest,ThreePhase,11
351,ieee14,SLG,11,10.0,90,SSO25Hz_M03,Experiment F: existing + normalized V/I + rank + V-I coupled,RandomForest,ThreePhase,11
370,ieee14,LL,11,10.0,0,NoSSO,Experiment F: existing + normalized V/I + rank + V-I coupled,RandomForest,ThreePhase,11
371,ieee14,LL,11,10.0,0,SSO25Hz_M01,Experiment F: existing + normalized V/I + rank + V-I coupled,RandomForest,ThreePhase,11
372,ieee14,LL,11,10.0,0,SSO25Hz_M03,Experiment F: existing + normalized V/I + rank + V-I coupled,RandomForest,ThreePhase,11
373,ieee14,LL,11,10.0,45,NoSSO,Experiment F: existing + normalized V/I + rank + V-I coupled,RandomForest,ThreePhase,11
374,ieee14,LL,11,10.0,45,SSO25Hz_M01,Experiment F: existing + normalized V/I + rank + V-I coupled,RandomForest,ThreePhase,11
375,ieee14,LL,11,10.0,45,SSO25Hz_M03,Experiment F: existing + normalized V/I + rank + V-I coupled,RandomForest,ThreePhase,11
376,ieee14,LL,11,10.0,90,NoSSO,Experiment F: existing + normalized V/I + rank + V-I coupled,RandomForest,ThreePhase,11
377,ieee14,LL,11,10.0,90,SSO25Hz_M01,Experiment F: existing + normalized V/I + rank + V-I coupled,RandomForest,ThreePhase,11
378,ieee14,LL,11,10.0,90,SSO25Hz_M03,Experiment F: existing + normalized V/I + rank + V-I coupled,RandomForest,ThreePhase,11
397,ieee14,LLG,11,10.0,0,NoSSO,Experiment F: existing + normalized V/I + rank + V-I coupled,RandomForest,ThreePhase,11
398,ieee14,LLG,11,10.0,0,SSO25Hz_M01,Experiment F: existing + normalized V/I + rank + V-I coupled,RandomForest,ThreePhase,11
399,ieee14,LLG,11,10.0,0,SSO25Hz_M03,Experiment F: existing + normalized V/I + rank + V-I coupled,RandomForest,ThreePhase,11
400,ieee14,LLG,11,10.0,45,NoSSO,Experiment F: existing + normalized V/I + rank + V-I coupled,RandomForest,ThreePhase,11
401,ieee14,LLG,11,10.0,45,SSO25Hz_M01,Experiment F: existing + normalized V/I + rank + V-I coupled,RandomForest,ThreePhase,11
402,ieee14,LLG,11,10.0,45,SSO25Hz_M03,Experiment F: existing + normalized V/I + rank + V-I coupled,RandomForest,ThreePhase,11
403,ieee14,LLG,11,10.0,90,NoSSO,Experiment F: existing + normalized V/I + rank + V-I coupled,RandomForest,ThreePhase,11
404,ieee14,LLG,11,10.0,90,SSO25Hz_M01,Experiment F: existing + normalized V/I + rank + V-I coupled,RandomForest,ThreePhase,11
405,ieee14,LLG,11,10.0,90,SSO25Hz_M03,Experiment F: existing + normalized V/I + rank + V-I coupled,RandomForest,ThreePhase,11
424,ieee14,ThreePhase,11,10.0,0,NoSSO,Experiment F: existing + normalized V/I + rank + V-I coupled,RandomForest,ThreePhase,11
425,ieee14,ThreePhase,11,10.0,0,SSO25Hz_M01,Experiment F: existing + normalized V/I + rank + V-I coupled,RandomForest,ThreePhase,11
426,ieee14,ThreePhase,11,10.0,0,SSO25Hz_M03,Experiment F: existing + normalized V/I + rank + V-I coupled,RandomForest,ThreePhase,11
427,ieee14,ThreePhase,11,10.0,45,NoSSO,Experiment F: existing + normalized V/I + rank + V-I coupled,RandomForest,ThreePhase,11
428,ieee14,ThreePhase,11,10.0,45,SSO25Hz_M01,Experiment F: existing + normalized V/I + rank + V-I coupled,RandomForest,ThreePhase,11
429,ieee14,ThreePhase,11,10.0,45,SSO25Hz_M03,Experiment F: existing + normalized V/I + rank + V-I coupled,RandomForest,ThreePhase,11
430,ieee14,ThreePhase,11,10.0,90,NoSSO,Experiment F: existing + normalized V/I + rank + V-I coupled,RandomForest,ThreePhase,11
431,ieee14,ThreePhase,11,10.0,90,SSO25Hz_M01,Experiment F: existing + normalized V/I + rank + V-I coupled,RandomForest,ThreePhase,11
432,ieee14,ThreePhase,11,10.0,90,SSO25Hz_M03,Experiment F: existing + normalized V/I + rank + V-I coupled,RandomForest,ThreePhase,11
451,ieee14,SLG,14,10.0,0,NoSSO,Experiment F: existing + normalized V/I + rank + V-I coupled,RandomForest,ThreePhase,14
452,ieee14,SLG,14,10.0,0,SSO25Hz_M01,Experiment F: existing + normalized V/I + rank + V-I coupled,RandomForest,ThreePhase,14
453,ieee14,SLG,14,10.0,0,SSO25Hz_M03,Experiment F: existing + normalized V/I + rank + V-I coupled,RandomForest,ThreePhase,14
454,ieee14,SLG,14,10.0,45,NoSSO,Experiment F: existing + normalized V/I + rank + V-I coupled,RandomForest,ThreePhase,14
455,ieee14,SLG,14,10.0,45,SSO25Hz_M01,Experiment F: existing + normalized V/I + rank + V-I coupled,RandomForest,ThreePhase,14
456,ieee14,SLG,14,10.0,45,SSO25Hz_M03,Experiment F: existing + normalized V/I + rank + V-I coupled,RandomForest,ThreePhase,14
457,ieee14,SLG,14,10.0,90,NoSSO,Experiment F: existing + normalized V/I + rank + V-I coupled,RandomForest,ThreePhase,14
458,ieee14,SLG,14,10.0,90,SSO25Hz_M01,Experiment F: existing + normalized V/I + rank + V-I coupled,RandomForest,ThreePhase,14
459,ieee14,SLG,14,10.0,90,SSO25Hz_M03,Experiment F: existing + normalized V/I + rank + V-I coupled,RandomForest,ThreePhase,14
478,ieee14,LL,14,10.0,0,NoSSO,Experiment F: existing + normalized V/I + rank + V-I coupled,RandomForest,ThreePhase,14
479,ieee14,LL,14,10.0,0,SSO25Hz_M01,Experiment F: existing + normalized V/I + rank + V-I coupled,RandomForest,ThreePhase,14
480,ieee14,LL,14,10.0,0,SSO25Hz_M03,Experiment F: existing + normalized V/I + rank + V-I coupled,RandomForest,ThreePhase,14
481,ieee14,LL,14,10.0,45,NoSSO,Experiment F: existing + normalized V/I + rank + V-I coupled,RandomForest,ThreePhase,14
482,ieee14,LL,14,10.0,45,SSO25Hz_M01,Experiment F: existing + normalized V/I + rank + V-I coupled,RandomForest,ThreePhase,14
483,ieee14,LL,14,10.0,45,SSO25Hz_M03,Experiment F: existing + normalized V/I + rank + V-I coupled,RandomForest,ThreePhase,14
484,ieee14,LL,14,10.0,90,NoSSO,Experiment F: existing + normalized V/I + rank + V-I coupled,RandomForest,ThreePhase,14
485,ieee14,LL,14,10.0,90,SSO25Hz_M01,Experiment F: existing + normalized V/I + rank + V-I coupled,RandomForest,ThreePhase,14
486,ieee14,LL,14,10.0,90,SSO25Hz_M03,Experiment F: existing + normalized V/I + rank + V-I coupled,RandomForest,ThreePhase,14
505,ieee14,LLG,14,10.0,0,NoSSO,Experiment F: existing + normalized V/I + rank + V-I coupled,RandomForest,ThreePhase,14
506,ieee14,LLG,14,10.0,0,SSO25Hz_M01,Experiment F: existing + normalized V/I + rank + V-I coupled,RandomForest,ThreePhase,14
507,ieee14,LLG,14,10.0,0,SSO25Hz_M03,Experiment F: existing + normalized V/I + rank + V-I coupled,RandomForest,ThreePhase,14
508,ieee14,LLG,14,10.0,45,NoSSO,Experiment F: existing + normalized V/I + rank + V-I coupled,RandomForest,ThreePhase,14
509,ieee14,LLG,14,10.0,45,SSO25Hz_M01,Experiment F: existing + normalized V/I + rank + V-I coupled,RandomForest,ThreePhase,14
510,ieee14,LLG,14,10.0,45,SSO25Hz_M03,Experiment F: existing + normalized V/I + rank + V-I coupled,RandomForest,ThreePhase,14
511,ieee14,LLG,14,10.0,90,NoSSO,Experiment F: existing + normalized V/I + rank + V-I coupled,RandomForest,ThreePhase,14
512,ieee14,LLG,14,10.0,90,SSO25Hz_M01,Experiment F: existing + normalized V/I + rank + V-I coupled,RandomForest,ThreePhase,14
513,ieee14,LLG,14,10.0,90,SSO25Hz_M03,Experiment F: existing + normalized V/I + rank + V-I coupled,RandomForest,ThreePhase,14
532,ieee14,ThreePhase,14,10.0,0,NoSSO,Experiment F: existing + normalized V/I + rank + V-I coupled,RandomForest,ThreePhase,14
533,ieee14,ThreePhase,14,10.0,0,SSO25Hz_M01,Experiment F: existing + normalized V/I + rank + V-I coupled,RandomForest,ThreePhase,14
534,ieee14,ThreePhase,14,10.0,0,SSO25Hz_M03,Experiment F: existing + normalized V/I + rank + V-I coupled,RandomForest,ThreePhase,14
535,ieee14,ThreePhase,14,10.0,45,NoSSO,Experiment F: existing + normalized V/I + rank + V-I coupled,RandomForest,ThreePhase,14
536,ieee14,ThreePhase,14,10.0,45,SSO25Hz_M01,Experiment F: existing + normalized V/I + rank + V-I coupled,RandomForest,ThreePhase,14
537,ieee14,ThreePhase,14,10.0,45,SSO25Hz_M03,Experiment F: existing + normalized V/I + rank + V-I coupled,RandomForest,ThreePhase,14
538,ieee14,ThreePhase,14,10.0,90,NoSSO,Experiment F: existing + normalized V/I + rank + V-I coupled,RandomForest,ThreePhase,14
539,ieee14,ThreePhase,14,10.0,90,SSO25Hz_M01,Experiment F: existing + normalized V/I + rank + V-I coupled,RandomForest,ThreePhase,14
540,ieee14,ThreePhase,14,10.0,90,SSO25Hz_M03,Experiment F: existing + normalized V/I + rank + V-I coupled,RandomForest,ThreePhase,14
19,ieee14,SLG,2,10.0,0,NoSSO,Experiment F: existing + normalized V/I + rank + V-I coupled,ExtraTrees,SLG,2
20,ieee14,SLG,2,10.0,0,SSO25Hz_M01,Experiment F: existing + normalized V/I + rank + V-I coupled,ExtraTrees,ThreePhase,2
21,ieee14,SLG,2,10.0,0,SSO25Hz_M03,Experiment F: existing + normalized V/I + rank + V-I coupled,ExtraTrees,ThreePhase,2
22,ieee14,SLG,2,10.0,45,NoSSO,Experiment F: existing + normalized V/I + rank + V-I coupled,ExtraTrees,SLG,2
23,ieee14,SLG,2,10.0,45,SSO25Hz_M01,Experiment F: existing + normalized V/I + rank + V-I coupled,ExtraTrees,SLG,2
24,ieee14,SLG,2,10.0,45,SSO25Hz_M03,Experiment F: existing + normalized V/I + rank + V-I coupled,ExtraTrees,ThreePhase,2
25,ieee14,SLG,2,10.0,90,NoSSO,Experiment F: existing + normalized V/I + rank + V-I coupled,ExtraTrees,SLG,2
26,ieee14,SLG,2,10.0,90,SSO25Hz_M01,Experiment F: existing + normalized V/I + rank + V-I coupled,ExtraTrees,ThreePhase,2
27,ieee14,SLG,2,10.0,90,SSO25Hz_M03,Experiment F: existing + normalized V/I + rank + V-I coupled,ExtraTrees,ThreePhase,2
46,ieee14,LL,2,10.0,0,NoSSO,Experiment F: existing + normalized V/I + rank + V-I coupled,ExtraTrees,LL,2
47,ieee14,LL,2,10.0,0,SSO25Hz_M01,Experiment F: existing + normalized V/I + rank + V-I coupled,ExtraTrees,LL,2
48,ieee14,LL,2,10.0,0,SSO25Hz_M03,Experiment F: existing + normalized V/I + rank + V-I coupled,ExtraTrees,LL,2
49,ieee14,LL,2,10.0,45,NoSSO,Experiment F: existing + normalized V/I + rank + V-I coupled,ExtraTrees,LL,2
50,ieee14,LL,2,10.0,45,SSO25Hz_M01,Experiment F: existing + normalized V/I + rank + V-I coupled,ExtraTrees,LL,2
51,ieee14,LL,2,10.0,45,SSO25Hz_M03,Experiment F: existing + normalized V/I + rank + V-I coupled,ExtraTrees,LL,2
52,ieee14,LL,2,10.0,90,NoSSO,Experiment F: existing + normalized V/I + rank + V-I coupled,ExtraTrees,LL,2
53,ieee14,LL,2,10.0,90,SSO25Hz_M01,Experiment F: existing + normalized V/I + rank + V-I coupled,ExtraTrees,LL,2
54,ieee14,LL,2,10.0,90,SSO25Hz_M03,Experiment F: existing + normalized V/I + rank + V-I coupled,ExtraTrees,ThreePhase,2
73,ieee14,LLG,2,10.0,0,NoSSO,Experiment F: existing + normalized V/I + rank + V-I coupled,ExtraTrees,ThreePhase,2
74,ieee14,LLG,2,10.0,0,SSO25Hz_M01,Experiment F: existing + normalized V/I + rank + V-I coupled,ExtraTrees,ThreePhase,2
75,ieee14,LLG,2,10.0,0,SSO25Hz_M03,Experiment F: existing + normalized V/I + rank + V-I coupled,ExtraTrees,ThreePhase,2
76,ieee14,LLG,2,10.0,45,NoSSO,Experiment F: existing + normalized V/I + rank + V-I coupled,ExtraTrees,SLG,2
77,ieee14,LLG,2,10.0,45,SSO25Hz_M01,Experiment F: existing + normalized V/I + rank + V-I coupled,ExtraTrees,SLG,2
78,ieee14,LLG,2,10.0,45,SSO25Hz_M03,Experiment F: existing + normalized V/I + rank + V-I coupled,ExtraTrees,ThreePhase,2
79,ieee14,LLG,2,10.0,90,NoSSO,Experiment F: existing + normalized V/I + rank + V-I coupled,ExtraTrees,ThreePhase,2
80,ieee14,LLG,2,10.0,90,SSO25Hz_M01,Experiment F: existing + normalized V/I + rank + V-I coupled,ExtraTrees,ThreePhase,2
81,ieee14,LLG,2,10.0,90,SSO25Hz_M03,Experiment F: existing + normalized V/I + rank + V-I coupled,ExtraTrees,ThreePhase,2
100,ieee14,ThreePhase,2,10.0,0,NoSSO,Experiment F: existing + normalized V/I + rank + V-I coupled,ExtraTrees,ThreePhase,2
101,ieee14,ThreePhase,2,10.0,0,SSO25Hz_M01,Experiment F: existing + normalized V/I + rank + V-I coupled,ExtraTrees,ThreePhase,2
102,ieee14,ThreePhase,2,10.0,0,SSO25Hz_M03,Experiment F: existing + normalized V/I + rank + V-I coupled,ExtraTrees,ThreePhase,2
103,ieee14,ThreePhase,2,10.0,45,NoSSO,Experiment F: existing + normalized V/I + rank + V-I coupled,ExtraTrees,ThreePhase,2
104,ieee14,ThreePhase,2,10.0,45,SSO25Hz_M01,Experiment F: existing + normalized V/I + rank + V-I coupled,ExtraTrees,ThreePhase,2
105,ieee14,ThreePhase,2,10.0,45,SSO25Hz_M03,Experiment F: existing + normalized V/I + rank + V-I coupled,ExtraTrees,ThreePhase,2
106,ieee14,ThreePhase,2,10.0,90,NoSSO,Experiment F: existing + normalized V/I + rank + V-I coupled,ExtraTrees,ThreePhase,2
107,ieee14,ThreePhase,2,10.0,90,SSO25Hz_M01,Experiment F: existing + normalized V/I + rank + V-I coupled,ExtraTrees,ThreePhase,2
108,ieee14,ThreePhase,2,10.0,90,SSO25Hz_M03,Experiment F: existing + normalized V/I + rank + V-I coupled,ExtraTrees,ThreePhase,2
127,ieee14,SLG,6,10.0,0,NoSSO,Experiment F: existing + normalized V/I + rank + V-I coupled,ExtraTrees,SLG,6
128,ieee14,SLG,6,10.0,0,SSO25Hz_M01,Experiment F: existing + normalized V/I + rank + V-I coupled,ExtraTrees,SLG,6
129,ieee14,SLG,6,10.0,0,SSO25Hz_M03,Experiment F: existing + normalized V/I + rank + V-I coupled,ExtraTrees,ThreePhase,14
130,ieee14,SLG,6,10.0,45,NoSSO,Experiment F: existing + normalized V/I + rank + V-I coupled,ExtraTrees,SLG,6
131,ieee14,SLG,6,10.0,45,SSO25Hz_M01,Experiment F: existing + normalized V/I + rank + V-I coupled,ExtraTrees,SLG,6
132,ieee14,SLG,6,10.0,45,SSO25Hz_M03,Experiment F: existing + normalized V/I + rank + V-I coupled,ExtraTrees,ThreePhase,6
133,ieee14,SLG,6,10.0,90,NoSSO,Experiment F: existing + normalized V/I + rank + V-I coupled,ExtraTrees,SLG,6
134,ieee14,SLG,6,10.0,90,SSO25Hz_M01,Experiment F: existing + normalized V/I + rank + V-I coupled,ExtraTrees,SLG,6
135,ieee14,SLG,6,10.0,90,SSO25Hz_M03,Experiment F: existing + normalized V/I + rank + V-I coupled,ExtraTrees,ThreePhase,6
154,ieee14,LL,6,10.0,0,NoSSO,Experiment F: existing + normalized V/I + rank + V-I coupled,ExtraTrees,LL,6
155,ieee14,LL,6,10.0,0,SSO25Hz_M01,Experiment F: existing + normalized V/I + rank + V-I coupled,ExtraTrees,LL,6
156,ieee14,LL,6,10.0,0,SSO25Hz_M03,Experiment F: existing + normalized V/I + rank + V-I coupled,ExtraTrees,ThreePhase,6
157,ieee14,LL,6,10.0,45,NoSSO,Experiment F: existing + normalized V/I + rank + V-I coupled,ExtraTrees,LL,6
158,ieee14,LL,6,10.0,45,SSO25Hz_M01,Experiment F: existing + normalized V/I + rank + V-I coupled,ExtraTrees,LL,6
159,ieee14,LL,6,10.0,45,SSO25Hz_M03,Experiment F: existing + normalized V/I + rank + V-I coupled,ExtraTrees,ThreePhase,6
160,ieee14,LL,6,10.0,90,NoSSO,Experiment F: existing + normalized V/I + rank + V-I coupled,ExtraTrees,LL,6
161,ieee14,LL,6,10.0,90,SSO25Hz_M01,Experiment F: existing + normalized V/I + rank + V-I coupled,ExtraTrees,LL,6
162,ieee14,LL,6,10.0,90,SSO25Hz_M03,Experiment F: existing + normalized V/I + rank + V-I coupled,ExtraTrees,ThreePhase,6
181,ieee14,LLG,6,10.0,0,NoSSO,Experiment F: existing + normalized V/I + rank + V-I coupled,ExtraTrees,ThreePhase,6
182,ieee14,LLG,6,10.0,0,SSO25Hz_M01,Experiment F: existing + normalized V/I + rank + V-I coupled,ExtraTrees,ThreePhase,6
183,ieee14,LLG,6,10.0,0,SSO25Hz_M03,Experiment F: existing + normalized V/I + rank + V-I coupled,ExtraTrees,ThreePhase,6
184,ieee14,LLG,6,10.0,45,NoSSO,Experiment F: existing + normalized V/I + rank + V-I coupled,ExtraTrees,SLG,6
185,ieee14,LLG,6,10.0,45,SSO25Hz_M01,Experiment F: existing + normalized V/I + rank + V-I coupled,ExtraTrees,SLG,6
186,ieee14,LLG,6,10.0,45,SSO25Hz_M03,Experiment F: existing + normalized V/I + rank + V-I coupled,ExtraTrees,ThreePhase,6
187,ieee14,LLG,6,10.0,90,NoSSO,Experiment F: existing + normalized V/I + rank + V-I coupled,ExtraTrees,ThreePhase,6
188,ieee14,LLG,6,10.0,90,SSO25Hz_M01,Experiment F: existing + normalized V/I + rank + V-I coupled,ExtraTrees,ThreePhase,6
189,ieee14,LLG,6,10.0,90,SSO25Hz_M03,Experiment F: existing + normalized V/I + rank + V-I coupled,ExtraTrees,ThreePhase,6
208,ieee14,ThreePhase,6,10.0,0,NoSSO,Experiment F: existing + normalized V/I + rank + V-I coupled,ExtraTrees,ThreePhase,6
209,ieee14,ThreePhase,6,10.0,0,SSO25Hz_M01,Experiment F: existing + normalized V/I + rank + V-I coupled,ExtraTrees,ThreePhase,6
210,ieee14,ThreePhase,6,10.0,0,SSO25Hz_M03,Experiment F: existing + normalized V/I + rank + V-I coupled,ExtraTrees,ThreePhase,6
211,ieee14,ThreePhase,6,10.0,45,NoSSO,Experiment F: existing + normalized V/I + rank + V-I coupled,ExtraTrees,ThreePhase,6
212,ieee14,ThreePhase,6,10.0,45,SSO25Hz_M01,Experiment F: existing + normalized V/I + rank + V-I coupled,ExtraTrees,ThreePhase,6
213,ieee14,ThreePhase,6,10.0,45,SSO25Hz_M03,Experiment F: existing + normalized V/I + rank + V-I coupled,ExtraTrees,ThreePhase,6
214,ieee14,ThreePhase,6,10.0,90,NoSSO,Experiment F: existing + normalized V/I + rank + V-I coupled,ExtraTrees,ThreePhase,6
215,ieee14,ThreePhase,6,10.0,90,SSO25Hz_M01,Experiment F: existing + normalized V/I + rank + V-I coupled,ExtraTrees,ThreePhase,6
216,ieee14,ThreePhase,6,10.0,90,SSO25Hz_M03,Experiment F: existing + normalized V/I + rank + V-I coupled,ExtraTrees,ThreePhase,6
235,ieee14,SLG,9,10.0,0,NoSSO,Experiment F: existing + normalized V/I + rank + V-I coupled,ExtraTrees,SLG,9
236,ieee14,SLG,9,10.0,0,SSO25Hz_M01,Experiment F: existing + normalized V/I + rank + V-I coupled,ExtraTrees,SLG,9
237,ieee14,SLG,9,10.0,0,SSO25Hz_M03,Experiment F: existing + normalized V/I + rank + V-I coupled,ExtraTrees,SLG,9
238,ieee14,SLG,9,10.0,45,NoSSO,Experiment F: existing + normalized V/I + rank + V-I coupled,ExtraTrees,SLG,9
239,ieee14,SLG,9,10.0,45,SSO25Hz_M01,Experiment F: existing + normalized V/I + rank + V-I coupled,ExtraTrees,SLG,9
240,ieee14,SLG,9,10.0,45,SSO25Hz_M03,Experiment F: existing + normalized V/I + rank + V-I coupled,ExtraTrees,SLG,9
241,ieee14,SLG,9,10.0,90,NoSSO,Experiment F: existing + normalized V/I + rank + V-I coupled,ExtraTrees,SLG,9
242,ieee14,SLG,9,10.0,90,SSO25Hz_M01,Experiment F: existing + normalized V/I + rank + V-I coupled,ExtraTrees,SLG,9
243,ieee14,SLG,9,10.0,90,SSO25Hz_M03,Experiment F: existing + normalized V/I + rank + V-I coupled,ExtraTrees,SLG,9
262,ieee14,LL,9,10.0,0,NoSSO,Experiment F: existing + normalized V/I + rank + V-I coupled,ExtraTrees,LL,9
263,ieee14,LL,9,10.0,0,SSO25Hz_M01,Experiment F: existing + normalized V/I + rank + V-I coupled,ExtraTrees,LL,9
264,ieee14,LL,9,10.0,0,SSO25Hz_M03,Experiment F: existing + normalized V/I + rank + V-I coupled,ExtraTrees,LL,9
265,ieee14,LL,9,10.0,45,NoSSO,Experiment F: existing + normalized V/I + rank + V-I coupled,ExtraTrees,LL,9
266,ieee14,LL,9,10.0,45,SSO25Hz_M01,Experiment F: existing + normalized V/I + rank + V-I coupled,ExtraTrees,LL,9
267,ieee14,LL,9,10.0,45,SSO25Hz_M03,Experiment F: existing + normalized V/I + rank + V-I coupled,ExtraTrees,LL,9
268,ieee14,LL,9,10.0,90,NoSSO,Experiment F: existing + normalized V/I + rank + V-I coupled,ExtraTrees,LL,9
269,ieee14,LL,9,10.0,90,SSO25Hz_M01,Experiment F: existing + normalized V/I + rank + V-I coupled,ExtraTrees,LL,9
270,ieee14,LL,9,10.0,90,SSO25Hz_M03,Experiment F: existing + normalized V/I + rank + V-I coupled,ExtraTrees,LL,9
289,ieee14,LLG,9,10.0,0,NoSSO,Experiment F: existing + normalized V/I + rank + V-I coupled,ExtraTrees,ThreePhase,9
290,ieee14,LLG,9,10.0,0,SSO25Hz_M01,Experiment F: existing + normalized V/I + rank + V-I coupled,ExtraTrees,ThreePhase,9
291,ieee14,LLG,9,10.0,0,SSO25Hz_M03,Experiment F: existing + normalized V/I + rank + V-I coupled,ExtraTrees,ThreePhase,9
292,ieee14,LLG,9,10.0,45,NoSSO,Experiment F: existing + normalized V/I + rank + V-I coupled,ExtraTrees,SLG,9
293,ieee14,LLG,9,10.0,45,SSO25Hz_M01,Experiment F: existing + normalized V/I + rank + V-I coupled,ExtraTrees,SLG,9
294,ieee14,LLG,9,10.0,45,SSO25Hz_M03,Experiment F: existing + normalized V/I + rank + V-I coupled,ExtraTrees,SLG,9
295,ieee14,LLG,9,10.0,90,NoSSO,Experiment F: existing + normalized V/I + rank + V-I coupled,ExtraTrees,ThreePhase,9
296,ieee14,LLG,9,10.0,90,SSO25Hz_M01,Experiment F: existing + normalized V/I + rank + V-I coupled,ExtraTrees,ThreePhase,9
297,ieee14,LLG,9,10.0,90,SSO25Hz_M03,Experiment F: existing + normalized V/I + rank + V-I coupled,ExtraTrees,ThreePhase,9
316,ieee14,ThreePhase,9,10.0,0,NoSSO,Experiment F: existing + normalized V/I + rank + V-I coupled,ExtraTrees,ThreePhase,9
317,ieee14,ThreePhase,9,10.0,0,SSO25Hz_M01,Experiment F: existing + normalized V/I + rank + V-I coupled,ExtraTrees,ThreePhase,9
318,ieee14,ThreePhase,9,10.0,0,SSO25Hz_M03,Experiment F: existing + normalized V/I + rank + V-I coupled,ExtraTrees,ThreePhase,9
319,ieee14,ThreePhase,9,10.0,45,NoSSO,Experiment F: existing + normalized V/I + rank + V-I coupled,ExtraTrees,ThreePhase,9
320,ieee14,ThreePhase,9,10.0,45,SSO25Hz_M01,Experiment F: existing + normalized V/I + rank + V-I coupled,ExtraTrees,ThreePhase,9
321,ieee14,ThreePhase,9,10.0,45,SSO25Hz_M03,Experiment F: existing + normalized V/I + rank + V-I coupled,ExtraTrees,ThreePhase,9
322,ieee14,ThreePhase,9,10.0,90,NoSSO,Experiment F: existing + normalized V/I + rank + V-I coupled,ExtraTrees,ThreePhase,9
323,ieee14,ThreePhase,9,10.0,90,SSO25Hz_M01,Experiment F: existing + normalized V/I + rank + V-I coupled,ExtraTrees,ThreePhase,9
324,ieee14,ThreePhase,9,10.0,90,SSO25Hz_M03,Experiment F: existing + normalized V/I + rank + V-I coupled,ExtraTrees,ThreePhase,9
343,ieee14,SLG,11,10.0,0,NoSSO,Experiment F: existing + normalized V/I + rank + V-I coupled,ExtraTrees,SLG,11
344,ieee14,SLG,11,10.0,0,SSO25Hz_M01,Experiment F: existing + normalized V/I + rank + V-I coupled,ExtraTrees,SLG,11
345,ieee14,SLG,11,10.0,0,SSO25Hz_M03,Experiment F: existing + normalized V/I + rank + V-I coupled,ExtraTrees,ThreePhase,11
346,ieee14,SLG,11,10.0,45,NoSSO,Experiment F: existing + normalized V/I + rank + V-I coupled,ExtraTrees,SLG,11
347,ieee14,SLG,11,10.0,45,SSO25Hz_M01,Experiment F: existing + normalized V/I + rank + V-I coupled,ExtraTrees,SLG,11
348,ieee14,SLG,11,10.0,45,SSO25Hz_M03,Experiment F: existing + normalized V/I + rank + V-I coupled,ExtraTrees,SLG,11
349,ieee14,SLG,11,10.0,90,NoSSO,Experiment F: existing + normalized V/I + rank + V-I coupled,ExtraTrees,SLG,11
350,ieee14,SLG,11,10.0,90,SSO25Hz_M01,Experiment F: existing + normalized V/I + rank + V-I coupled,ExtraTrees,SLG,11
351,ieee14,SLG,11,10.0,90,SSO25Hz_M03,Experiment F: existing + normalized V/I + rank + V-I coupled,ExtraTrees,SLG,11
370,ieee14,LL,11,10.0,0,NoSSO,Experiment F: existing + normalized V/I + rank + V-I coupled,ExtraTrees,LL,11
371,ieee14,LL,11,10.0,0,SSO25Hz_M01,Experiment F: existing + normalized V/I + rank + V-I coupled,ExtraTrees,LL,11
372,ieee14,LL,11,10.0,0,SSO25Hz_M03,Experiment F: existing + normalized V/I + rank + V-I coupled,ExtraTrees,LL,11
373,ieee14,LL,11,10.0,45,NoSSO,Experiment F: existing + normalized V/I + rank + V-I coupled,ExtraTrees,LL,11
374,ieee14,LL,11,10.0,45,SSO25Hz_M01,Experiment F: existing + normalized V/I + rank + V-I coupled,ExtraTrees,LL,11
375,ieee14,LL,11,10.0,45,SSO25Hz_M03,Experiment F: existing + normalized V/I + rank + V-I coupled,ExtraTrees,LL,11
376,ieee14,LL,11,10.0,90,NoSSO,Experiment F: existing + normalized V/I + rank + V-I coupled,ExtraTrees,LL,11
377,ieee14,LL,11,10.0,90,SSO25Hz_M01,Experiment F: existing + normalized V/I + rank + V-I coupled,ExtraTrees,LL,11
378,ieee14,LL,11,10.0,90,SSO25Hz_M03,Experiment F: existing + normalized V/I + rank + V-I coupled,ExtraTrees,LL,11
397,ieee14,LLG,11,10.0,0,NoSSO,Experiment F: existing + normalized V/I + rank + V-I coupled,ExtraTrees,ThreePhase,11
398,ieee14,LLG,11,10.0,0,SSO25Hz_M01,Experiment F: existing + normalized V/I + rank + V-I coupled,ExtraTrees,ThreePhase,11
399,ieee14,LLG,11,10.0,0,SSO25Hz_M03,Experiment F: existing + normalized V/I + rank + V-I coupled,ExtraTrees,ThreePhase,11
400,ieee14,LLG,11,10.0,45,NoSSO,Experiment F: existing + normalized V/I + rank + V-I coupled,ExtraTrees,SLG,11
401,ieee14,LLG,11,10.0,45,SSO25Hz_M01,Experiment F: existing + normalized V/I + rank + V-I coupled,ExtraTrees,SLG,11
402,ieee14,LLG,11,10.0,45,SSO25Hz_M03,Experiment F: existing + normalized V/I + rank + V-I coupled,ExtraTrees,SLG,11
403,ieee14,LLG,11,10.0,90,NoSSO,Experiment F: existing + normalized V/I + rank + V-I coupled,ExtraTrees,ThreePhase,11
404,ieee14,LLG,11,10.0,90,SSO25Hz_M01,Experiment F: existing + normalized V/I + rank + V-I coupled,ExtraTrees,ThreePhase,11
405,ieee14,LLG,11,10.0,90,SSO25Hz_M03,Experiment F: existing + normalized V/I + rank + V-I coupled,ExtraTrees,ThreePhase,11
424,ieee14,ThreePhase,11,10.0,0,NoSSO,Experiment F: existing + normalized V/I + rank + V-I coupled,ExtraTrees,ThreePhase,11
425,ieee14,ThreePhase,11,10.0,0,SSO25Hz_M01,Experiment F: existing + normalized V/I + rank + V-I coupled,ExtraTrees,ThreePhase,11
426,ieee14,ThreePhase,11,10.0,0,SSO25Hz_M03,Experiment F: existing + normalized V/I + rank + V-I coupled,ExtraTrees,ThreePhase,11
427,ieee14,ThreePhase,11,10.0,45,NoSSO,Experiment F: existing + normalized V/I + rank + V-I coupled,ExtraTrees,ThreePhase,11
428,ieee14,ThreePhase,11,10.0,45,SSO25Hz_M01,Experiment F: existing + normalized V/I + rank + V-I coupled,ExtraTrees,ThreePhase,11
429,ieee14,ThreePhase,11,10.0,45,SSO25Hz_M03,Experiment F: existing + normalized V/I + rank + V-I coupled,ExtraTrees,ThreePhase,11
430,ieee14,ThreePhase,11,10.0,90,NoSSO,Experiment F: existing + normalized V/I + rank + V-I coupled,ExtraTrees,ThreePhase,11
431,ieee14,ThreePhase,11,10.0,90,SSO25Hz_M01,Experiment F: existing + normalized V/I + rank + V-I coupled,ExtraTrees,ThreePhase,11
432,ieee14,ThreePhase,11,10.0,90,SSO25Hz_M03,Experiment F: existing + normalized V/I + rank + V-I coupled,ExtraTrees,ThreePhase,11
451,ieee14,SLG,14,10.0,0,NoSSO,Experiment F: existing + normalized V/I + rank + V-I coupled,ExtraTrees,SLG,14
452,ieee14,SLG,14,10.0,0,SSO25Hz_M01,Experiment F: existing + normalized V/I + rank + V-I coupled,ExtraTrees,SLG,14
453,ieee14,SLG,14,10.0,0,SSO25Hz_M03,Experiment F: existing + normalized V/I + rank + V-I coupled,ExtraTrees,ThreePhase,14
454,ieee14,SLG,14,10.0,45,NoSSO,Experiment F: existing + normalized V/I + rank + V-I coupled,ExtraTrees,SLG,14
455,ieee14,SLG,14,10.0,45,SSO25Hz_M01,Experiment F: existing + normalized V/I + rank + V-I coupled,ExtraTrees,SLG,14
456,ieee14,SLG,14,10.0,45,SSO25Hz_M03,Experiment F: existing + normalized V/I + rank + V-I coupled,ExtraTrees,SLG,14
457,ieee14,SLG,14,10.0,90,NoSSO,Experiment F: existing + normalized V/I + rank + V-I coupled,ExtraTrees,SLG,14
458,ieee14,SLG,14,10.0,90,SSO25Hz_M01,Experiment F: existing + normalized V/I + rank + V-I coupled,ExtraTrees,SLG,14
459,ieee14,SLG,14,10.0,90,SSO25Hz_M03,Experiment F: existing + normalized V/I + rank + V-I coupled,ExtraTrees,ThreePhase,14
478,ieee14,LL,14,10.0,0,NoSSO,Experiment F: existing + normalized V/I + rank + V-I coupled,ExtraTrees,LL,14
479,ieee14,LL,14,10.0,0,SSO25Hz_M01,Experiment F: existing + normalized V/I + rank + V-I coupled,ExtraTrees,LL,14
480,ieee14,LL,14,10.0,0,SSO25Hz_M03,Experiment F: existing + normalized V/I + rank + V-I coupled,ExtraTrees,LL,14
481,ieee14,LL,14,10.0,45,NoSSO,Experiment F: existing + normalized V/I + rank + V-I coupled,ExtraTrees,LL,14
482,ieee14,LL,14,10.0,45,SSO25Hz_M01,Experiment F: existing + normalized V/I + rank + V-I coupled,ExtraTrees,LL,14
483,ieee14,LL,14,10.0,45,SSO25Hz_M03,Experiment F: existing + normalized V/I + rank + V-I coupled,ExtraTrees,LL,14
484,ieee14,LL,14,10.0,90,NoSSO,Experiment F: existing + normalized V/I + rank + V-I coupled,ExtraTrees,LL,14
485,ieee14,LL,14,10.0,90,SSO25Hz_M01,Experiment F: existing + normalized V/I + rank + V-I coupled,ExtraTrees,LL,14
486,ieee14,LL,14,10.0,90,SSO25Hz_M03,Experiment F: existing + normalized V/I + rank + V-I coupled,ExtraTrees,LL,14
505,ieee14,LLG,14,10.0,0,NoSSO,Experiment F: existing + normalized V/I + rank + V-I coupled,ExtraTrees,ThreePhase,14
506,ieee14,LLG,14,10.0,0,SSO25Hz_M01,Experiment F: existing + normalized V/I + rank + V-I coupled,ExtraTrees,ThreePhase,14
507,ieee14,LLG,14,10.0,0,SSO25Hz_M03,Experiment F: existing + normalized V/I + rank + V-I coupled,ExtraTrees,ThreePhase,14
508,ieee14,LLG,14,10.0,45,NoSSO,Experiment F: existing + normalized V/I + rank + V-I coupled,ExtraTrees,SLG,14
509,ieee14,LLG,14,10.0,45,SSO25Hz_M01,Experiment F: existing + normalized V/I + rank + V-I coupled,ExtraTrees,SLG,14
510,ieee14,LLG,14,10.0,45,SSO25Hz_M03,Experiment F: existing + normalized V/I + rank + V-I coupled,ExtraTrees,ThreePhase,14
511,ieee14,LLG,14,10.0,90,NoSSO,Experiment F: existing + normalized V/I + rank + V-I coupled,ExtraTrees,ThreePhase,14
512,ieee14,LLG,14,10.0,90,SSO25Hz_M01,Experiment F: existing + normalized V/I + rank + V-I coupled,ExtraTrees,ThreePhase,14
513,ieee14,LLG,14,10.0,90,SSO25Hz_M03,Experiment F: existing + normalized V/I + rank + V-I coupled,ExtraTrees,ThreePhase,14
532,ieee14,ThreePhase,14,10.0,0,NoSSO,Experiment F: existing + normalized V/I + rank + V-I coupled,ExtraTrees,ThreePhase,14
533,ieee14,ThreePhase,14,10.0,0,SSO25Hz_M01,Experiment F: existing + normalized V/I + rank + V-I coupled,ExtraTrees,ThreePhase,14
534,ieee14,ThreePhase,14,10.0,0,SSO25Hz_M03,Experiment F: existing + normalized V/I + rank + V-I coupled,ExtraTrees,ThreePhase,14
535,ieee14,ThreePhase,14,10.0,45,NoSSO,Experiment F: existing + normalized V/I + rank + V-I coupled,ExtraTrees,ThreePhase,14
536,ieee14,ThreePhase,14,10.0,45,SSO25Hz_M01,Experiment F: existing + normalized V/I + rank + V-I coupled,ExtraTrees,ThreePhase,14
537,ieee14,ThreePhase,14,10.0,45,SSO25Hz_M03,Experiment F: existing + normalized V/I + rank + V-I coupled,ExtraTrees,ThreePhase,14
538,ieee14,ThreePhase,14,10.0,90,NoSSO,Experiment F: existing + normalized V/I + rank + V-I coupled,ExtraTrees,ThreePhase,14
539,ieee14,ThreePhase,14,10.0,90,SSO25Hz_M01,Experiment F: existing + normalized V/I + rank + V-I coupled,ExtraTrees,ThreePhase,14
540,ieee14,ThreePhase,14,10.0,90,SSO25Hz_M03,Experiment F: existing + normalized V/I + rank + V-I coupled,ExtraTrees,ThreePhase,14
559,ieee30,SLG,1,10.0,0,NoSSO,Baseline,RandomForest,ThreePhase,1
560,ieee30,SLG,1,10.0,0,SSO25Hz_M01,Baseline,RandomForest,ThreePhase,1
561,ieee30,SLG,1,10.0,0,SSO25Hz_M03,Baseline,RandomForest,ThreePhase,1
562,ieee30,SLG,1,10.0,45,NoSSO,Baseline,RandomForest,ThreePhase,1
563,ieee30,SLG,1,10.0,45,SSO25Hz_M01,Baseline,RandomForest,ThreePhase,1
564,ieee30,SLG,1,10.0,45,SSO25Hz_M03,Baseline,RandomForest,ThreePhase,1
565,ieee30,SLG,1,10.0,90,NoSSO,Baseline,RandomForest,ThreePhase,1
566,ieee30,SLG,1,10.0,90,SSO25Hz_M01,Baseline,RandomForest,ThreePhase,1
567,ieee30,SLG,1,10.0,90,SSO25Hz_M03,Baseline,RandomForest,ThreePhase,1
586,ieee30,LL,1,10.0,0,NoSSO,Baseline,RandomForest,ThreePhase,1
587,ieee30,LL,1,10.0,0,SSO25Hz_M01,Baseline,RandomForest,ThreePhase,1
588,ieee30,LL,1,10.0,0,SSO25Hz_M03,Baseline,RandomForest,ThreePhase,1
589,ieee30,LL,1,10.0,45,NoSSO,Baseline,RandomForest,ThreePhase,1
590,ieee30,LL,1,10.0,45,SSO25Hz_M01,Baseline,RandomForest,ThreePhase,1
591,ieee30,LL,1,10.0,45,SSO25Hz_M03,Baseline,RandomForest,ThreePhase,1
592,ieee30,LL,1,10.0,90,NoSSO,Baseline,RandomForest,ThreePhase,1
593,ieee30,LL,1,10.0,90,SSO25Hz_M01,Baseline,RandomForest,ThreePhase,1
594,ieee30,LL,1,10.0,90,SSO25Hz_M03,Baseline,RandomForest,ThreePhase,1
613,ieee30,LLG,1,10.0,0,NoSSO,Baseline,RandomForest,ThreePhase,1
614,ieee30,LLG,1,10.0,0,SSO25Hz_M01,Baseline,RandomForest,ThreePhase,1
615,ieee30,LLG,1,10.0,0,SSO25Hz_M03,Baseline,RandomForest,ThreePhase,1
616,ieee30,LLG,1,10.0,45,NoSSO,Baseline,RandomForest,ThreePhase,1
617,ieee30,LLG,1,10.0,45,SSO25Hz_M01,Baseline,RandomForest,ThreePhase,1
618,ieee30,LLG,1,10.0,45,SSO25Hz_M03,Baseline,RandomForest,ThreePhase,1
619,ieee30,LLG,1,10.0,90,NoSSO,Baseline,RandomForest,ThreePhase,1
620,ieee30,LLG,1,10.0,90,SSO25Hz_M01,Baseline,RandomForest,ThreePhase,1
621,ieee30,LLG,1,10.0,90,SSO25Hz_M03,Baseline,RandomForest,ThreePhase,1
640,ieee30,ThreePhase,1,10.0,0,NoSSO,Baseline,RandomForest,ThreePhase,1
641,ieee30,ThreePhase,1,10.0,0,SSO25Hz_M01,Baseline,RandomForest,ThreePhase,1
642,ieee30,ThreePhase,1,10.0,0,SSO25Hz_M03,Baseline,RandomForest,ThreePhase,1
643,ieee30,ThreePhase,1,10.0,45,NoSSO,Baseline,RandomForest,ThreePhase,1
644,ieee30,ThreePhase,1,10.0,45,SSO25Hz_M01,Baseline,RandomForest,ThreePhase,1
645,ieee30,ThreePhase,1,10.0,45,SSO25Hz_M03,Baseline,RandomForest,ThreePhase,1
646,ieee30,ThreePhase,1,10.0,90,NoSSO,Baseline,RandomForest,ThreePhase,1
647,ieee30,ThreePhase,1,10.0,90,SSO25Hz_M01,Baseline,RandomForest,ThreePhase,1
648,ieee30,ThreePhase,1,10.0,90,SSO25Hz_M03,Baseline,RandomForest,ThreePhase,1
667,ieee30,SLG,6,10.0,0,NoSSO,Baseline,RandomForest,ThreePhase,1
668,ieee30,SLG,6,10.0,0,SSO25Hz_M01,Baseline,RandomForest,ThreePhase,1
669,ieee30,SLG,6,10.0,0,SSO25Hz_M03,Baseline,RandomForest,ThreePhase,1
670,ieee30,SLG,6,10.0,45,NoSSO,Baseline,RandomForest,ThreePhase,1
671,ieee30,SLG,6,10.0,45,SSO25Hz_M01,Baseline,RandomForest,ThreePhase,1
672,ieee30,SLG,6,10.0,45,SSO25Hz_M03,Baseline,RandomForest,ThreePhase,1
673,ieee30,SLG,6,10.0,90,NoSSO,Baseline,RandomForest,ThreePhase,1
674,ieee30,SLG,6,10.0,90,SSO25Hz_M01,Baseline,RandomForest,ThreePhase,1
675,ieee30,SLG,6,10.0,90,SSO25Hz_M03,Baseline,RandomForest,ThreePhase,1
694,ieee30,LL,6,10.0,0,NoSSO,Baseline,RandomForest,ThreePhase,1
695,ieee30,LL,6,10.0,0,SSO25Hz_M01,Baseline,RandomForest,ThreePhase,1
696,ieee30,LL,6,10.0,0,SSO25Hz_M03,Baseline,RandomForest,ThreePhase,1
697,ieee30,LL,6,10.0,45,NoSSO,Baseline,RandomForest,ThreePhase,1
698,ieee30,LL,6,10.0,45,SSO25Hz_M01,Baseline,RandomForest,ThreePhase,1
699,ieee30,LL,6,10.0,45,SSO25Hz_M03,Baseline,RandomForest,ThreePhase,1
700,ieee30,LL,6,10.0,90,NoSSO,Baseline,RandomForest,ThreePhase,1
701,ieee30,LL,6,10.0,90,SSO25Hz_M01,Baseline,RandomForest,ThreePhase,1
702,ieee30,LL,6,10.0,90,SSO25Hz_M03,Baseline,RandomForest,ThreePhase,1
721,ieee30,LLG,6,10.0,0,NoSSO,Baseline,RandomForest,ThreePhase,1
722,ieee30,LLG,6,10.0,0,SSO25Hz_M01,Baseline,RandomForest,ThreePhase,1
723,ieee30,LLG,6,10.0,0,SSO25Hz_M03,Baseline,RandomForest,ThreePhase,1
724,ieee30,LLG,6,10.0,45,NoSSO,Baseline,RandomForest,ThreePhase,1
725,ieee30,LLG,6,10.0,45,SSO25Hz_M01,Baseline,RandomForest,ThreePhase,1
726,ieee30,LLG,6,10.0,45,SSO25Hz_M03,Baseline,RandomForest,ThreePhase,1
727,ieee30,LLG,6,10.0,90,NoSSO,Baseline,RandomForest,ThreePhase,1
728,ieee30,LLG,6,10.0,90,SSO25Hz_M01,Baseline,RandomForest,ThreePhase,1
729,ieee30,LLG,6,10.0,90,SSO25Hz_M03,Baseline,RandomForest,ThreePhase,1
748,ieee30,ThreePhase,6,10.0,0,NoSSO,Baseline,RandomForest,ThreePhase,1
749,ieee30,ThreePhase,6,10.0,0,SSO25Hz_M01,Baseline,RandomForest,ThreePhase,1
750,ieee30,ThreePhase,6,10.0,0,SSO25Hz_M03,Baseline,RandomForest,ThreePhase,1
751,ieee30,ThreePhase,6,10.0,45,NoSSO,Baseline,RandomForest,ThreePhase,1
752,ieee30,ThreePhase,6,10.0,45,SSO25Hz_M01,Baseline,RandomForest,ThreePhase,1
753,ieee30,ThreePhase,6,10.0,45,SSO25Hz_M03,Baseline,RandomForest,ThreePhase,1
754,ieee30,ThreePhase,6,10.0,90,NoSSO,Baseline,RandomForest,ThreePhase,1
755,ieee30,ThreePhase,6,10.0,90,SSO25Hz_M01,Baseline,RandomForest,ThreePhase,1
756,ieee30,ThreePhase,6,10.0,90,SSO25Hz_M03,Baseline,RandomForest,ThreePhase,1
775,ieee30,SLG,10,10.0,0,NoSSO,Baseline,RandomForest,SLG,1
776,ieee30,SLG,10,10.0,0,SSO25Hz_M01,Baseline,RandomForest,SLG,1
777,ieee30,SLG,10,10.0,0,SSO25Hz_M03,Baseline,RandomForest,SLG,1
778,ieee30,SLG,10,10.0,45,NoSSO,Baseline,RandomForest,SLG,1
779,ieee30,SLG,10,10.0,45,SSO25Hz_M01,Baseline,RandomForest,SLG,1
780,ieee30,SLG,10,10.0,45,SSO25Hz_M03,Baseline,RandomForest,SLG,1
781,ieee30,SLG,10,10.0,90,NoSSO,Baseline,RandomForest,SLG,1
782,ieee30,SLG,10,10.0,90,SSO25Hz_M01,Baseline,RandomForest,SLG,1
783,ieee30,SLG,10,10.0,90,SSO25Hz_M03,Baseline,RandomForest,SLG,1
802,ieee30,LL,10,10.0,0,NoSSO,Baseline,RandomForest,ThreePhase,1
803,ieee30,LL,10,10.0,0,SSO25Hz_M01,Baseline,RandomForest,ThreePhase,1
804,ieee30,LL,10,10.0,0,SSO25Hz_M03,Baseline,RandomForest,ThreePhase,1
805,ieee30,LL,10,10.0,45,NoSSO,Baseline,RandomForest,ThreePhase,1
806,ieee30,LL,10,10.0,45,SSO25Hz_M01,Baseline,RandomForest,ThreePhase,1
807,ieee30,LL,10,10.0,45,SSO25Hz_M03,Baseline,RandomForest,ThreePhase,1
808,ieee30,LL,10,10.0,90,NoSSO,Baseline,RandomForest,ThreePhase,1
809,ieee30,LL,10,10.0,90,SSO25Hz_M01,Baseline,RandomForest,ThreePhase,1
810,ieee30,LL,10,10.0,90,SSO25Hz_M03,Baseline,RandomForest,ThreePhase,1
829,ieee30,LLG,10,10.0,0,NoSSO,Baseline,RandomForest,ThreePhase,1
830,ieee30,LLG,10,10.0,0,SSO25Hz_M01,Baseline,RandomForest,ThreePhase,1
831,ieee30,LLG,10,10.0,0,SSO25Hz_M03,Baseline,RandomForest,ThreePhase,1
832,ieee30,LLG,10,10.0,45,NoSSO,Baseline,RandomForest,ThreePhase,1
833,ieee30,LLG,10,10.0,45,SSO25Hz_M01,Baseline,RandomForest,ThreePhase,1
834,ieee30,LLG,10,10.0,45,SSO25Hz_M03,Baseline,RandomForest,ThreePhase,1
835,ieee30,LLG,10,10.0,90,NoSSO,Baseline,RandomForest,ThreePhase,1
836,ieee30,LLG,10,10.0,90,SSO25Hz_M01,Baseline,RandomForest,ThreePhase,1
837,ieee30,LLG,10,10.0,90,SSO25Hz_M03,Baseline,RandomForest,ThreePhase,1
856,ieee30,ThreePhase,10,10.0,0,NoSSO,Baseline,RandomForest,ThreePhase,1
857,ieee30,ThreePhase,10,10.0,0,SSO25Hz_M01,Baseline,RandomForest,ThreePhase,1
858,ieee30,ThreePhase,10,10.0,0,SSO25Hz_M03,Baseline,RandomForest,ThreePhase,1
859,ieee30,ThreePhase,10,10.0,45,NoSSO,Baseline,RandomForest,ThreePhase,1
860,ieee30,ThreePhase,10,10.0,45,SSO25Hz_M01,Baseline,RandomForest,ThreePhase,1
861,ieee30,ThreePhase,10,10.0,45,SSO25Hz_M03,Baseline,RandomForest,ThreePhase,1
862,ieee30,ThreePhase,10,10.0,90,NoSSO,Baseline,RandomForest,ThreePhase,1
863,ieee30,ThreePhase,10,10.0,90,SSO25Hz_M01,Baseline,RandomForest,ThreePhase,1
864,ieee30,ThreePhase,10,10.0,90,SSO25Hz_M03,Baseline,RandomForest,ThreePhase,1
883,ieee30,SLG,24,10.0,0,NoSSO,Baseline,RandomForest,SLG,1
884,ieee30,SLG,24,10.0,0,SSO25Hz_M01,Baseline,RandomForest,SLG,1
885,ieee30,SLG,24,10.0,0,SSO25Hz_M03,Baseline,RandomForest,SLG,1
886,ieee30,SLG,24,10.0,45,NoSSO,Baseline,RandomForest,SLG,1
887,ieee30,SLG,24,10.0,45,SSO25Hz_M01,Baseline,RandomForest,SLG,1
888,ieee30,SLG,24,10.0,45,SSO25Hz_M03,Baseline,RandomForest,SLG,1
889,ieee30,SLG,24,10.0,90,NoSSO,Baseline,RandomForest,SLG,1
890,ieee30,SLG,24,10.0,90,SSO25Hz_M01,Baseline,RandomForest,SLG,1
891,ieee30,SLG,24,10.0,90,SSO25Hz_M03,Baseline,RandomForest,SLG,1
910,ieee30,LL,24,10.0,0,NoSSO,Baseline,RandomForest,ThreePhase,1
911,ieee30,LL,24,10.0,0,SSO25Hz_M01,Baseline,RandomForest,ThreePhase,1
912,ieee30,LL,24,10.0,0,SSO25Hz_M03,Baseline,RandomForest,ThreePhase,1
913,ieee30,LL,24,10.0,45,NoSSO,Baseline,RandomForest,ThreePhase,1
914,ieee30,LL,24,10.0,45,SSO25Hz_M01,Baseline,RandomForest,ThreePhase,1
915,ieee30,LL,24,10.0,45,SSO25Hz_M03,Baseline,RandomForest,ThreePhase,1
916,ieee30,LL,24,10.0,90,NoSSO,Baseline,RandomForest,ThreePhase,1
917,ieee30,LL,24,10.0,90,SSO25Hz_M01,Baseline,RandomForest,ThreePhase,1
918,ieee30,LL,24,10.0,90,SSO25Hz_M03,Baseline,RandomForest,ThreePhase,1
937,ieee30,LLG,24,10.0,0,NoSSO,Baseline,RandomForest,ThreePhase,1
938,ieee30,LLG,24,10.0,0,SSO25Hz_M01,Baseline,RandomForest,ThreePhase,1
939,ieee30,LLG,24,10.0,0,SSO25Hz_M03,Baseline,RandomForest,ThreePhase,1
940,ieee30,LLG,24,10.0,45,NoSSO,Baseline,RandomForest,ThreePhase,1
941,ieee30,LLG,24,10.0,45,SSO25Hz_M01,Baseline,RandomForest,ThreePhase,1
942,ieee30,LLG,24,10.0,45,SSO25Hz_M03,Baseline,RandomForest,ThreePhase,1
943,ieee30,LLG,24,10.0,90,NoSSO,Baseline,RandomForest,ThreePhase,1
944,ieee30,LLG,24,10.0,90,SSO25Hz_M01,Baseline,RandomForest,ThreePhase,1
945,ieee30,LLG,24,10.0,90,SSO25Hz_M03,Baseline,RandomForest,ThreePhase,1
964,ieee30,ThreePhase,24,10.0,0,NoSSO,Baseline,RandomForest,ThreePhase,1
965,ieee30,ThreePhase,24,10.0,0,SSO25Hz_M01,Baseline,RandomForest,ThreePhase,1
966,ieee30,ThreePhase,24,10.0,0,SSO25Hz_M03,Baseline,RandomForest,ThreePhase,1
967,ieee30,ThreePhase,24,10.0,45,NoSSO,Baseline,RandomForest,ThreePhase,1
968,ieee30,ThreePhase,24,10.0,45,SSO25Hz_M01,Baseline,RandomForest,ThreePhase,1
969,ieee30,ThreePhase,24,10.0,45,SSO25Hz_M03,Baseline,RandomForest,ThreePhase,1
970,ieee30,ThreePhase,24,10.0,90,NoSSO,Baseline,RandomForest,ThreePhase,1
971,ieee30,ThreePhase,24,10.0,90,SSO25Hz_M01,Baseline,RandomForest,ThreePhase,1
972,ieee30,ThreePhase,24,10.0,90,SSO25Hz_M03,Baseline,RandomForest,ThreePhase,1
991,ieee30,SLG,30,10.0,0,NoSSO,Baseline,RandomForest,SLG,1
992,ieee30,SLG,30,10.0,0,SSO25Hz_M01,Baseline,RandomForest,SLG,1
993,ieee30,SLG,30,10.0,0,SSO25Hz_M03,Baseline,RandomForest,SLG,1
994,ieee30,SLG,30,10.0,45,NoSSO,Baseline,RandomForest,SLG,1
995,ieee30,SLG,30,10.0,45,SSO25Hz_M01,Baseline,RandomForest,SLG,1
996,ieee30,SLG,30,10.0,45,SSO25Hz_M03,Baseline,RandomForest,SLG,1
997,ieee30,SLG,30,10.0,90,NoSSO,Baseline,RandomForest,SLG,1
998,ieee30,SLG,30,10.0,90,SSO25Hz_M01,Baseline,RandomForest,SLG,1
999,ieee30,SLG,30,10.0,90,SSO25Hz_M03,Baseline,RandomForest,SLG,1
1018,ieee30,LL,30,10.0,0,NoSSO,Baseline,RandomForest,ThreePhase,1
1019,ieee30,LL,30,10.0,0,SSO25Hz_M01,Baseline,RandomForest,ThreePhase,1
1020,ieee30,LL,30,10.0,0,SSO25Hz_M03,Baseline,RandomForest,ThreePhase,1
1021,ieee30,LL,30,10.0,45,NoSSO,Baseline,RandomForest,ThreePhase,1
1022,ieee30,LL,30,10.0,45,SSO25Hz_M01,Baseline,RandomForest,ThreePhase,1
1023,ieee30,LL,30,10.0,45,SSO25Hz_M03,Baseline,RandomForest,ThreePhase,1
1024,ieee30,LL,30,10.0,90,NoSSO,Baseline,RandomForest,ThreePhase,1
1025,ieee30,LL,30,10.0,90,SSO25Hz_M01,Baseline,RandomForest,ThreePhase,1
1026,ieee30,LL,30,10.0,90,SSO25Hz_M03,Baseline,RandomForest,ThreePhase,1
1045,ieee30,LLG,30,10.0,0,NoSSO,Baseline,RandomForest,SLG,1
1046,ieee30,LLG,30,10.0,0,SSO25Hz_M01,Baseline,RandomForest,SLG,1
1047,ieee30,LLG,30,10.0,0,SSO25Hz_M03,Baseline,RandomForest,SLG,1
1048,ieee30,LLG,30,10.0,45,NoSSO,Baseline,RandomForest,SLG,1
1049,ieee30,LLG,30,10.0,45,SSO25Hz_M01,Baseline,RandomForest,SLG,1
1050,ieee30,LLG,30,10.0,45,SSO25Hz_M03,Baseline,RandomForest,SLG,1
1051,ieee30,LLG,30,10.0,90,NoSSO,Baseline,RandomForest,SLG,1
1052,ieee30,LLG,30,10.0,90,SSO25Hz_M01,Baseline,RandomForest,SLG,1
1053,ieee30,LLG,30,10.0,90,SSO25Hz_M03,Baseline,RandomForest,SLG,1
1072,ieee30,ThreePhase,30,10.0,0,NoSSO,Baseline,RandomForest,ThreePhase,1
1073,ieee30,ThreePhase,30,10.0,0,SSO25Hz_M01,Baseline,RandomForest,ThreePhase,1
1074,ieee30,ThreePhase,30,10.0,0,SSO25Hz_M03,Baseline,RandomForest,ThreePhase,1
1075,ieee30,ThreePhase,30,10.0,45,NoSSO,Baseline,RandomForest,ThreePhase,1
1076,ieee30,ThreePhase,30,10.0,45,SSO25Hz_M01,Baseline,RandomForest,ThreePhase,1
1077,ieee30,ThreePhase,30,10.0,45,SSO25Hz_M03,Baseline,RandomForest,ThreePhase,1
1078,ieee30,ThreePhase,30,10.0,90,NoSSO,Baseline,RandomForest,ThreePhase,1
1079,ieee30,ThreePhase,30,10.0,90,SSO25Hz_M01,Baseline,RandomForest,ThreePhase,1
1080,ieee30,ThreePhase,30,10.0,90,SSO25Hz_M03,Baseline,RandomForest,ThreePhase,1
559,ieee30,SLG,1,10.0,0,NoSSO,Baseline,ExtraTrees,ThreePhase,1
560,ieee30,SLG,1,10.0,0,SSO25Hz_M01,Baseline,ExtraTrees,ThreePhase,1
561,ieee30,SLG,1,10.0,0,SSO25Hz_M03,Baseline,ExtraTrees,ThreePhase,1
562,ieee30,SLG,1,10.0,45,NoSSO,Baseline,ExtraTrees,ThreePhase,1
563,ieee30,SLG,1,10.0,45,SSO25Hz_M01,Baseline,ExtraTrees,ThreePhase,1
564,ieee30,SLG,1,10.0,45,SSO25Hz_M03,Baseline,ExtraTrees,ThreePhase,1
565,ieee30,SLG,1,10.0,90,NoSSO,Baseline,ExtraTrees,ThreePhase,1
566,ieee30,SLG,1,10.0,90,SSO25Hz_M01,Baseline,ExtraTrees,ThreePhase,1
567,ieee30,SLG,1,10.0,90,SSO25Hz_M03,Baseline,ExtraTrees,ThreePhase,1
586,ieee30,LL,1,10.0,0,NoSSO,Baseline,ExtraTrees,ThreePhase,1
587,ieee30,LL,1,10.0,0,SSO25Hz_M01,Baseline,ExtraTrees,ThreePhase,1
588,ieee30,LL,1,10.0,0,SSO25Hz_M03,Baseline,ExtraTrees,ThreePhase,1
589,ieee30,LL,1,10.0,45,NoSSO,Baseline,ExtraTrees,LL,1
590,ieee30,LL,1,10.0,45,SSO25Hz_M01,Baseline,ExtraTrees,ThreePhase,1
591,ieee30,LL,1,10.0,45,SSO25Hz_M03,Baseline,ExtraTrees,ThreePhase,1
592,ieee30,LL,1,10.0,90,NoSSO,Baseline,ExtraTrees,ThreePhase,1
593,ieee30,LL,1,10.0,90,SSO25Hz_M01,Baseline,ExtraTrees,ThreePhase,1
594,ieee30,LL,1,10.0,90,SSO25Hz_M03,Baseline,ExtraTrees,ThreePhase,1
613,ieee30,LLG,1,10.0,0,NoSSO,Baseline,ExtraTrees,ThreePhase,1
614,ieee30,LLG,1,10.0,0,SSO25Hz_M01,Baseline,ExtraTrees,ThreePhase,1
615,ieee30,LLG,1,10.0,0,SSO25Hz_M03,Baseline,ExtraTrees,ThreePhase,1
616,ieee30,LLG,1,10.0,45,NoSSO,Baseline,ExtraTrees,ThreePhase,1
617,ieee30,LLG,1,10.0,45,SSO25Hz_M01,Baseline,ExtraTrees,ThreePhase,1
618,ieee30,LLG,1,10.0,45,SSO25Hz_M03,Baseline,ExtraTrees,ThreePhase,1
619,ieee30,LLG,1,10.0,90,NoSSO,Baseline,ExtraTrees,ThreePhase,1
620,ieee30,LLG,1,10.0,90,SSO25Hz_M01,Baseline,ExtraTrees,ThreePhase,1
621,ieee30,LLG,1,10.0,90,SSO25Hz_M03,Baseline,ExtraTrees,ThreePhase,1
640,ieee30,ThreePhase,1,10.0,0,NoSSO,Baseline,ExtraTrees,ThreePhase,1
641,ieee30,ThreePhase,1,10.0,0,SSO25Hz_M01,Baseline,ExtraTrees,ThreePhase,1
642,ieee30,ThreePhase,1,10.0,0,SSO25Hz_M03,Baseline,ExtraTrees,ThreePhase,1
643,ieee30,ThreePhase,1,10.0,45,NoSSO,Baseline,ExtraTrees,ThreePhase,1
644,ieee30,ThreePhase,1,10.0,45,SSO25Hz_M01,Baseline,ExtraTrees,ThreePhase,1
645,ieee30,ThreePhase,1,10.0,45,SSO25Hz_M03,Baseline,ExtraTrees,ThreePhase,1
646,ieee30,ThreePhase,1,10.0,90,NoSSO,Baseline,ExtraTrees,ThreePhase,1
647,ieee30,ThreePhase,1,10.0,90,SSO25Hz_M01,Baseline,ExtraTrees,ThreePhase,1
648,ieee30,ThreePhase,1,10.0,90,SSO25Hz_M03,Baseline,ExtraTrees,ThreePhase,1
667,ieee30,SLG,6,10.0,0,NoSSO,Baseline,ExtraTrees,ThreePhase,6
668,ieee30,SLG,6,10.0,0,SSO25Hz_M01,Baseline,ExtraTrees,ThreePhase,6
669,ieee30,SLG,6,10.0,0,SSO25Hz_M03,Baseline,ExtraTrees,ThreePhase,6
670,ieee30,SLG,6,10.0,45,NoSSO,Baseline,ExtraTrees,ThreePhase,6
671,ieee30,SLG,6,10.0,45,SSO25Hz_M01,Baseline,ExtraTrees,SLG,6
672,ieee30,SLG,6,10.0,45,SSO25Hz_M03,Baseline,ExtraTrees,ThreePhase,6
673,ieee30,SLG,6,10.0,90,NoSSO,Baseline,ExtraTrees,ThreePhase,6
674,ieee30,SLG,6,10.0,90,SSO25Hz_M01,Baseline,ExtraTrees,ThreePhase,6
675,ieee30,SLG,6,10.0,90,SSO25Hz_M03,Baseline,ExtraTrees,ThreePhase,6
694,ieee30,LL,6,10.0,0,NoSSO,Baseline,ExtraTrees,LL,1
695,ieee30,LL,6,10.0,0,SSO25Hz_M01,Baseline,ExtraTrees,LL,1
696,ieee30,LL,6,10.0,0,SSO25Hz_M03,Baseline,ExtraTrees,ThreePhase,1
697,ieee30,LL,6,10.0,45,NoSSO,Baseline,ExtraTrees,LL,1
698,ieee30,LL,6,10.0,45,SSO25Hz_M01,Baseline,ExtraTrees,LL,1
699,ieee30,LL,6,10.0,45,SSO25Hz_M03,Baseline,ExtraTrees,ThreePhase,1
700,ieee30,LL,6,10.0,90,NoSSO,Baseline,ExtraTrees,ThreePhase,1
701,ieee30,LL,6,10.0,90,SSO25Hz_M01,Baseline,ExtraTrees,ThreePhase,1
702,ieee30,LL,6,10.0,90,SSO25Hz_M03,Baseline,ExtraTrees,ThreePhase,1
721,ieee30,LLG,6,10.0,0,NoSSO,Baseline,ExtraTrees,ThreePhase,6
722,ieee30,LLG,6,10.0,0,SSO25Hz_M01,Baseline,ExtraTrees,ThreePhase,6
723,ieee30,LLG,6,10.0,0,SSO25Hz_M03,Baseline,ExtraTrees,ThreePhase,6
724,ieee30,LLG,6,10.0,45,NoSSO,Baseline,ExtraTrees,ThreePhase,6
725,ieee30,LLG,6,10.0,45,SSO25Hz_M01,Baseline,ExtraTrees,ThreePhase,6
726,ieee30,LLG,6,10.0,45,SSO25Hz_M03,Baseline,ExtraTrees,ThreePhase,6
727,ieee30,LLG,6,10.0,90,NoSSO,Baseline,ExtraTrees,ThreePhase,6
728,ieee30,LLG,6,10.0,90,SSO25Hz_M01,Baseline,ExtraTrees,ThreePhase,6
729,ieee30,LLG,6,10.0,90,SSO25Hz_M03,Baseline,ExtraTrees,ThreePhase,6
748,ieee30,ThreePhase,6,10.0,0,NoSSO,Baseline,ExtraTrees,ThreePhase,6
749,ieee30,ThreePhase,6,10.0,0,SSO25Hz_M01,Baseline,ExtraTrees,ThreePhase,6
750,ieee30,ThreePhase,6,10.0,0,SSO25Hz_M03,Baseline,ExtraTrees,ThreePhase,6
751,ieee30,ThreePhase,6,10.0,45,NoSSO,Baseline,ExtraTrees,ThreePhase,6
752,ieee30,ThreePhase,6,10.0,45,SSO25Hz_M01,Baseline,ExtraTrees,ThreePhase,6
753,ieee30,ThreePhase,6,10.0,45,SSO25Hz_M03,Baseline,ExtraTrees,ThreePhase,6
754,ieee30,ThreePhase,6,10.0,90,NoSSO,Baseline,ExtraTrees,ThreePhase,6
755,ieee30,ThreePhase,6,10.0,90,SSO25Hz_M01,Baseline,ExtraTrees,ThreePhase,6
756,ieee30,ThreePhase,6,10.0,90,SSO25Hz_M03,Baseline,ExtraTrees,ThreePhase,6
775,ieee30,SLG,10,10.0,0,NoSSO,Baseline,ExtraTrees,SLG,10
776,ieee30,SLG,10,10.0,0,SSO25Hz_M01,Baseline,ExtraTrees,SLG,10
777,ieee30,SLG,10,10.0,0,SSO25Hz_M03,Baseline,ExtraTrees,ThreePhase,10
778,ieee30,SLG,10,10.0,45,NoSSO,Baseline,ExtraTrees,SLG,10
779,ieee30,SLG,10,10.0,45,SSO25Hz_M01,Baseline,ExtraTrees,SLG,10
780,ieee30,SLG,10,10.0,45,SSO25Hz_M03,Baseline,ExtraTrees,ThreePhase,10
781,ieee30,SLG,10,10.0,90,NoSSO,Baseline,ExtraTrees,SLG,10
782,ieee30,SLG,10,10.0,90,SSO25Hz_M01,Baseline,ExtraTrees,SLG,10
783,ieee30,SLG,10,10.0,90,SSO25Hz_M03,Baseline,ExtraTrees,ThreePhase,10
802,ieee30,LL,10,10.0,0,NoSSO,Baseline,ExtraTrees,LL,1
803,ieee30,LL,10,10.0,0,SSO25Hz_M01,Baseline,ExtraTrees,LL,1
804,ieee30,LL,10,10.0,0,SSO25Hz_M03,Baseline,ExtraTrees,LL,1
805,ieee30,LL,10,10.0,45,NoSSO,Baseline,ExtraTrees,LL,1
806,ieee30,LL,10,10.0,45,SSO25Hz_M01,Baseline,ExtraTrees,LL,1
807,ieee30,LL,10,10.0,45,SSO25Hz_M03,Baseline,ExtraTrees,ThreePhase,1
808,ieee30,LL,10,10.0,90,NoSSO,Baseline,ExtraTrees,LL,1
809,ieee30,LL,10,10.0,90,SSO25Hz_M01,Baseline,ExtraTrees,LL,1
810,ieee30,LL,10,10.0,90,SSO25Hz_M03,Baseline,ExtraTrees,ThreePhase,1
829,ieee30,LLG,10,10.0,0,NoSSO,Baseline,ExtraTrees,ThreePhase,10
830,ieee30,LLG,10,10.0,0,SSO25Hz_M01,Baseline,ExtraTrees,ThreePhase,10
831,ieee30,LLG,10,10.0,0,SSO25Hz_M03,Baseline,ExtraTrees,ThreePhase,10
832,ieee30,LLG,10,10.0,45,NoSSO,Baseline,ExtraTrees,ThreePhase,10
833,ieee30,LLG,10,10.0,45,SSO25Hz_M01,Baseline,ExtraTrees,ThreePhase,10
834,ieee30,LLG,10,10.0,45,SSO25Hz_M03,Baseline,ExtraTrees,ThreePhase,10
835,ieee30,LLG,10,10.0,90,NoSSO,Baseline,ExtraTrees,ThreePhase,10
836,ieee30,LLG,10,10.0,90,SSO25Hz_M01,Baseline,ExtraTrees,ThreePhase,10
837,ieee30,LLG,10,10.0,90,SSO25Hz_M03,Baseline,ExtraTrees,ThreePhase,10
856,ieee30,ThreePhase,10,10.0,0,NoSSO,Baseline,ExtraTrees,ThreePhase,10
857,ieee30,ThreePhase,10,10.0,0,SSO25Hz_M01,Baseline,ExtraTrees,ThreePhase,10
858,ieee30,ThreePhase,10,10.0,0,SSO25Hz_M03,Baseline,ExtraTrees,ThreePhase,10
859,ieee30,ThreePhase,10,10.0,45,NoSSO,Baseline,ExtraTrees,ThreePhase,10
860,ieee30,ThreePhase,10,10.0,45,SSO25Hz_M01,Baseline,ExtraTrees,ThreePhase,10
861,ieee30,ThreePhase,10,10.0,45,SSO25Hz_M03,Baseline,ExtraTrees,ThreePhase,10
862,ieee30,ThreePhase,10,10.0,90,NoSSO,Baseline,ExtraTrees,ThreePhase,10
863,ieee30,ThreePhase,10,10.0,90,SSO25Hz_M01,Baseline,ExtraTrees,ThreePhase,10
864,ieee30,ThreePhase,10,10.0,90,SSO25Hz_M03,Baseline,ExtraTrees,ThreePhase,10
883,ieee30,SLG,24,10.0,0,NoSSO,Baseline,ExtraTrees,SLG,24
884,ieee30,SLG,24,10.0,0,SSO25Hz_M01,Baseline,ExtraTrees,SLG,24
885,ieee30,SLG,24,10.0,0,SSO25Hz_M03,Baseline,ExtraTrees,ThreePhase,1
886,ieee30,SLG,24,10.0,45,NoSSO,Baseline,ExtraTrees,SLG,24
887,ieee30,SLG,24,10.0,45,SSO25Hz_M01,Baseline,ExtraTrees,SLG,24
888,ieee30,SLG,24,10.0,45,SSO25Hz_M03,Baseline,ExtraTrees,ThreePhase,1
889,ieee30,SLG,24,10.0,90,NoSSO,Baseline,ExtraTrees,SLG,24
890,ieee30,SLG,24,10.0,90,SSO25Hz_M01,Baseline,ExtraTrees,SLG,24
891,ieee30,SLG,24,10.0,90,SSO25Hz_M03,Baseline,ExtraTrees,ThreePhase,24
910,ieee30,LL,24,10.0,0,NoSSO,Baseline,ExtraTrees,LL,1
911,ieee30,LL,24,10.0,0,SSO25Hz_M01,Baseline,ExtraTrees,LL,1
912,ieee30,LL,24,10.0,0,SSO25Hz_M03,Baseline,ExtraTrees,LL,1
913,ieee30,LL,24,10.0,45,NoSSO,Baseline,ExtraTrees,LL,1
914,ieee30,LL,24,10.0,45,SSO25Hz_M01,Baseline,ExtraTrees,LL,1
915,ieee30,LL,24,10.0,45,SSO25Hz_M03,Baseline,ExtraTrees,ThreePhase,1
916,ieee30,LL,24,10.0,90,NoSSO,Baseline,ExtraTrees,LL,1
917,ieee30,LL,24,10.0,90,SSO25Hz_M01,Baseline,ExtraTrees,LL,1
918,ieee30,LL,24,10.0,90,SSO25Hz_M03,Baseline,ExtraTrees,ThreePhase,1
937,ieee30,LLG,24,10.0,0,NoSSO,Baseline,ExtraTrees,ThreePhase,24
938,ieee30,LLG,24,10.0,0,SSO25Hz_M01,Baseline,ExtraTrees,ThreePhase,24
939,ieee30,LLG,24,10.0,0,SSO25Hz_M03,Baseline,ExtraTrees,ThreePhase,24
940,ieee30,LLG,24,10.0,45,NoSSO,Baseline,ExtraTrees,ThreePhase,24
941,ieee30,LLG,24,10.0,45,SSO25Hz_M01,Baseline,ExtraTrees,ThreePhase,24
942,ieee30,LLG,24,10.0,45,SSO25Hz_M03,Baseline,ExtraTrees,ThreePhase,24
943,ieee30,LLG,24,10.0,90,NoSSO,Baseline,ExtraTrees,ThreePhase,24
944,ieee30,LLG,24,10.0,90,SSO25Hz_M01,Baseline,ExtraTrees,ThreePhase,24
945,ieee30,LLG,24,10.0,90,SSO25Hz_M03,Baseline,ExtraTrees,ThreePhase,24
964,ieee30,ThreePhase,24,10.0,0,NoSSO,Baseline,ExtraTrees,ThreePhase,24
965,ieee30,ThreePhase,24,10.0,0,SSO25Hz_M01,Baseline,ExtraTrees,ThreePhase,24
966,ieee30,ThreePhase,24,10.0,0,SSO25Hz_M03,Baseline,ExtraTrees,ThreePhase,24
967,ieee30,ThreePhase,24,10.0,45,NoSSO,Baseline,ExtraTrees,ThreePhase,24
968,ieee30,ThreePhase,24,10.0,45,SSO25Hz_M01,Baseline,ExtraTrees,ThreePhase,24
969,ieee30,ThreePhase,24,10.0,45,SSO25Hz_M03,Baseline,ExtraTrees,ThreePhase,24
970,ieee30,ThreePhase,24,10.0,90,NoSSO,Baseline,ExtraTrees,ThreePhase,24
971,ieee30,ThreePhase,24,10.0,90,SSO25Hz_M01,Baseline,ExtraTrees,ThreePhase,24
972,ieee30,ThreePhase,24,10.0,90,SSO25Hz_M03,Baseline,ExtraTrees,ThreePhase,24
991,ieee30,SLG,30,10.0,0,NoSSO,Baseline,ExtraTrees,ThreePhase,1
992,ieee30,SLG,30,10.0,0,SSO25Hz_M01,Baseline,ExtraTrees,ThreePhase,1
993,ieee30,SLG,30,10.0,0,SSO25Hz_M03,Baseline,ExtraTrees,ThreePhase,1
994,ieee30,SLG,30,10.0,45,NoSSO,Baseline,ExtraTrees,ThreePhase,1
995,ieee30,SLG,30,10.0,45,SSO25Hz_M01,Baseline,ExtraTrees,ThreePhase,1
996,ieee30,SLG,30,10.0,45,SSO25Hz_M03,Baseline,ExtraTrees,ThreePhase,1
997,ieee30,SLG,30,10.0,90,NoSSO,Baseline,ExtraTrees,ThreePhase,1
998,ieee30,SLG,30,10.0,90,SSO25Hz_M01,Baseline,ExtraTrees,ThreePhase,1
999,ieee30,SLG,30,10.0,90,SSO25Hz_M03,Baseline,ExtraTrees,ThreePhase,1
1018,ieee30,LL,30,10.0,0,NoSSO,Baseline,ExtraTrees,LL,1
1019,ieee30,LL,30,10.0,0,SSO25Hz_M01,Baseline,ExtraTrees,ThreePhase,1
1020,ieee30,LL,30,10.0,0,SSO25Hz_M03,Baseline,ExtraTrees,ThreePhase,1
1021,ieee30,LL,30,10.0,45,NoSSO,Baseline,ExtraTrees,LL,1
1022,ieee30,LL,30,10.0,45,SSO25Hz_M01,Baseline,ExtraTrees,LL,1
1023,ieee30,LL,30,10.0,45,SSO25Hz_M03,Baseline,ExtraTrees,ThreePhase,1
1024,ieee30,LL,30,10.0,90,NoSSO,Baseline,ExtraTrees,ThreePhase,1
1025,ieee30,LL,30,10.0,90,SSO25Hz_M01,Baseline,ExtraTrees,ThreePhase,1
1026,ieee30,LL,30,10.0,90,SSO25Hz_M03,Baseline,ExtraTrees,ThreePhase,1
1045,ieee30,LLG,30,10.0,0,NoSSO,Baseline,ExtraTrees,ThreePhase,1
1046,ieee30,LLG,30,10.0,0,SSO25Hz_M01,Baseline,ExtraTrees,ThreePhase,1
1047,ieee30,LLG,30,10.0,0,SSO25Hz_M03,Baseline,ExtraTrees,ThreePhase,1
1048,ieee30,LLG,30,10.0,45,NoSSO,Baseline,ExtraTrees,ThreePhase,1
1049,ieee30,LLG,30,10.0,45,SSO25Hz_M01,Baseline,ExtraTrees,ThreePhase,1
1050,ieee30,LLG,30,10.0,45,SSO25Hz_M03,Baseline,ExtraTrees,ThreePhase,1
1051,ieee30,LLG,30,10.0,90,NoSSO,Baseline,ExtraTrees,ThreePhase,1
1052,ieee30,LLG,30,10.0,90,SSO25Hz_M01,Baseline,ExtraTrees,ThreePhase,1
1053,ieee30,LLG,30,10.0,90,SSO25Hz_M03,Baseline,ExtraTrees,ThreePhase,1
1072,ieee30,ThreePhase,30,10.0,0,NoSSO,Baseline,ExtraTrees,ThreePhase,1
1073,ieee30,ThreePhase,30,10.0,0,SSO25Hz_M01,Baseline,ExtraTrees,ThreePhase,1
1074,ieee30,ThreePhase,30,10.0,0,SSO25Hz_M03,Baseline,ExtraTrees,ThreePhase,1
1075,ieee30,ThreePhase,30,10.0,45,NoSSO,Baseline,ExtraTrees,ThreePhase,1
1076,ieee30,ThreePhase,30,10.0,45,SSO25Hz_M01,Baseline,ExtraTrees,ThreePhase,1
1077,ieee30,ThreePhase,30,10.0,45,SSO25Hz_M03,Baseline,ExtraTrees,ThreePhase,1
1078,ieee30,ThreePhase,30,10.0,90,NoSSO,Baseline,ExtraTrees,ThreePhase,1
1079,ieee30,ThreePhase,30,10.0,90,SSO25Hz_M01,Baseline,ExtraTrees,ThreePhase,1
1080,ieee30,ThreePhase,30,10.0,90,SSO25Hz_M03,Baseline,ExtraTrees,ThreePhase,1
559,ieee30,SLG,1,10.0,0,NoSSO,Experiment A: voltage only,RandomForest,ThreePhase,1
560,ieee30,SLG,1,10.0,0,SSO25Hz_M01,Experiment A: voltage only,RandomForest,ThreePhase,1
561,ieee30,SLG,1,10.0,0,SSO25Hz_M03,Experiment A: voltage only,RandomForest,ThreePhase,1
562,ieee30,SLG,1,10.0,45,NoSSO,Experiment A: voltage only,RandomForest,ThreePhase,1
563,ieee30,SLG,1,10.0,45,SSO25Hz_M01,Experiment A: voltage only,RandomForest,ThreePhase,1
564,ieee30,SLG,1,10.0,45,SSO25Hz_M03,Experiment A: voltage only,RandomForest,ThreePhase,1
565,ieee30,SLG,1,10.0,90,NoSSO,Experiment A: voltage only,RandomForest,ThreePhase,1
566,ieee30,SLG,1,10.0,90,SSO25Hz_M01,Experiment A: voltage only,RandomForest,ThreePhase,1
567,ieee30,SLG,1,10.0,90,SSO25Hz_M03,Experiment A: voltage only,RandomForest,ThreePhase,1
586,ieee30,LL,1,10.0,0,NoSSO,Experiment A: voltage only,RandomForest,ThreePhase,1
587,ieee30,LL,1,10.0,0,SSO25Hz_M01,Experiment A: voltage only,RandomForest,ThreePhase,1
588,ieee30,LL,1,10.0,0,SSO25Hz_M03,Experiment A: voltage only,RandomForest,ThreePhase,1
589,ieee30,LL,1,10.0,45,NoSSO,Experiment A: voltage only,RandomForest,ThreePhase,1
590,ieee30,LL,1,10.0,45,SSO25Hz_M01,Experiment A: voltage only,RandomForest,ThreePhase,1
591,ieee30,LL,1,10.0,45,SSO25Hz_M03,Experiment A: voltage only,RandomForest,ThreePhase,1
592,ieee30,LL,1,10.0,90,NoSSO,Experiment A: voltage only,RandomForest,ThreePhase,1
593,ieee30,LL,1,10.0,90,SSO25Hz_M01,Experiment A: voltage only,RandomForest,ThreePhase,1
594,ieee30,LL,1,10.0,90,SSO25Hz_M03,Experiment A: voltage only,RandomForest,ThreePhase,1
613,ieee30,LLG,1,10.0,0,NoSSO,Experiment A: voltage only,RandomForest,ThreePhase,1
614,ieee30,LLG,1,10.0,0,SSO25Hz_M01,Experiment A: voltage only,RandomForest,ThreePhase,1
615,ieee30,LLG,1,10.0,0,SSO25Hz_M03,Experiment A: voltage only,RandomForest,ThreePhase,1
616,ieee30,LLG,1,10.0,45,NoSSO,Experiment A: voltage only,RandomForest,ThreePhase,1
617,ieee30,LLG,1,10.0,45,SSO25Hz_M01,Experiment A: voltage only,RandomForest,ThreePhase,1
618,ieee30,LLG,1,10.0,45,SSO25Hz_M03,Experiment A: voltage only,RandomForest,ThreePhase,1
619,ieee30,LLG,1,10.0,90,NoSSO,Experiment A: voltage only,RandomForest,ThreePhase,1
620,ieee30,LLG,1,10.0,90,SSO25Hz_M01,Experiment A: voltage only,RandomForest,ThreePhase,1
621,ieee30,LLG,1,10.0,90,SSO25Hz_M03,Experiment A: voltage only,RandomForest,ThreePhase,1
640,ieee30,ThreePhase,1,10.0,0,NoSSO,Experiment A: voltage only,RandomForest,ThreePhase,1
641,ieee30,ThreePhase,1,10.0,0,SSO25Hz_M01,Experiment A: voltage only,RandomForest,ThreePhase,1
642,ieee30,ThreePhase,1,10.0,0,SSO25Hz_M03,Experiment A: voltage only,RandomForest,ThreePhase,1
643,ieee30,ThreePhase,1,10.0,45,NoSSO,Experiment A: voltage only,RandomForest,ThreePhase,1
644,ieee30,ThreePhase,1,10.0,45,SSO25Hz_M01,Experiment A: voltage only,RandomForest,ThreePhase,1
645,ieee30,ThreePhase,1,10.0,45,SSO25Hz_M03,Experiment A: voltage only,RandomForest,ThreePhase,1
646,ieee30,ThreePhase,1,10.0,90,NoSSO,Experiment A: voltage only,RandomForest,ThreePhase,1
647,ieee30,ThreePhase,1,10.0,90,SSO25Hz_M01,Experiment A: voltage only,RandomForest,ThreePhase,1
648,ieee30,ThreePhase,1,10.0,90,SSO25Hz_M03,Experiment A: voltage only,RandomForest,ThreePhase,1
667,ieee30,SLG,6,10.0,0,NoSSO,Experiment A: voltage only,RandomForest,ThreePhase,6
668,ieee30,SLG,6,10.0,0,SSO25Hz_M01,Experiment A: voltage only,RandomForest,ThreePhase,6
669,ieee30,SLG,6,10.0,0,SSO25Hz_M03,Experiment A: voltage only,RandomForest,ThreePhase,6
670,ieee30,SLG,6,10.0,45,NoSSO,Experiment A: voltage only,RandomForest,ThreePhase,6
671,ieee30,SLG,6,10.0,45,SSO25Hz_M01,Experiment A: voltage only,RandomForest,ThreePhase,6
672,ieee30,SLG,6,10.0,45,SSO25Hz_M03,Experiment A: voltage only,RandomForest,ThreePhase,6
673,ieee30,SLG,6,10.0,90,NoSSO,Experiment A: voltage only,RandomForest,ThreePhase,6
674,ieee30,SLG,6,10.0,90,SSO25Hz_M01,Experiment A: voltage only,RandomForest,ThreePhase,6
675,ieee30,SLG,6,10.0,90,SSO25Hz_M03,Experiment A: voltage only,RandomForest,ThreePhase,6
694,ieee30,LL,6,10.0,0,NoSSO,Experiment A: voltage only,RandomForest,ThreePhase,1
695,ieee30,LL,6,10.0,0,SSO25Hz_M01,Experiment A: voltage only,RandomForest,ThreePhase,1
696,ieee30,LL,6,10.0,0,SSO25Hz_M03,Experiment A: voltage only,RandomForest,ThreePhase,1
697,ieee30,LL,6,10.0,45,NoSSO,Experiment A: voltage only,RandomForest,ThreePhase,1
698,ieee30,LL,6,10.0,45,SSO25Hz_M01,Experiment A: voltage only,RandomForest,ThreePhase,1
699,ieee30,LL,6,10.0,45,SSO25Hz_M03,Experiment A: voltage only,RandomForest,ThreePhase,1
700,ieee30,LL,6,10.0,90,NoSSO,Experiment A: voltage only,RandomForest,ThreePhase,1
701,ieee30,LL,6,10.0,90,SSO25Hz_M01,Experiment A: voltage only,RandomForest,ThreePhase,1
702,ieee30,LL,6,10.0,90,SSO25Hz_M03,Experiment A: voltage only,RandomForest,ThreePhase,1
721,ieee30,LLG,6,10.0,0,NoSSO,Experiment A: voltage only,RandomForest,ThreePhase,6
722,ieee30,LLG,6,10.0,0,SSO25Hz_M01,Experiment A: voltage only,RandomForest,ThreePhase,6
723,ieee30,LLG,6,10.0,0,SSO25Hz_M03,Experiment A: voltage only,RandomForest,ThreePhase,6
724,ieee30,LLG,6,10.0,45,NoSSO,Experiment A: voltage only,RandomForest,ThreePhase,6
725,ieee30,LLG,6,10.0,45,SSO25Hz_M01,Experiment A: voltage only,RandomForest,ThreePhase,6
726,ieee30,LLG,6,10.0,45,SSO25Hz_M03,Experiment A: voltage only,RandomForest,ThreePhase,6
727,ieee30,LLG,6,10.0,90,NoSSO,Experiment A: voltage only,RandomForest,ThreePhase,6
728,ieee30,LLG,6,10.0,90,SSO25Hz_M01,Experiment A: voltage only,RandomForest,ThreePhase,6
729,ieee30,LLG,6,10.0,90,SSO25Hz_M03,Experiment A: voltage only,RandomForest,ThreePhase,6
748,ieee30,ThreePhase,6,10.0,0,NoSSO,Experiment A: voltage only,RandomForest,ThreePhase,6
749,ieee30,ThreePhase,6,10.0,0,SSO25Hz_M01,Experiment A: voltage only,RandomForest,ThreePhase,6
750,ieee30,ThreePhase,6,10.0,0,SSO25Hz_M03,Experiment A: voltage only,RandomForest,ThreePhase,6
751,ieee30,ThreePhase,6,10.0,45,NoSSO,Experiment A: voltage only,RandomForest,ThreePhase,6
752,ieee30,ThreePhase,6,10.0,45,SSO25Hz_M01,Experiment A: voltage only,RandomForest,ThreePhase,6
753,ieee30,ThreePhase,6,10.0,45,SSO25Hz_M03,Experiment A: voltage only,RandomForest,ThreePhase,6
754,ieee30,ThreePhase,6,10.0,90,NoSSO,Experiment A: voltage only,RandomForest,ThreePhase,6
755,ieee30,ThreePhase,6,10.0,90,SSO25Hz_M01,Experiment A: voltage only,RandomForest,ThreePhase,6
756,ieee30,ThreePhase,6,10.0,90,SSO25Hz_M03,Experiment A: voltage only,RandomForest,ThreePhase,6
775,ieee30,SLG,10,10.0,0,NoSSO,Experiment A: voltage only,RandomForest,ThreePhase,10
776,ieee30,SLG,10,10.0,0,SSO25Hz_M01,Experiment A: voltage only,RandomForest,ThreePhase,10
777,ieee30,SLG,10,10.0,0,SSO25Hz_M03,Experiment A: voltage only,RandomForest,ThreePhase,10
778,ieee30,SLG,10,10.0,45,NoSSO,Experiment A: voltage only,RandomForest,ThreePhase,10
779,ieee30,SLG,10,10.0,45,SSO25Hz_M01,Experiment A: voltage only,RandomForest,ThreePhase,10
780,ieee30,SLG,10,10.0,45,SSO25Hz_M03,Experiment A: voltage only,RandomForest,ThreePhase,10
781,ieee30,SLG,10,10.0,90,NoSSO,Experiment A: voltage only,RandomForest,ThreePhase,10
782,ieee30,SLG,10,10.0,90,SSO25Hz_M01,Experiment A: voltage only,RandomForest,ThreePhase,10
783,ieee30,SLG,10,10.0,90,SSO25Hz_M03,Experiment A: voltage only,RandomForest,ThreePhase,10
802,ieee30,LL,10,10.0,0,NoSSO,Experiment A: voltage only,RandomForest,ThreePhase,1
803,ieee30,LL,10,10.0,0,SSO25Hz_M01,Experiment A: voltage only,RandomForest,ThreePhase,1
804,ieee30,LL,10,10.0,0,SSO25Hz_M03,Experiment A: voltage only,RandomForest,ThreePhase,1
805,ieee30,LL,10,10.0,45,NoSSO,Experiment A: voltage only,RandomForest,ThreePhase,1
806,ieee30,LL,10,10.0,45,SSO25Hz_M01,Experiment A: voltage only,RandomForest,ThreePhase,1
807,ieee30,LL,10,10.0,45,SSO25Hz_M03,Experiment A: voltage only,RandomForest,ThreePhase,1
808,ieee30,LL,10,10.0,90,NoSSO,Experiment A: voltage only,RandomForest,ThreePhase,1
809,ieee30,LL,10,10.0,90,SSO25Hz_M01,Experiment A: voltage only,RandomForest,ThreePhase,1
810,ieee30,LL,10,10.0,90,SSO25Hz_M03,Experiment A: voltage only,RandomForest,ThreePhase,1
829,ieee30,LLG,10,10.0,0,NoSSO,Experiment A: voltage only,RandomForest,ThreePhase,10
830,ieee30,LLG,10,10.0,0,SSO25Hz_M01,Experiment A: voltage only,RandomForest,ThreePhase,10
831,ieee30,LLG,10,10.0,0,SSO25Hz_M03,Experiment A: voltage only,RandomForest,ThreePhase,10
832,ieee30,LLG,10,10.0,45,NoSSO,Experiment A: voltage only,RandomForest,ThreePhase,10
833,ieee30,LLG,10,10.0,45,SSO25Hz_M01,Experiment A: voltage only,RandomForest,ThreePhase,10
834,ieee30,LLG,10,10.0,45,SSO25Hz_M03,Experiment A: voltage only,RandomForest,ThreePhase,10
835,ieee30,LLG,10,10.0,90,NoSSO,Experiment A: voltage only,RandomForest,ThreePhase,10
836,ieee30,LLG,10,10.0,90,SSO25Hz_M01,Experiment A: voltage only,RandomForest,ThreePhase,10
837,ieee30,LLG,10,10.0,90,SSO25Hz_M03,Experiment A: voltage only,RandomForest,ThreePhase,10
856,ieee30,ThreePhase,10,10.0,0,NoSSO,Experiment A: voltage only,RandomForest,ThreePhase,10
857,ieee30,ThreePhase,10,10.0,0,SSO25Hz_M01,Experiment A: voltage only,RandomForest,ThreePhase,10
858,ieee30,ThreePhase,10,10.0,0,SSO25Hz_M03,Experiment A: voltage only,RandomForest,ThreePhase,10
859,ieee30,ThreePhase,10,10.0,45,NoSSO,Experiment A: voltage only,RandomForest,ThreePhase,10
860,ieee30,ThreePhase,10,10.0,45,SSO25Hz_M01,Experiment A: voltage only,RandomForest,ThreePhase,10
861,ieee30,ThreePhase,10,10.0,45,SSO25Hz_M03,Experiment A: voltage only,RandomForest,ThreePhase,10
862,ieee30,ThreePhase,10,10.0,90,NoSSO,Experiment A: voltage only,RandomForest,ThreePhase,10
863,ieee30,ThreePhase,10,10.0,90,SSO25Hz_M01,Experiment A: voltage only,RandomForest,ThreePhase,10
864,ieee30,ThreePhase,10,10.0,90,SSO25Hz_M03,Experiment A: voltage only,RandomForest,ThreePhase,10
883,ieee30,SLG,24,10.0,0,NoSSO,Experiment A: voltage only,RandomForest,ThreePhase,24
884,ieee30,SLG,24,10.0,0,SSO25Hz_M01,Experiment A: voltage only,RandomForest,ThreePhase,24
885,ieee30,SLG,24,10.0,0,SSO25Hz_M03,Experiment A: voltage only,RandomForest,ThreePhase,24
886,ieee30,SLG,24,10.0,45,NoSSO,Experiment A: voltage only,RandomForest,ThreePhase,24
887,ieee30,SLG,24,10.0,45,SSO25Hz_M01,Experiment A: voltage only,RandomForest,ThreePhase,24
888,ieee30,SLG,24,10.0,45,SSO25Hz_M03,Experiment A: voltage only,RandomForest,ThreePhase,24
889,ieee30,SLG,24,10.0,90,NoSSO,Experiment A: voltage only,RandomForest,ThreePhase,24
890,ieee30,SLG,24,10.0,90,SSO25Hz_M01,Experiment A: voltage only,RandomForest,ThreePhase,24
891,ieee30,SLG,24,10.0,90,SSO25Hz_M03,Experiment A: voltage only,RandomForest,ThreePhase,24
910,ieee30,LL,24,10.0,0,NoSSO,Experiment A: voltage only,RandomForest,ThreePhase,1
911,ieee30,LL,24,10.0,0,SSO25Hz_M01,Experiment A: voltage only,RandomForest,ThreePhase,1
912,ieee30,LL,24,10.0,0,SSO25Hz_M03,Experiment A: voltage only,RandomForest,ThreePhase,1
913,ieee30,LL,24,10.0,45,NoSSO,Experiment A: voltage only,RandomForest,ThreePhase,1
914,ieee30,LL,24,10.0,45,SSO25Hz_M01,Experiment A: voltage only,RandomForest,ThreePhase,1
915,ieee30,LL,24,10.0,45,SSO25Hz_M03,Experiment A: voltage only,RandomForest,ThreePhase,1
916,ieee30,LL,24,10.0,90,NoSSO,Experiment A: voltage only,RandomForest,ThreePhase,1
917,ieee30,LL,24,10.0,90,SSO25Hz_M01,Experiment A: voltage only,RandomForest,ThreePhase,1
918,ieee30,LL,24,10.0,90,SSO25Hz_M03,Experiment A: voltage only,RandomForest,ThreePhase,1
937,ieee30,LLG,24,10.0,0,NoSSO,Experiment A: voltage only,RandomForest,ThreePhase,24
938,ieee30,LLG,24,10.0,0,SSO25Hz_M01,Experiment A: voltage only,RandomForest,ThreePhase,24
939,ieee30,LLG,24,10.0,0,SSO25Hz_M03,Experiment A: voltage only,RandomForest,ThreePhase,24
940,ieee30,LLG,24,10.0,45,NoSSO,Experiment A: voltage only,RandomForest,ThreePhase,24
941,ieee30,LLG,24,10.0,45,SSO25Hz_M01,Experiment A: voltage only,RandomForest,ThreePhase,24
942,ieee30,LLG,24,10.0,45,SSO25Hz_M03,Experiment A: voltage only,RandomForest,ThreePhase,24
943,ieee30,LLG,24,10.0,90,NoSSO,Experiment A: voltage only,RandomForest,ThreePhase,24
944,ieee30,LLG,24,10.0,90,SSO25Hz_M01,Experiment A: voltage only,RandomForest,ThreePhase,24
945,ieee30,LLG,24,10.0,90,SSO25Hz_M03,Experiment A: voltage only,RandomForest,ThreePhase,24
964,ieee30,ThreePhase,24,10.0,0,NoSSO,Experiment A: voltage only,RandomForest,ThreePhase,24
965,ieee30,ThreePhase,24,10.0,0,SSO25Hz_M01,Experiment A: voltage only,RandomForest,ThreePhase,24
966,ieee30,ThreePhase,24,10.0,0,SSO25Hz_M03,Experiment A: voltage only,RandomForest,ThreePhase,24
967,ieee30,ThreePhase,24,10.0,45,NoSSO,Experiment A: voltage only,RandomForest,ThreePhase,24
968,ieee30,ThreePhase,24,10.0,45,SSO25Hz_M01,Experiment A: voltage only,RandomForest,ThreePhase,24
969,ieee30,ThreePhase,24,10.0,45,SSO25Hz_M03,Experiment A: voltage only,RandomForest,ThreePhase,24
970,ieee30,ThreePhase,24,10.0,90,NoSSO,Experiment A: voltage only,RandomForest,ThreePhase,24
971,ieee30,ThreePhase,24,10.0,90,SSO25Hz_M01,Experiment A: voltage only,RandomForest,ThreePhase,24
972,ieee30,ThreePhase,24,10.0,90,SSO25Hz_M03,Experiment A: voltage only,RandomForest,ThreePhase,24
991,ieee30,SLG,30,10.0,0,NoSSO,Experiment A: voltage only,RandomForest,ThreePhase,1
992,ieee30,SLG,30,10.0,0,SSO25Hz_M01,Experiment A: voltage only,RandomForest,ThreePhase,1
993,ieee30,SLG,30,10.0,0,SSO25Hz_M03,Experiment A: voltage only,RandomForest,ThreePhase,1
994,ieee30,SLG,30,10.0,45,NoSSO,Experiment A: voltage only,RandomForest,ThreePhase,1
995,ieee30,SLG,30,10.0,45,SSO25Hz_M01,Experiment A: voltage only,RandomForest,ThreePhase,1
996,ieee30,SLG,30,10.0,45,SSO25Hz_M03,Experiment A: voltage only,RandomForest,ThreePhase,1
997,ieee30,SLG,30,10.0,90,NoSSO,Experiment A: voltage only,RandomForest,ThreePhase,1
998,ieee30,SLG,30,10.0,90,SSO25Hz_M01,Experiment A: voltage only,RandomForest,ThreePhase,1
999,ieee30,SLG,30,10.0,90,SSO25Hz_M03,Experiment A: voltage only,RandomForest,ThreePhase,1
1018,ieee30,LL,30,10.0,0,NoSSO,Experiment A: voltage only,RandomForest,ThreePhase,1
1019,ieee30,LL,30,10.0,0,SSO25Hz_M01,Experiment A: voltage only,RandomForest,ThreePhase,1
1020,ieee30,LL,30,10.0,0,SSO25Hz_M03,Experiment A: voltage only,RandomForest,ThreePhase,1
1021,ieee30,LL,30,10.0,45,NoSSO,Experiment A: voltage only,RandomForest,ThreePhase,1
1022,ieee30,LL,30,10.0,45,SSO25Hz_M01,Experiment A: voltage only,RandomForest,ThreePhase,1
1023,ieee30,LL,30,10.0,45,SSO25Hz_M03,Experiment A: voltage only,RandomForest,ThreePhase,1
1024,ieee30,LL,30,10.0,90,NoSSO,Experiment A: voltage only,RandomForest,ThreePhase,1
1025,ieee30,LL,30,10.0,90,SSO25Hz_M01,Experiment A: voltage only,RandomForest,ThreePhase,1
1026,ieee30,LL,30,10.0,90,SSO25Hz_M03,Experiment A: voltage only,RandomForest,ThreePhase,1
1045,ieee30,LLG,30,10.0,0,NoSSO,Experiment A: voltage only,RandomForest,ThreePhase,1
1046,ieee30,LLG,30,10.0,0,SSO25Hz_M01,Experiment A: voltage only,RandomForest,ThreePhase,1
1047,ieee30,LLG,30,10.0,0,SSO25Hz_M03,Experiment A: voltage only,RandomForest,ThreePhase,1
1048,ieee30,LLG,30,10.0,45,NoSSO,Experiment A: voltage only,RandomForest,ThreePhase,1
1049,ieee30,LLG,30,10.0,45,SSO25Hz_M01,Experiment A: voltage only,RandomForest,ThreePhase,1
1050,ieee30,LLG,30,10.0,45,SSO25Hz_M03,Experiment A: voltage only,RandomForest,ThreePhase,1
1051,ieee30,LLG,30,10.0,90,NoSSO,Experiment A: voltage only,RandomForest,ThreePhase,1
1052,ieee30,LLG,30,10.0,90,SSO25Hz_M01,Experiment A: voltage only,RandomForest,ThreePhase,1
1053,ieee30,LLG,30,10.0,90,SSO25Hz_M03,Experiment A: voltage only,RandomForest,ThreePhase,1
1072,ieee30,ThreePhase,30,10.0,0,NoSSO,Experiment A: voltage only,RandomForest,ThreePhase,1
1073,ieee30,ThreePhase,30,10.0,0,SSO25Hz_M01,Experiment A: voltage only,RandomForest,ThreePhase,1
1074,ieee30,ThreePhase,30,10.0,0,SSO25Hz_M03,Experiment A: voltage only,RandomForest,ThreePhase,1
1075,ieee30,ThreePhase,30,10.0,45,NoSSO,Experiment A: voltage only,RandomForest,ThreePhase,1
1076,ieee30,ThreePhase,30,10.0,45,SSO25Hz_M01,Experiment A: voltage only,RandomForest,ThreePhase,1
1077,ieee30,ThreePhase,30,10.0,45,SSO25Hz_M03,Experiment A: voltage only,RandomForest,ThreePhase,1
1078,ieee30,ThreePhase,30,10.0,90,NoSSO,Experiment A: voltage only,RandomForest,ThreePhase,1
1079,ieee30,ThreePhase,30,10.0,90,SSO25Hz_M01,Experiment A: voltage only,RandomForest,ThreePhase,1
1080,ieee30,ThreePhase,30,10.0,90,SSO25Hz_M03,Experiment A: voltage only,RandomForest,ThreePhase,1
559,ieee30,SLG,1,10.0,0,NoSSO,Experiment A: voltage only,ExtraTrees,ThreePhase,1
560,ieee30,SLG,1,10.0,0,SSO25Hz_M01,Experiment A: voltage only,ExtraTrees,ThreePhase,1
561,ieee30,SLG,1,10.0,0,SSO25Hz_M03,Experiment A: voltage only,ExtraTrees,ThreePhase,1
562,ieee30,SLG,1,10.0,45,NoSSO,Experiment A: voltage only,ExtraTrees,ThreePhase,1
563,ieee30,SLG,1,10.0,45,SSO25Hz_M01,Experiment A: voltage only,ExtraTrees,ThreePhase,1
564,ieee30,SLG,1,10.0,45,SSO25Hz_M03,Experiment A: voltage only,ExtraTrees,ThreePhase,1
565,ieee30,SLG,1,10.0,90,NoSSO,Experiment A: voltage only,ExtraTrees,ThreePhase,1
566,ieee30,SLG,1,10.0,90,SSO25Hz_M01,Experiment A: voltage only,ExtraTrees,ThreePhase,1
567,ieee30,SLG,1,10.0,90,SSO25Hz_M03,Experiment A: voltage only,ExtraTrees,ThreePhase,1
586,ieee30,LL,1,10.0,0,NoSSO,Experiment A: voltage only,ExtraTrees,ThreePhase,1
587,ieee30,LL,1,10.0,0,SSO25Hz_M01,Experiment A: voltage only,ExtraTrees,ThreePhase,1
588,ieee30,LL,1,10.0,0,SSO25Hz_M03,Experiment A: voltage only,ExtraTrees,ThreePhase,1
589,ieee30,LL,1,10.0,45,NoSSO,Experiment A: voltage only,ExtraTrees,ThreePhase,1
590,ieee30,LL,1,10.0,45,SSO25Hz_M01,Experiment A: voltage only,ExtraTrees,ThreePhase,1
591,ieee30,LL,1,10.0,45,SSO25Hz_M03,Experiment A: voltage only,ExtraTrees,ThreePhase,1
592,ieee30,LL,1,10.0,90,NoSSO,Experiment A: voltage only,ExtraTrees,ThreePhase,1
593,ieee30,LL,1,10.0,90,SSO25Hz_M01,Experiment A: voltage only,ExtraTrees,ThreePhase,1
594,ieee30,LL,1,10.0,90,SSO25Hz_M03,Experiment A: voltage only,ExtraTrees,ThreePhase,1
613,ieee30,LLG,1,10.0,0,NoSSO,Experiment A: voltage only,ExtraTrees,ThreePhase,1
614,ieee30,LLG,1,10.0,0,SSO25Hz_M01,Experiment A: voltage only,ExtraTrees,ThreePhase,1
615,ieee30,LLG,1,10.0,0,SSO25Hz_M03,Experiment A: voltage only,ExtraTrees,ThreePhase,1
616,ieee30,LLG,1,10.0,45,NoSSO,Experiment A: voltage only,ExtraTrees,ThreePhase,1
617,ieee30,LLG,1,10.0,45,SSO25Hz_M01,Experiment A: voltage only,ExtraTrees,ThreePhase,1
618,ieee30,LLG,1,10.0,45,SSO25Hz_M03,Experiment A: voltage only,ExtraTrees,ThreePhase,1
619,ieee30,LLG,1,10.0,90,NoSSO,Experiment A: voltage only,ExtraTrees,ThreePhase,1
620,ieee30,LLG,1,10.0,90,SSO25Hz_M01,Experiment A: voltage only,ExtraTrees,ThreePhase,1
621,ieee30,LLG,1,10.0,90,SSO25Hz_M03,Experiment A: voltage only,ExtraTrees,ThreePhase,1
640,ieee30,ThreePhase,1,10.0,0,NoSSO,Experiment A: voltage only,ExtraTrees,ThreePhase,1
641,ieee30,ThreePhase,1,10.0,0,SSO25Hz_M01,Experiment A: voltage only,ExtraTrees,ThreePhase,1
642,ieee30,ThreePhase,1,10.0,0,SSO25Hz_M03,Experiment A: voltage only,ExtraTrees,ThreePhase,1
643,ieee30,ThreePhase,1,10.0,45,NoSSO,Experiment A: voltage only,ExtraTrees,ThreePhase,1
644,ieee30,ThreePhase,1,10.0,45,SSO25Hz_M01,Experiment A: voltage only,ExtraTrees,ThreePhase,1
645,ieee30,ThreePhase,1,10.0,45,SSO25Hz_M03,Experiment A: voltage only,ExtraTrees,ThreePhase,1
646,ieee30,ThreePhase,1,10.0,90,NoSSO,Experiment A: voltage only,ExtraTrees,ThreePhase,1
647,ieee30,ThreePhase,1,10.0,90,SSO25Hz_M01,Experiment A: voltage only,ExtraTrees,ThreePhase,1
648,ieee30,ThreePhase,1,10.0,90,SSO25Hz_M03,Experiment A: voltage only,ExtraTrees,ThreePhase,1
667,ieee30,SLG,6,10.0,0,NoSSO,Experiment A: voltage only,ExtraTrees,ThreePhase,6
668,ieee30,SLG,6,10.0,0,SSO25Hz_M01,Experiment A: voltage only,ExtraTrees,ThreePhase,6
669,ieee30,SLG,6,10.0,0,SSO25Hz_M03,Experiment A: voltage only,ExtraTrees,ThreePhase,6
670,ieee30,SLG,6,10.0,45,NoSSO,Experiment A: voltage only,ExtraTrees,ThreePhase,6
671,ieee30,SLG,6,10.0,45,SSO25Hz_M01,Experiment A: voltage only,ExtraTrees,ThreePhase,6
672,ieee30,SLG,6,10.0,45,SSO25Hz_M03,Experiment A: voltage only,ExtraTrees,ThreePhase,6
673,ieee30,SLG,6,10.0,90,NoSSO,Experiment A: voltage only,ExtraTrees,ThreePhase,6
674,ieee30,SLG,6,10.0,90,SSO25Hz_M01,Experiment A: voltage only,ExtraTrees,ThreePhase,6
675,ieee30,SLG,6,10.0,90,SSO25Hz_M03,Experiment A: voltage only,ExtraTrees,ThreePhase,6
694,ieee30,LL,6,10.0,0,NoSSO,Experiment A: voltage only,ExtraTrees,ThreePhase,1
695,ieee30,LL,6,10.0,0,SSO25Hz_M01,Experiment A: voltage only,ExtraTrees,ThreePhase,1
696,ieee30,LL,6,10.0,0,SSO25Hz_M03,Experiment A: voltage only,ExtraTrees,ThreePhase,1
697,ieee30,LL,6,10.0,45,NoSSO,Experiment A: voltage only,ExtraTrees,ThreePhase,1
698,ieee30,LL,6,10.0,45,SSO25Hz_M01,Experiment A: voltage only,ExtraTrees,ThreePhase,1
699,ieee30,LL,6,10.0,45,SSO25Hz_M03,Experiment A: voltage only,ExtraTrees,ThreePhase,1
700,ieee30,LL,6,10.0,90,NoSSO,Experiment A: voltage only,ExtraTrees,ThreePhase,1
701,ieee30,LL,6,10.0,90,SSO25Hz_M01,Experiment A: voltage only,ExtraTrees,ThreePhase,1
702,ieee30,LL,6,10.0,90,SSO25Hz_M03,Experiment A: voltage only,ExtraTrees,ThreePhase,1
721,ieee30,LLG,6,10.0,0,NoSSO,Experiment A: voltage only,ExtraTrees,ThreePhase,6
722,ieee30,LLG,6,10.0,0,SSO25Hz_M01,Experiment A: voltage only,ExtraTrees,ThreePhase,6
723,ieee30,LLG,6,10.0,0,SSO25Hz_M03,Experiment A: voltage only,ExtraTrees,ThreePhase,6
724,ieee30,LLG,6,10.0,45,NoSSO,Experiment A: voltage only,ExtraTrees,ThreePhase,6
725,ieee30,LLG,6,10.0,45,SSO25Hz_M01,Experiment A: voltage only,ExtraTrees,ThreePhase,6
726,ieee30,LLG,6,10.0,45,SSO25Hz_M03,Experiment A: voltage only,ExtraTrees,ThreePhase,6
727,ieee30,LLG,6,10.0,90,NoSSO,Experiment A: voltage only,ExtraTrees,ThreePhase,6
728,ieee30,LLG,6,10.0,90,SSO25Hz_M01,Experiment A: voltage only,ExtraTrees,ThreePhase,6
729,ieee30,LLG,6,10.0,90,SSO25Hz_M03,Experiment A: voltage only,ExtraTrees,ThreePhase,6
748,ieee30,ThreePhase,6,10.0,0,NoSSO,Experiment A: voltage only,ExtraTrees,ThreePhase,6
749,ieee30,ThreePhase,6,10.0,0,SSO25Hz_M01,Experiment A: voltage only,ExtraTrees,ThreePhase,6
750,ieee30,ThreePhase,6,10.0,0,SSO25Hz_M03,Experiment A: voltage only,ExtraTrees,ThreePhase,6
751,ieee30,ThreePhase,6,10.0,45,NoSSO,Experiment A: voltage only,ExtraTrees,ThreePhase,6
752,ieee30,ThreePhase,6,10.0,45,SSO25Hz_M01,Experiment A: voltage only,ExtraTrees,ThreePhase,6
753,ieee30,ThreePhase,6,10.0,45,SSO25Hz_M03,Experiment A: voltage only,ExtraTrees,ThreePhase,6
754,ieee30,ThreePhase,6,10.0,90,NoSSO,Experiment A: voltage only,ExtraTrees,ThreePhase,6
755,ieee30,ThreePhase,6,10.0,90,SSO25Hz_M01,Experiment A: voltage only,ExtraTrees,ThreePhase,6
756,ieee30,ThreePhase,6,10.0,90,SSO25Hz_M03,Experiment A: voltage only,ExtraTrees,ThreePhase,6
775,ieee30,SLG,10,10.0,0,NoSSO,Experiment A: voltage only,ExtraTrees,ThreePhase,10
776,ieee30,SLG,10,10.0,0,SSO25Hz_M01,Experiment A: voltage only,ExtraTrees,ThreePhase,10
777,ieee30,SLG,10,10.0,0,SSO25Hz_M03,Experiment A: voltage only,ExtraTrees,ThreePhase,10
778,ieee30,SLG,10,10.0,45,NoSSO,Experiment A: voltage only,ExtraTrees,ThreePhase,10
779,ieee30,SLG,10,10.0,45,SSO25Hz_M01,Experiment A: voltage only,ExtraTrees,ThreePhase,10
780,ieee30,SLG,10,10.0,45,SSO25Hz_M03,Experiment A: voltage only,ExtraTrees,ThreePhase,10
781,ieee30,SLG,10,10.0,90,NoSSO,Experiment A: voltage only,ExtraTrees,ThreePhase,10
782,ieee30,SLG,10,10.0,90,SSO25Hz_M01,Experiment A: voltage only,ExtraTrees,ThreePhase,10
783,ieee30,SLG,10,10.0,90,SSO25Hz_M03,Experiment A: voltage only,ExtraTrees,ThreePhase,10
802,ieee30,LL,10,10.0,0,NoSSO,Experiment A: voltage only,ExtraTrees,LL,1
803,ieee30,LL,10,10.0,0,SSO25Hz_M01,Experiment A: voltage only,ExtraTrees,ThreePhase,1
804,ieee30,LL,10,10.0,0,SSO25Hz_M03,Experiment A: voltage only,ExtraTrees,ThreePhase,1
805,ieee30,LL,10,10.0,45,NoSSO,Experiment A: voltage only,ExtraTrees,ThreePhase,1
806,ieee30,LL,10,10.0,45,SSO25Hz_M01,Experiment A: voltage only,ExtraTrees,ThreePhase,1
807,ieee30,LL,10,10.0,45,SSO25Hz_M03,Experiment A: voltage only,ExtraTrees,ThreePhase,1
808,ieee30,LL,10,10.0,90,NoSSO,Experiment A: voltage only,ExtraTrees,LL,1
809,ieee30,LL,10,10.0,90,SSO25Hz_M01,Experiment A: voltage only,ExtraTrees,ThreePhase,1
810,ieee30,LL,10,10.0,90,SSO25Hz_M03,Experiment A: voltage only,ExtraTrees,ThreePhase,1
829,ieee30,LLG,10,10.0,0,NoSSO,Experiment A: voltage only,ExtraTrees,ThreePhase,10
830,ieee30,LLG,10,10.0,0,SSO25Hz_M01,Experiment A: voltage only,ExtraTrees,ThreePhase,10
831,ieee30,LLG,10,10.0,0,SSO25Hz_M03,Experiment A: voltage only,ExtraTrees,ThreePhase,10
832,ieee30,LLG,10,10.0,45,NoSSO,Experiment A: voltage only,ExtraTrees,ThreePhase,10
833,ieee30,LLG,10,10.0,45,SSO25Hz_M01,Experiment A: voltage only,ExtraTrees,ThreePhase,10
834,ieee30,LLG,10,10.0,45,SSO25Hz_M03,Experiment A: voltage only,ExtraTrees,ThreePhase,10
835,ieee30,LLG,10,10.0,90,NoSSO,Experiment A: voltage only,ExtraTrees,ThreePhase,10
836,ieee30,LLG,10,10.0,90,SSO25Hz_M01,Experiment A: voltage only,ExtraTrees,ThreePhase,10
837,ieee30,LLG,10,10.0,90,SSO25Hz_M03,Experiment A: voltage only,ExtraTrees,ThreePhase,10
856,ieee30,ThreePhase,10,10.0,0,NoSSO,Experiment A: voltage only,ExtraTrees,ThreePhase,10
857,ieee30,ThreePhase,10,10.0,0,SSO25Hz_M01,Experiment A: voltage only,ExtraTrees,ThreePhase,10
858,ieee30,ThreePhase,10,10.0,0,SSO25Hz_M03,Experiment A: voltage only,ExtraTrees,ThreePhase,10
859,ieee30,ThreePhase,10,10.0,45,NoSSO,Experiment A: voltage only,ExtraTrees,ThreePhase,10
860,ieee30,ThreePhase,10,10.0,45,SSO25Hz_M01,Experiment A: voltage only,ExtraTrees,ThreePhase,10
861,ieee30,ThreePhase,10,10.0,45,SSO25Hz_M03,Experiment A: voltage only,ExtraTrees,ThreePhase,10
862,ieee30,ThreePhase,10,10.0,90,NoSSO,Experiment A: voltage only,ExtraTrees,ThreePhase,10
863,ieee30,ThreePhase,10,10.0,90,SSO25Hz_M01,Experiment A: voltage only,ExtraTrees,ThreePhase,10
864,ieee30,ThreePhase,10,10.0,90,SSO25Hz_M03,Experiment A: voltage only,ExtraTrees,ThreePhase,10
883,ieee30,SLG,24,10.0,0,NoSSO,Experiment A: voltage only,ExtraTrees,ThreePhase,24
884,ieee30,SLG,24,10.0,0,SSO25Hz_M01,Experiment A: voltage only,ExtraTrees,ThreePhase,24
885,ieee30,SLG,24,10.0,0,SSO25Hz_M03,Experiment A: voltage only,ExtraTrees,ThreePhase,24
886,ieee30,SLG,24,10.0,45,NoSSO,Experiment A: voltage only,ExtraTrees,ThreePhase,24
887,ieee30,SLG,24,10.0,45,SSO25Hz_M01,Experiment A: voltage only,ExtraTrees,ThreePhase,24
888,ieee30,SLG,24,10.0,45,SSO25Hz_M03,Experiment A: voltage only,ExtraTrees,ThreePhase,24
889,ieee30,SLG,24,10.0,90,NoSSO,Experiment A: voltage only,ExtraTrees,ThreePhase,24
890,ieee30,SLG,24,10.0,90,SSO25Hz_M01,Experiment A: voltage only,ExtraTrees,ThreePhase,24
891,ieee30,SLG,24,10.0,90,SSO25Hz_M03,Experiment A: voltage only,ExtraTrees,ThreePhase,24
910,ieee30,LL,24,10.0,0,NoSSO,Experiment A: voltage only,ExtraTrees,LL,1
911,ieee30,LL,24,10.0,0,SSO25Hz_M01,Experiment A: voltage only,ExtraTrees,ThreePhase,1
912,ieee30,LL,24,10.0,0,SSO25Hz_M03,Experiment A: voltage only,ExtraTrees,ThreePhase,1
913,ieee30,LL,24,10.0,45,NoSSO,Experiment A: voltage only,ExtraTrees,ThreePhase,1
914,ieee30,LL,24,10.0,45,SSO25Hz_M01,Experiment A: voltage only,ExtraTrees,ThreePhase,1
915,ieee30,LL,24,10.0,45,SSO25Hz_M03,Experiment A: voltage only,ExtraTrees,ThreePhase,1
916,ieee30,LL,24,10.0,90,NoSSO,Experiment A: voltage only,ExtraTrees,LL,1
917,ieee30,LL,24,10.0,90,SSO25Hz_M01,Experiment A: voltage only,ExtraTrees,ThreePhase,1
918,ieee30,LL,24,10.0,90,SSO25Hz_M03,Experiment A: voltage only,ExtraTrees,ThreePhase,1
937,ieee30,LLG,24,10.0,0,NoSSO,Experiment A: voltage only,ExtraTrees,ThreePhase,24
938,ieee30,LLG,24,10.0,0,SSO25Hz_M01,Experiment A: voltage only,ExtraTrees,ThreePhase,24
939,ieee30,LLG,24,10.0,0,SSO25Hz_M03,Experiment A: voltage only,ExtraTrees,ThreePhase,24
940,ieee30,LLG,24,10.0,45,NoSSO,Experiment A: voltage only,ExtraTrees,ThreePhase,24
941,ieee30,LLG,24,10.0,45,SSO25Hz_M01,Experiment A: voltage only,ExtraTrees,ThreePhase,24
942,ieee30,LLG,24,10.0,45,SSO25Hz_M03,Experiment A: voltage only,ExtraTrees,ThreePhase,24
943,ieee30,LLG,24,10.0,90,NoSSO,Experiment A: voltage only,ExtraTrees,ThreePhase,24
944,ieee30,LLG,24,10.0,90,SSO25Hz_M01,Experiment A: voltage only,ExtraTrees,ThreePhase,24
945,ieee30,LLG,24,10.0,90,SSO25Hz_M03,Experiment A: voltage only,ExtraTrees,ThreePhase,24
964,ieee30,ThreePhase,24,10.0,0,NoSSO,Experiment A: voltage only,ExtraTrees,ThreePhase,24
965,ieee30,ThreePhase,24,10.0,0,SSO25Hz_M01,Experiment A: voltage only,ExtraTrees,ThreePhase,24
966,ieee30,ThreePhase,24,10.0,0,SSO25Hz_M03,Experiment A: voltage only,ExtraTrees,ThreePhase,24
967,ieee30,ThreePhase,24,10.0,45,NoSSO,Experiment A: voltage only,ExtraTrees,ThreePhase,24
968,ieee30,ThreePhase,24,10.0,45,SSO25Hz_M01,Experiment A: voltage only,ExtraTrees,ThreePhase,24
969,ieee30,ThreePhase,24,10.0,45,SSO25Hz_M03,Experiment A: voltage only,ExtraTrees,ThreePhase,24
970,ieee30,ThreePhase,24,10.0,90,NoSSO,Experiment A: voltage only,ExtraTrees,ThreePhase,24
971,ieee30,ThreePhase,24,10.0,90,SSO25Hz_M01,Experiment A: voltage only,ExtraTrees,ThreePhase,24
972,ieee30,ThreePhase,24,10.0,90,SSO25Hz_M03,Experiment A: voltage only,ExtraTrees,ThreePhase,24
991,ieee30,SLG,30,10.0,0,NoSSO,Experiment A: voltage only,ExtraTrees,ThreePhase,1
992,ieee30,SLG,30,10.0,0,SSO25Hz_M01,Experiment A: voltage only,ExtraTrees,ThreePhase,1
993,ieee30,SLG,30,10.0,0,SSO25Hz_M03,Experiment A: voltage only,ExtraTrees,ThreePhase,1
994,ieee30,SLG,30,10.0,45,NoSSO,Experiment A: voltage only,ExtraTrees,ThreePhase,1
995,ieee30,SLG,30,10.0,45,SSO25Hz_M01,Experiment A: voltage only,ExtraTrees,ThreePhase,1
996,ieee30,SLG,30,10.0,45,SSO25Hz_M03,Experiment A: voltage only,ExtraTrees,ThreePhase,1
997,ieee30,SLG,30,10.0,90,NoSSO,Experiment A: voltage only,ExtraTrees,ThreePhase,1
998,ieee30,SLG,30,10.0,90,SSO25Hz_M01,Experiment A: voltage only,ExtraTrees,ThreePhase,1
999,ieee30,SLG,30,10.0,90,SSO25Hz_M03,Experiment A: voltage only,ExtraTrees,ThreePhase,1
1018,ieee30,LL,30,10.0,0,NoSSO,Experiment A: voltage only,ExtraTrees,ThreePhase,1
1019,ieee30,LL,30,10.0,0,SSO25Hz_M01,Experiment A: voltage only,ExtraTrees,ThreePhase,1
1020,ieee30,LL,30,10.0,0,SSO25Hz_M03,Experiment A: voltage only,ExtraTrees,ThreePhase,1
1021,ieee30,LL,30,10.0,45,NoSSO,Experiment A: voltage only,ExtraTrees,ThreePhase,1
1022,ieee30,LL,30,10.0,45,SSO25Hz_M01,Experiment A: voltage only,ExtraTrees,ThreePhase,1
1023,ieee30,LL,30,10.0,45,SSO25Hz_M03,Experiment A: voltage only,ExtraTrees,ThreePhase,1
1024,ieee30,LL,30,10.0,90,NoSSO,Experiment A: voltage only,ExtraTrees,ThreePhase,1
1025,ieee30,LL,30,10.0,90,SSO25Hz_M01,Experiment A: voltage only,ExtraTrees,ThreePhase,1
1026,ieee30,LL,30,10.0,90,SSO25Hz_M03,Experiment A: voltage only,ExtraTrees,ThreePhase,1
1045,ieee30,LLG,30,10.0,0,NoSSO,Experiment A: voltage only,ExtraTrees,ThreePhase,1
1046,ieee30,LLG,30,10.0,0,SSO25Hz_M01,Experiment A: voltage only,ExtraTrees,ThreePhase,1
1047,ieee30,LLG,30,10.0,0,SSO25Hz_M03,Experiment A: voltage only,ExtraTrees,ThreePhase,1
1048,ieee30,LLG,30,10.0,45,NoSSO,Experiment A: voltage only,ExtraTrees,ThreePhase,1
1049,ieee30,LLG,30,10.0,45,SSO25Hz_M01,Experiment A: voltage only,ExtraTrees,ThreePhase,1
1050,ieee30,LLG,30,10.0,45,SSO25Hz_M03,Experiment A: voltage only,ExtraTrees,ThreePhase,1
1051,ieee30,LLG,30,10.0,90,NoSSO,Experiment A: voltage only,ExtraTrees,ThreePhase,30
1052,ieee30,LLG,30,10.0,90,SSO25Hz_M01,Experiment A: voltage only,ExtraTrees,ThreePhase,1
1053,ieee30,LLG,30,10.0,90,SSO25Hz_M03,Experiment A: voltage only,ExtraTrees,ThreePhase,1
1072,ieee30,ThreePhase,30,10.0,0,NoSSO,Experiment A: voltage only,ExtraTrees,ThreePhase,1
1073,ieee30,ThreePhase,30,10.0,0,SSO25Hz_M01,Experiment A: voltage only,ExtraTrees,ThreePhase,1
1074,ieee30,ThreePhase,30,10.0,0,SSO25Hz_M03,Experiment A: voltage only,ExtraTrees,ThreePhase,1
1075,ieee30,ThreePhase,30,10.0,45,NoSSO,Experiment A: voltage only,ExtraTrees,ThreePhase,1
1076,ieee30,ThreePhase,30,10.0,45,SSO25Hz_M01,Experiment A: voltage only,ExtraTrees,ThreePhase,1
1077,ieee30,ThreePhase,30,10.0,45,SSO25Hz_M03,Experiment A: voltage only,ExtraTrees,ThreePhase,1
1078,ieee30,ThreePhase,30,10.0,90,NoSSO,Experiment A: voltage only,ExtraTrees,ThreePhase,1
1079,ieee30,ThreePhase,30,10.0,90,SSO25Hz_M01,Experiment A: voltage only,ExtraTrees,ThreePhase,1
1080,ieee30,ThreePhase,30,10.0,90,SSO25Hz_M03,Experiment A: voltage only,ExtraTrees,ThreePhase,1
559,ieee30,SLG,1,10.0,0,NoSSO,Experiment B: current only,RandomForest,SLG,1
560,ieee30,SLG,1,10.0,0,SSO25Hz_M01,Experiment B: current only,RandomForest,SLG,1
561,ieee30,SLG,1,10.0,0,SSO25Hz_M03,Experiment B: current only,RandomForest,SLG,1
562,ieee30,SLG,1,10.0,45,NoSSO,Experiment B: current only,RandomForest,SLG,1
563,ieee30,SLG,1,10.0,45,SSO25Hz_M01,Experiment B: current only,RandomForest,SLG,1
564,ieee30,SLG,1,10.0,45,SSO25Hz_M03,Experiment B: current only,RandomForest,SLG,1
565,ieee30,SLG,1,10.0,90,NoSSO,Experiment B: current only,RandomForest,SLG,1
566,ieee30,SLG,1,10.0,90,SSO25Hz_M01,Experiment B: current only,RandomForest,SLG,1
567,ieee30,SLG,1,10.0,90,SSO25Hz_M03,Experiment B: current only,RandomForest,SLG,1
586,ieee30,LL,1,10.0,0,NoSSO,Experiment B: current only,RandomForest,SLG,1
587,ieee30,LL,1,10.0,0,SSO25Hz_M01,Experiment B: current only,RandomForest,SLG,1
588,ieee30,LL,1,10.0,0,SSO25Hz_M03,Experiment B: current only,RandomForest,SLG,1
589,ieee30,LL,1,10.0,45,NoSSO,Experiment B: current only,RandomForest,SLG,1
590,ieee30,LL,1,10.0,45,SSO25Hz_M01,Experiment B: current only,RandomForest,SLG,1
591,ieee30,LL,1,10.0,45,SSO25Hz_M03,Experiment B: current only,RandomForest,SLG,1
592,ieee30,LL,1,10.0,90,NoSSO,Experiment B: current only,RandomForest,SLG,1
593,ieee30,LL,1,10.0,90,SSO25Hz_M01,Experiment B: current only,RandomForest,SLG,1
594,ieee30,LL,1,10.0,90,SSO25Hz_M03,Experiment B: current only,RandomForest,SLG,1
613,ieee30,LLG,1,10.0,0,NoSSO,Experiment B: current only,RandomForest,SLG,1
614,ieee30,LLG,1,10.0,0,SSO25Hz_M01,Experiment B: current only,RandomForest,SLG,1
615,ieee30,LLG,1,10.0,0,SSO25Hz_M03,Experiment B: current only,RandomForest,SLG,1
616,ieee30,LLG,1,10.0,45,NoSSO,Experiment B: current only,RandomForest,SLG,1
617,ieee30,LLG,1,10.0,45,SSO25Hz_M01,Experiment B: current only,RandomForest,SLG,1
618,ieee30,LLG,1,10.0,45,SSO25Hz_M03,Experiment B: current only,RandomForest,SLG,1
619,ieee30,LLG,1,10.0,90,NoSSO,Experiment B: current only,RandomForest,SLG,1
620,ieee30,LLG,1,10.0,90,SSO25Hz_M01,Experiment B: current only,RandomForest,SLG,1
621,ieee30,LLG,1,10.0,90,SSO25Hz_M03,Experiment B: current only,RandomForest,SLG,1
640,ieee30,ThreePhase,1,10.0,0,NoSSO,Experiment B: current only,RandomForest,SLG,1
641,ieee30,ThreePhase,1,10.0,0,SSO25Hz_M01,Experiment B: current only,RandomForest,SLG,1
642,ieee30,ThreePhase,1,10.0,0,SSO25Hz_M03,Experiment B: current only,RandomForest,SLG,1
643,ieee30,ThreePhase,1,10.0,45,NoSSO,Experiment B: current only,RandomForest,SLG,1
644,ieee30,ThreePhase,1,10.0,45,SSO25Hz_M01,Experiment B: current only,RandomForest,SLG,1
645,ieee30,ThreePhase,1,10.0,45,SSO25Hz_M03,Experiment B: current only,RandomForest,SLG,1
646,ieee30,ThreePhase,1,10.0,90,NoSSO,Experiment B: current only,RandomForest,SLG,1
647,ieee30,ThreePhase,1,10.0,90,SSO25Hz_M01,Experiment B: current only,RandomForest,SLG,1
648,ieee30,ThreePhase,1,10.0,90,SSO25Hz_M03,Experiment B: current only,RandomForest,SLG,1
667,ieee30,SLG,6,10.0,0,NoSSO,Experiment B: current only,RandomForest,SLG,1
668,ieee30,SLG,6,10.0,0,SSO25Hz_M01,Experiment B: current only,RandomForest,SLG,1
669,ieee30,SLG,6,10.0,0,SSO25Hz_M03,Experiment B: current only,RandomForest,SLG,1
670,ieee30,SLG,6,10.0,45,NoSSO,Experiment B: current only,RandomForest,SLG,1
671,ieee30,SLG,6,10.0,45,SSO25Hz_M01,Experiment B: current only,RandomForest,SLG,1
672,ieee30,SLG,6,10.0,45,SSO25Hz_M03,Experiment B: current only,RandomForest,SLG,1
673,ieee30,SLG,6,10.0,90,NoSSO,Experiment B: current only,RandomForest,SLG,1
674,ieee30,SLG,6,10.0,90,SSO25Hz_M01,Experiment B: current only,RandomForest,SLG,1
675,ieee30,SLG,6,10.0,90,SSO25Hz_M03,Experiment B: current only,RandomForest,SLG,1
694,ieee30,LL,6,10.0,0,NoSSO,Experiment B: current only,RandomForest,SLG,1
695,ieee30,LL,6,10.0,0,SSO25Hz_M01,Experiment B: current only,RandomForest,SLG,1
696,ieee30,LL,6,10.0,0,SSO25Hz_M03,Experiment B: current only,RandomForest,SLG,1
697,ieee30,LL,6,10.0,45,NoSSO,Experiment B: current only,RandomForest,SLG,1
698,ieee30,LL,6,10.0,45,SSO25Hz_M01,Experiment B: current only,RandomForest,SLG,1
699,ieee30,LL,6,10.0,45,SSO25Hz_M03,Experiment B: current only,RandomForest,SLG,1
700,ieee30,LL,6,10.0,90,NoSSO,Experiment B: current only,RandomForest,SLG,1
701,ieee30,LL,6,10.0,90,SSO25Hz_M01,Experiment B: current only,RandomForest,SLG,1
702,ieee30,LL,6,10.0,90,SSO25Hz_M03,Experiment B: current only,RandomForest,SLG,1
721,ieee30,LLG,6,10.0,0,NoSSO,Experiment B: current only,RandomForest,SLG,1
722,ieee30,LLG,6,10.0,0,SSO25Hz_M01,Experiment B: current only,RandomForest,SLG,1
723,ieee30,LLG,6,10.0,0,SSO25Hz_M03,Experiment B: current only,RandomForest,SLG,1
724,ieee30,LLG,6,10.0,45,NoSSO,Experiment B: current only,RandomForest,SLG,1
725,ieee30,LLG,6,10.0,45,SSO25Hz_M01,Experiment B: current only,RandomForest,SLG,1
726,ieee30,LLG,6,10.0,45,SSO25Hz_M03,Experiment B: current only,RandomForest,SLG,1
727,ieee30,LLG,6,10.0,90,NoSSO,Experiment B: current only,RandomForest,SLG,1
728,ieee30,LLG,6,10.0,90,SSO25Hz_M01,Experiment B: current only,RandomForest,SLG,1
729,ieee30,LLG,6,10.0,90,SSO25Hz_M03,Experiment B: current only,RandomForest,SLG,1
748,ieee30,ThreePhase,6,10.0,0,NoSSO,Experiment B: current only,RandomForest,SLG,1
749,ieee30,ThreePhase,6,10.0,0,SSO25Hz_M01,Experiment B: current only,RandomForest,SLG,1
750,ieee30,ThreePhase,6,10.0,0,SSO25Hz_M03,Experiment B: current only,RandomForest,SLG,1
751,ieee30,ThreePhase,6,10.0,45,NoSSO,Experiment B: current only,RandomForest,SLG,1
752,ieee30,ThreePhase,6,10.0,45,SSO25Hz_M01,Experiment B: current only,RandomForest,SLG,1
753,ieee30,ThreePhase,6,10.0,45,SSO25Hz_M03,Experiment B: current only,RandomForest,SLG,1
754,ieee30,ThreePhase,6,10.0,90,NoSSO,Experiment B: current only,RandomForest,SLG,1
755,ieee30,ThreePhase,6,10.0,90,SSO25Hz_M01,Experiment B: current only,RandomForest,SLG,1
756,ieee30,ThreePhase,6,10.0,90,SSO25Hz_M03,Experiment B: current only,RandomForest,SLG,1
775,ieee30,SLG,10,10.0,0,NoSSO,Experiment B: current only,RandomForest,SLG,1
776,ieee30,SLG,10,10.0,0,SSO25Hz_M01,Experiment B: current only,RandomForest,SLG,1
777,ieee30,SLG,10,10.0,0,SSO25Hz_M03,Experiment B: current only,RandomForest,SLG,1
778,ieee30,SLG,10,10.0,45,NoSSO,Experiment B: current only,RandomForest,SLG,1
779,ieee30,SLG,10,10.0,45,SSO25Hz_M01,Experiment B: current only,RandomForest,SLG,1
780,ieee30,SLG,10,10.0,45,SSO25Hz_M03,Experiment B: current only,RandomForest,SLG,1
781,ieee30,SLG,10,10.0,90,NoSSO,Experiment B: current only,RandomForest,SLG,1
782,ieee30,SLG,10,10.0,90,SSO25Hz_M01,Experiment B: current only,RandomForest,SLG,1
783,ieee30,SLG,10,10.0,90,SSO25Hz_M03,Experiment B: current only,RandomForest,SLG,1
802,ieee30,LL,10,10.0,0,NoSSO,Experiment B: current only,RandomForest,ThreePhase,1
803,ieee30,LL,10,10.0,0,SSO25Hz_M01,Experiment B: current only,RandomForest,ThreePhase,1
804,ieee30,LL,10,10.0,0,SSO25Hz_M03,Experiment B: current only,RandomForest,ThreePhase,1
805,ieee30,LL,10,10.0,45,NoSSO,Experiment B: current only,RandomForest,ThreePhase,1
806,ieee30,LL,10,10.0,45,SSO25Hz_M01,Experiment B: current only,RandomForest,ThreePhase,1
807,ieee30,LL,10,10.0,45,SSO25Hz_M03,Experiment B: current only,RandomForest,ThreePhase,1
808,ieee30,LL,10,10.0,90,NoSSO,Experiment B: current only,RandomForest,ThreePhase,1
809,ieee30,LL,10,10.0,90,SSO25Hz_M01,Experiment B: current only,RandomForest,ThreePhase,1
810,ieee30,LL,10,10.0,90,SSO25Hz_M03,Experiment B: current only,RandomForest,ThreePhase,1
829,ieee30,LLG,10,10.0,0,NoSSO,Experiment B: current only,RandomForest,SLG,1
830,ieee30,LLG,10,10.0,0,SSO25Hz_M01,Experiment B: current only,RandomForest,SLG,1
831,ieee30,LLG,10,10.0,0,SSO25Hz_M03,Experiment B: current only,RandomForest,SLG,1
832,ieee30,LLG,10,10.0,45,NoSSO,Experiment B: current only,RandomForest,SLG,1
833,ieee30,LLG,10,10.0,45,SSO25Hz_M01,Experiment B: current only,RandomForest,SLG,1
834,ieee30,LLG,10,10.0,45,SSO25Hz_M03,Experiment B: current only,RandomForest,SLG,1
835,ieee30,LLG,10,10.0,90,NoSSO,Experiment B: current only,RandomForest,SLG,1
836,ieee30,LLG,10,10.0,90,SSO25Hz_M01,Experiment B: current only,RandomForest,SLG,1
837,ieee30,LLG,10,10.0,90,SSO25Hz_M03,Experiment B: current only,RandomForest,SLG,1
856,ieee30,ThreePhase,10,10.0,0,NoSSO,Experiment B: current only,RandomForest,SLG,1
857,ieee30,ThreePhase,10,10.0,0,SSO25Hz_M01,Experiment B: current only,RandomForest,SLG,1
858,ieee30,ThreePhase,10,10.0,0,SSO25Hz_M03,Experiment B: current only,RandomForest,SLG,1
859,ieee30,ThreePhase,10,10.0,45,NoSSO,Experiment B: current only,RandomForest,SLG,1
860,ieee30,ThreePhase,10,10.0,45,SSO25Hz_M01,Experiment B: current only,RandomForest,SLG,1
861,ieee30,ThreePhase,10,10.0,45,SSO25Hz_M03,Experiment B: current only,RandomForest,SLG,1
862,ieee30,ThreePhase,10,10.0,90,NoSSO,Experiment B: current only,RandomForest,SLG,1
863,ieee30,ThreePhase,10,10.0,90,SSO25Hz_M01,Experiment B: current only,RandomForest,SLG,1
864,ieee30,ThreePhase,10,10.0,90,SSO25Hz_M03,Experiment B: current only,RandomForest,SLG,1
883,ieee30,SLG,24,10.0,0,NoSSO,Experiment B: current only,RandomForest,SLG,1
884,ieee30,SLG,24,10.0,0,SSO25Hz_M01,Experiment B: current only,RandomForest,SLG,1
885,ieee30,SLG,24,10.0,0,SSO25Hz_M03,Experiment B: current only,RandomForest,SLG,1
886,ieee30,SLG,24,10.0,45,NoSSO,Experiment B: current only,RandomForest,SLG,1
887,ieee30,SLG,24,10.0,45,SSO25Hz_M01,Experiment B: current only,RandomForest,SLG,1
888,ieee30,SLG,24,10.0,45,SSO25Hz_M03,Experiment B: current only,RandomForest,SLG,1
889,ieee30,SLG,24,10.0,90,NoSSO,Experiment B: current only,RandomForest,SLG,1
890,ieee30,SLG,24,10.0,90,SSO25Hz_M01,Experiment B: current only,RandomForest,SLG,1
891,ieee30,SLG,24,10.0,90,SSO25Hz_M03,Experiment B: current only,RandomForest,SLG,1
910,ieee30,LL,24,10.0,0,NoSSO,Experiment B: current only,RandomForest,ThreePhase,1
911,ieee30,LL,24,10.0,0,SSO25Hz_M01,Experiment B: current only,RandomForest,ThreePhase,1
912,ieee30,LL,24,10.0,0,SSO25Hz_M03,Experiment B: current only,RandomForest,ThreePhase,1
913,ieee30,LL,24,10.0,45,NoSSO,Experiment B: current only,RandomForest,ThreePhase,1
914,ieee30,LL,24,10.0,45,SSO25Hz_M01,Experiment B: current only,RandomForest,ThreePhase,1
915,ieee30,LL,24,10.0,45,SSO25Hz_M03,Experiment B: current only,RandomForest,ThreePhase,1
916,ieee30,LL,24,10.0,90,NoSSO,Experiment B: current only,RandomForest,ThreePhase,1
917,ieee30,LL,24,10.0,90,SSO25Hz_M01,Experiment B: current only,RandomForest,ThreePhase,1
918,ieee30,LL,24,10.0,90,SSO25Hz_M03,Experiment B: current only,RandomForest,ThreePhase,1
937,ieee30,LLG,24,10.0,0,NoSSO,Experiment B: current only,RandomForest,SLG,1
938,ieee30,LLG,24,10.0,0,SSO25Hz_M01,Experiment B: current only,RandomForest,SLG,1
939,ieee30,LLG,24,10.0,0,SSO25Hz_M03,Experiment B: current only,RandomForest,SLG,1
940,ieee30,LLG,24,10.0,45,NoSSO,Experiment B: current only,RandomForest,SLG,1
941,ieee30,LLG,24,10.0,45,SSO25Hz_M01,Experiment B: current only,RandomForest,SLG,1
942,ieee30,LLG,24,10.0,45,SSO25Hz_M03,Experiment B: current only,RandomForest,SLG,1
943,ieee30,LLG,24,10.0,90,NoSSO,Experiment B: current only,RandomForest,SLG,1
944,ieee30,LLG,24,10.0,90,SSO25Hz_M01,Experiment B: current only,RandomForest,SLG,1
945,ieee30,LLG,24,10.0,90,SSO25Hz_M03,Experiment B: current only,RandomForest,SLG,1
964,ieee30,ThreePhase,24,10.0,0,NoSSO,Experiment B: current only,RandomForest,SLG,1
965,ieee30,ThreePhase,24,10.0,0,SSO25Hz_M01,Experiment B: current only,RandomForest,SLG,1
966,ieee30,ThreePhase,24,10.0,0,SSO25Hz_M03,Experiment B: current only,RandomForest,SLG,1
967,ieee30,ThreePhase,24,10.0,45,NoSSO,Experiment B: current only,RandomForest,SLG,1
968,ieee30,ThreePhase,24,10.0,45,SSO25Hz_M01,Experiment B: current only,RandomForest,SLG,1
969,ieee30,ThreePhase,24,10.0,45,SSO25Hz_M03,Experiment B: current only,RandomForest,SLG,1
970,ieee30,ThreePhase,24,10.0,90,NoSSO,Experiment B: current only,RandomForest,SLG,1
971,ieee30,ThreePhase,24,10.0,90,SSO25Hz_M01,Experiment B: current only,RandomForest,SLG,1
972,ieee30,ThreePhase,24,10.0,90,SSO25Hz_M03,Experiment B: current only,RandomForest,SLG,1
991,ieee30,SLG,30,10.0,0,NoSSO,Experiment B: current only,RandomForest,SLG,1
992,ieee30,SLG,30,10.0,0,SSO25Hz_M01,Experiment B: current only,RandomForest,SLG,1
993,ieee30,SLG,30,10.0,0,SSO25Hz_M03,Experiment B: current only,RandomForest,SLG,1
994,ieee30,SLG,30,10.0,45,NoSSO,Experiment B: current only,RandomForest,SLG,1
995,ieee30,SLG,30,10.0,45,SSO25Hz_M01,Experiment B: current only,RandomForest,SLG,1
996,ieee30,SLG,30,10.0,45,SSO25Hz_M03,Experiment B: current only,RandomForest,SLG,1
997,ieee30,SLG,30,10.0,90,NoSSO,Experiment B: current only,RandomForest,SLG,1
998,ieee30,SLG,30,10.0,90,SSO25Hz_M01,Experiment B: current only,RandomForest,SLG,1
999,ieee30,SLG,30,10.0,90,SSO25Hz_M03,Experiment B: current only,RandomForest,SLG,1
1018,ieee30,LL,30,10.0,0,NoSSO,Experiment B: current only,RandomForest,ThreePhase,1
1019,ieee30,LL,30,10.0,0,SSO25Hz_M01,Experiment B: current only,RandomForest,ThreePhase,1
1020,ieee30,LL,30,10.0,0,SSO25Hz_M03,Experiment B: current only,RandomForest,ThreePhase,1
1021,ieee30,LL,30,10.0,45,NoSSO,Experiment B: current only,RandomForest,SLG,1
1022,ieee30,LL,30,10.0,45,SSO25Hz_M01,Experiment B: current only,RandomForest,SLG,1
1023,ieee30,LL,30,10.0,45,SSO25Hz_M03,Experiment B: current only,RandomForest,SLG,1
1024,ieee30,LL,30,10.0,90,NoSSO,Experiment B: current only,RandomForest,SLG,1
1025,ieee30,LL,30,10.0,90,SSO25Hz_M01,Experiment B: current only,RandomForest,SLG,1
1026,ieee30,LL,30,10.0,90,SSO25Hz_M03,Experiment B: current only,RandomForest,SLG,1
1045,ieee30,LLG,30,10.0,0,NoSSO,Experiment B: current only,RandomForest,SLG,1
1046,ieee30,LLG,30,10.0,0,SSO25Hz_M01,Experiment B: current only,RandomForest,SLG,1
1047,ieee30,LLG,30,10.0,0,SSO25Hz_M03,Experiment B: current only,RandomForest,SLG,1
1048,ieee30,LLG,30,10.0,45,NoSSO,Experiment B: current only,RandomForest,SLG,1
1049,ieee30,LLG,30,10.0,45,SSO25Hz_M01,Experiment B: current only,RandomForest,SLG,1
1050,ieee30,LLG,30,10.0,45,SSO25Hz_M03,Experiment B: current only,RandomForest,SLG,1
1051,ieee30,LLG,30,10.0,90,NoSSO,Experiment B: current only,RandomForest,SLG,1
1052,ieee30,LLG,30,10.0,90,SSO25Hz_M01,Experiment B: current only,RandomForest,SLG,1
1053,ieee30,LLG,30,10.0,90,SSO25Hz_M03,Experiment B: current only,RandomForest,SLG,1
1072,ieee30,ThreePhase,30,10.0,0,NoSSO,Experiment B: current only,RandomForest,SLG,1
1073,ieee30,ThreePhase,30,10.0,0,SSO25Hz_M01,Experiment B: current only,RandomForest,SLG,1
1074,ieee30,ThreePhase,30,10.0,0,SSO25Hz_M03,Experiment B: current only,RandomForest,SLG,1
1075,ieee30,ThreePhase,30,10.0,45,NoSSO,Experiment B: current only,RandomForest,SLG,1
1076,ieee30,ThreePhase,30,10.0,45,SSO25Hz_M01,Experiment B: current only,RandomForest,SLG,1
1077,ieee30,ThreePhase,30,10.0,45,SSO25Hz_M03,Experiment B: current only,RandomForest,SLG,1
1078,ieee30,ThreePhase,30,10.0,90,NoSSO,Experiment B: current only,RandomForest,SLG,1
1079,ieee30,ThreePhase,30,10.0,90,SSO25Hz_M01,Experiment B: current only,RandomForest,SLG,1
1080,ieee30,ThreePhase,30,10.0,90,SSO25Hz_M03,Experiment B: current only,RandomForest,SLG,1
559,ieee30,SLG,1,10.0,0,NoSSO,Experiment B: current only,ExtraTrees,ThreePhase,1
560,ieee30,SLG,1,10.0,0,SSO25Hz_M01,Experiment B: current only,ExtraTrees,ThreePhase,1
561,ieee30,SLG,1,10.0,0,SSO25Hz_M03,Experiment B: current only,ExtraTrees,ThreePhase,1
562,ieee30,SLG,1,10.0,45,NoSSO,Experiment B: current only,ExtraTrees,ThreePhase,1
563,ieee30,SLG,1,10.0,45,SSO25Hz_M01,Experiment B: current only,ExtraTrees,ThreePhase,1
564,ieee30,SLG,1,10.0,45,SSO25Hz_M03,Experiment B: current only,ExtraTrees,ThreePhase,1
565,ieee30,SLG,1,10.0,90,NoSSO,Experiment B: current only,ExtraTrees,ThreePhase,1
566,ieee30,SLG,1,10.0,90,SSO25Hz_M01,Experiment B: current only,ExtraTrees,ThreePhase,1
567,ieee30,SLG,1,10.0,90,SSO25Hz_M03,Experiment B: current only,ExtraTrees,ThreePhase,1
586,ieee30,LL,1,10.0,0,NoSSO,Experiment B: current only,ExtraTrees,ThreePhase,1
587,ieee30,LL,1,10.0,0,SSO25Hz_M01,Experiment B: current only,ExtraTrees,ThreePhase,1
588,ieee30,LL,1,10.0,0,SSO25Hz_M03,Experiment B: current only,ExtraTrees,ThreePhase,1
589,ieee30,LL,1,10.0,45,NoSSO,Experiment B: current only,ExtraTrees,ThreePhase,1
590,ieee30,LL,1,10.0,45,SSO25Hz_M01,Experiment B: current only,ExtraTrees,ThreePhase,1
591,ieee30,LL,1,10.0,45,SSO25Hz_M03,Experiment B: current only,ExtraTrees,ThreePhase,1
592,ieee30,LL,1,10.0,90,NoSSO,Experiment B: current only,ExtraTrees,ThreePhase,1
593,ieee30,LL,1,10.0,90,SSO25Hz_M01,Experiment B: current only,ExtraTrees,ThreePhase,1
594,ieee30,LL,1,10.0,90,SSO25Hz_M03,Experiment B: current only,ExtraTrees,ThreePhase,1
613,ieee30,LLG,1,10.0,0,NoSSO,Experiment B: current only,ExtraTrees,ThreePhase,1
614,ieee30,LLG,1,10.0,0,SSO25Hz_M01,Experiment B: current only,ExtraTrees,ThreePhase,1
615,ieee30,LLG,1,10.0,0,SSO25Hz_M03,Experiment B: current only,ExtraTrees,ThreePhase,1
616,ieee30,LLG,1,10.0,45,NoSSO,Experiment B: current only,ExtraTrees,ThreePhase,1
617,ieee30,LLG,1,10.0,45,SSO25Hz_M01,Experiment B: current only,ExtraTrees,ThreePhase,1
618,ieee30,LLG,1,10.0,45,SSO25Hz_M03,Experiment B: current only,ExtraTrees,ThreePhase,1
619,ieee30,LLG,1,10.0,90,NoSSO,Experiment B: current only,ExtraTrees,ThreePhase,1
620,ieee30,LLG,1,10.0,90,SSO25Hz_M01,Experiment B: current only,ExtraTrees,ThreePhase,1
621,ieee30,LLG,1,10.0,90,SSO25Hz_M03,Experiment B: current only,ExtraTrees,ThreePhase,1
640,ieee30,ThreePhase,1,10.0,0,NoSSO,Experiment B: current only,ExtraTrees,ThreePhase,1
641,ieee30,ThreePhase,1,10.0,0,SSO25Hz_M01,Experiment B: current only,ExtraTrees,ThreePhase,1
642,ieee30,ThreePhase,1,10.0,0,SSO25Hz_M03,Experiment B: current only,ExtraTrees,ThreePhase,1
643,ieee30,ThreePhase,1,10.0,45,NoSSO,Experiment B: current only,ExtraTrees,ThreePhase,1
644,ieee30,ThreePhase,1,10.0,45,SSO25Hz_M01,Experiment B: current only,ExtraTrees,ThreePhase,1
645,ieee30,ThreePhase,1,10.0,45,SSO25Hz_M03,Experiment B: current only,ExtraTrees,ThreePhase,1
646,ieee30,ThreePhase,1,10.0,90,NoSSO,Experiment B: current only,ExtraTrees,ThreePhase,1
647,ieee30,ThreePhase,1,10.0,90,SSO25Hz_M01,Experiment B: current only,ExtraTrees,ThreePhase,1
648,ieee30,ThreePhase,1,10.0,90,SSO25Hz_M03,Experiment B: current only,ExtraTrees,ThreePhase,1
667,ieee30,SLG,6,10.0,0,NoSSO,Experiment B: current only,ExtraTrees,ThreePhase,1
668,ieee30,SLG,6,10.0,0,SSO25Hz_M01,Experiment B: current only,ExtraTrees,ThreePhase,1
669,ieee30,SLG,6,10.0,0,SSO25Hz_M03,Experiment B: current only,ExtraTrees,ThreePhase,1
670,ieee30,SLG,6,10.0,45,NoSSO,Experiment B: current only,ExtraTrees,ThreePhase,1
671,ieee30,SLG,6,10.0,45,SSO25Hz_M01,Experiment B: current only,ExtraTrees,ThreePhase,1
672,ieee30,SLG,6,10.0,45,SSO25Hz_M03,Experiment B: current only,ExtraTrees,ThreePhase,1
673,ieee30,SLG,6,10.0,90,NoSSO,Experiment B: current only,ExtraTrees,ThreePhase,1
674,ieee30,SLG,6,10.0,90,SSO25Hz_M01,Experiment B: current only,ExtraTrees,ThreePhase,1
675,ieee30,SLG,6,10.0,90,SSO25Hz_M03,Experiment B: current only,ExtraTrees,ThreePhase,1
694,ieee30,LL,6,10.0,0,NoSSO,Experiment B: current only,ExtraTrees,ThreePhase,1
695,ieee30,LL,6,10.0,0,SSO25Hz_M01,Experiment B: current only,ExtraTrees,ThreePhase,1
696,ieee30,LL,6,10.0,0,SSO25Hz_M03,Experiment B: current only,ExtraTrees,ThreePhase,1
697,ieee30,LL,6,10.0,45,NoSSO,Experiment B: current only,ExtraTrees,ThreePhase,1
698,ieee30,LL,6,10.0,45,SSO25Hz_M01,Experiment B: current only,ExtraTrees,ThreePhase,1
699,ieee30,LL,6,10.0,45,SSO25Hz_M03,Experiment B: current only,ExtraTrees,ThreePhase,1
700,ieee30,LL,6,10.0,90,NoSSO,Experiment B: current only,ExtraTrees,ThreePhase,1
701,ieee30,LL,6,10.0,90,SSO25Hz_M01,Experiment B: current only,ExtraTrees,ThreePhase,1
702,ieee30,LL,6,10.0,90,SSO25Hz_M03,Experiment B: current only,ExtraTrees,ThreePhase,1
721,ieee30,LLG,6,10.0,0,NoSSO,Experiment B: current only,ExtraTrees,ThreePhase,1
722,ieee30,LLG,6,10.0,0,SSO25Hz_M01,Experiment B: current only,ExtraTrees,ThreePhase,1
723,ieee30,LLG,6,10.0,0,SSO25Hz_M03,Experiment B: current only,ExtraTrees,ThreePhase,1
724,ieee30,LLG,6,10.0,45,NoSSO,Experiment B: current only,ExtraTrees,ThreePhase,1
725,ieee30,LLG,6,10.0,45,SSO25Hz_M01,Experiment B: current only,ExtraTrees,ThreePhase,1
726,ieee30,LLG,6,10.0,45,SSO25Hz_M03,Experiment B: current only,ExtraTrees,ThreePhase,1
727,ieee30,LLG,6,10.0,90,NoSSO,Experiment B: current only,ExtraTrees,ThreePhase,1
728,ieee30,LLG,6,10.0,90,SSO25Hz_M01,Experiment B: current only,ExtraTrees,ThreePhase,1
729,ieee30,LLG,6,10.0,90,SSO25Hz_M03,Experiment B: current only,ExtraTrees,ThreePhase,1
748,ieee30,ThreePhase,6,10.0,0,NoSSO,Experiment B: current only,ExtraTrees,ThreePhase,1
749,ieee30,ThreePhase,6,10.0,0,SSO25Hz_M01,Experiment B: current only,ExtraTrees,ThreePhase,1
750,ieee30,ThreePhase,6,10.0,0,SSO25Hz_M03,Experiment B: current only,ExtraTrees,ThreePhase,1
751,ieee30,ThreePhase,6,10.0,45,NoSSO,Experiment B: current only,ExtraTrees,ThreePhase,1
752,ieee30,ThreePhase,6,10.0,45,SSO25Hz_M01,Experiment B: current only,ExtraTrees,ThreePhase,1
753,ieee30,ThreePhase,6,10.0,45,SSO25Hz_M03,Experiment B: current only,ExtraTrees,ThreePhase,1
754,ieee30,ThreePhase,6,10.0,90,NoSSO,Experiment B: current only,ExtraTrees,ThreePhase,1
755,ieee30,ThreePhase,6,10.0,90,SSO25Hz_M01,Experiment B: current only,ExtraTrees,ThreePhase,1
756,ieee30,ThreePhase,6,10.0,90,SSO25Hz_M03,Experiment B: current only,ExtraTrees,ThreePhase,1
775,ieee30,SLG,10,10.0,0,NoSSO,Experiment B: current only,ExtraTrees,ThreePhase,1
776,ieee30,SLG,10,10.0,0,SSO25Hz_M01,Experiment B: current only,ExtraTrees,ThreePhase,1
777,ieee30,SLG,10,10.0,0,SSO25Hz_M03,Experiment B: current only,ExtraTrees,ThreePhase,1
778,ieee30,SLG,10,10.0,45,NoSSO,Experiment B: current only,ExtraTrees,ThreePhase,1
779,ieee30,SLG,10,10.0,45,SSO25Hz_M01,Experiment B: current only,ExtraTrees,ThreePhase,1
780,ieee30,SLG,10,10.0,45,SSO25Hz_M03,Experiment B: current only,ExtraTrees,ThreePhase,1
781,ieee30,SLG,10,10.0,90,NoSSO,Experiment B: current only,ExtraTrees,ThreePhase,1
782,ieee30,SLG,10,10.0,90,SSO25Hz_M01,Experiment B: current only,ExtraTrees,ThreePhase,1
783,ieee30,SLG,10,10.0,90,SSO25Hz_M03,Experiment B: current only,ExtraTrees,ThreePhase,1
802,ieee30,LL,10,10.0,0,NoSSO,Experiment B: current only,ExtraTrees,LL,1
803,ieee30,LL,10,10.0,0,SSO25Hz_M01,Experiment B: current only,ExtraTrees,LL,1
804,ieee30,LL,10,10.0,0,SSO25Hz_M03,Experiment B: current only,ExtraTrees,LL,1
805,ieee30,LL,10,10.0,45,NoSSO,Experiment B: current only,ExtraTrees,ThreePhase,1
806,ieee30,LL,10,10.0,45,SSO25Hz_M01,Experiment B: current only,ExtraTrees,ThreePhase,1
807,ieee30,LL,10,10.0,45,SSO25Hz_M03,Experiment B: current only,ExtraTrees,ThreePhase,1
808,ieee30,LL,10,10.0,90,NoSSO,Experiment B: current only,ExtraTrees,ThreePhase,1
809,ieee30,LL,10,10.0,90,SSO25Hz_M01,Experiment B: current only,ExtraTrees,ThreePhase,1
810,ieee30,LL,10,10.0,90,SSO25Hz_M03,Experiment B: current only,ExtraTrees,ThreePhase,1
829,ieee30,LLG,10,10.0,0,NoSSO,Experiment B: current only,ExtraTrees,ThreePhase,1
830,ieee30,LLG,10,10.0,0,SSO25Hz_M01,Experiment B: current only,ExtraTrees,ThreePhase,1
831,ieee30,LLG,10,10.0,0,SSO25Hz_M03,Experiment B: current only,ExtraTrees,ThreePhase,1
832,ieee30,LLG,10,10.0,45,NoSSO,Experiment B: current only,ExtraTrees,ThreePhase,1
833,ieee30,LLG,10,10.0,45,SSO25Hz_M01,Experiment B: current only,ExtraTrees,ThreePhase,1
834,ieee30,LLG,10,10.0,45,SSO25Hz_M03,Experiment B: current only,ExtraTrees,ThreePhase,1
835,ieee30,LLG,10,10.0,90,NoSSO,Experiment B: current only,ExtraTrees,ThreePhase,1
836,ieee30,LLG,10,10.0,90,SSO25Hz_M01,Experiment B: current only,ExtraTrees,ThreePhase,1
837,ieee30,LLG,10,10.0,90,SSO25Hz_M03,Experiment B: current only,ExtraTrees,ThreePhase,1
856,ieee30,ThreePhase,10,10.0,0,NoSSO,Experiment B: current only,ExtraTrees,ThreePhase,1
857,ieee30,ThreePhase,10,10.0,0,SSO25Hz_M01,Experiment B: current only,ExtraTrees,ThreePhase,1
858,ieee30,ThreePhase,10,10.0,0,SSO25Hz_M03,Experiment B: current only,ExtraTrees,ThreePhase,1
859,ieee30,ThreePhase,10,10.0,45,NoSSO,Experiment B: current only,ExtraTrees,ThreePhase,1
860,ieee30,ThreePhase,10,10.0,45,SSO25Hz_M01,Experiment B: current only,ExtraTrees,ThreePhase,1
861,ieee30,ThreePhase,10,10.0,45,SSO25Hz_M03,Experiment B: current only,ExtraTrees,ThreePhase,1
862,ieee30,ThreePhase,10,10.0,90,NoSSO,Experiment B: current only,ExtraTrees,ThreePhase,1
863,ieee30,ThreePhase,10,10.0,90,SSO25Hz_M01,Experiment B: current only,ExtraTrees,ThreePhase,1
864,ieee30,ThreePhase,10,10.0,90,SSO25Hz_M03,Experiment B: current only,ExtraTrees,ThreePhase,1
883,ieee30,SLG,24,10.0,0,NoSSO,Experiment B: current only,ExtraTrees,SLG,1
884,ieee30,SLG,24,10.0,0,SSO25Hz_M01,Experiment B: current only,ExtraTrees,SLG,1
885,ieee30,SLG,24,10.0,0,SSO25Hz_M03,Experiment B: current only,ExtraTrees,SLG,1
886,ieee30,SLG,24,10.0,45,NoSSO,Experiment B: current only,ExtraTrees,SLG,1
887,ieee30,SLG,24,10.0,45,SSO25Hz_M01,Experiment B: current only,ExtraTrees,SLG,1
888,ieee30,SLG,24,10.0,45,SSO25Hz_M03,Experiment B: current only,ExtraTrees,SLG,1
889,ieee30,SLG,24,10.0,90,NoSSO,Experiment B: current only,ExtraTrees,SLG,1
890,ieee30,SLG,24,10.0,90,SSO25Hz_M01,Experiment B: current only,ExtraTrees,SLG,1
891,ieee30,SLG,24,10.0,90,SSO25Hz_M03,Experiment B: current only,ExtraTrees,SLG,1
910,ieee30,LL,24,10.0,0,NoSSO,Experiment B: current only,ExtraTrees,LL,1
911,ieee30,LL,24,10.0,0,SSO25Hz_M01,Experiment B: current only,ExtraTrees,LL,1
912,ieee30,LL,24,10.0,0,SSO25Hz_M03,Experiment B: current only,ExtraTrees,LL,1
913,ieee30,LL,24,10.0,45,NoSSO,Experiment B: current only,ExtraTrees,LL,1
914,ieee30,LL,24,10.0,45,SSO25Hz_M01,Experiment B: current only,ExtraTrees,LL,1
915,ieee30,LL,24,10.0,45,SSO25Hz_M03,Experiment B: current only,ExtraTrees,LL,1
916,ieee30,LL,24,10.0,90,NoSSO,Experiment B: current only,ExtraTrees,LL,1
917,ieee30,LL,24,10.0,90,SSO25Hz_M01,Experiment B: current only,ExtraTrees,LL,1
918,ieee30,LL,24,10.0,90,SSO25Hz_M03,Experiment B: current only,ExtraTrees,LL,1
937,ieee30,LLG,24,10.0,0,NoSSO,Experiment B: current only,ExtraTrees,SLG,1
938,ieee30,LLG,24,10.0,0,SSO25Hz_M01,Experiment B: current only,ExtraTrees,ThreePhase,1
939,ieee30,LLG,24,10.0,0,SSO25Hz_M03,Experiment B: current only,ExtraTrees,ThreePhase,1
940,ieee30,LLG,24,10.0,45,NoSSO,Experiment B: current only,ExtraTrees,ThreePhase,1
941,ieee30,LLG,24,10.0,45,SSO25Hz_M01,Experiment B: current only,ExtraTrees,ThreePhase,1
942,ieee30,LLG,24,10.0,45,SSO25Hz_M03,Experiment B: current only,ExtraTrees,ThreePhase,1
943,ieee30,LLG,24,10.0,90,NoSSO,Experiment B: current only,ExtraTrees,ThreePhase,1
944,ieee30,LLG,24,10.0,90,SSO25Hz_M01,Experiment B: current only,ExtraTrees,ThreePhase,1
945,ieee30,LLG,24,10.0,90,SSO25Hz_M03,Experiment B: current only,ExtraTrees,ThreePhase,1
964,ieee30,ThreePhase,24,10.0,0,NoSSO,Experiment B: current only,ExtraTrees,ThreePhase,1
965,ieee30,ThreePhase,24,10.0,0,SSO25Hz_M01,Experiment B: current only,ExtraTrees,ThreePhase,1
966,ieee30,ThreePhase,24,10.0,0,SSO25Hz_M03,Experiment B: current only,ExtraTrees,ThreePhase,1
967,ieee30,ThreePhase,24,10.0,45,NoSSO,Experiment B: current only,ExtraTrees,ThreePhase,1
968,ieee30,ThreePhase,24,10.0,45,SSO25Hz_M01,Experiment B: current only,ExtraTrees,ThreePhase,1
969,ieee30,ThreePhase,24,10.0,45,SSO25Hz_M03,Experiment B: current only,ExtraTrees,ThreePhase,1
970,ieee30,ThreePhase,24,10.0,90,NoSSO,Experiment B: current only,ExtraTrees,ThreePhase,1
971,ieee30,ThreePhase,24,10.0,90,SSO25Hz_M01,Experiment B: current only,ExtraTrees,ThreePhase,1
972,ieee30,ThreePhase,24,10.0,90,SSO25Hz_M03,Experiment B: current only,ExtraTrees,ThreePhase,1
991,ieee30,SLG,30,10.0,0,NoSSO,Experiment B: current only,ExtraTrees,SLG,1
992,ieee30,SLG,30,10.0,0,SSO25Hz_M01,Experiment B: current only,ExtraTrees,SLG,1
993,ieee30,SLG,30,10.0,0,SSO25Hz_M03,Experiment B: current only,ExtraTrees,SLG,1
994,ieee30,SLG,30,10.0,45,NoSSO,Experiment B: current only,ExtraTrees,SLG,1
995,ieee30,SLG,30,10.0,45,SSO25Hz_M01,Experiment B: current only,ExtraTrees,SLG,1
996,ieee30,SLG,30,10.0,45,SSO25Hz_M03,Experiment B: current only,ExtraTrees,SLG,1
997,ieee30,SLG,30,10.0,90,NoSSO,Experiment B: current only,ExtraTrees,SLG,1
998,ieee30,SLG,30,10.0,90,SSO25Hz_M01,Experiment B: current only,ExtraTrees,SLG,1
999,ieee30,SLG,30,10.0,90,SSO25Hz_M03,Experiment B: current only,ExtraTrees,SLG,1
1018,ieee30,LL,30,10.0,0,NoSSO,Experiment B: current only,ExtraTrees,ThreePhase,1
1019,ieee30,LL,30,10.0,0,SSO25Hz_M01,Experiment B: current only,ExtraTrees,ThreePhase,1
1020,ieee30,LL,30,10.0,0,SSO25Hz_M03,Experiment B: current only,ExtraTrees,ThreePhase,1
1021,ieee30,LL,30,10.0,45,NoSSO,Experiment B: current only,ExtraTrees,ThreePhase,1
1022,ieee30,LL,30,10.0,45,SSO25Hz_M01,Experiment B: current only,ExtraTrees,ThreePhase,1
1023,ieee30,LL,30,10.0,45,SSO25Hz_M03,Experiment B: current only,ExtraTrees,ThreePhase,1
1024,ieee30,LL,30,10.0,90,NoSSO,Experiment B: current only,ExtraTrees,ThreePhase,1
1025,ieee30,LL,30,10.0,90,SSO25Hz_M01,Experiment B: current only,ExtraTrees,ThreePhase,1
1026,ieee30,LL,30,10.0,90,SSO25Hz_M03,Experiment B: current only,ExtraTrees,ThreePhase,1
1045,ieee30,LLG,30,10.0,0,NoSSO,Experiment B: current only,ExtraTrees,ThreePhase,1
1046,ieee30,LLG,30,10.0,0,SSO25Hz_M01,Experiment B: current only,ExtraTrees,ThreePhase,1
1047,ieee30,LLG,30,10.0,0,SSO25Hz_M03,Experiment B: current only,ExtraTrees,ThreePhase,1
1048,ieee30,LLG,30,10.0,45,NoSSO,Experiment B: current only,ExtraTrees,ThreePhase,1
1049,ieee30,LLG,30,10.0,45,SSO25Hz_M01,Experiment B: current only,ExtraTrees,ThreePhase,1
1050,ieee30,LLG,30,10.0,45,SSO25Hz_M03,Experiment B: current only,ExtraTrees,ThreePhase,1
1051,ieee30,LLG,30,10.0,90,NoSSO,Experiment B: current only,ExtraTrees,ThreePhase,1
1052,ieee30,LLG,30,10.0,90,SSO25Hz_M01,Experiment B: current only,ExtraTrees,ThreePhase,1
1053,ieee30,LLG,30,10.0,90,SSO25Hz_M03,Experiment B: current only,ExtraTrees,ThreePhase,1
1072,ieee30,ThreePhase,30,10.0,0,NoSSO,Experiment B: current only,ExtraTrees,ThreePhase,1
1073,ieee30,ThreePhase,30,10.0,0,SSO25Hz_M01,Experiment B: current only,ExtraTrees,ThreePhase,1
1074,ieee30,ThreePhase,30,10.0,0,SSO25Hz_M03,Experiment B: current only,ExtraTrees,ThreePhase,1
1075,ieee30,ThreePhase,30,10.0,45,NoSSO,Experiment B: current only,ExtraTrees,ThreePhase,1
1076,ieee30,ThreePhase,30,10.0,45,SSO25Hz_M01,Experiment B: current only,ExtraTrees,ThreePhase,1
1077,ieee30,ThreePhase,30,10.0,45,SSO25Hz_M03,Experiment B: current only,ExtraTrees,ThreePhase,1
1078,ieee30,ThreePhase,30,10.0,90,NoSSO,Experiment B: current only,ExtraTrees,ThreePhase,1
1079,ieee30,ThreePhase,30,10.0,90,SSO25Hz_M01,Experiment B: current only,ExtraTrees,ThreePhase,1
1080,ieee30,ThreePhase,30,10.0,90,SSO25Hz_M03,Experiment B: current only,ExtraTrees,ThreePhase,1
559,ieee30,SLG,1,10.0,0,NoSSO,Experiment C: existing V+C,RandomForest,ThreePhase,1
560,ieee30,SLG,1,10.0,0,SSO25Hz_M01,Experiment C: existing V+C,RandomForest,ThreePhase,1
561,ieee30,SLG,1,10.0,0,SSO25Hz_M03,Experiment C: existing V+C,RandomForest,ThreePhase,1
562,ieee30,SLG,1,10.0,45,NoSSO,Experiment C: existing V+C,RandomForest,ThreePhase,1
563,ieee30,SLG,1,10.0,45,SSO25Hz_M01,Experiment C: existing V+C,RandomForest,ThreePhase,1
564,ieee30,SLG,1,10.0,45,SSO25Hz_M03,Experiment C: existing V+C,RandomForest,ThreePhase,1
565,ieee30,SLG,1,10.0,90,NoSSO,Experiment C: existing V+C,RandomForest,ThreePhase,1
566,ieee30,SLG,1,10.0,90,SSO25Hz_M01,Experiment C: existing V+C,RandomForest,ThreePhase,1
567,ieee30,SLG,1,10.0,90,SSO25Hz_M03,Experiment C: existing V+C,RandomForest,ThreePhase,1
586,ieee30,LL,1,10.0,0,NoSSO,Experiment C: existing V+C,RandomForest,ThreePhase,1
587,ieee30,LL,1,10.0,0,SSO25Hz_M01,Experiment C: existing V+C,RandomForest,ThreePhase,1
588,ieee30,LL,1,10.0,0,SSO25Hz_M03,Experiment C: existing V+C,RandomForest,ThreePhase,1
589,ieee30,LL,1,10.0,45,NoSSO,Experiment C: existing V+C,RandomForest,ThreePhase,1
590,ieee30,LL,1,10.0,45,SSO25Hz_M01,Experiment C: existing V+C,RandomForest,ThreePhase,1
591,ieee30,LL,1,10.0,45,SSO25Hz_M03,Experiment C: existing V+C,RandomForest,ThreePhase,1
592,ieee30,LL,1,10.0,90,NoSSO,Experiment C: existing V+C,RandomForest,ThreePhase,1
593,ieee30,LL,1,10.0,90,SSO25Hz_M01,Experiment C: existing V+C,RandomForest,ThreePhase,1
594,ieee30,LL,1,10.0,90,SSO25Hz_M03,Experiment C: existing V+C,RandomForest,ThreePhase,1
613,ieee30,LLG,1,10.0,0,NoSSO,Experiment C: existing V+C,RandomForest,ThreePhase,1
614,ieee30,LLG,1,10.0,0,SSO25Hz_M01,Experiment C: existing V+C,RandomForest,ThreePhase,1
615,ieee30,LLG,1,10.0,0,SSO25Hz_M03,Experiment C: existing V+C,RandomForest,ThreePhase,1
616,ieee30,LLG,1,10.0,45,NoSSO,Experiment C: existing V+C,RandomForest,ThreePhase,1
617,ieee30,LLG,1,10.0,45,SSO25Hz_M01,Experiment C: existing V+C,RandomForest,ThreePhase,1
618,ieee30,LLG,1,10.0,45,SSO25Hz_M03,Experiment C: existing V+C,RandomForest,ThreePhase,1
619,ieee30,LLG,1,10.0,90,NoSSO,Experiment C: existing V+C,RandomForest,ThreePhase,1
620,ieee30,LLG,1,10.0,90,SSO25Hz_M01,Experiment C: existing V+C,RandomForest,ThreePhase,1
621,ieee30,LLG,1,10.0,90,SSO25Hz_M03,Experiment C: existing V+C,RandomForest,ThreePhase,1
640,ieee30,ThreePhase,1,10.0,0,NoSSO,Experiment C: existing V+C,RandomForest,ThreePhase,1
641,ieee30,ThreePhase,1,10.0,0,SSO25Hz_M01,Experiment C: existing V+C,RandomForest,ThreePhase,1
642,ieee30,ThreePhase,1,10.0,0,SSO25Hz_M03,Experiment C: existing V+C,RandomForest,ThreePhase,1
643,ieee30,ThreePhase,1,10.0,45,NoSSO,Experiment C: existing V+C,RandomForest,ThreePhase,1
644,ieee30,ThreePhase,1,10.0,45,SSO25Hz_M01,Experiment C: existing V+C,RandomForest,ThreePhase,1
645,ieee30,ThreePhase,1,10.0,45,SSO25Hz_M03,Experiment C: existing V+C,RandomForest,ThreePhase,1
646,ieee30,ThreePhase,1,10.0,90,NoSSO,Experiment C: existing V+C,RandomForest,ThreePhase,1
647,ieee30,ThreePhase,1,10.0,90,SSO25Hz_M01,Experiment C: existing V+C,RandomForest,ThreePhase,1
648,ieee30,ThreePhase,1,10.0,90,SSO25Hz_M03,Experiment C: existing V+C,RandomForest,ThreePhase,1
667,ieee30,SLG,6,10.0,0,NoSSO,Experiment C: existing V+C,RandomForest,ThreePhase,1
668,ieee30,SLG,6,10.0,0,SSO25Hz_M01,Experiment C: existing V+C,RandomForest,ThreePhase,1
669,ieee30,SLG,6,10.0,0,SSO25Hz_M03,Experiment C: existing V+C,RandomForest,ThreePhase,1
670,ieee30,SLG,6,10.0,45,NoSSO,Experiment C: existing V+C,RandomForest,ThreePhase,1
671,ieee30,SLG,6,10.0,45,SSO25Hz_M01,Experiment C: existing V+C,RandomForest,ThreePhase,1
672,ieee30,SLG,6,10.0,45,SSO25Hz_M03,Experiment C: existing V+C,RandomForest,ThreePhase,1
673,ieee30,SLG,6,10.0,90,NoSSO,Experiment C: existing V+C,RandomForest,ThreePhase,1
674,ieee30,SLG,6,10.0,90,SSO25Hz_M01,Experiment C: existing V+C,RandomForest,ThreePhase,1
675,ieee30,SLG,6,10.0,90,SSO25Hz_M03,Experiment C: existing V+C,RandomForest,ThreePhase,1
694,ieee30,LL,6,10.0,0,NoSSO,Experiment C: existing V+C,RandomForest,ThreePhase,1
695,ieee30,LL,6,10.0,0,SSO25Hz_M01,Experiment C: existing V+C,RandomForest,ThreePhase,1
696,ieee30,LL,6,10.0,0,SSO25Hz_M03,Experiment C: existing V+C,RandomForest,ThreePhase,1
697,ieee30,LL,6,10.0,45,NoSSO,Experiment C: existing V+C,RandomForest,ThreePhase,1
698,ieee30,LL,6,10.0,45,SSO25Hz_M01,Experiment C: existing V+C,RandomForest,ThreePhase,1
699,ieee30,LL,6,10.0,45,SSO25Hz_M03,Experiment C: existing V+C,RandomForest,ThreePhase,1
700,ieee30,LL,6,10.0,90,NoSSO,Experiment C: existing V+C,RandomForest,ThreePhase,1
701,ieee30,LL,6,10.0,90,SSO25Hz_M01,Experiment C: existing V+C,RandomForest,ThreePhase,1
702,ieee30,LL,6,10.0,90,SSO25Hz_M03,Experiment C: existing V+C,RandomForest,ThreePhase,1
721,ieee30,LLG,6,10.0,0,NoSSO,Experiment C: existing V+C,RandomForest,ThreePhase,6
722,ieee30,LLG,6,10.0,0,SSO25Hz_M01,Experiment C: existing V+C,RandomForest,ThreePhase,1
723,ieee30,LLG,6,10.0,0,SSO25Hz_M03,Experiment C: existing V+C,RandomForest,ThreePhase,1
724,ieee30,LLG,6,10.0,45,NoSSO,Experiment C: existing V+C,RandomForest,ThreePhase,6
725,ieee30,LLG,6,10.0,45,SSO25Hz_M01,Experiment C: existing V+C,RandomForest,ThreePhase,6
726,ieee30,LLG,6,10.0,45,SSO25Hz_M03,Experiment C: existing V+C,RandomForest,ThreePhase,1
727,ieee30,LLG,6,10.0,90,NoSSO,Experiment C: existing V+C,RandomForest,ThreePhase,6
728,ieee30,LLG,6,10.0,90,SSO25Hz_M01,Experiment C: existing V+C,RandomForest,ThreePhase,6
729,ieee30,LLG,6,10.0,90,SSO25Hz_M03,Experiment C: existing V+C,RandomForest,ThreePhase,1
748,ieee30,ThreePhase,6,10.0,0,NoSSO,Experiment C: existing V+C,RandomForest,ThreePhase,1
749,ieee30,ThreePhase,6,10.0,0,SSO25Hz_M01,Experiment C: existing V+C,RandomForest,ThreePhase,6
750,ieee30,ThreePhase,6,10.0,0,SSO25Hz_M03,Experiment C: existing V+C,RandomForest,ThreePhase,1
751,ieee30,ThreePhase,6,10.0,45,NoSSO,Experiment C: existing V+C,RandomForest,ThreePhase,6
752,ieee30,ThreePhase,6,10.0,45,SSO25Hz_M01,Experiment C: existing V+C,RandomForest,ThreePhase,6
753,ieee30,ThreePhase,6,10.0,45,SSO25Hz_M03,Experiment C: existing V+C,RandomForest,ThreePhase,6
754,ieee30,ThreePhase,6,10.0,90,NoSSO,Experiment C: existing V+C,RandomForest,ThreePhase,6
755,ieee30,ThreePhase,6,10.0,90,SSO25Hz_M01,Experiment C: existing V+C,RandomForest,ThreePhase,6
756,ieee30,ThreePhase,6,10.0,90,SSO25Hz_M03,Experiment C: existing V+C,RandomForest,ThreePhase,6
775,ieee30,SLG,10,10.0,0,NoSSO,Experiment C: existing V+C,RandomForest,ThreePhase,1
776,ieee30,SLG,10,10.0,0,SSO25Hz_M01,Experiment C: existing V+C,RandomForest,ThreePhase,1
777,ieee30,SLG,10,10.0,0,SSO25Hz_M03,Experiment C: existing V+C,RandomForest,ThreePhase,1
778,ieee30,SLG,10,10.0,45,NoSSO,Experiment C: existing V+C,RandomForest,ThreePhase,1
779,ieee30,SLG,10,10.0,45,SSO25Hz_M01,Experiment C: existing V+C,RandomForest,ThreePhase,1
780,ieee30,SLG,10,10.0,45,SSO25Hz_M03,Experiment C: existing V+C,RandomForest,ThreePhase,1
781,ieee30,SLG,10,10.0,90,NoSSO,Experiment C: existing V+C,RandomForest,ThreePhase,1
782,ieee30,SLG,10,10.0,90,SSO25Hz_M01,Experiment C: existing V+C,RandomForest,ThreePhase,1
783,ieee30,SLG,10,10.0,90,SSO25Hz_M03,Experiment C: existing V+C,RandomForest,ThreePhase,1
802,ieee30,LL,10,10.0,0,NoSSO,Experiment C: existing V+C,RandomForest,ThreePhase,1
803,ieee30,LL,10,10.0,0,SSO25Hz_M01,Experiment C: existing V+C,RandomForest,ThreePhase,1
804,ieee30,LL,10,10.0,0,SSO25Hz_M03,Experiment C: existing V+C,RandomForest,ThreePhase,1
805,ieee30,LL,10,10.0,45,NoSSO,Experiment C: existing V+C,RandomForest,ThreePhase,1
806,ieee30,LL,10,10.0,45,SSO25Hz_M01,Experiment C: existing V+C,RandomForest,ThreePhase,1
807,ieee30,LL,10,10.0,45,SSO25Hz_M03,Experiment C: existing V+C,RandomForest,ThreePhase,1
808,ieee30,LL,10,10.0,90,NoSSO,Experiment C: existing V+C,RandomForest,ThreePhase,1
809,ieee30,LL,10,10.0,90,SSO25Hz_M01,Experiment C: existing V+C,RandomForest,ThreePhase,1
810,ieee30,LL,10,10.0,90,SSO25Hz_M03,Experiment C: existing V+C,RandomForest,ThreePhase,1
829,ieee30,LLG,10,10.0,0,NoSSO,Experiment C: existing V+C,RandomForest,ThreePhase,1
830,ieee30,LLG,10,10.0,0,SSO25Hz_M01,Experiment C: existing V+C,RandomForest,ThreePhase,1
831,ieee30,LLG,10,10.0,0,SSO25Hz_M03,Experiment C: existing V+C,RandomForest,ThreePhase,1
832,ieee30,LLG,10,10.0,45,NoSSO,Experiment C: existing V+C,RandomForest,ThreePhase,1
833,ieee30,LLG,10,10.0,45,SSO25Hz_M01,Experiment C: existing V+C,RandomForest,ThreePhase,1
834,ieee30,LLG,10,10.0,45,SSO25Hz_M03,Experiment C: existing V+C,RandomForest,ThreePhase,1
835,ieee30,LLG,10,10.0,90,NoSSO,Experiment C: existing V+C,RandomForest,ThreePhase,1
836,ieee30,LLG,10,10.0,90,SSO25Hz_M01,Experiment C: existing V+C,RandomForest,ThreePhase,1
837,ieee30,LLG,10,10.0,90,SSO25Hz_M03,Experiment C: existing V+C,RandomForest,ThreePhase,1
856,ieee30,ThreePhase,10,10.0,0,NoSSO,Experiment C: existing V+C,RandomForest,ThreePhase,1
857,ieee30,ThreePhase,10,10.0,0,SSO25Hz_M01,Experiment C: existing V+C,RandomForest,ThreePhase,1
858,ieee30,ThreePhase,10,10.0,0,SSO25Hz_M03,Experiment C: existing V+C,RandomForest,ThreePhase,1
859,ieee30,ThreePhase,10,10.0,45,NoSSO,Experiment C: existing V+C,RandomForest,ThreePhase,1
860,ieee30,ThreePhase,10,10.0,45,SSO25Hz_M01,Experiment C: existing V+C,RandomForest,ThreePhase,1
861,ieee30,ThreePhase,10,10.0,45,SSO25Hz_M03,Experiment C: existing V+C,RandomForest,ThreePhase,1
862,ieee30,ThreePhase,10,10.0,90,NoSSO,Experiment C: existing V+C,RandomForest,ThreePhase,1
863,ieee30,ThreePhase,10,10.0,90,SSO25Hz_M01,Experiment C: existing V+C,RandomForest,ThreePhase,1
864,ieee30,ThreePhase,10,10.0,90,SSO25Hz_M03,Experiment C: existing V+C,RandomForest,ThreePhase,1
883,ieee30,SLG,24,10.0,0,NoSSO,Experiment C: existing V+C,RandomForest,ThreePhase,1
884,ieee30,SLG,24,10.0,0,SSO25Hz_M01,Experiment C: existing V+C,RandomForest,ThreePhase,1
885,ieee30,SLG,24,10.0,0,SSO25Hz_M03,Experiment C: existing V+C,RandomForest,ThreePhase,1
886,ieee30,SLG,24,10.0,45,NoSSO,Experiment C: existing V+C,RandomForest,ThreePhase,1
887,ieee30,SLG,24,10.0,45,SSO25Hz_M01,Experiment C: existing V+C,RandomForest,ThreePhase,1
888,ieee30,SLG,24,10.0,45,SSO25Hz_M03,Experiment C: existing V+C,RandomForest,ThreePhase,1
889,ieee30,SLG,24,10.0,90,NoSSO,Experiment C: existing V+C,RandomForest,ThreePhase,1
890,ieee30,SLG,24,10.0,90,SSO25Hz_M01,Experiment C: existing V+C,RandomForest,ThreePhase,1
891,ieee30,SLG,24,10.0,90,SSO25Hz_M03,Experiment C: existing V+C,RandomForest,ThreePhase,1
910,ieee30,LL,24,10.0,0,NoSSO,Experiment C: existing V+C,RandomForest,ThreePhase,1
911,ieee30,LL,24,10.0,0,SSO25Hz_M01,Experiment C: existing V+C,RandomForest,ThreePhase,1
912,ieee30,LL,24,10.0,0,SSO25Hz_M03,Experiment C: existing V+C,RandomForest,ThreePhase,1
913,ieee30,LL,24,10.0,45,NoSSO,Experiment C: existing V+C,RandomForest,ThreePhase,1
914,ieee30,LL,24,10.0,45,SSO25Hz_M01,Experiment C: existing V+C,RandomForest,ThreePhase,1
915,ieee30,LL,24,10.0,45,SSO25Hz_M03,Experiment C: existing V+C,RandomForest,ThreePhase,1
916,ieee30,LL,24,10.0,90,NoSSO,Experiment C: existing V+C,RandomForest,ThreePhase,1
917,ieee30,LL,24,10.0,90,SSO25Hz_M01,Experiment C: existing V+C,RandomForest,ThreePhase,1
918,ieee30,LL,24,10.0,90,SSO25Hz_M03,Experiment C: existing V+C,RandomForest,ThreePhase,1
937,ieee30,LLG,24,10.0,0,NoSSO,Experiment C: existing V+C,RandomForest,ThreePhase,1
938,ieee30,LLG,24,10.0,0,SSO25Hz_M01,Experiment C: existing V+C,RandomForest,ThreePhase,1
939,ieee30,LLG,24,10.0,0,SSO25Hz_M03,Experiment C: existing V+C,RandomForest,ThreePhase,1
940,ieee30,LLG,24,10.0,45,NoSSO,Experiment C: existing V+C,RandomForest,ThreePhase,1
941,ieee30,LLG,24,10.0,45,SSO25Hz_M01,Experiment C: existing V+C,RandomForest,ThreePhase,1
942,ieee30,LLG,24,10.0,45,SSO25Hz_M03,Experiment C: existing V+C,RandomForest,ThreePhase,1
943,ieee30,LLG,24,10.0,90,NoSSO,Experiment C: existing V+C,RandomForest,ThreePhase,1
944,ieee30,LLG,24,10.0,90,SSO25Hz_M01,Experiment C: existing V+C,RandomForest,ThreePhase,1
945,ieee30,LLG,24,10.0,90,SSO25Hz_M03,Experiment C: existing V+C,RandomForest,ThreePhase,1
964,ieee30,ThreePhase,24,10.0,0,NoSSO,Experiment C: existing V+C,RandomForest,ThreePhase,1
965,ieee30,ThreePhase,24,10.0,0,SSO25Hz_M01,Experiment C: existing V+C,RandomForest,ThreePhase,1
966,ieee30,ThreePhase,24,10.0,0,SSO25Hz_M03,Experiment C: existing V+C,RandomForest,ThreePhase,1
967,ieee30,ThreePhase,24,10.0,45,NoSSO,Experiment C: existing V+C,RandomForest,ThreePhase,1
968,ieee30,ThreePhase,24,10.0,45,SSO25Hz_M01,Experiment C: existing V+C,RandomForest,ThreePhase,1
969,ieee30,ThreePhase,24,10.0,45,SSO25Hz_M03,Experiment C: existing V+C,RandomForest,ThreePhase,1
970,ieee30,ThreePhase,24,10.0,90,NoSSO,Experiment C: existing V+C,RandomForest,ThreePhase,1
971,ieee30,ThreePhase,24,10.0,90,SSO25Hz_M01,Experiment C: existing V+C,RandomForest,ThreePhase,1
972,ieee30,ThreePhase,24,10.0,90,SSO25Hz_M03,Experiment C: existing V+C,RandomForest,ThreePhase,1
991,ieee30,SLG,30,10.0,0,NoSSO,Experiment C: existing V+C,RandomForest,ThreePhase,1
992,ieee30,SLG,30,10.0,0,SSO25Hz_M01,Experiment C: existing V+C,RandomForest,ThreePhase,1
993,ieee30,SLG,30,10.0,0,SSO25Hz_M03,Experiment C: existing V+C,RandomForest,ThreePhase,1
994,ieee30,SLG,30,10.0,45,NoSSO,Experiment C: existing V+C,RandomForest,ThreePhase,1
995,ieee30,SLG,30,10.0,45,SSO25Hz_M01,Experiment C: existing V+C,RandomForest,ThreePhase,1
996,ieee30,SLG,30,10.0,45,SSO25Hz_M03,Experiment C: existing V+C,RandomForest,ThreePhase,1
997,ieee30,SLG,30,10.0,90,NoSSO,Experiment C: existing V+C,RandomForest,ThreePhase,1
998,ieee30,SLG,30,10.0,90,SSO25Hz_M01,Experiment C: existing V+C,RandomForest,ThreePhase,1
999,ieee30,SLG,30,10.0,90,SSO25Hz_M03,Experiment C: existing V+C,RandomForest,ThreePhase,1
1018,ieee30,LL,30,10.0,0,NoSSO,Experiment C: existing V+C,RandomForest,ThreePhase,1
1019,ieee30,LL,30,10.0,0,SSO25Hz_M01,Experiment C: existing V+C,RandomForest,ThreePhase,1
1020,ieee30,LL,30,10.0,0,SSO25Hz_M03,Experiment C: existing V+C,RandomForest,ThreePhase,1
1021,ieee30,LL,30,10.0,45,NoSSO,Experiment C: existing V+C,RandomForest,ThreePhase,1
1022,ieee30,LL,30,10.0,45,SSO25Hz_M01,Experiment C: existing V+C,RandomForest,ThreePhase,1
1023,ieee30,LL,30,10.0,45,SSO25Hz_M03,Experiment C: existing V+C,RandomForest,ThreePhase,1
1024,ieee30,LL,30,10.0,90,NoSSO,Experiment C: existing V+C,RandomForest,ThreePhase,1
1025,ieee30,LL,30,10.0,90,SSO25Hz_M01,Experiment C: existing V+C,RandomForest,ThreePhase,1
1026,ieee30,LL,30,10.0,90,SSO25Hz_M03,Experiment C: existing V+C,RandomForest,ThreePhase,1
1045,ieee30,LLG,30,10.0,0,NoSSO,Experiment C: existing V+C,RandomForest,ThreePhase,1
1046,ieee30,LLG,30,10.0,0,SSO25Hz_M01,Experiment C: existing V+C,RandomForest,ThreePhase,1
1047,ieee30,LLG,30,10.0,0,SSO25Hz_M03,Experiment C: existing V+C,RandomForest,ThreePhase,1
1048,ieee30,LLG,30,10.0,45,NoSSO,Experiment C: existing V+C,RandomForest,ThreePhase,1
1049,ieee30,LLG,30,10.0,45,SSO25Hz_M01,Experiment C: existing V+C,RandomForest,ThreePhase,1
1050,ieee30,LLG,30,10.0,45,SSO25Hz_M03,Experiment C: existing V+C,RandomForest,ThreePhase,1
1051,ieee30,LLG,30,10.0,90,NoSSO,Experiment C: existing V+C,RandomForest,ThreePhase,1
1052,ieee30,LLG,30,10.0,90,SSO25Hz_M01,Experiment C: existing V+C,RandomForest,ThreePhase,1
1053,ieee30,LLG,30,10.0,90,SSO25Hz_M03,Experiment C: existing V+C,RandomForest,ThreePhase,1
1072,ieee30,ThreePhase,30,10.0,0,NoSSO,Experiment C: existing V+C,RandomForest,ThreePhase,1
1073,ieee30,ThreePhase,30,10.0,0,SSO25Hz_M01,Experiment C: existing V+C,RandomForest,ThreePhase,1
1074,ieee30,ThreePhase,30,10.0,0,SSO25Hz_M03,Experiment C: existing V+C,RandomForest,ThreePhase,1
1075,ieee30,ThreePhase,30,10.0,45,NoSSO,Experiment C: existing V+C,RandomForest,ThreePhase,1
1076,ieee30,ThreePhase,30,10.0,45,SSO25Hz_M01,Experiment C: existing V+C,RandomForest,ThreePhase,1
1077,ieee30,ThreePhase,30,10.0,45,SSO25Hz_M03,Experiment C: existing V+C,RandomForest,ThreePhase,1
1078,ieee30,ThreePhase,30,10.0,90,NoSSO,Experiment C: existing V+C,RandomForest,ThreePhase,1
1079,ieee30,ThreePhase,30,10.0,90,SSO25Hz_M01,Experiment C: existing V+C,RandomForest,ThreePhase,1
1080,ieee30,ThreePhase,30,10.0,90,SSO25Hz_M03,Experiment C: existing V+C,RandomForest,ThreePhase,1
559,ieee30,SLG,1,10.0,0,NoSSO,Experiment C: existing V+C,ExtraTrees,ThreePhase,1
560,ieee30,SLG,1,10.0,0,SSO25Hz_M01,Experiment C: existing V+C,ExtraTrees,ThreePhase,1
561,ieee30,SLG,1,10.0,0,SSO25Hz_M03,Experiment C: existing V+C,ExtraTrees,ThreePhase,1
562,ieee30,SLG,1,10.0,45,NoSSO,Experiment C: existing V+C,ExtraTrees,ThreePhase,1
563,ieee30,SLG,1,10.0,45,SSO25Hz_M01,Experiment C: existing V+C,ExtraTrees,ThreePhase,1
564,ieee30,SLG,1,10.0,45,SSO25Hz_M03,Experiment C: existing V+C,ExtraTrees,ThreePhase,1
565,ieee30,SLG,1,10.0,90,NoSSO,Experiment C: existing V+C,ExtraTrees,ThreePhase,1
566,ieee30,SLG,1,10.0,90,SSO25Hz_M01,Experiment C: existing V+C,ExtraTrees,ThreePhase,1
567,ieee30,SLG,1,10.0,90,SSO25Hz_M03,Experiment C: existing V+C,ExtraTrees,ThreePhase,1
586,ieee30,LL,1,10.0,0,NoSSO,Experiment C: existing V+C,ExtraTrees,ThreePhase,1
587,ieee30,LL,1,10.0,0,SSO25Hz_M01,Experiment C: existing V+C,ExtraTrees,LL,1
588,ieee30,LL,1,10.0,0,SSO25Hz_M03,Experiment C: existing V+C,ExtraTrees,ThreePhase,1
589,ieee30,LL,1,10.0,45,NoSSO,Experiment C: existing V+C,ExtraTrees,LL,1
590,ieee30,LL,1,10.0,45,SSO25Hz_M01,Experiment C: existing V+C,ExtraTrees,ThreePhase,1
591,ieee30,LL,1,10.0,45,SSO25Hz_M03,Experiment C: existing V+C,ExtraTrees,ThreePhase,1
592,ieee30,LL,1,10.0,90,NoSSO,Experiment C: existing V+C,ExtraTrees,ThreePhase,1
593,ieee30,LL,1,10.0,90,SSO25Hz_M01,Experiment C: existing V+C,ExtraTrees,ThreePhase,1
594,ieee30,LL,1,10.0,90,SSO25Hz_M03,Experiment C: existing V+C,ExtraTrees,ThreePhase,1
613,ieee30,LLG,1,10.0,0,NoSSO,Experiment C: existing V+C,ExtraTrees,ThreePhase,1
614,ieee30,LLG,1,10.0,0,SSO25Hz_M01,Experiment C: existing V+C,ExtraTrees,ThreePhase,1
615,ieee30,LLG,1,10.0,0,SSO25Hz_M03,Experiment C: existing V+C,ExtraTrees,ThreePhase,1
616,ieee30,LLG,1,10.0,45,NoSSO,Experiment C: existing V+C,ExtraTrees,ThreePhase,1
617,ieee30,LLG,1,10.0,45,SSO25Hz_M01,Experiment C: existing V+C,ExtraTrees,ThreePhase,1
618,ieee30,LLG,1,10.0,45,SSO25Hz_M03,Experiment C: existing V+C,ExtraTrees,ThreePhase,1
619,ieee30,LLG,1,10.0,90,NoSSO,Experiment C: existing V+C,ExtraTrees,ThreePhase,1
620,ieee30,LLG,1,10.0,90,SSO25Hz_M01,Experiment C: existing V+C,ExtraTrees,ThreePhase,1
621,ieee30,LLG,1,10.0,90,SSO25Hz_M03,Experiment C: existing V+C,ExtraTrees,ThreePhase,1
640,ieee30,ThreePhase,1,10.0,0,NoSSO,Experiment C: existing V+C,ExtraTrees,ThreePhase,1
641,ieee30,ThreePhase,1,10.0,0,SSO25Hz_M01,Experiment C: existing V+C,ExtraTrees,ThreePhase,1
642,ieee30,ThreePhase,1,10.0,0,SSO25Hz_M03,Experiment C: existing V+C,ExtraTrees,ThreePhase,1
643,ieee30,ThreePhase,1,10.0,45,NoSSO,Experiment C: existing V+C,ExtraTrees,ThreePhase,1
644,ieee30,ThreePhase,1,10.0,45,SSO25Hz_M01,Experiment C: existing V+C,ExtraTrees,ThreePhase,1
645,ieee30,ThreePhase,1,10.0,45,SSO25Hz_M03,Experiment C: existing V+C,ExtraTrees,ThreePhase,1
646,ieee30,ThreePhase,1,10.0,90,NoSSO,Experiment C: existing V+C,ExtraTrees,ThreePhase,1
647,ieee30,ThreePhase,1,10.0,90,SSO25Hz_M01,Experiment C: existing V+C,ExtraTrees,ThreePhase,1
648,ieee30,ThreePhase,1,10.0,90,SSO25Hz_M03,Experiment C: existing V+C,ExtraTrees,ThreePhase,1
667,ieee30,SLG,6,10.0,0,NoSSO,Experiment C: existing V+C,ExtraTrees,ThreePhase,6
668,ieee30,SLG,6,10.0,0,SSO25Hz_M01,Experiment C: existing V+C,ExtraTrees,ThreePhase,6
669,ieee30,SLG,6,10.0,0,SSO25Hz_M03,Experiment C: existing V+C,ExtraTrees,ThreePhase,6
670,ieee30,SLG,6,10.0,45,NoSSO,Experiment C: existing V+C,ExtraTrees,SLG,6
671,ieee30,SLG,6,10.0,45,SSO25Hz_M01,Experiment C: existing V+C,ExtraTrees,SLG,6
672,ieee30,SLG,6,10.0,45,SSO25Hz_M03,Experiment C: existing V+C,ExtraTrees,ThreePhase,6
673,ieee30,SLG,6,10.0,90,NoSSO,Experiment C: existing V+C,ExtraTrees,ThreePhase,6
674,ieee30,SLG,6,10.0,90,SSO25Hz_M01,Experiment C: existing V+C,ExtraTrees,ThreePhase,6
675,ieee30,SLG,6,10.0,90,SSO25Hz_M03,Experiment C: existing V+C,ExtraTrees,ThreePhase,6
694,ieee30,LL,6,10.0,0,NoSSO,Experiment C: existing V+C,ExtraTrees,LL,1
695,ieee30,LL,6,10.0,0,SSO25Hz_M01,Experiment C: existing V+C,ExtraTrees,LL,1
696,ieee30,LL,6,10.0,0,SSO25Hz_M03,Experiment C: existing V+C,ExtraTrees,ThreePhase,1
697,ieee30,LL,6,10.0,45,NoSSO,Experiment C: existing V+C,ExtraTrees,LL,1
698,ieee30,LL,6,10.0,45,SSO25Hz_M01,Experiment C: existing V+C,ExtraTrees,LL,1
699,ieee30,LL,6,10.0,45,SSO25Hz_M03,Experiment C: existing V+C,ExtraTrees,ThreePhase,1
700,ieee30,LL,6,10.0,90,NoSSO,Experiment C: existing V+C,ExtraTrees,ThreePhase,1
701,ieee30,LL,6,10.0,90,SSO25Hz_M01,Experiment C: existing V+C,ExtraTrees,ThreePhase,1
702,ieee30,LL,6,10.0,90,SSO25Hz_M03,Experiment C: existing V+C,ExtraTrees,ThreePhase,1
721,ieee30,LLG,6,10.0,0,NoSSO,Experiment C: existing V+C,ExtraTrees,ThreePhase,6
722,ieee30,LLG,6,10.0,0,SSO25Hz_M01,Experiment C: existing V+C,ExtraTrees,ThreePhase,6
723,ieee30,LLG,6,10.0,0,SSO25Hz_M03,Experiment C: existing V+C,ExtraTrees,ThreePhase,6
724,ieee30,LLG,6,10.0,45,NoSSO,Experiment C: existing V+C,ExtraTrees,ThreePhase,6
725,ieee30,LLG,6,10.0,45,SSO25Hz_M01,Experiment C: existing V+C,ExtraTrees,ThreePhase,6
726,ieee30,LLG,6,10.0,45,SSO25Hz_M03,Experiment C: existing V+C,ExtraTrees,ThreePhase,6
727,ieee30,LLG,6,10.0,90,NoSSO,Experiment C: existing V+C,ExtraTrees,ThreePhase,6
728,ieee30,LLG,6,10.0,90,SSO25Hz_M01,Experiment C: existing V+C,ExtraTrees,ThreePhase,6
729,ieee30,LLG,6,10.0,90,SSO25Hz_M03,Experiment C: existing V+C,ExtraTrees,ThreePhase,6
748,ieee30,ThreePhase,6,10.0,0,NoSSO,Experiment C: existing V+C,ExtraTrees,ThreePhase,6
749,ieee30,ThreePhase,6,10.0,0,SSO25Hz_M01,Experiment C: existing V+C,ExtraTrees,ThreePhase,6
750,ieee30,ThreePhase,6,10.0,0,SSO25Hz_M03,Experiment C: existing V+C,ExtraTrees,ThreePhase,6
751,ieee30,ThreePhase,6,10.0,45,NoSSO,Experiment C: existing V+C,ExtraTrees,ThreePhase,6
752,ieee30,ThreePhase,6,10.0,45,SSO25Hz_M01,Experiment C: existing V+C,ExtraTrees,ThreePhase,6
753,ieee30,ThreePhase,6,10.0,45,SSO25Hz_M03,Experiment C: existing V+C,ExtraTrees,ThreePhase,6
754,ieee30,ThreePhase,6,10.0,90,NoSSO,Experiment C: existing V+C,ExtraTrees,ThreePhase,6
755,ieee30,ThreePhase,6,10.0,90,SSO25Hz_M01,Experiment C: existing V+C,ExtraTrees,ThreePhase,6
756,ieee30,ThreePhase,6,10.0,90,SSO25Hz_M03,Experiment C: existing V+C,ExtraTrees,ThreePhase,6
775,ieee30,SLG,10,10.0,0,NoSSO,Experiment C: existing V+C,ExtraTrees,SLG,10
776,ieee30,SLG,10,10.0,0,SSO25Hz_M01,Experiment C: existing V+C,ExtraTrees,SLG,10
777,ieee30,SLG,10,10.0,0,SSO25Hz_M03,Experiment C: existing V+C,ExtraTrees,SLG,10
778,ieee30,SLG,10,10.0,45,NoSSO,Experiment C: existing V+C,ExtraTrees,SLG,10
779,ieee30,SLG,10,10.0,45,SSO25Hz_M01,Experiment C: existing V+C,ExtraTrees,SLG,10
780,ieee30,SLG,10,10.0,45,SSO25Hz_M03,Experiment C: existing V+C,ExtraTrees,ThreePhase,10
781,ieee30,SLG,10,10.0,90,NoSSO,Experiment C: existing V+C,ExtraTrees,SLG,10
782,ieee30,SLG,10,10.0,90,SSO25Hz_M01,Experiment C: existing V+C,ExtraTrees,ThreePhase,10
783,ieee30,SLG,10,10.0,90,SSO25Hz_M03,Experiment C: existing V+C,ExtraTrees,ThreePhase,10
802,ieee30,LL,10,10.0,0,NoSSO,Experiment C: existing V+C,ExtraTrees,LL,1
803,ieee30,LL,10,10.0,0,SSO25Hz_M01,Experiment C: existing V+C,ExtraTrees,LL,1
804,ieee30,LL,10,10.0,0,SSO25Hz_M03,Experiment C: existing V+C,ExtraTrees,ThreePhase,1
805,ieee30,LL,10,10.0,45,NoSSO,Experiment C: existing V+C,ExtraTrees,LL,1
806,ieee30,LL,10,10.0,45,SSO25Hz_M01,Experiment C: existing V+C,ExtraTrees,LL,1
807,ieee30,LL,10,10.0,45,SSO25Hz_M03,Experiment C: existing V+C,ExtraTrees,ThreePhase,1
808,ieee30,LL,10,10.0,90,NoSSO,Experiment C: existing V+C,ExtraTrees,ThreePhase,1
809,ieee30,LL,10,10.0,90,SSO25Hz_M01,Experiment C: existing V+C,ExtraTrees,ThreePhase,1
810,ieee30,LL,10,10.0,90,SSO25Hz_M03,Experiment C: existing V+C,ExtraTrees,ThreePhase,1
829,ieee30,LLG,10,10.0,0,NoSSO,Experiment C: existing V+C,ExtraTrees,ThreePhase,10
830,ieee30,LLG,10,10.0,0,SSO25Hz_M01,Experiment C: existing V+C,ExtraTrees,ThreePhase,10
831,ieee30,LLG,10,10.0,0,SSO25Hz_M03,Experiment C: existing V+C,ExtraTrees,ThreePhase,10
832,ieee30,LLG,10,10.0,45,NoSSO,Experiment C: existing V+C,ExtraTrees,ThreePhase,10
833,ieee30,LLG,10,10.0,45,SSO25Hz_M01,Experiment C: existing V+C,ExtraTrees,ThreePhase,10
834,ieee30,LLG,10,10.0,45,SSO25Hz_M03,Experiment C: existing V+C,ExtraTrees,ThreePhase,10
835,ieee30,LLG,10,10.0,90,NoSSO,Experiment C: existing V+C,ExtraTrees,ThreePhase,10
836,ieee30,LLG,10,10.0,90,SSO25Hz_M01,Experiment C: existing V+C,ExtraTrees,ThreePhase,10
837,ieee30,LLG,10,10.0,90,SSO25Hz_M03,Experiment C: existing V+C,ExtraTrees,ThreePhase,10
856,ieee30,ThreePhase,10,10.0,0,NoSSO,Experiment C: existing V+C,ExtraTrees,ThreePhase,10
857,ieee30,ThreePhase,10,10.0,0,SSO25Hz_M01,Experiment C: existing V+C,ExtraTrees,ThreePhase,10
858,ieee30,ThreePhase,10,10.0,0,SSO25Hz_M03,Experiment C: existing V+C,ExtraTrees,ThreePhase,10
859,ieee30,ThreePhase,10,10.0,45,NoSSO,Experiment C: existing V+C,ExtraTrees,ThreePhase,10
860,ieee30,ThreePhase,10,10.0,45,SSO25Hz_M01,Experiment C: existing V+C,ExtraTrees,ThreePhase,10
861,ieee30,ThreePhase,10,10.0,45,SSO25Hz_M03,Experiment C: existing V+C,ExtraTrees,ThreePhase,10
862,ieee30,ThreePhase,10,10.0,90,NoSSO,Experiment C: existing V+C,ExtraTrees,ThreePhase,10
863,ieee30,ThreePhase,10,10.0,90,SSO25Hz_M01,Experiment C: existing V+C,ExtraTrees,ThreePhase,10
864,ieee30,ThreePhase,10,10.0,90,SSO25Hz_M03,Experiment C: existing V+C,ExtraTrees,ThreePhase,10
883,ieee30,SLG,24,10.0,0,NoSSO,Experiment C: existing V+C,ExtraTrees,SLG,24
884,ieee30,SLG,24,10.0,0,SSO25Hz_M01,Experiment C: existing V+C,ExtraTrees,SLG,24
885,ieee30,SLG,24,10.0,0,SSO25Hz_M03,Experiment C: existing V+C,ExtraTrees,ThreePhase,24
886,ieee30,SLG,24,10.0,45,NoSSO,Experiment C: existing V+C,ExtraTrees,SLG,24
887,ieee30,SLG,24,10.0,45,SSO25Hz_M01,Experiment C: existing V+C,ExtraTrees,SLG,24
888,ieee30,SLG,24,10.0,45,SSO25Hz_M03,Experiment C: existing V+C,ExtraTrees,ThreePhase,24
889,ieee30,SLG,24,10.0,90,NoSSO,Experiment C: existing V+C,ExtraTrees,SLG,24
890,ieee30,SLG,24,10.0,90,SSO25Hz_M01,Experiment C: existing V+C,ExtraTrees,SLG,24
891,ieee30,SLG,24,10.0,90,SSO25Hz_M03,Experiment C: existing V+C,ExtraTrees,ThreePhase,24
910,ieee30,LL,24,10.0,0,NoSSO,Experiment C: existing V+C,ExtraTrees,LL,1
911,ieee30,LL,24,10.0,0,SSO25Hz_M01,Experiment C: existing V+C,ExtraTrees,LL,1
912,ieee30,LL,24,10.0,0,SSO25Hz_M03,Experiment C: existing V+C,ExtraTrees,ThreePhase,1
913,ieee30,LL,24,10.0,45,NoSSO,Experiment C: existing V+C,ExtraTrees,LL,1
914,ieee30,LL,24,10.0,45,SSO25Hz_M01,Experiment C: existing V+C,ExtraTrees,ThreePhase,1
915,ieee30,LL,24,10.0,45,SSO25Hz_M03,Experiment C: existing V+C,ExtraTrees,ThreePhase,1
916,ieee30,LL,24,10.0,90,NoSSO,Experiment C: existing V+C,ExtraTrees,ThreePhase,1
917,ieee30,LL,24,10.0,90,SSO25Hz_M01,Experiment C: existing V+C,ExtraTrees,ThreePhase,1
918,ieee30,LL,24,10.0,90,SSO25Hz_M03,Experiment C: existing V+C,ExtraTrees,ThreePhase,1
937,ieee30,LLG,24,10.0,0,NoSSO,Experiment C: existing V+C,ExtraTrees,ThreePhase,24
938,ieee30,LLG,24,10.0,0,SSO25Hz_M01,Experiment C: existing V+C,ExtraTrees,ThreePhase,24
939,ieee30,LLG,24,10.0,0,SSO25Hz_M03,Experiment C: existing V+C,ExtraTrees,ThreePhase,24
940,ieee30,LLG,24,10.0,45,NoSSO,Experiment C: existing V+C,ExtraTrees,ThreePhase,24
941,ieee30,LLG,24,10.0,45,SSO25Hz_M01,Experiment C: existing V+C,ExtraTrees,ThreePhase,24
942,ieee30,LLG,24,10.0,45,SSO25Hz_M03,Experiment C: existing V+C,ExtraTrees,ThreePhase,24
943,ieee30,LLG,24,10.0,90,NoSSO,Experiment C: existing V+C,ExtraTrees,ThreePhase,24
944,ieee30,LLG,24,10.0,90,SSO25Hz_M01,Experiment C: existing V+C,ExtraTrees,ThreePhase,24
945,ieee30,LLG,24,10.0,90,SSO25Hz_M03,Experiment C: existing V+C,ExtraTrees,ThreePhase,24
964,ieee30,ThreePhase,24,10.0,0,NoSSO,Experiment C: existing V+C,ExtraTrees,ThreePhase,24
965,ieee30,ThreePhase,24,10.0,0,SSO25Hz_M01,Experiment C: existing V+C,ExtraTrees,ThreePhase,24
966,ieee30,ThreePhase,24,10.0,0,SSO25Hz_M03,Experiment C: existing V+C,ExtraTrees,ThreePhase,24
967,ieee30,ThreePhase,24,10.0,45,NoSSO,Experiment C: existing V+C,ExtraTrees,ThreePhase,24
968,ieee30,ThreePhase,24,10.0,45,SSO25Hz_M01,Experiment C: existing V+C,ExtraTrees,ThreePhase,24
969,ieee30,ThreePhase,24,10.0,45,SSO25Hz_M03,Experiment C: existing V+C,ExtraTrees,ThreePhase,24
970,ieee30,ThreePhase,24,10.0,90,NoSSO,Experiment C: existing V+C,ExtraTrees,ThreePhase,24
971,ieee30,ThreePhase,24,10.0,90,SSO25Hz_M01,Experiment C: existing V+C,ExtraTrees,ThreePhase,24
972,ieee30,ThreePhase,24,10.0,90,SSO25Hz_M03,Experiment C: existing V+C,ExtraTrees,ThreePhase,24
991,ieee30,SLG,30,10.0,0,NoSSO,Experiment C: existing V+C,ExtraTrees,ThreePhase,1
992,ieee30,SLG,30,10.0,0,SSO25Hz_M01,Experiment C: existing V+C,ExtraTrees,ThreePhase,1
993,ieee30,SLG,30,10.0,0,SSO25Hz_M03,Experiment C: existing V+C,ExtraTrees,ThreePhase,1
994,ieee30,SLG,30,10.0,45,NoSSO,Experiment C: existing V+C,ExtraTrees,ThreePhase,1
995,ieee30,SLG,30,10.0,45,SSO25Hz_M01,Experiment C: existing V+C,ExtraTrees,ThreePhase,1
996,ieee30,SLG,30,10.0,45,SSO25Hz_M03,Experiment C: existing V+C,ExtraTrees,ThreePhase,1
997,ieee30,SLG,30,10.0,90,NoSSO,Experiment C: existing V+C,ExtraTrees,ThreePhase,1
998,ieee30,SLG,30,10.0,90,SSO25Hz_M01,Experiment C: existing V+C,ExtraTrees,ThreePhase,1
999,ieee30,SLG,30,10.0,90,SSO25Hz_M03,Experiment C: existing V+C,ExtraTrees,ThreePhase,1
1018,ieee30,LL,30,10.0,0,NoSSO,Experiment C: existing V+C,ExtraTrees,ThreePhase,1
1019,ieee30,LL,30,10.0,0,SSO25Hz_M01,Experiment C: existing V+C,ExtraTrees,ThreePhase,1
1020,ieee30,LL,30,10.0,0,SSO25Hz_M03,Experiment C: existing V+C,ExtraTrees,ThreePhase,1
1021,ieee30,LL,30,10.0,45,NoSSO,Experiment C: existing V+C,ExtraTrees,ThreePhase,1
1022,ieee30,LL,30,10.0,45,SSO25Hz_M01,Experiment C: existing V+C,ExtraTrees,ThreePhase,1
1023,ieee30,LL,30,10.0,45,SSO25Hz_M03,Experiment C: existing V+C,ExtraTrees,ThreePhase,1
1024,ieee30,LL,30,10.0,90,NoSSO,Experiment C: existing V+C,ExtraTrees,ThreePhase,1
1025,ieee30,LL,30,10.0,90,SSO25Hz_M01,Experiment C: existing V+C,ExtraTrees,ThreePhase,1
1026,ieee30,LL,30,10.0,90,SSO25Hz_M03,Experiment C: existing V+C,ExtraTrees,ThreePhase,1
1045,ieee30,LLG,30,10.0,0,NoSSO,Experiment C: existing V+C,ExtraTrees,ThreePhase,1
1046,ieee30,LLG,30,10.0,0,SSO25Hz_M01,Experiment C: existing V+C,ExtraTrees,ThreePhase,1
1047,ieee30,LLG,30,10.0,0,SSO25Hz_M03,Experiment C: existing V+C,ExtraTrees,ThreePhase,1
1048,ieee30,LLG,30,10.0,45,NoSSO,Experiment C: existing V+C,ExtraTrees,ThreePhase,1
1049,ieee30,LLG,30,10.0,45,SSO25Hz_M01,Experiment C: existing V+C,ExtraTrees,ThreePhase,1
1050,ieee30,LLG,30,10.0,45,SSO25Hz_M03,Experiment C: existing V+C,ExtraTrees,ThreePhase,1
1051,ieee30,LLG,30,10.0,90,NoSSO,Experiment C: existing V+C,ExtraTrees,ThreePhase,1
1052,ieee30,LLG,30,10.0,90,SSO25Hz_M01,Experiment C: existing V+C,ExtraTrees,ThreePhase,1
1053,ieee30,LLG,30,10.0,90,SSO25Hz_M03,Experiment C: existing V+C,ExtraTrees,ThreePhase,1
1072,ieee30,ThreePhase,30,10.0,0,NoSSO,Experiment C: existing V+C,ExtraTrees,ThreePhase,1
1073,ieee30,ThreePhase,30,10.0,0,SSO25Hz_M01,Experiment C: existing V+C,ExtraTrees,ThreePhase,1
1074,ieee30,ThreePhase,30,10.0,0,SSO25Hz_M03,Experiment C: existing V+C,ExtraTrees,ThreePhase,1
1075,ieee30,ThreePhase,30,10.0,45,NoSSO,Experiment C: existing V+C,ExtraTrees,ThreePhase,1
1076,ieee30,ThreePhase,30,10.0,45,SSO25Hz_M01,Experiment C: existing V+C,ExtraTrees,ThreePhase,1
1077,ieee30,ThreePhase,30,10.0,45,SSO25Hz_M03,Experiment C: existing V+C,ExtraTrees,ThreePhase,1
1078,ieee30,ThreePhase,30,10.0,90,NoSSO,Experiment C: existing V+C,ExtraTrees,ThreePhase,1
1079,ieee30,ThreePhase,30,10.0,90,SSO25Hz_M01,Experiment C: existing V+C,ExtraTrees,ThreePhase,1
1080,ieee30,ThreePhase,30,10.0,90,SSO25Hz_M03,Experiment C: existing V+C,ExtraTrees,ThreePhase,1
559,ieee30,SLG,1,10.0,0,NoSSO,Experiment D: existing + normalized V/I,RandomForest,ThreePhase,1
560,ieee30,SLG,1,10.0,0,SSO25Hz_M01,Experiment D: existing + normalized V/I,RandomForest,ThreePhase,1
561,ieee30,SLG,1,10.0,0,SSO25Hz_M03,Experiment D: existing + normalized V/I,RandomForest,ThreePhase,1
562,ieee30,SLG,1,10.0,45,NoSSO,Experiment D: existing + normalized V/I,RandomForest,ThreePhase,1
563,ieee30,SLG,1,10.0,45,SSO25Hz_M01,Experiment D: existing + normalized V/I,RandomForest,ThreePhase,1
564,ieee30,SLG,1,10.0,45,SSO25Hz_M03,Experiment D: existing + normalized V/I,RandomForest,ThreePhase,1
565,ieee30,SLG,1,10.0,90,NoSSO,Experiment D: existing + normalized V/I,RandomForest,ThreePhase,1
566,ieee30,SLG,1,10.0,90,SSO25Hz_M01,Experiment D: existing + normalized V/I,RandomForest,ThreePhase,1
567,ieee30,SLG,1,10.0,90,SSO25Hz_M03,Experiment D: existing + normalized V/I,RandomForest,ThreePhase,1
586,ieee30,LL,1,10.0,0,NoSSO,Experiment D: existing + normalized V/I,RandomForest,ThreePhase,1
587,ieee30,LL,1,10.0,0,SSO25Hz_M01,Experiment D: existing + normalized V/I,RandomForest,ThreePhase,1
588,ieee30,LL,1,10.0,0,SSO25Hz_M03,Experiment D: existing + normalized V/I,RandomForest,ThreePhase,1
589,ieee30,LL,1,10.0,45,NoSSO,Experiment D: existing + normalized V/I,RandomForest,ThreePhase,1
590,ieee30,LL,1,10.0,45,SSO25Hz_M01,Experiment D: existing + normalized V/I,RandomForest,ThreePhase,1
591,ieee30,LL,1,10.0,45,SSO25Hz_M03,Experiment D: existing + normalized V/I,RandomForest,ThreePhase,1
592,ieee30,LL,1,10.0,90,NoSSO,Experiment D: existing + normalized V/I,RandomForest,ThreePhase,1
593,ieee30,LL,1,10.0,90,SSO25Hz_M01,Experiment D: existing + normalized V/I,RandomForest,ThreePhase,1
594,ieee30,LL,1,10.0,90,SSO25Hz_M03,Experiment D: existing + normalized V/I,RandomForest,ThreePhase,1
613,ieee30,LLG,1,10.0,0,NoSSO,Experiment D: existing + normalized V/I,RandomForest,ThreePhase,1
614,ieee30,LLG,1,10.0,0,SSO25Hz_M01,Experiment D: existing + normalized V/I,RandomForest,ThreePhase,1
615,ieee30,LLG,1,10.0,0,SSO25Hz_M03,Experiment D: existing + normalized V/I,RandomForest,ThreePhase,1
616,ieee30,LLG,1,10.0,45,NoSSO,Experiment D: existing + normalized V/I,RandomForest,ThreePhase,1
617,ieee30,LLG,1,10.0,45,SSO25Hz_M01,Experiment D: existing + normalized V/I,RandomForest,ThreePhase,1
618,ieee30,LLG,1,10.0,45,SSO25Hz_M03,Experiment D: existing + normalized V/I,RandomForest,ThreePhase,1
619,ieee30,LLG,1,10.0,90,NoSSO,Experiment D: existing + normalized V/I,RandomForest,ThreePhase,1
620,ieee30,LLG,1,10.0,90,SSO25Hz_M01,Experiment D: existing + normalized V/I,RandomForest,ThreePhase,1
621,ieee30,LLG,1,10.0,90,SSO25Hz_M03,Experiment D: existing + normalized V/I,RandomForest,ThreePhase,1
640,ieee30,ThreePhase,1,10.0,0,NoSSO,Experiment D: existing + normalized V/I,RandomForest,ThreePhase,1
641,ieee30,ThreePhase,1,10.0,0,SSO25Hz_M01,Experiment D: existing + normalized V/I,RandomForest,ThreePhase,1
642,ieee30,ThreePhase,1,10.0,0,SSO25Hz_M03,Experiment D: existing + normalized V/I,RandomForest,ThreePhase,1
643,ieee30,ThreePhase,1,10.0,45,NoSSO,Experiment D: existing + normalized V/I,RandomForest,ThreePhase,1
644,ieee30,ThreePhase,1,10.0,45,SSO25Hz_M01,Experiment D: existing + normalized V/I,RandomForest,ThreePhase,1
645,ieee30,ThreePhase,1,10.0,45,SSO25Hz_M03,Experiment D: existing + normalized V/I,RandomForest,ThreePhase,1
646,ieee30,ThreePhase,1,10.0,90,NoSSO,Experiment D: existing + normalized V/I,RandomForest,ThreePhase,1
647,ieee30,ThreePhase,1,10.0,90,SSO25Hz_M01,Experiment D: existing + normalized V/I,RandomForest,ThreePhase,1
648,ieee30,ThreePhase,1,10.0,90,SSO25Hz_M03,Experiment D: existing + normalized V/I,RandomForest,ThreePhase,1
667,ieee30,SLG,6,10.0,0,NoSSO,Experiment D: existing + normalized V/I,RandomForest,ThreePhase,6
668,ieee30,SLG,6,10.0,0,SSO25Hz_M01,Experiment D: existing + normalized V/I,RandomForest,ThreePhase,6
669,ieee30,SLG,6,10.0,0,SSO25Hz_M03,Experiment D: existing + normalized V/I,RandomForest,ThreePhase,6
670,ieee30,SLG,6,10.0,45,NoSSO,Experiment D: existing + normalized V/I,RandomForest,ThreePhase,6
671,ieee30,SLG,6,10.0,45,SSO25Hz_M01,Experiment D: existing + normalized V/I,RandomForest,ThreePhase,6
672,ieee30,SLG,6,10.0,45,SSO25Hz_M03,Experiment D: existing + normalized V/I,RandomForest,ThreePhase,6
673,ieee30,SLG,6,10.0,90,NoSSO,Experiment D: existing + normalized V/I,RandomForest,ThreePhase,6
674,ieee30,SLG,6,10.0,90,SSO25Hz_M01,Experiment D: existing + normalized V/I,RandomForest,ThreePhase,6
675,ieee30,SLG,6,10.0,90,SSO25Hz_M03,Experiment D: existing + normalized V/I,RandomForest,ThreePhase,6
694,ieee30,LL,6,10.0,0,NoSSO,Experiment D: existing + normalized V/I,RandomForest,ThreePhase,6
695,ieee30,LL,6,10.0,0,SSO25Hz_M01,Experiment D: existing + normalized V/I,RandomForest,ThreePhase,6
696,ieee30,LL,6,10.0,0,SSO25Hz_M03,Experiment D: existing + normalized V/I,RandomForest,ThreePhase,6
697,ieee30,LL,6,10.0,45,NoSSO,Experiment D: existing + normalized V/I,RandomForest,ThreePhase,6
698,ieee30,LL,6,10.0,45,SSO25Hz_M01,Experiment D: existing + normalized V/I,RandomForest,ThreePhase,6
699,ieee30,LL,6,10.0,45,SSO25Hz_M03,Experiment D: existing + normalized V/I,RandomForest,ThreePhase,6
700,ieee30,LL,6,10.0,90,NoSSO,Experiment D: existing + normalized V/I,RandomForest,ThreePhase,6
701,ieee30,LL,6,10.0,90,SSO25Hz_M01,Experiment D: existing + normalized V/I,RandomForest,ThreePhase,6
702,ieee30,LL,6,10.0,90,SSO25Hz_M03,Experiment D: existing + normalized V/I,RandomForest,ThreePhase,6
721,ieee30,LLG,6,10.0,0,NoSSO,Experiment D: existing + normalized V/I,RandomForest,ThreePhase,6
722,ieee30,LLG,6,10.0,0,SSO25Hz_M01,Experiment D: existing + normalized V/I,RandomForest,ThreePhase,6
723,ieee30,LLG,6,10.0,0,SSO25Hz_M03,Experiment D: existing + normalized V/I,RandomForest,ThreePhase,6
724,ieee30,LLG,6,10.0,45,NoSSO,Experiment D: existing + normalized V/I,RandomForest,ThreePhase,6
725,ieee30,LLG,6,10.0,45,SSO25Hz_M01,Experiment D: existing + normalized V/I,RandomForest,ThreePhase,6
726,ieee30,LLG,6,10.0,45,SSO25Hz_M03,Experiment D: existing + normalized V/I,RandomForest,ThreePhase,6
727,ieee30,LLG,6,10.0,90,NoSSO,Experiment D: existing + normalized V/I,RandomForest,ThreePhase,6
728,ieee30,LLG,6,10.0,90,SSO25Hz_M01,Experiment D: existing + normalized V/I,RandomForest,ThreePhase,6
729,ieee30,LLG,6,10.0,90,SSO25Hz_M03,Experiment D: existing + normalized V/I,RandomForest,ThreePhase,6
748,ieee30,ThreePhase,6,10.0,0,NoSSO,Experiment D: existing + normalized V/I,RandomForest,ThreePhase,6
749,ieee30,ThreePhase,6,10.0,0,SSO25Hz_M01,Experiment D: existing + normalized V/I,RandomForest,ThreePhase,6
750,ieee30,ThreePhase,6,10.0,0,SSO25Hz_M03,Experiment D: existing + normalized V/I,RandomForest,ThreePhase,6
751,ieee30,ThreePhase,6,10.0,45,NoSSO,Experiment D: existing + normalized V/I,RandomForest,ThreePhase,6
752,ieee30,ThreePhase,6,10.0,45,SSO25Hz_M01,Experiment D: existing + normalized V/I,RandomForest,ThreePhase,6
753,ieee30,ThreePhase,6,10.0,45,SSO25Hz_M03,Experiment D: existing + normalized V/I,RandomForest,ThreePhase,6
754,ieee30,ThreePhase,6,10.0,90,NoSSO,Experiment D: existing + normalized V/I,RandomForest,ThreePhase,6
755,ieee30,ThreePhase,6,10.0,90,SSO25Hz_M01,Experiment D: existing + normalized V/I,RandomForest,ThreePhase,6
756,ieee30,ThreePhase,6,10.0,90,SSO25Hz_M03,Experiment D: existing + normalized V/I,RandomForest,ThreePhase,6
775,ieee30,SLG,10,10.0,0,NoSSO,Experiment D: existing + normalized V/I,RandomForest,ThreePhase,10
776,ieee30,SLG,10,10.0,0,SSO25Hz_M01,Experiment D: existing + normalized V/I,RandomForest,ThreePhase,10
777,ieee30,SLG,10,10.0,0,SSO25Hz_M03,Experiment D: existing + normalized V/I,RandomForest,ThreePhase,10
778,ieee30,SLG,10,10.0,45,NoSSO,Experiment D: existing + normalized V/I,RandomForest,ThreePhase,10
779,ieee30,SLG,10,10.0,45,SSO25Hz_M01,Experiment D: existing + normalized V/I,RandomForest,ThreePhase,10
780,ieee30,SLG,10,10.0,45,SSO25Hz_M03,Experiment D: existing + normalized V/I,RandomForest,ThreePhase,10
781,ieee30,SLG,10,10.0,90,NoSSO,Experiment D: existing + normalized V/I,RandomForest,ThreePhase,10
782,ieee30,SLG,10,10.0,90,SSO25Hz_M01,Experiment D: existing + normalized V/I,RandomForest,ThreePhase,10
783,ieee30,SLG,10,10.0,90,SSO25Hz_M03,Experiment D: existing + normalized V/I,RandomForest,ThreePhase,10
802,ieee30,LL,10,10.0,0,NoSSO,Experiment D: existing + normalized V/I,RandomForest,ThreePhase,10
803,ieee30,LL,10,10.0,0,SSO25Hz_M01,Experiment D: existing + normalized V/I,RandomForest,ThreePhase,10
804,ieee30,LL,10,10.0,0,SSO25Hz_M03,Experiment D: existing + normalized V/I,RandomForest,ThreePhase,10
805,ieee30,LL,10,10.0,45,NoSSO,Experiment D: existing + normalized V/I,RandomForest,ThreePhase,10
806,ieee30,LL,10,10.0,45,SSO25Hz_M01,Experiment D: existing + normalized V/I,RandomForest,ThreePhase,10
807,ieee30,LL,10,10.0,45,SSO25Hz_M03,Experiment D: existing + normalized V/I,RandomForest,ThreePhase,10
808,ieee30,LL,10,10.0,90,NoSSO,Experiment D: existing + normalized V/I,RandomForest,ThreePhase,10
809,ieee30,LL,10,10.0,90,SSO25Hz_M01,Experiment D: existing + normalized V/I,RandomForest,ThreePhase,10
810,ieee30,LL,10,10.0,90,SSO25Hz_M03,Experiment D: existing + normalized V/I,RandomForest,ThreePhase,10
829,ieee30,LLG,10,10.0,0,NoSSO,Experiment D: existing + normalized V/I,RandomForest,ThreePhase,10
830,ieee30,LLG,10,10.0,0,SSO25Hz_M01,Experiment D: existing + normalized V/I,RandomForest,ThreePhase,10
831,ieee30,LLG,10,10.0,0,SSO25Hz_M03,Experiment D: existing + normalized V/I,RandomForest,ThreePhase,10
832,ieee30,LLG,10,10.0,45,NoSSO,Experiment D: existing + normalized V/I,RandomForest,ThreePhase,10
833,ieee30,LLG,10,10.0,45,SSO25Hz_M01,Experiment D: existing + normalized V/I,RandomForest,ThreePhase,10
834,ieee30,LLG,10,10.0,45,SSO25Hz_M03,Experiment D: existing + normalized V/I,RandomForest,ThreePhase,10
835,ieee30,LLG,10,10.0,90,NoSSO,Experiment D: existing + normalized V/I,RandomForest,ThreePhase,10
836,ieee30,LLG,10,10.0,90,SSO25Hz_M01,Experiment D: existing + normalized V/I,RandomForest,ThreePhase,10
837,ieee30,LLG,10,10.0,90,SSO25Hz_M03,Experiment D: existing + normalized V/I,RandomForest,ThreePhase,10
856,ieee30,ThreePhase,10,10.0,0,NoSSO,Experiment D: existing + normalized V/I,RandomForest,ThreePhase,10
857,ieee30,ThreePhase,10,10.0,0,SSO25Hz_M01,Experiment D: existing + normalized V/I,RandomForest,ThreePhase,10
858,ieee30,ThreePhase,10,10.0,0,SSO25Hz_M03,Experiment D: existing + normalized V/I,RandomForest,ThreePhase,10
859,ieee30,ThreePhase,10,10.0,45,NoSSO,Experiment D: existing + normalized V/I,RandomForest,ThreePhase,10
860,ieee30,ThreePhase,10,10.0,45,SSO25Hz_M01,Experiment D: existing + normalized V/I,RandomForest,ThreePhase,10
861,ieee30,ThreePhase,10,10.0,45,SSO25Hz_M03,Experiment D: existing + normalized V/I,RandomForest,ThreePhase,10
862,ieee30,ThreePhase,10,10.0,90,NoSSO,Experiment D: existing + normalized V/I,RandomForest,ThreePhase,10
863,ieee30,ThreePhase,10,10.0,90,SSO25Hz_M01,Experiment D: existing + normalized V/I,RandomForest,ThreePhase,10
864,ieee30,ThreePhase,10,10.0,90,SSO25Hz_M03,Experiment D: existing + normalized V/I,RandomForest,ThreePhase,10
883,ieee30,SLG,24,10.0,0,NoSSO,Experiment D: existing + normalized V/I,RandomForest,ThreePhase,24
884,ieee30,SLG,24,10.0,0,SSO25Hz_M01,Experiment D: existing + normalized V/I,RandomForest,ThreePhase,24
885,ieee30,SLG,24,10.0,0,SSO25Hz_M03,Experiment D: existing + normalized V/I,RandomForest,ThreePhase,24
886,ieee30,SLG,24,10.0,45,NoSSO,Experiment D: existing + normalized V/I,RandomForest,ThreePhase,24
887,ieee30,SLG,24,10.0,45,SSO25Hz_M01,Experiment D: existing + normalized V/I,RandomForest,ThreePhase,24
888,ieee30,SLG,24,10.0,45,SSO25Hz_M03,Experiment D: existing + normalized V/I,RandomForest,ThreePhase,24
889,ieee30,SLG,24,10.0,90,NoSSO,Experiment D: existing + normalized V/I,RandomForest,ThreePhase,24
890,ieee30,SLG,24,10.0,90,SSO25Hz_M01,Experiment D: existing + normalized V/I,RandomForest,ThreePhase,24
891,ieee30,SLG,24,10.0,90,SSO25Hz_M03,Experiment D: existing + normalized V/I,RandomForest,ThreePhase,24
910,ieee30,LL,24,10.0,0,NoSSO,Experiment D: existing + normalized V/I,RandomForest,ThreePhase,24
911,ieee30,LL,24,10.0,0,SSO25Hz_M01,Experiment D: existing + normalized V/I,RandomForest,ThreePhase,24
912,ieee30,LL,24,10.0,0,SSO25Hz_M03,Experiment D: existing + normalized V/I,RandomForest,ThreePhase,24
913,ieee30,LL,24,10.0,45,NoSSO,Experiment D: existing + normalized V/I,RandomForest,ThreePhase,24
914,ieee30,LL,24,10.0,45,SSO25Hz_M01,Experiment D: existing + normalized V/I,RandomForest,ThreePhase,24
915,ieee30,LL,24,10.0,45,SSO25Hz_M03,Experiment D: existing + normalized V/I,RandomForest,ThreePhase,24
916,ieee30,LL,24,10.0,90,NoSSO,Experiment D: existing + normalized V/I,RandomForest,ThreePhase,24
917,ieee30,LL,24,10.0,90,SSO25Hz_M01,Experiment D: existing + normalized V/I,RandomForest,ThreePhase,24
918,ieee30,LL,24,10.0,90,SSO25Hz_M03,Experiment D: existing + normalized V/I,RandomForest,ThreePhase,24
937,ieee30,LLG,24,10.0,0,NoSSO,Experiment D: existing + normalized V/I,RandomForest,ThreePhase,24
938,ieee30,LLG,24,10.0,0,SSO25Hz_M01,Experiment D: existing + normalized V/I,RandomForest,ThreePhase,24
939,ieee30,LLG,24,10.0,0,SSO25Hz_M03,Experiment D: existing + normalized V/I,RandomForest,ThreePhase,24
940,ieee30,LLG,24,10.0,45,NoSSO,Experiment D: existing + normalized V/I,RandomForest,ThreePhase,24
941,ieee30,LLG,24,10.0,45,SSO25Hz_M01,Experiment D: existing + normalized V/I,RandomForest,ThreePhase,24
942,ieee30,LLG,24,10.0,45,SSO25Hz_M03,Experiment D: existing + normalized V/I,RandomForest,ThreePhase,24
943,ieee30,LLG,24,10.0,90,NoSSO,Experiment D: existing + normalized V/I,RandomForest,ThreePhase,24
944,ieee30,LLG,24,10.0,90,SSO25Hz_M01,Experiment D: existing + normalized V/I,RandomForest,ThreePhase,24
945,ieee30,LLG,24,10.0,90,SSO25Hz_M03,Experiment D: existing + normalized V/I,RandomForest,ThreePhase,24
964,ieee30,ThreePhase,24,10.0,0,NoSSO,Experiment D: existing + normalized V/I,RandomForest,ThreePhase,24
965,ieee30,ThreePhase,24,10.0,0,SSO25Hz_M01,Experiment D: existing + normalized V/I,RandomForest,ThreePhase,24
966,ieee30,ThreePhase,24,10.0,0,SSO25Hz_M03,Experiment D: existing + normalized V/I,RandomForest,ThreePhase,24
967,ieee30,ThreePhase,24,10.0,45,NoSSO,Experiment D: existing + normalized V/I,RandomForest,ThreePhase,24
968,ieee30,ThreePhase,24,10.0,45,SSO25Hz_M01,Experiment D: existing + normalized V/I,RandomForest,ThreePhase,24
969,ieee30,ThreePhase,24,10.0,45,SSO25Hz_M03,Experiment D: existing + normalized V/I,RandomForest,ThreePhase,24
970,ieee30,ThreePhase,24,10.0,90,NoSSO,Experiment D: existing + normalized V/I,RandomForest,ThreePhase,24
971,ieee30,ThreePhase,24,10.0,90,SSO25Hz_M01,Experiment D: existing + normalized V/I,RandomForest,ThreePhase,24
972,ieee30,ThreePhase,24,10.0,90,SSO25Hz_M03,Experiment D: existing + normalized V/I,RandomForest,ThreePhase,24
991,ieee30,SLG,30,10.0,0,NoSSO,Experiment D: existing + normalized V/I,RandomForest,ThreePhase,30
992,ieee30,SLG,30,10.0,0,SSO25Hz_M01,Experiment D: existing + normalized V/I,RandomForest,ThreePhase,30
993,ieee30,SLG,30,10.0,0,SSO25Hz_M03,Experiment D: existing + normalized V/I,RandomForest,ThreePhase,30
994,ieee30,SLG,30,10.0,45,NoSSO,Experiment D: existing + normalized V/I,RandomForest,ThreePhase,30
995,ieee30,SLG,30,10.0,45,SSO25Hz_M01,Experiment D: existing + normalized V/I,RandomForest,ThreePhase,30
996,ieee30,SLG,30,10.0,45,SSO25Hz_M03,Experiment D: existing + normalized V/I,RandomForest,ThreePhase,30
997,ieee30,SLG,30,10.0,90,NoSSO,Experiment D: existing + normalized V/I,RandomForest,ThreePhase,30
998,ieee30,SLG,30,10.0,90,SSO25Hz_M01,Experiment D: existing + normalized V/I,RandomForest,ThreePhase,30
999,ieee30,SLG,30,10.0,90,SSO25Hz_M03,Experiment D: existing + normalized V/I,RandomForest,ThreePhase,30
1018,ieee30,LL,30,10.0,0,NoSSO,Experiment D: existing + normalized V/I,RandomForest,ThreePhase,30
1019,ieee30,LL,30,10.0,0,SSO25Hz_M01,Experiment D: existing + normalized V/I,RandomForest,ThreePhase,30
1020,ieee30,LL,30,10.0,0,SSO25Hz_M03,Experiment D: existing + normalized V/I,RandomForest,ThreePhase,30
1021,ieee30,LL,30,10.0,45,NoSSO,Experiment D: existing + normalized V/I,RandomForest,ThreePhase,30
1022,ieee30,LL,30,10.0,45,SSO25Hz_M01,Experiment D: existing + normalized V/I,RandomForest,ThreePhase,30
1023,ieee30,LL,30,10.0,45,SSO25Hz_M03,Experiment D: existing + normalized V/I,RandomForest,ThreePhase,30
1024,ieee30,LL,30,10.0,90,NoSSO,Experiment D: existing + normalized V/I,RandomForest,ThreePhase,30
1025,ieee30,LL,30,10.0,90,SSO25Hz_M01,Experiment D: existing + normalized V/I,RandomForest,ThreePhase,30
1026,ieee30,LL,30,10.0,90,SSO25Hz_M03,Experiment D: existing + normalized V/I,RandomForest,ThreePhase,30
1045,ieee30,LLG,30,10.0,0,NoSSO,Experiment D: existing + normalized V/I,RandomForest,ThreePhase,30
1046,ieee30,LLG,30,10.0,0,SSO25Hz_M01,Experiment D: existing + normalized V/I,RandomForest,ThreePhase,30
1047,ieee30,LLG,30,10.0,0,SSO25Hz_M03,Experiment D: existing + normalized V/I,RandomForest,ThreePhase,30
1048,ieee30,LLG,30,10.0,45,NoSSO,Experiment D: existing + normalized V/I,RandomForest,ThreePhase,30
1049,ieee30,LLG,30,10.0,45,SSO25Hz_M01,Experiment D: existing + normalized V/I,RandomForest,ThreePhase,30
1050,ieee30,LLG,30,10.0,45,SSO25Hz_M03,Experiment D: existing + normalized V/I,RandomForest,ThreePhase,30
1051,ieee30,LLG,30,10.0,90,NoSSO,Experiment D: existing + normalized V/I,RandomForest,ThreePhase,30
1052,ieee30,LLG,30,10.0,90,SSO25Hz_M01,Experiment D: existing + normalized V/I,RandomForest,ThreePhase,30
1053,ieee30,LLG,30,10.0,90,SSO25Hz_M03,Experiment D: existing + normalized V/I,RandomForest,ThreePhase,30
1072,ieee30,ThreePhase,30,10.0,0,NoSSO,Experiment D: existing + normalized V/I,RandomForest,ThreePhase,30
1073,ieee30,ThreePhase,30,10.0,0,SSO25Hz_M01,Experiment D: existing + normalized V/I,RandomForest,ThreePhase,30
1074,ieee30,ThreePhase,30,10.0,0,SSO25Hz_M03,Experiment D: existing + normalized V/I,RandomForest,ThreePhase,30
1075,ieee30,ThreePhase,30,10.0,45,NoSSO,Experiment D: existing + normalized V/I,RandomForest,ThreePhase,30
1076,ieee30,ThreePhase,30,10.0,45,SSO25Hz_M01,Experiment D: existing + normalized V/I,RandomForest,ThreePhase,30
1077,ieee30,ThreePhase,30,10.0,45,SSO25Hz_M03,Experiment D: existing + normalized V/I,RandomForest,ThreePhase,30
1078,ieee30,ThreePhase,30,10.0,90,NoSSO,Experiment D: existing + normalized V/I,RandomForest,ThreePhase,30
1079,ieee30,ThreePhase,30,10.0,90,SSO25Hz_M01,Experiment D: existing + normalized V/I,RandomForest,ThreePhase,30
1080,ieee30,ThreePhase,30,10.0,90,SSO25Hz_M03,Experiment D: existing + normalized V/I,RandomForest,ThreePhase,30
559,ieee30,SLG,1,10.0,0,NoSSO,Experiment D: existing + normalized V/I,ExtraTrees,ThreePhase,1
560,ieee30,SLG,1,10.0,0,SSO25Hz_M01,Experiment D: existing + normalized V/I,ExtraTrees,ThreePhase,1
561,ieee30,SLG,1,10.0,0,SSO25Hz_M03,Experiment D: existing + normalized V/I,ExtraTrees,ThreePhase,1
562,ieee30,SLG,1,10.0,45,NoSSO,Experiment D: existing + normalized V/I,ExtraTrees,ThreePhase,1
563,ieee30,SLG,1,10.0,45,SSO25Hz_M01,Experiment D: existing + normalized V/I,ExtraTrees,ThreePhase,1
564,ieee30,SLG,1,10.0,45,SSO25Hz_M03,Experiment D: existing + normalized V/I,ExtraTrees,ThreePhase,1
565,ieee30,SLG,1,10.0,90,NoSSO,Experiment D: existing + normalized V/I,ExtraTrees,ThreePhase,1
566,ieee30,SLG,1,10.0,90,SSO25Hz_M01,Experiment D: existing + normalized V/I,ExtraTrees,ThreePhase,1
567,ieee30,SLG,1,10.0,90,SSO25Hz_M03,Experiment D: existing + normalized V/I,ExtraTrees,ThreePhase,1
586,ieee30,LL,1,10.0,0,NoSSO,Experiment D: existing + normalized V/I,ExtraTrees,ThreePhase,1
587,ieee30,LL,1,10.0,0,SSO25Hz_M01,Experiment D: existing + normalized V/I,ExtraTrees,LL,1
588,ieee30,LL,1,10.0,0,SSO25Hz_M03,Experiment D: existing + normalized V/I,ExtraTrees,ThreePhase,1
589,ieee30,LL,1,10.0,45,NoSSO,Experiment D: existing + normalized V/I,ExtraTrees,LL,1
590,ieee30,LL,1,10.0,45,SSO25Hz_M01,Experiment D: existing + normalized V/I,ExtraTrees,LL,1
591,ieee30,LL,1,10.0,45,SSO25Hz_M03,Experiment D: existing + normalized V/I,ExtraTrees,ThreePhase,1
592,ieee30,LL,1,10.0,90,NoSSO,Experiment D: existing + normalized V/I,ExtraTrees,ThreePhase,1
593,ieee30,LL,1,10.0,90,SSO25Hz_M01,Experiment D: existing + normalized V/I,ExtraTrees,LL,1
594,ieee30,LL,1,10.0,90,SSO25Hz_M03,Experiment D: existing + normalized V/I,ExtraTrees,ThreePhase,1
613,ieee30,LLG,1,10.0,0,NoSSO,Experiment D: existing + normalized V/I,ExtraTrees,ThreePhase,1
614,ieee30,LLG,1,10.0,0,SSO25Hz_M01,Experiment D: existing + normalized V/I,ExtraTrees,ThreePhase,1
615,ieee30,LLG,1,10.0,0,SSO25Hz_M03,Experiment D: existing + normalized V/I,ExtraTrees,ThreePhase,1
616,ieee30,LLG,1,10.0,45,NoSSO,Experiment D: existing + normalized V/I,ExtraTrees,ThreePhase,1
617,ieee30,LLG,1,10.0,45,SSO25Hz_M01,Experiment D: existing + normalized V/I,ExtraTrees,ThreePhase,1
618,ieee30,LLG,1,10.0,45,SSO25Hz_M03,Experiment D: existing + normalized V/I,ExtraTrees,ThreePhase,1
619,ieee30,LLG,1,10.0,90,NoSSO,Experiment D: existing + normalized V/I,ExtraTrees,ThreePhase,1
620,ieee30,LLG,1,10.0,90,SSO25Hz_M01,Experiment D: existing + normalized V/I,ExtraTrees,ThreePhase,1
621,ieee30,LLG,1,10.0,90,SSO25Hz_M03,Experiment D: existing + normalized V/I,ExtraTrees,ThreePhase,1
640,ieee30,ThreePhase,1,10.0,0,NoSSO,Experiment D: existing + normalized V/I,ExtraTrees,ThreePhase,1
641,ieee30,ThreePhase,1,10.0,0,SSO25Hz_M01,Experiment D: existing + normalized V/I,ExtraTrees,ThreePhase,1
642,ieee30,ThreePhase,1,10.0,0,SSO25Hz_M03,Experiment D: existing + normalized V/I,ExtraTrees,ThreePhase,1
643,ieee30,ThreePhase,1,10.0,45,NoSSO,Experiment D: existing + normalized V/I,ExtraTrees,ThreePhase,1
644,ieee30,ThreePhase,1,10.0,45,SSO25Hz_M01,Experiment D: existing + normalized V/I,ExtraTrees,ThreePhase,1
645,ieee30,ThreePhase,1,10.0,45,SSO25Hz_M03,Experiment D: existing + normalized V/I,ExtraTrees,ThreePhase,1
646,ieee30,ThreePhase,1,10.0,90,NoSSO,Experiment D: existing + normalized V/I,ExtraTrees,ThreePhase,1
647,ieee30,ThreePhase,1,10.0,90,SSO25Hz_M01,Experiment D: existing + normalized V/I,ExtraTrees,ThreePhase,1
648,ieee30,ThreePhase,1,10.0,90,SSO25Hz_M03,Experiment D: existing + normalized V/I,ExtraTrees,ThreePhase,1
667,ieee30,SLG,6,10.0,0,NoSSO,Experiment D: existing + normalized V/I,ExtraTrees,ThreePhase,6
668,ieee30,SLG,6,10.0,0,SSO25Hz_M01,Experiment D: existing + normalized V/I,ExtraTrees,ThreePhase,6
669,ieee30,SLG,6,10.0,0,SSO25Hz_M03,Experiment D: existing + normalized V/I,ExtraTrees,ThreePhase,6
670,ieee30,SLG,6,10.0,45,NoSSO,Experiment D: existing + normalized V/I,ExtraTrees,ThreePhase,6
671,ieee30,SLG,6,10.0,45,SSO25Hz_M01,Experiment D: existing + normalized V/I,ExtraTrees,ThreePhase,6
672,ieee30,SLG,6,10.0,45,SSO25Hz_M03,Experiment D: existing + normalized V/I,ExtraTrees,ThreePhase,6
673,ieee30,SLG,6,10.0,90,NoSSO,Experiment D: existing + normalized V/I,ExtraTrees,ThreePhase,6
674,ieee30,SLG,6,10.0,90,SSO25Hz_M01,Experiment D: existing + normalized V/I,ExtraTrees,ThreePhase,6
675,ieee30,SLG,6,10.0,90,SSO25Hz_M03,Experiment D: existing + normalized V/I,ExtraTrees,ThreePhase,6
694,ieee30,LL,6,10.0,0,NoSSO,Experiment D: existing + normalized V/I,ExtraTrees,ThreePhase,6
695,ieee30,LL,6,10.0,0,SSO25Hz_M01,Experiment D: existing + normalized V/I,ExtraTrees,LL,6
696,ieee30,LL,6,10.0,0,SSO25Hz_M03,Experiment D: existing + normalized V/I,ExtraTrees,ThreePhase,6
697,ieee30,LL,6,10.0,45,NoSSO,Experiment D: existing + normalized V/I,ExtraTrees,LL,6
698,ieee30,LL,6,10.0,45,SSO25Hz_M01,Experiment D: existing + normalized V/I,ExtraTrees,LL,6
699,ieee30,LL,6,10.0,45,SSO25Hz_M03,Experiment D: existing + normalized V/I,ExtraTrees,ThreePhase,6
700,ieee30,LL,6,10.0,90,NoSSO,Experiment D: existing + normalized V/I,ExtraTrees,ThreePhase,6
701,ieee30,LL,6,10.0,90,SSO25Hz_M01,Experiment D: existing + normalized V/I,ExtraTrees,ThreePhase,6
702,ieee30,LL,6,10.0,90,SSO25Hz_M03,Experiment D: existing + normalized V/I,ExtraTrees,ThreePhase,6
721,ieee30,LLG,6,10.0,0,NoSSO,Experiment D: existing + normalized V/I,ExtraTrees,ThreePhase,6
722,ieee30,LLG,6,10.0,0,SSO25Hz_M01,Experiment D: existing + normalized V/I,ExtraTrees,ThreePhase,6
723,ieee30,LLG,6,10.0,0,SSO25Hz_M03,Experiment D: existing + normalized V/I,ExtraTrees,ThreePhase,6
724,ieee30,LLG,6,10.0,45,NoSSO,Experiment D: existing + normalized V/I,ExtraTrees,ThreePhase,6
725,ieee30,LLG,6,10.0,45,SSO25Hz_M01,Experiment D: existing + normalized V/I,ExtraTrees,ThreePhase,6
726,ieee30,LLG,6,10.0,45,SSO25Hz_M03,Experiment D: existing + normalized V/I,ExtraTrees,ThreePhase,6
727,ieee30,LLG,6,10.0,90,NoSSO,Experiment D: existing + normalized V/I,ExtraTrees,ThreePhase,6
728,ieee30,LLG,6,10.0,90,SSO25Hz_M01,Experiment D: existing + normalized V/I,ExtraTrees,ThreePhase,6
729,ieee30,LLG,6,10.0,90,SSO25Hz_M03,Experiment D: existing + normalized V/I,ExtraTrees,ThreePhase,6
748,ieee30,ThreePhase,6,10.0,0,NoSSO,Experiment D: existing + normalized V/I,ExtraTrees,ThreePhase,6
749,ieee30,ThreePhase,6,10.0,0,SSO25Hz_M01,Experiment D: existing + normalized V/I,ExtraTrees,ThreePhase,6
750,ieee30,ThreePhase,6,10.0,0,SSO25Hz_M03,Experiment D: existing + normalized V/I,ExtraTrees,ThreePhase,6
751,ieee30,ThreePhase,6,10.0,45,NoSSO,Experiment D: existing + normalized V/I,ExtraTrees,ThreePhase,6
752,ieee30,ThreePhase,6,10.0,45,SSO25Hz_M01,Experiment D: existing + normalized V/I,ExtraTrees,ThreePhase,6
753,ieee30,ThreePhase,6,10.0,45,SSO25Hz_M03,Experiment D: existing + normalized V/I,ExtraTrees,ThreePhase,6
754,ieee30,ThreePhase,6,10.0,90,NoSSO,Experiment D: existing + normalized V/I,ExtraTrees,ThreePhase,6
755,ieee30,ThreePhase,6,10.0,90,SSO25Hz_M01,Experiment D: existing + normalized V/I,ExtraTrees,ThreePhase,6
756,ieee30,ThreePhase,6,10.0,90,SSO25Hz_M03,Experiment D: existing + normalized V/I,ExtraTrees,ThreePhase,6
775,ieee30,SLG,10,10.0,0,NoSSO,Experiment D: existing + normalized V/I,ExtraTrees,ThreePhase,10
776,ieee30,SLG,10,10.0,0,SSO25Hz_M01,Experiment D: existing + normalized V/I,ExtraTrees,SLG,10
777,ieee30,SLG,10,10.0,0,SSO25Hz_M03,Experiment D: existing + normalized V/I,ExtraTrees,ThreePhase,10
778,ieee30,SLG,10,10.0,45,NoSSO,Experiment D: existing + normalized V/I,ExtraTrees,ThreePhase,10
779,ieee30,SLG,10,10.0,45,SSO25Hz_M01,Experiment D: existing + normalized V/I,ExtraTrees,SLG,10
780,ieee30,SLG,10,10.0,45,SSO25Hz_M03,Experiment D: existing + normalized V/I,ExtraTrees,ThreePhase,10
781,ieee30,SLG,10,10.0,90,NoSSO,Experiment D: existing + normalized V/I,ExtraTrees,ThreePhase,10
782,ieee30,SLG,10,10.0,90,SSO25Hz_M01,Experiment D: existing + normalized V/I,ExtraTrees,ThreePhase,10
783,ieee30,SLG,10,10.0,90,SSO25Hz_M03,Experiment D: existing + normalized V/I,ExtraTrees,ThreePhase,10
802,ieee30,LL,10,10.0,0,NoSSO,Experiment D: existing + normalized V/I,ExtraTrees,LL,10
803,ieee30,LL,10,10.0,0,SSO25Hz_M01,Experiment D: existing + normalized V/I,ExtraTrees,LL,10
804,ieee30,LL,10,10.0,0,SSO25Hz_M03,Experiment D: existing + normalized V/I,ExtraTrees,LL,10
805,ieee30,LL,10,10.0,45,NoSSO,Experiment D: existing + normalized V/I,ExtraTrees,LL,10
806,ieee30,LL,10,10.0,45,SSO25Hz_M01,Experiment D: existing + normalized V/I,ExtraTrees,LL,10
807,ieee30,LL,10,10.0,45,SSO25Hz_M03,Experiment D: existing + normalized V/I,ExtraTrees,ThreePhase,10
808,ieee30,LL,10,10.0,90,NoSSO,Experiment D: existing + normalized V/I,ExtraTrees,LL,10
809,ieee30,LL,10,10.0,90,SSO25Hz_M01,Experiment D: existing + normalized V/I,ExtraTrees,LL,10
810,ieee30,LL,10,10.0,90,SSO25Hz_M03,Experiment D: existing + normalized V/I,ExtraTrees,ThreePhase,10
829,ieee30,LLG,10,10.0,0,NoSSO,Experiment D: existing + normalized V/I,ExtraTrees,ThreePhase,10
830,ieee30,LLG,10,10.0,0,SSO25Hz_M01,Experiment D: existing + normalized V/I,ExtraTrees,ThreePhase,10
831,ieee30,LLG,10,10.0,0,SSO25Hz_M03,Experiment D: existing + normalized V/I,ExtraTrees,ThreePhase,10
832,ieee30,LLG,10,10.0,45,NoSSO,Experiment D: existing + normalized V/I,ExtraTrees,ThreePhase,10
833,ieee30,LLG,10,10.0,45,SSO25Hz_M01,Experiment D: existing + normalized V/I,ExtraTrees,ThreePhase,10
834,ieee30,LLG,10,10.0,45,SSO25Hz_M03,Experiment D: existing + normalized V/I,ExtraTrees,ThreePhase,10
835,ieee30,LLG,10,10.0,90,NoSSO,Experiment D: existing + normalized V/I,ExtraTrees,ThreePhase,10
836,ieee30,LLG,10,10.0,90,SSO25Hz_M01,Experiment D: existing + normalized V/I,ExtraTrees,ThreePhase,10
837,ieee30,LLG,10,10.0,90,SSO25Hz_M03,Experiment D: existing + normalized V/I,ExtraTrees,ThreePhase,10
856,ieee30,ThreePhase,10,10.0,0,NoSSO,Experiment D: existing + normalized V/I,ExtraTrees,ThreePhase,10
857,ieee30,ThreePhase,10,10.0,0,SSO25Hz_M01,Experiment D: existing + normalized V/I,ExtraTrees,ThreePhase,10
858,ieee30,ThreePhase,10,10.0,0,SSO25Hz_M03,Experiment D: existing + normalized V/I,ExtraTrees,ThreePhase,10
859,ieee30,ThreePhase,10,10.0,45,NoSSO,Experiment D: existing + normalized V/I,ExtraTrees,ThreePhase,10
860,ieee30,ThreePhase,10,10.0,45,SSO25Hz_M01,Experiment D: existing + normalized V/I,ExtraTrees,ThreePhase,10
861,ieee30,ThreePhase,10,10.0,45,SSO25Hz_M03,Experiment D: existing + normalized V/I,ExtraTrees,ThreePhase,10
862,ieee30,ThreePhase,10,10.0,90,NoSSO,Experiment D: existing + normalized V/I,ExtraTrees,ThreePhase,10
863,ieee30,ThreePhase,10,10.0,90,SSO25Hz_M01,Experiment D: existing + normalized V/I,ExtraTrees,ThreePhase,10
864,ieee30,ThreePhase,10,10.0,90,SSO25Hz_M03,Experiment D: existing + normalized V/I,ExtraTrees,ThreePhase,10
883,ieee30,SLG,24,10.0,0,NoSSO,Experiment D: existing + normalized V/I,ExtraTrees,SLG,24
884,ieee30,SLG,24,10.0,0,SSO25Hz_M01,Experiment D: existing + normalized V/I,ExtraTrees,SLG,24
885,ieee30,SLG,24,10.0,0,SSO25Hz_M03,Experiment D: existing + normalized V/I,ExtraTrees,ThreePhase,24
886,ieee30,SLG,24,10.0,45,NoSSO,Experiment D: existing + normalized V/I,ExtraTrees,SLG,24
887,ieee30,SLG,24,10.0,45,SSO25Hz_M01,Experiment D: existing + normalized V/I,ExtraTrees,SLG,24
888,ieee30,SLG,24,10.0,45,SSO25Hz_M03,Experiment D: existing + normalized V/I,ExtraTrees,ThreePhase,24
889,ieee30,SLG,24,10.0,90,NoSSO,Experiment D: existing + normalized V/I,ExtraTrees,ThreePhase,24
890,ieee30,SLG,24,10.0,90,SSO25Hz_M01,Experiment D: existing + normalized V/I,ExtraTrees,ThreePhase,24
891,ieee30,SLG,24,10.0,90,SSO25Hz_M03,Experiment D: existing + normalized V/I,ExtraTrees,ThreePhase,24
910,ieee30,LL,24,10.0,0,NoSSO,Experiment D: existing + normalized V/I,ExtraTrees,LL,24
911,ieee30,LL,24,10.0,0,SSO25Hz_M01,Experiment D: existing + normalized V/I,ExtraTrees,LL,24
912,ieee30,LL,24,10.0,0,SSO25Hz_M03,Experiment D: existing + normalized V/I,ExtraTrees,LL,24
913,ieee30,LL,24,10.0,45,NoSSO,Experiment D: existing + normalized V/I,ExtraTrees,LL,24
914,ieee30,LL,24,10.0,45,SSO25Hz_M01,Experiment D: existing + normalized V/I,ExtraTrees,LL,24
915,ieee30,LL,24,10.0,45,SSO25Hz_M03,Experiment D: existing + normalized V/I,ExtraTrees,LL,24
916,ieee30,LL,24,10.0,90,NoSSO,Experiment D: existing + normalized V/I,ExtraTrees,LL,24
917,ieee30,LL,24,10.0,90,SSO25Hz_M01,Experiment D: existing + normalized V/I,ExtraTrees,LL,24
918,ieee30,LL,24,10.0,90,SSO25Hz_M03,Experiment D: existing + normalized V/I,ExtraTrees,ThreePhase,24
937,ieee30,LLG,24,10.0,0,NoSSO,Experiment D: existing + normalized V/I,ExtraTrees,ThreePhase,24
938,ieee30,LLG,24,10.0,0,SSO25Hz_M01,Experiment D: existing + normalized V/I,ExtraTrees,ThreePhase,24
939,ieee30,LLG,24,10.0,0,SSO25Hz_M03,Experiment D: existing + normalized V/I,ExtraTrees,ThreePhase,24
940,ieee30,LLG,24,10.0,45,NoSSO,Experiment D: existing + normalized V/I,ExtraTrees,ThreePhase,24
941,ieee30,LLG,24,10.0,45,SSO25Hz_M01,Experiment D: existing + normalized V/I,ExtraTrees,ThreePhase,24
942,ieee30,LLG,24,10.0,45,SSO25Hz_M03,Experiment D: existing + normalized V/I,ExtraTrees,ThreePhase,24
943,ieee30,LLG,24,10.0,90,NoSSO,Experiment D: existing + normalized V/I,ExtraTrees,ThreePhase,24
944,ieee30,LLG,24,10.0,90,SSO25Hz_M01,Experiment D: existing + normalized V/I,ExtraTrees,ThreePhase,24
945,ieee30,LLG,24,10.0,90,SSO25Hz_M03,Experiment D: existing + normalized V/I,ExtraTrees,ThreePhase,24
964,ieee30,ThreePhase,24,10.0,0,NoSSO,Experiment D: existing + normalized V/I,ExtraTrees,ThreePhase,24
965,ieee30,ThreePhase,24,10.0,0,SSO25Hz_M01,Experiment D: existing + normalized V/I,ExtraTrees,ThreePhase,24
966,ieee30,ThreePhase,24,10.0,0,SSO25Hz_M03,Experiment D: existing + normalized V/I,ExtraTrees,ThreePhase,24
967,ieee30,ThreePhase,24,10.0,45,NoSSO,Experiment D: existing + normalized V/I,ExtraTrees,ThreePhase,24
968,ieee30,ThreePhase,24,10.0,45,SSO25Hz_M01,Experiment D: existing + normalized V/I,ExtraTrees,ThreePhase,24
969,ieee30,ThreePhase,24,10.0,45,SSO25Hz_M03,Experiment D: existing + normalized V/I,ExtraTrees,ThreePhase,24
970,ieee30,ThreePhase,24,10.0,90,NoSSO,Experiment D: existing + normalized V/I,ExtraTrees,ThreePhase,24
971,ieee30,ThreePhase,24,10.0,90,SSO25Hz_M01,Experiment D: existing + normalized V/I,ExtraTrees,ThreePhase,24
972,ieee30,ThreePhase,24,10.0,90,SSO25Hz_M03,Experiment D: existing + normalized V/I,ExtraTrees,ThreePhase,24
991,ieee30,SLG,30,10.0,0,NoSSO,Experiment D: existing + normalized V/I,ExtraTrees,ThreePhase,30
992,ieee30,SLG,30,10.0,0,SSO25Hz_M01,Experiment D: existing + normalized V/I,ExtraTrees,ThreePhase,30
993,ieee30,SLG,30,10.0,0,SSO25Hz_M03,Experiment D: existing + normalized V/I,ExtraTrees,ThreePhase,30
994,ieee30,SLG,30,10.0,45,NoSSO,Experiment D: existing + normalized V/I,ExtraTrees,ThreePhase,30
995,ieee30,SLG,30,10.0,45,SSO25Hz_M01,Experiment D: existing + normalized V/I,ExtraTrees,ThreePhase,30
996,ieee30,SLG,30,10.0,45,SSO25Hz_M03,Experiment D: existing + normalized V/I,ExtraTrees,ThreePhase,30
997,ieee30,SLG,30,10.0,90,NoSSO,Experiment D: existing + normalized V/I,ExtraTrees,ThreePhase,30
998,ieee30,SLG,30,10.0,90,SSO25Hz_M01,Experiment D: existing + normalized V/I,ExtraTrees,ThreePhase,30
999,ieee30,SLG,30,10.0,90,SSO25Hz_M03,Experiment D: existing + normalized V/I,ExtraTrees,ThreePhase,30
1018,ieee30,LL,30,10.0,0,NoSSO,Experiment D: existing + normalized V/I,ExtraTrees,LL,30
1019,ieee30,LL,30,10.0,0,SSO25Hz_M01,Experiment D: existing + normalized V/I,ExtraTrees,ThreePhase,30
1020,ieee30,LL,30,10.0,0,SSO25Hz_M03,Experiment D: existing + normalized V/I,ExtraTrees,ThreePhase,30
1021,ieee30,LL,30,10.0,45,NoSSO,Experiment D: existing + normalized V/I,ExtraTrees,LL,30
1022,ieee30,LL,30,10.0,45,SSO25Hz_M01,Experiment D: existing + normalized V/I,ExtraTrees,LL,30
1023,ieee30,LL,30,10.0,45,SSO25Hz_M03,Experiment D: existing + normalized V/I,ExtraTrees,LL,30
1024,ieee30,LL,30,10.0,90,NoSSO,Experiment D: existing + normalized V/I,ExtraTrees,ThreePhase,30
1025,ieee30,LL,30,10.0,90,SSO25Hz_M01,Experiment D: existing + normalized V/I,ExtraTrees,ThreePhase,30
1026,ieee30,LL,30,10.0,90,SSO25Hz_M03,Experiment D: existing + normalized V/I,ExtraTrees,ThreePhase,30
1045,ieee30,LLG,30,10.0,0,NoSSO,Experiment D: existing + normalized V/I,ExtraTrees,ThreePhase,30
1046,ieee30,LLG,30,10.0,0,SSO25Hz_M01,Experiment D: existing + normalized V/I,ExtraTrees,ThreePhase,30
1047,ieee30,LLG,30,10.0,0,SSO25Hz_M03,Experiment D: existing + normalized V/I,ExtraTrees,ThreePhase,30
1048,ieee30,LLG,30,10.0,45,NoSSO,Experiment D: existing + normalized V/I,ExtraTrees,ThreePhase,30
1049,ieee30,LLG,30,10.0,45,SSO25Hz_M01,Experiment D: existing + normalized V/I,ExtraTrees,ThreePhase,30
1050,ieee30,LLG,30,10.0,45,SSO25Hz_M03,Experiment D: existing + normalized V/I,ExtraTrees,ThreePhase,30
1051,ieee30,LLG,30,10.0,90,NoSSO,Experiment D: existing + normalized V/I,ExtraTrees,ThreePhase,30
1052,ieee30,LLG,30,10.0,90,SSO25Hz_M01,Experiment D: existing + normalized V/I,ExtraTrees,ThreePhase,30
1053,ieee30,LLG,30,10.0,90,SSO25Hz_M03,Experiment D: existing + normalized V/I,ExtraTrees,ThreePhase,30
1072,ieee30,ThreePhase,30,10.0,0,NoSSO,Experiment D: existing + normalized V/I,ExtraTrees,ThreePhase,30
1073,ieee30,ThreePhase,30,10.0,0,SSO25Hz_M01,Experiment D: existing + normalized V/I,ExtraTrees,ThreePhase,30
1074,ieee30,ThreePhase,30,10.0,0,SSO25Hz_M03,Experiment D: existing + normalized V/I,ExtraTrees,ThreePhase,30
1075,ieee30,ThreePhase,30,10.0,45,NoSSO,Experiment D: existing + normalized V/I,ExtraTrees,ThreePhase,30
1076,ieee30,ThreePhase,30,10.0,45,SSO25Hz_M01,Experiment D: existing + normalized V/I,ExtraTrees,ThreePhase,30
1077,ieee30,ThreePhase,30,10.0,45,SSO25Hz_M03,Experiment D: existing + normalized V/I,ExtraTrees,ThreePhase,30
1078,ieee30,ThreePhase,30,10.0,90,NoSSO,Experiment D: existing + normalized V/I,ExtraTrees,ThreePhase,30
1079,ieee30,ThreePhase,30,10.0,90,SSO25Hz_M01,Experiment D: existing + normalized V/I,ExtraTrees,ThreePhase,30
1080,ieee30,ThreePhase,30,10.0,90,SSO25Hz_M03,Experiment D: existing + normalized V/I,ExtraTrees,ThreePhase,30
559,ieee30,SLG,1,10.0,0,NoSSO,Experiment E: existing + normalized V/I + rank,RandomForest,ThreePhase,1
560,ieee30,SLG,1,10.0,0,SSO25Hz_M01,Experiment E: existing + normalized V/I + rank,RandomForest,ThreePhase,1
561,ieee30,SLG,1,10.0,0,SSO25Hz_M03,Experiment E: existing + normalized V/I + rank,RandomForest,ThreePhase,1
562,ieee30,SLG,1,10.0,45,NoSSO,Experiment E: existing + normalized V/I + rank,RandomForest,ThreePhase,1
563,ieee30,SLG,1,10.0,45,SSO25Hz_M01,Experiment E: existing + normalized V/I + rank,RandomForest,ThreePhase,1
564,ieee30,SLG,1,10.0,45,SSO25Hz_M03,Experiment E: existing + normalized V/I + rank,RandomForest,ThreePhase,1
565,ieee30,SLG,1,10.0,90,NoSSO,Experiment E: existing + normalized V/I + rank,RandomForest,ThreePhase,1
566,ieee30,SLG,1,10.0,90,SSO25Hz_M01,Experiment E: existing + normalized V/I + rank,RandomForest,ThreePhase,1
567,ieee30,SLG,1,10.0,90,SSO25Hz_M03,Experiment E: existing + normalized V/I + rank,RandomForest,ThreePhase,1
586,ieee30,LL,1,10.0,0,NoSSO,Experiment E: existing + normalized V/I + rank,RandomForest,ThreePhase,1
587,ieee30,LL,1,10.0,0,SSO25Hz_M01,Experiment E: existing + normalized V/I + rank,RandomForest,ThreePhase,1
588,ieee30,LL,1,10.0,0,SSO25Hz_M03,Experiment E: existing + normalized V/I + rank,RandomForest,ThreePhase,1
589,ieee30,LL,1,10.0,45,NoSSO,Experiment E: existing + normalized V/I + rank,RandomForest,ThreePhase,1
590,ieee30,LL,1,10.0,45,SSO25Hz_M01,Experiment E: existing + normalized V/I + rank,RandomForest,ThreePhase,1
591,ieee30,LL,1,10.0,45,SSO25Hz_M03,Experiment E: existing + normalized V/I + rank,RandomForest,ThreePhase,1
592,ieee30,LL,1,10.0,90,NoSSO,Experiment E: existing + normalized V/I + rank,RandomForest,ThreePhase,1
593,ieee30,LL,1,10.0,90,SSO25Hz_M01,Experiment E: existing + normalized V/I + rank,RandomForest,ThreePhase,1
594,ieee30,LL,1,10.0,90,SSO25Hz_M03,Experiment E: existing + normalized V/I + rank,RandomForest,ThreePhase,1
613,ieee30,LLG,1,10.0,0,NoSSO,Experiment E: existing + normalized V/I + rank,RandomForest,ThreePhase,1
614,ieee30,LLG,1,10.0,0,SSO25Hz_M01,Experiment E: existing + normalized V/I + rank,RandomForest,ThreePhase,1
615,ieee30,LLG,1,10.0,0,SSO25Hz_M03,Experiment E: existing + normalized V/I + rank,RandomForest,ThreePhase,1
616,ieee30,LLG,1,10.0,45,NoSSO,Experiment E: existing + normalized V/I + rank,RandomForest,ThreePhase,1
617,ieee30,LLG,1,10.0,45,SSO25Hz_M01,Experiment E: existing + normalized V/I + rank,RandomForest,ThreePhase,1
618,ieee30,LLG,1,10.0,45,SSO25Hz_M03,Experiment E: existing + normalized V/I + rank,RandomForest,ThreePhase,1
619,ieee30,LLG,1,10.0,90,NoSSO,Experiment E: existing + normalized V/I + rank,RandomForest,ThreePhase,1
620,ieee30,LLG,1,10.0,90,SSO25Hz_M01,Experiment E: existing + normalized V/I + rank,RandomForest,ThreePhase,1
621,ieee30,LLG,1,10.0,90,SSO25Hz_M03,Experiment E: existing + normalized V/I + rank,RandomForest,ThreePhase,1
640,ieee30,ThreePhase,1,10.0,0,NoSSO,Experiment E: existing + normalized V/I + rank,RandomForest,ThreePhase,1
641,ieee30,ThreePhase,1,10.0,0,SSO25Hz_M01,Experiment E: existing + normalized V/I + rank,RandomForest,ThreePhase,1
642,ieee30,ThreePhase,1,10.0,0,SSO25Hz_M03,Experiment E: existing + normalized V/I + rank,RandomForest,ThreePhase,1
643,ieee30,ThreePhase,1,10.0,45,NoSSO,Experiment E: existing + normalized V/I + rank,RandomForest,ThreePhase,1
644,ieee30,ThreePhase,1,10.0,45,SSO25Hz_M01,Experiment E: existing + normalized V/I + rank,RandomForest,ThreePhase,1
645,ieee30,ThreePhase,1,10.0,45,SSO25Hz_M03,Experiment E: existing + normalized V/I + rank,RandomForest,ThreePhase,1
646,ieee30,ThreePhase,1,10.0,90,NoSSO,Experiment E: existing + normalized V/I + rank,RandomForest,ThreePhase,1
647,ieee30,ThreePhase,1,10.0,90,SSO25Hz_M01,Experiment E: existing + normalized V/I + rank,RandomForest,ThreePhase,1
648,ieee30,ThreePhase,1,10.0,90,SSO25Hz_M03,Experiment E: existing + normalized V/I + rank,RandomForest,ThreePhase,1
667,ieee30,SLG,6,10.0,0,NoSSO,Experiment E: existing + normalized V/I + rank,RandomForest,ThreePhase,6
668,ieee30,SLG,6,10.0,0,SSO25Hz_M01,Experiment E: existing + normalized V/I + rank,RandomForest,ThreePhase,6
669,ieee30,SLG,6,10.0,0,SSO25Hz_M03,Experiment E: existing + normalized V/I + rank,RandomForest,ThreePhase,6
670,ieee30,SLG,6,10.0,45,NoSSO,Experiment E: existing + normalized V/I + rank,RandomForest,ThreePhase,6
671,ieee30,SLG,6,10.0,45,SSO25Hz_M01,Experiment E: existing + normalized V/I + rank,RandomForest,ThreePhase,6
672,ieee30,SLG,6,10.0,45,SSO25Hz_M03,Experiment E: existing + normalized V/I + rank,RandomForest,ThreePhase,6
673,ieee30,SLG,6,10.0,90,NoSSO,Experiment E: existing + normalized V/I + rank,RandomForest,ThreePhase,6
674,ieee30,SLG,6,10.0,90,SSO25Hz_M01,Experiment E: existing + normalized V/I + rank,RandomForest,ThreePhase,6
675,ieee30,SLG,6,10.0,90,SSO25Hz_M03,Experiment E: existing + normalized V/I + rank,RandomForest,ThreePhase,6
694,ieee30,LL,6,10.0,0,NoSSO,Experiment E: existing + normalized V/I + rank,RandomForest,ThreePhase,6
695,ieee30,LL,6,10.0,0,SSO25Hz_M01,Experiment E: existing + normalized V/I + rank,RandomForest,ThreePhase,6
696,ieee30,LL,6,10.0,0,SSO25Hz_M03,Experiment E: existing + normalized V/I + rank,RandomForest,ThreePhase,6
697,ieee30,LL,6,10.0,45,NoSSO,Experiment E: existing + normalized V/I + rank,RandomForest,ThreePhase,6
698,ieee30,LL,6,10.0,45,SSO25Hz_M01,Experiment E: existing + normalized V/I + rank,RandomForest,ThreePhase,6
699,ieee30,LL,6,10.0,45,SSO25Hz_M03,Experiment E: existing + normalized V/I + rank,RandomForest,ThreePhase,6
700,ieee30,LL,6,10.0,90,NoSSO,Experiment E: existing + normalized V/I + rank,RandomForest,ThreePhase,6
701,ieee30,LL,6,10.0,90,SSO25Hz_M01,Experiment E: existing + normalized V/I + rank,RandomForest,ThreePhase,6
702,ieee30,LL,6,10.0,90,SSO25Hz_M03,Experiment E: existing + normalized V/I + rank,RandomForest,ThreePhase,6
721,ieee30,LLG,6,10.0,0,NoSSO,Experiment E: existing + normalized V/I + rank,RandomForest,ThreePhase,6
722,ieee30,LLG,6,10.0,0,SSO25Hz_M01,Experiment E: existing + normalized V/I + rank,RandomForest,ThreePhase,6
723,ieee30,LLG,6,10.0,0,SSO25Hz_M03,Experiment E: existing + normalized V/I + rank,RandomForest,ThreePhase,6
724,ieee30,LLG,6,10.0,45,NoSSO,Experiment E: existing + normalized V/I + rank,RandomForest,ThreePhase,6
725,ieee30,LLG,6,10.0,45,SSO25Hz_M01,Experiment E: existing + normalized V/I + rank,RandomForest,ThreePhase,6
726,ieee30,LLG,6,10.0,45,SSO25Hz_M03,Experiment E: existing + normalized V/I + rank,RandomForest,ThreePhase,6
727,ieee30,LLG,6,10.0,90,NoSSO,Experiment E: existing + normalized V/I + rank,RandomForest,ThreePhase,6
728,ieee30,LLG,6,10.0,90,SSO25Hz_M01,Experiment E: existing + normalized V/I + rank,RandomForest,ThreePhase,6
729,ieee30,LLG,6,10.0,90,SSO25Hz_M03,Experiment E: existing + normalized V/I + rank,RandomForest,ThreePhase,6
748,ieee30,ThreePhase,6,10.0,0,NoSSO,Experiment E: existing + normalized V/I + rank,RandomForest,ThreePhase,6
749,ieee30,ThreePhase,6,10.0,0,SSO25Hz_M01,Experiment E: existing + normalized V/I + rank,RandomForest,ThreePhase,6
750,ieee30,ThreePhase,6,10.0,0,SSO25Hz_M03,Experiment E: existing + normalized V/I + rank,RandomForest,ThreePhase,6
751,ieee30,ThreePhase,6,10.0,45,NoSSO,Experiment E: existing + normalized V/I + rank,RandomForest,ThreePhase,6
752,ieee30,ThreePhase,6,10.0,45,SSO25Hz_M01,Experiment E: existing + normalized V/I + rank,RandomForest,ThreePhase,6
753,ieee30,ThreePhase,6,10.0,45,SSO25Hz_M03,Experiment E: existing + normalized V/I + rank,RandomForest,ThreePhase,6
754,ieee30,ThreePhase,6,10.0,90,NoSSO,Experiment E: existing + normalized V/I + rank,RandomForest,ThreePhase,6
755,ieee30,ThreePhase,6,10.0,90,SSO25Hz_M01,Experiment E: existing + normalized V/I + rank,RandomForest,ThreePhase,6
756,ieee30,ThreePhase,6,10.0,90,SSO25Hz_M03,Experiment E: existing + normalized V/I + rank,RandomForest,ThreePhase,6
775,ieee30,SLG,10,10.0,0,NoSSO,Experiment E: existing + normalized V/I + rank,RandomForest,SLG,10
776,ieee30,SLG,10,10.0,0,SSO25Hz_M01,Experiment E: existing + normalized V/I + rank,RandomForest,SLG,10
777,ieee30,SLG,10,10.0,0,SSO25Hz_M03,Experiment E: existing + normalized V/I + rank,RandomForest,SLG,10
778,ieee30,SLG,10,10.0,45,NoSSO,Experiment E: existing + normalized V/I + rank,RandomForest,SLG,10
779,ieee30,SLG,10,10.0,45,SSO25Hz_M01,Experiment E: existing + normalized V/I + rank,RandomForest,SLG,10
780,ieee30,SLG,10,10.0,45,SSO25Hz_M03,Experiment E: existing + normalized V/I + rank,RandomForest,SLG,10
781,ieee30,SLG,10,10.0,90,NoSSO,Experiment E: existing + normalized V/I + rank,RandomForest,SLG,10
782,ieee30,SLG,10,10.0,90,SSO25Hz_M01,Experiment E: existing + normalized V/I + rank,RandomForest,SLG,10
783,ieee30,SLG,10,10.0,90,SSO25Hz_M03,Experiment E: existing + normalized V/I + rank,RandomForest,SLG,10
802,ieee30,LL,10,10.0,0,NoSSO,Experiment E: existing + normalized V/I + rank,RandomForest,ThreePhase,10
803,ieee30,LL,10,10.0,0,SSO25Hz_M01,Experiment E: existing + normalized V/I + rank,RandomForest,ThreePhase,10
804,ieee30,LL,10,10.0,0,SSO25Hz_M03,Experiment E: existing + normalized V/I + rank,RandomForest,ThreePhase,10
805,ieee30,LL,10,10.0,45,NoSSO,Experiment E: existing + normalized V/I + rank,RandomForest,ThreePhase,10
806,ieee30,LL,10,10.0,45,SSO25Hz_M01,Experiment E: existing + normalized V/I + rank,RandomForest,ThreePhase,10
807,ieee30,LL,10,10.0,45,SSO25Hz_M03,Experiment E: existing + normalized V/I + rank,RandomForest,ThreePhase,10
808,ieee30,LL,10,10.0,90,NoSSO,Experiment E: existing + normalized V/I + rank,RandomForest,ThreePhase,10
809,ieee30,LL,10,10.0,90,SSO25Hz_M01,Experiment E: existing + normalized V/I + rank,RandomForest,ThreePhase,10
810,ieee30,LL,10,10.0,90,SSO25Hz_M03,Experiment E: existing + normalized V/I + rank,RandomForest,ThreePhase,10
829,ieee30,LLG,10,10.0,0,NoSSO,Experiment E: existing + normalized V/I + rank,RandomForest,SLG,10
830,ieee30,LLG,10,10.0,0,SSO25Hz_M01,Experiment E: existing + normalized V/I + rank,RandomForest,SLG,10
831,ieee30,LLG,10,10.0,0,SSO25Hz_M03,Experiment E: existing + normalized V/I + rank,RandomForest,SLG,10
832,ieee30,LLG,10,10.0,45,NoSSO,Experiment E: existing + normalized V/I + rank,RandomForest,SLG,10
833,ieee30,LLG,10,10.0,45,SSO25Hz_M01,Experiment E: existing + normalized V/I + rank,RandomForest,SLG,10
834,ieee30,LLG,10,10.0,45,SSO25Hz_M03,Experiment E: existing + normalized V/I + rank,RandomForest,SLG,10
835,ieee30,LLG,10,10.0,90,NoSSO,Experiment E: existing + normalized V/I + rank,RandomForest,SLG,10
836,ieee30,LLG,10,10.0,90,SSO25Hz_M01,Experiment E: existing + normalized V/I + rank,RandomForest,SLG,10
837,ieee30,LLG,10,10.0,90,SSO25Hz_M03,Experiment E: existing + normalized V/I + rank,RandomForest,SLG,10
856,ieee30,ThreePhase,10,10.0,0,NoSSO,Experiment E: existing + normalized V/I + rank,RandomForest,ThreePhase,10
857,ieee30,ThreePhase,10,10.0,0,SSO25Hz_M01,Experiment E: existing + normalized V/I + rank,RandomForest,ThreePhase,10
858,ieee30,ThreePhase,10,10.0,0,SSO25Hz_M03,Experiment E: existing + normalized V/I + rank,RandomForest,ThreePhase,10
859,ieee30,ThreePhase,10,10.0,45,NoSSO,Experiment E: existing + normalized V/I + rank,RandomForest,ThreePhase,10
860,ieee30,ThreePhase,10,10.0,45,SSO25Hz_M01,Experiment E: existing + normalized V/I + rank,RandomForest,ThreePhase,10
861,ieee30,ThreePhase,10,10.0,45,SSO25Hz_M03,Experiment E: existing + normalized V/I + rank,RandomForest,ThreePhase,10
862,ieee30,ThreePhase,10,10.0,90,NoSSO,Experiment E: existing + normalized V/I + rank,RandomForest,ThreePhase,10
863,ieee30,ThreePhase,10,10.0,90,SSO25Hz_M01,Experiment E: existing + normalized V/I + rank,RandomForest,ThreePhase,10
864,ieee30,ThreePhase,10,10.0,90,SSO25Hz_M03,Experiment E: existing + normalized V/I + rank,RandomForest,ThreePhase,10
883,ieee30,SLG,24,10.0,0,NoSSO,Experiment E: existing + normalized V/I + rank,RandomForest,SLG,24
884,ieee30,SLG,24,10.0,0,SSO25Hz_M01,Experiment E: existing + normalized V/I + rank,RandomForest,SLG,24
885,ieee30,SLG,24,10.0,0,SSO25Hz_M03,Experiment E: existing + normalized V/I + rank,RandomForest,SLG,24
886,ieee30,SLG,24,10.0,45,NoSSO,Experiment E: existing + normalized V/I + rank,RandomForest,SLG,24
887,ieee30,SLG,24,10.0,45,SSO25Hz_M01,Experiment E: existing + normalized V/I + rank,RandomForest,SLG,24
888,ieee30,SLG,24,10.0,45,SSO25Hz_M03,Experiment E: existing + normalized V/I + rank,RandomForest,SLG,24
889,ieee30,SLG,24,10.0,90,NoSSO,Experiment E: existing + normalized V/I + rank,RandomForest,SLG,24
890,ieee30,SLG,24,10.0,90,SSO25Hz_M01,Experiment E: existing + normalized V/I + rank,RandomForest,SLG,24
891,ieee30,SLG,24,10.0,90,SSO25Hz_M03,Experiment E: existing + normalized V/I + rank,RandomForest,SLG,24
910,ieee30,LL,24,10.0,0,NoSSO,Experiment E: existing + normalized V/I + rank,RandomForest,ThreePhase,24
911,ieee30,LL,24,10.0,0,SSO25Hz_M01,Experiment E: existing + normalized V/I + rank,RandomForest,ThreePhase,24
912,ieee30,LL,24,10.0,0,SSO25Hz_M03,Experiment E: existing + normalized V/I + rank,RandomForest,ThreePhase,24
913,ieee30,LL,24,10.0,45,NoSSO,Experiment E: existing + normalized V/I + rank,RandomForest,ThreePhase,24
914,ieee30,LL,24,10.0,45,SSO25Hz_M01,Experiment E: existing + normalized V/I + rank,RandomForest,ThreePhase,24
915,ieee30,LL,24,10.0,45,SSO25Hz_M03,Experiment E: existing + normalized V/I + rank,RandomForest,ThreePhase,24
916,ieee30,LL,24,10.0,90,NoSSO,Experiment E: existing + normalized V/I + rank,RandomForest,ThreePhase,24
917,ieee30,LL,24,10.0,90,SSO25Hz_M01,Experiment E: existing + normalized V/I + rank,RandomForest,ThreePhase,24
918,ieee30,LL,24,10.0,90,SSO25Hz_M03,Experiment E: existing + normalized V/I + rank,RandomForest,ThreePhase,24
937,ieee30,LLG,24,10.0,0,NoSSO,Experiment E: existing + normalized V/I + rank,RandomForest,ThreePhase,24
938,ieee30,LLG,24,10.0,0,SSO25Hz_M01,Experiment E: existing + normalized V/I + rank,RandomForest,ThreePhase,24
939,ieee30,LLG,24,10.0,0,SSO25Hz_M03,Experiment E: existing + normalized V/I + rank,RandomForest,ThreePhase,24
940,ieee30,LLG,24,10.0,45,NoSSO,Experiment E: existing + normalized V/I + rank,RandomForest,ThreePhase,24
941,ieee30,LLG,24,10.0,45,SSO25Hz_M01,Experiment E: existing + normalized V/I + rank,RandomForest,ThreePhase,24
942,ieee30,LLG,24,10.0,45,SSO25Hz_M03,Experiment E: existing + normalized V/I + rank,RandomForest,ThreePhase,24
943,ieee30,LLG,24,10.0,90,NoSSO,Experiment E: existing + normalized V/I + rank,RandomForest,ThreePhase,24
944,ieee30,LLG,24,10.0,90,SSO25Hz_M01,Experiment E: existing + normalized V/I + rank,RandomForest,ThreePhase,24
945,ieee30,LLG,24,10.0,90,SSO25Hz_M03,Experiment E: existing + normalized V/I + rank,RandomForest,ThreePhase,24
964,ieee30,ThreePhase,24,10.0,0,NoSSO,Experiment E: existing + normalized V/I + rank,RandomForest,ThreePhase,24
965,ieee30,ThreePhase,24,10.0,0,SSO25Hz_M01,Experiment E: existing + normalized V/I + rank,RandomForest,ThreePhase,24
966,ieee30,ThreePhase,24,10.0,0,SSO25Hz_M03,Experiment E: existing + normalized V/I + rank,RandomForest,ThreePhase,24
967,ieee30,ThreePhase,24,10.0,45,NoSSO,Experiment E: existing + normalized V/I + rank,RandomForest,ThreePhase,24
968,ieee30,ThreePhase,24,10.0,45,SSO25Hz_M01,Experiment E: existing + normalized V/I + rank,RandomForest,ThreePhase,24
969,ieee30,ThreePhase,24,10.0,45,SSO25Hz_M03,Experiment E: existing + normalized V/I + rank,RandomForest,ThreePhase,24
970,ieee30,ThreePhase,24,10.0,90,NoSSO,Experiment E: existing + normalized V/I + rank,RandomForest,ThreePhase,24
971,ieee30,ThreePhase,24,10.0,90,SSO25Hz_M01,Experiment E: existing + normalized V/I + rank,RandomForest,ThreePhase,24
972,ieee30,ThreePhase,24,10.0,90,SSO25Hz_M03,Experiment E: existing + normalized V/I + rank,RandomForest,ThreePhase,24
991,ieee30,SLG,30,10.0,0,NoSSO,Experiment E: existing + normalized V/I + rank,RandomForest,SLG,30
992,ieee30,SLG,30,10.0,0,SSO25Hz_M01,Experiment E: existing + normalized V/I + rank,RandomForest,SLG,30
993,ieee30,SLG,30,10.0,0,SSO25Hz_M03,Experiment E: existing + normalized V/I + rank,RandomForest,SLG,30
994,ieee30,SLG,30,10.0,45,NoSSO,Experiment E: existing + normalized V/I + rank,RandomForest,SLG,30
995,ieee30,SLG,30,10.0,45,SSO25Hz_M01,Experiment E: existing + normalized V/I + rank,RandomForest,SLG,30
996,ieee30,SLG,30,10.0,45,SSO25Hz_M03,Experiment E: existing + normalized V/I + rank,RandomForest,SLG,30
997,ieee30,SLG,30,10.0,90,NoSSO,Experiment E: existing + normalized V/I + rank,RandomForest,SLG,30
998,ieee30,SLG,30,10.0,90,SSO25Hz_M01,Experiment E: existing + normalized V/I + rank,RandomForest,SLG,30
999,ieee30,SLG,30,10.0,90,SSO25Hz_M03,Experiment E: existing + normalized V/I + rank,RandomForest,SLG,30
1018,ieee30,LL,30,10.0,0,NoSSO,Experiment E: existing + normalized V/I + rank,RandomForest,ThreePhase,30
1019,ieee30,LL,30,10.0,0,SSO25Hz_M01,Experiment E: existing + normalized V/I + rank,RandomForest,ThreePhase,30
1020,ieee30,LL,30,10.0,0,SSO25Hz_M03,Experiment E: existing + normalized V/I + rank,RandomForest,ThreePhase,30
1021,ieee30,LL,30,10.0,45,NoSSO,Experiment E: existing + normalized V/I + rank,RandomForest,ThreePhase,30
1022,ieee30,LL,30,10.0,45,SSO25Hz_M01,Experiment E: existing + normalized V/I + rank,RandomForest,ThreePhase,30
1023,ieee30,LL,30,10.0,45,SSO25Hz_M03,Experiment E: existing + normalized V/I + rank,RandomForest,ThreePhase,30
1024,ieee30,LL,30,10.0,90,NoSSO,Experiment E: existing + normalized V/I + rank,RandomForest,ThreePhase,30
1025,ieee30,LL,30,10.0,90,SSO25Hz_M01,Experiment E: existing + normalized V/I + rank,RandomForest,ThreePhase,30
1026,ieee30,LL,30,10.0,90,SSO25Hz_M03,Experiment E: existing + normalized V/I + rank,RandomForest,ThreePhase,30
1045,ieee30,LLG,30,10.0,0,NoSSO,Experiment E: existing + normalized V/I + rank,RandomForest,ThreePhase,30
1046,ieee30,LLG,30,10.0,0,SSO25Hz_M01,Experiment E: existing + normalized V/I + rank,RandomForest,ThreePhase,30
1047,ieee30,LLG,30,10.0,0,SSO25Hz_M03,Experiment E: existing + normalized V/I + rank,RandomForest,ThreePhase,30
1048,ieee30,LLG,30,10.0,45,NoSSO,Experiment E: existing + normalized V/I + rank,RandomForest,ThreePhase,30
1049,ieee30,LLG,30,10.0,45,SSO25Hz_M01,Experiment E: existing + normalized V/I + rank,RandomForest,ThreePhase,30
1050,ieee30,LLG,30,10.0,45,SSO25Hz_M03,Experiment E: existing + normalized V/I + rank,RandomForest,ThreePhase,30
1051,ieee30,LLG,30,10.0,90,NoSSO,Experiment E: existing + normalized V/I + rank,RandomForest,ThreePhase,30
1052,ieee30,LLG,30,10.0,90,SSO25Hz_M01,Experiment E: existing + normalized V/I + rank,RandomForest,ThreePhase,30
1053,ieee30,LLG,30,10.0,90,SSO25Hz_M03,Experiment E: existing + normalized V/I + rank,RandomForest,ThreePhase,30
1072,ieee30,ThreePhase,30,10.0,0,NoSSO,Experiment E: existing + normalized V/I + rank,RandomForest,ThreePhase,30
1073,ieee30,ThreePhase,30,10.0,0,SSO25Hz_M01,Experiment E: existing + normalized V/I + rank,RandomForest,ThreePhase,30
1074,ieee30,ThreePhase,30,10.0,0,SSO25Hz_M03,Experiment E: existing + normalized V/I + rank,RandomForest,ThreePhase,30
1075,ieee30,ThreePhase,30,10.0,45,NoSSO,Experiment E: existing + normalized V/I + rank,RandomForest,ThreePhase,30
1076,ieee30,ThreePhase,30,10.0,45,SSO25Hz_M01,Experiment E: existing + normalized V/I + rank,RandomForest,ThreePhase,30
1077,ieee30,ThreePhase,30,10.0,45,SSO25Hz_M03,Experiment E: existing + normalized V/I + rank,RandomForest,ThreePhase,30
1078,ieee30,ThreePhase,30,10.0,90,NoSSO,Experiment E: existing + normalized V/I + rank,RandomForest,ThreePhase,30
1079,ieee30,ThreePhase,30,10.0,90,SSO25Hz_M01,Experiment E: existing + normalized V/I + rank,RandomForest,ThreePhase,30
1080,ieee30,ThreePhase,30,10.0,90,SSO25Hz_M03,Experiment E: existing + normalized V/I + rank,RandomForest,ThreePhase,30
559,ieee30,SLG,1,10.0,0,NoSSO,Experiment E: existing + normalized V/I + rank,ExtraTrees,ThreePhase,1
560,ieee30,SLG,1,10.0,0,SSO25Hz_M01,Experiment E: existing + normalized V/I + rank,ExtraTrees,ThreePhase,1
561,ieee30,SLG,1,10.0,0,SSO25Hz_M03,Experiment E: existing + normalized V/I + rank,ExtraTrees,ThreePhase,1
562,ieee30,SLG,1,10.0,45,NoSSO,Experiment E: existing + normalized V/I + rank,ExtraTrees,ThreePhase,1
563,ieee30,SLG,1,10.0,45,SSO25Hz_M01,Experiment E: existing + normalized V/I + rank,ExtraTrees,ThreePhase,1
564,ieee30,SLG,1,10.0,45,SSO25Hz_M03,Experiment E: existing + normalized V/I + rank,ExtraTrees,ThreePhase,1
565,ieee30,SLG,1,10.0,90,NoSSO,Experiment E: existing + normalized V/I + rank,ExtraTrees,ThreePhase,1
566,ieee30,SLG,1,10.0,90,SSO25Hz_M01,Experiment E: existing + normalized V/I + rank,ExtraTrees,ThreePhase,1
567,ieee30,SLG,1,10.0,90,SSO25Hz_M03,Experiment E: existing + normalized V/I + rank,ExtraTrees,ThreePhase,1
586,ieee30,LL,1,10.0,0,NoSSO,Experiment E: existing + normalized V/I + rank,ExtraTrees,ThreePhase,1
587,ieee30,LL,1,10.0,0,SSO25Hz_M01,Experiment E: existing + normalized V/I + rank,ExtraTrees,ThreePhase,1
588,ieee30,LL,1,10.0,0,SSO25Hz_M03,Experiment E: existing + normalized V/I + rank,ExtraTrees,ThreePhase,1
589,ieee30,LL,1,10.0,45,NoSSO,Experiment E: existing + normalized V/I + rank,ExtraTrees,ThreePhase,1
590,ieee30,LL,1,10.0,45,SSO25Hz_M01,Experiment E: existing + normalized V/I + rank,ExtraTrees,ThreePhase,1
591,ieee30,LL,1,10.0,45,SSO25Hz_M03,Experiment E: existing + normalized V/I + rank,ExtraTrees,ThreePhase,1
592,ieee30,LL,1,10.0,90,NoSSO,Experiment E: existing + normalized V/I + rank,ExtraTrees,ThreePhase,1
593,ieee30,LL,1,10.0,90,SSO25Hz_M01,Experiment E: existing + normalized V/I + rank,ExtraTrees,ThreePhase,1
594,ieee30,LL,1,10.0,90,SSO25Hz_M03,Experiment E: existing + normalized V/I + rank,ExtraTrees,ThreePhase,1
613,ieee30,LLG,1,10.0,0,NoSSO,Experiment E: existing + normalized V/I + rank,ExtraTrees,ThreePhase,1
614,ieee30,LLG,1,10.0,0,SSO25Hz_M01,Experiment E: existing + normalized V/I + rank,ExtraTrees,ThreePhase,1
615,ieee30,LLG,1,10.0,0,SSO25Hz_M03,Experiment E: existing + normalized V/I + rank,ExtraTrees,ThreePhase,1
616,ieee30,LLG,1,10.0,45,NoSSO,Experiment E: existing + normalized V/I + rank,ExtraTrees,ThreePhase,1
617,ieee30,LLG,1,10.0,45,SSO25Hz_M01,Experiment E: existing + normalized V/I + rank,ExtraTrees,ThreePhase,1
618,ieee30,LLG,1,10.0,45,SSO25Hz_M03,Experiment E: existing + normalized V/I + rank,ExtraTrees,ThreePhase,1
619,ieee30,LLG,1,10.0,90,NoSSO,Experiment E: existing + normalized V/I + rank,ExtraTrees,ThreePhase,1
620,ieee30,LLG,1,10.0,90,SSO25Hz_M01,Experiment E: existing + normalized V/I + rank,ExtraTrees,ThreePhase,1
621,ieee30,LLG,1,10.0,90,SSO25Hz_M03,Experiment E: existing + normalized V/I + rank,ExtraTrees,ThreePhase,1
640,ieee30,ThreePhase,1,10.0,0,NoSSO,Experiment E: existing + normalized V/I + rank,ExtraTrees,ThreePhase,1
641,ieee30,ThreePhase,1,10.0,0,SSO25Hz_M01,Experiment E: existing + normalized V/I + rank,ExtraTrees,ThreePhase,1
642,ieee30,ThreePhase,1,10.0,0,SSO25Hz_M03,Experiment E: existing + normalized V/I + rank,ExtraTrees,ThreePhase,1
643,ieee30,ThreePhase,1,10.0,45,NoSSO,Experiment E: existing + normalized V/I + rank,ExtraTrees,ThreePhase,1
644,ieee30,ThreePhase,1,10.0,45,SSO25Hz_M01,Experiment E: existing + normalized V/I + rank,ExtraTrees,ThreePhase,1
645,ieee30,ThreePhase,1,10.0,45,SSO25Hz_M03,Experiment E: existing + normalized V/I + rank,ExtraTrees,ThreePhase,1
646,ieee30,ThreePhase,1,10.0,90,NoSSO,Experiment E: existing + normalized V/I + rank,ExtraTrees,ThreePhase,1
647,ieee30,ThreePhase,1,10.0,90,SSO25Hz_M01,Experiment E: existing + normalized V/I + rank,ExtraTrees,ThreePhase,1
648,ieee30,ThreePhase,1,10.0,90,SSO25Hz_M03,Experiment E: existing + normalized V/I + rank,ExtraTrees,ThreePhase,1
667,ieee30,SLG,6,10.0,0,NoSSO,Experiment E: existing + normalized V/I + rank,ExtraTrees,ThreePhase,6
668,ieee30,SLG,6,10.0,0,SSO25Hz_M01,Experiment E: existing + normalized V/I + rank,ExtraTrees,ThreePhase,6
669,ieee30,SLG,6,10.0,0,SSO25Hz_M03,Experiment E: existing + normalized V/I + rank,ExtraTrees,ThreePhase,6
670,ieee30,SLG,6,10.0,45,NoSSO,Experiment E: existing + normalized V/I + rank,ExtraTrees,ThreePhase,6
671,ieee30,SLG,6,10.0,45,SSO25Hz_M01,Experiment E: existing + normalized V/I + rank,ExtraTrees,ThreePhase,6
672,ieee30,SLG,6,10.0,45,SSO25Hz_M03,Experiment E: existing + normalized V/I + rank,ExtraTrees,ThreePhase,6
673,ieee30,SLG,6,10.0,90,NoSSO,Experiment E: existing + normalized V/I + rank,ExtraTrees,ThreePhase,6
674,ieee30,SLG,6,10.0,90,SSO25Hz_M01,Experiment E: existing + normalized V/I + rank,ExtraTrees,ThreePhase,6
675,ieee30,SLG,6,10.0,90,SSO25Hz_M03,Experiment E: existing + normalized V/I + rank,ExtraTrees,ThreePhase,6
694,ieee30,LL,6,10.0,0,NoSSO,Experiment E: existing + normalized V/I + rank,ExtraTrees,ThreePhase,6
695,ieee30,LL,6,10.0,0,SSO25Hz_M01,Experiment E: existing + normalized V/I + rank,ExtraTrees,ThreePhase,6
696,ieee30,LL,6,10.0,0,SSO25Hz_M03,Experiment E: existing + normalized V/I + rank,ExtraTrees,ThreePhase,6
697,ieee30,LL,6,10.0,45,NoSSO,Experiment E: existing + normalized V/I + rank,ExtraTrees,ThreePhase,6
698,ieee30,LL,6,10.0,45,SSO25Hz_M01,Experiment E: existing + normalized V/I + rank,ExtraTrees,ThreePhase,6
699,ieee30,LL,6,10.0,45,SSO25Hz_M03,Experiment E: existing + normalized V/I + rank,ExtraTrees,ThreePhase,6
700,ieee30,LL,6,10.0,90,NoSSO,Experiment E: existing + normalized V/I + rank,ExtraTrees,ThreePhase,6
701,ieee30,LL,6,10.0,90,SSO25Hz_M01,Experiment E: existing + normalized V/I + rank,ExtraTrees,ThreePhase,6
702,ieee30,LL,6,10.0,90,SSO25Hz_M03,Experiment E: existing + normalized V/I + rank,ExtraTrees,ThreePhase,6
721,ieee30,LLG,6,10.0,0,NoSSO,Experiment E: existing + normalized V/I + rank,ExtraTrees,ThreePhase,6
722,ieee30,LLG,6,10.0,0,SSO25Hz_M01,Experiment E: existing + normalized V/I + rank,ExtraTrees,ThreePhase,6
723,ieee30,LLG,6,10.0,0,SSO25Hz_M03,Experiment E: existing + normalized V/I + rank,ExtraTrees,ThreePhase,6
724,ieee30,LLG,6,10.0,45,NoSSO,Experiment E: existing + normalized V/I + rank,ExtraTrees,ThreePhase,6
725,ieee30,LLG,6,10.0,45,SSO25Hz_M01,Experiment E: existing + normalized V/I + rank,ExtraTrees,ThreePhase,6
726,ieee30,LLG,6,10.0,45,SSO25Hz_M03,Experiment E: existing + normalized V/I + rank,ExtraTrees,ThreePhase,6
727,ieee30,LLG,6,10.0,90,NoSSO,Experiment E: existing + normalized V/I + rank,ExtraTrees,ThreePhase,6
728,ieee30,LLG,6,10.0,90,SSO25Hz_M01,Experiment E: existing + normalized V/I + rank,ExtraTrees,ThreePhase,6
729,ieee30,LLG,6,10.0,90,SSO25Hz_M03,Experiment E: existing + normalized V/I + rank,ExtraTrees,ThreePhase,6
748,ieee30,ThreePhase,6,10.0,0,NoSSO,Experiment E: existing + normalized V/I + rank,ExtraTrees,ThreePhase,6
749,ieee30,ThreePhase,6,10.0,0,SSO25Hz_M01,Experiment E: existing + normalized V/I + rank,ExtraTrees,ThreePhase,6
750,ieee30,ThreePhase,6,10.0,0,SSO25Hz_M03,Experiment E: existing + normalized V/I + rank,ExtraTrees,ThreePhase,6
751,ieee30,ThreePhase,6,10.0,45,NoSSO,Experiment E: existing + normalized V/I + rank,ExtraTrees,ThreePhase,6
752,ieee30,ThreePhase,6,10.0,45,SSO25Hz_M01,Experiment E: existing + normalized V/I + rank,ExtraTrees,ThreePhase,6
753,ieee30,ThreePhase,6,10.0,45,SSO25Hz_M03,Experiment E: existing + normalized V/I + rank,ExtraTrees,ThreePhase,6
754,ieee30,ThreePhase,6,10.0,90,NoSSO,Experiment E: existing + normalized V/I + rank,ExtraTrees,ThreePhase,6
755,ieee30,ThreePhase,6,10.0,90,SSO25Hz_M01,Experiment E: existing + normalized V/I + rank,ExtraTrees,ThreePhase,6
756,ieee30,ThreePhase,6,10.0,90,SSO25Hz_M03,Experiment E: existing + normalized V/I + rank,ExtraTrees,ThreePhase,6
775,ieee30,SLG,10,10.0,0,NoSSO,Experiment E: existing + normalized V/I + rank,ExtraTrees,SLG,10
776,ieee30,SLG,10,10.0,0,SSO25Hz_M01,Experiment E: existing + normalized V/I + rank,ExtraTrees,SLG,10
777,ieee30,SLG,10,10.0,0,SSO25Hz_M03,Experiment E: existing + normalized V/I + rank,ExtraTrees,SLG,10
778,ieee30,SLG,10,10.0,45,NoSSO,Experiment E: existing + normalized V/I + rank,ExtraTrees,SLG,10
779,ieee30,SLG,10,10.0,45,SSO25Hz_M01,Experiment E: existing + normalized V/I + rank,ExtraTrees,SLG,10
780,ieee30,SLG,10,10.0,45,SSO25Hz_M03,Experiment E: existing + normalized V/I + rank,ExtraTrees,ThreePhase,10
781,ieee30,SLG,10,10.0,90,NoSSO,Experiment E: existing + normalized V/I + rank,ExtraTrees,SLG,10
782,ieee30,SLG,10,10.0,90,SSO25Hz_M01,Experiment E: existing + normalized V/I + rank,ExtraTrees,SLG,10
783,ieee30,SLG,10,10.0,90,SSO25Hz_M03,Experiment E: existing + normalized V/I + rank,ExtraTrees,SLG,10
802,ieee30,LL,10,10.0,0,NoSSO,Experiment E: existing + normalized V/I + rank,ExtraTrees,ThreePhase,10
803,ieee30,LL,10,10.0,0,SSO25Hz_M01,Experiment E: existing + normalized V/I + rank,ExtraTrees,ThreePhase,10
804,ieee30,LL,10,10.0,0,SSO25Hz_M03,Experiment E: existing + normalized V/I + rank,ExtraTrees,ThreePhase,10
805,ieee30,LL,10,10.0,45,NoSSO,Experiment E: existing + normalized V/I + rank,ExtraTrees,ThreePhase,10
806,ieee30,LL,10,10.0,45,SSO25Hz_M01,Experiment E: existing + normalized V/I + rank,ExtraTrees,ThreePhase,10
807,ieee30,LL,10,10.0,45,SSO25Hz_M03,Experiment E: existing + normalized V/I + rank,ExtraTrees,ThreePhase,10
808,ieee30,LL,10,10.0,90,NoSSO,Experiment E: existing + normalized V/I + rank,ExtraTrees,ThreePhase,10
809,ieee30,LL,10,10.0,90,SSO25Hz_M01,Experiment E: existing + normalized V/I + rank,ExtraTrees,ThreePhase,10
810,ieee30,LL,10,10.0,90,SSO25Hz_M03,Experiment E: existing + normalized V/I + rank,ExtraTrees,ThreePhase,10
829,ieee30,LLG,10,10.0,0,NoSSO,Experiment E: existing + normalized V/I + rank,ExtraTrees,ThreePhase,10
830,ieee30,LLG,10,10.0,0,SSO25Hz_M01,Experiment E: existing + normalized V/I + rank,ExtraTrees,ThreePhase,10
831,ieee30,LLG,10,10.0,0,SSO25Hz_M03,Experiment E: existing + normalized V/I + rank,ExtraTrees,ThreePhase,10
832,ieee30,LLG,10,10.0,45,NoSSO,Experiment E: existing + normalized V/I + rank,ExtraTrees,ThreePhase,10
833,ieee30,LLG,10,10.0,45,SSO25Hz_M01,Experiment E: existing + normalized V/I + rank,ExtraTrees,ThreePhase,10
834,ieee30,LLG,10,10.0,45,SSO25Hz_M03,Experiment E: existing + normalized V/I + rank,ExtraTrees,ThreePhase,10
835,ieee30,LLG,10,10.0,90,NoSSO,Experiment E: existing + normalized V/I + rank,ExtraTrees,ThreePhase,10
836,ieee30,LLG,10,10.0,90,SSO25Hz_M01,Experiment E: existing + normalized V/I + rank,ExtraTrees,ThreePhase,10
837,ieee30,LLG,10,10.0,90,SSO25Hz_M03,Experiment E: existing + normalized V/I + rank,ExtraTrees,ThreePhase,10
856,ieee30,ThreePhase,10,10.0,0,NoSSO,Experiment E: existing + normalized V/I + rank,ExtraTrees,ThreePhase,10
857,ieee30,ThreePhase,10,10.0,0,SSO25Hz_M01,Experiment E: existing + normalized V/I + rank,ExtraTrees,ThreePhase,10
858,ieee30,ThreePhase,10,10.0,0,SSO25Hz_M03,Experiment E: existing + normalized V/I + rank,ExtraTrees,ThreePhase,10
859,ieee30,ThreePhase,10,10.0,45,NoSSO,Experiment E: existing + normalized V/I + rank,ExtraTrees,ThreePhase,10
860,ieee30,ThreePhase,10,10.0,45,SSO25Hz_M01,Experiment E: existing + normalized V/I + rank,ExtraTrees,ThreePhase,10
861,ieee30,ThreePhase,10,10.0,45,SSO25Hz_M03,Experiment E: existing + normalized V/I + rank,ExtraTrees,ThreePhase,10
862,ieee30,ThreePhase,10,10.0,90,NoSSO,Experiment E: existing + normalized V/I + rank,ExtraTrees,ThreePhase,10
863,ieee30,ThreePhase,10,10.0,90,SSO25Hz_M01,Experiment E: existing + normalized V/I + rank,ExtraTrees,ThreePhase,10
864,ieee30,ThreePhase,10,10.0,90,SSO25Hz_M03,Experiment E: existing + normalized V/I + rank,ExtraTrees,ThreePhase,10
883,ieee30,SLG,24,10.0,0,NoSSO,Experiment E: existing + normalized V/I + rank,ExtraTrees,ThreePhase,24
884,ieee30,SLG,24,10.0,0,SSO25Hz_M01,Experiment E: existing + normalized V/I + rank,ExtraTrees,ThreePhase,24
885,ieee30,SLG,24,10.0,0,SSO25Hz_M03,Experiment E: existing + normalized V/I + rank,ExtraTrees,ThreePhase,24
886,ieee30,SLG,24,10.0,45,NoSSO,Experiment E: existing + normalized V/I + rank,ExtraTrees,ThreePhase,24
887,ieee30,SLG,24,10.0,45,SSO25Hz_M01,Experiment E: existing + normalized V/I + rank,ExtraTrees,ThreePhase,24
888,ieee30,SLG,24,10.0,45,SSO25Hz_M03,Experiment E: existing + normalized V/I + rank,ExtraTrees,ThreePhase,24
889,ieee30,SLG,24,10.0,90,NoSSO,Experiment E: existing + normalized V/I + rank,ExtraTrees,ThreePhase,24
890,ieee30,SLG,24,10.0,90,SSO25Hz_M01,Experiment E: existing + normalized V/I + rank,ExtraTrees,ThreePhase,24
891,ieee30,SLG,24,10.0,90,SSO25Hz_M03,Experiment E: existing + normalized V/I + rank,ExtraTrees,ThreePhase,24
910,ieee30,LL,24,10.0,0,NoSSO,Experiment E: existing + normalized V/I + rank,ExtraTrees,ThreePhase,24
911,ieee30,LL,24,10.0,0,SSO25Hz_M01,Experiment E: existing + normalized V/I + rank,ExtraTrees,ThreePhase,24
912,ieee30,LL,24,10.0,0,SSO25Hz_M03,Experiment E: existing + normalized V/I + rank,ExtraTrees,ThreePhase,24
913,ieee30,LL,24,10.0,45,NoSSO,Experiment E: existing + normalized V/I + rank,ExtraTrees,ThreePhase,24
914,ieee30,LL,24,10.0,45,SSO25Hz_M01,Experiment E: existing + normalized V/I + rank,ExtraTrees,ThreePhase,24
915,ieee30,LL,24,10.0,45,SSO25Hz_M03,Experiment E: existing + normalized V/I + rank,ExtraTrees,ThreePhase,24
916,ieee30,LL,24,10.0,90,NoSSO,Experiment E: existing + normalized V/I + rank,ExtraTrees,ThreePhase,24
917,ieee30,LL,24,10.0,90,SSO25Hz_M01,Experiment E: existing + normalized V/I + rank,ExtraTrees,ThreePhase,24
918,ieee30,LL,24,10.0,90,SSO25Hz_M03,Experiment E: existing + normalized V/I + rank,ExtraTrees,ThreePhase,24
937,ieee30,LLG,24,10.0,0,NoSSO,Experiment E: existing + normalized V/I + rank,ExtraTrees,ThreePhase,24
938,ieee30,LLG,24,10.0,0,SSO25Hz_M01,Experiment E: existing + normalized V/I + rank,ExtraTrees,ThreePhase,24
939,ieee30,LLG,24,10.0,0,SSO25Hz_M03,Experiment E: existing + normalized V/I + rank,ExtraTrees,ThreePhase,24
940,ieee30,LLG,24,10.0,45,NoSSO,Experiment E: existing + normalized V/I + rank,ExtraTrees,ThreePhase,24
941,ieee30,LLG,24,10.0,45,SSO25Hz_M01,Experiment E: existing + normalized V/I + rank,ExtraTrees,ThreePhase,24
942,ieee30,LLG,24,10.0,45,SSO25Hz_M03,Experiment E: existing + normalized V/I + rank,ExtraTrees,ThreePhase,24
943,ieee30,LLG,24,10.0,90,NoSSO,Experiment E: existing + normalized V/I + rank,ExtraTrees,ThreePhase,24
944,ieee30,LLG,24,10.0,90,SSO25Hz_M01,Experiment E: existing + normalized V/I + rank,ExtraTrees,ThreePhase,24
945,ieee30,LLG,24,10.0,90,SSO25Hz_M03,Experiment E: existing + normalized V/I + rank,ExtraTrees,ThreePhase,24
964,ieee30,ThreePhase,24,10.0,0,NoSSO,Experiment E: existing + normalized V/I + rank,ExtraTrees,ThreePhase,24
965,ieee30,ThreePhase,24,10.0,0,SSO25Hz_M01,Experiment E: existing + normalized V/I + rank,ExtraTrees,ThreePhase,24
966,ieee30,ThreePhase,24,10.0,0,SSO25Hz_M03,Experiment E: existing + normalized V/I + rank,ExtraTrees,ThreePhase,24
967,ieee30,ThreePhase,24,10.0,45,NoSSO,Experiment E: existing + normalized V/I + rank,ExtraTrees,ThreePhase,24
968,ieee30,ThreePhase,24,10.0,45,SSO25Hz_M01,Experiment E: existing + normalized V/I + rank,ExtraTrees,ThreePhase,24
969,ieee30,ThreePhase,24,10.0,45,SSO25Hz_M03,Experiment E: existing + normalized V/I + rank,ExtraTrees,ThreePhase,24
970,ieee30,ThreePhase,24,10.0,90,NoSSO,Experiment E: existing + normalized V/I + rank,ExtraTrees,ThreePhase,24
971,ieee30,ThreePhase,24,10.0,90,SSO25Hz_M01,Experiment E: existing + normalized V/I + rank,ExtraTrees,ThreePhase,24
972,ieee30,ThreePhase,24,10.0,90,SSO25Hz_M03,Experiment E: existing + normalized V/I + rank,ExtraTrees,ThreePhase,24
991,ieee30,SLG,30,10.0,0,NoSSO,Experiment E: existing + normalized V/I + rank,ExtraTrees,ThreePhase,30
992,ieee30,SLG,30,10.0,0,SSO25Hz_M01,Experiment E: existing + normalized V/I + rank,ExtraTrees,ThreePhase,30
993,ieee30,SLG,30,10.0,0,SSO25Hz_M03,Experiment E: existing + normalized V/I + rank,ExtraTrees,ThreePhase,30
994,ieee30,SLG,30,10.0,45,NoSSO,Experiment E: existing + normalized V/I + rank,ExtraTrees,ThreePhase,30
995,ieee30,SLG,30,10.0,45,SSO25Hz_M01,Experiment E: existing + normalized V/I + rank,ExtraTrees,ThreePhase,30
996,ieee30,SLG,30,10.0,45,SSO25Hz_M03,Experiment E: existing + normalized V/I + rank,ExtraTrees,ThreePhase,30
997,ieee30,SLG,30,10.0,90,NoSSO,Experiment E: existing + normalized V/I + rank,ExtraTrees,ThreePhase,30
998,ieee30,SLG,30,10.0,90,SSO25Hz_M01,Experiment E: existing + normalized V/I + rank,ExtraTrees,ThreePhase,30
999,ieee30,SLG,30,10.0,90,SSO25Hz_M03,Experiment E: existing + normalized V/I + rank,ExtraTrees,ThreePhase,30
1018,ieee30,LL,30,10.0,0,NoSSO,Experiment E: existing + normalized V/I + rank,ExtraTrees,ThreePhase,30
1019,ieee30,LL,30,10.0,0,SSO25Hz_M01,Experiment E: existing + normalized V/I + rank,ExtraTrees,ThreePhase,30
1020,ieee30,LL,30,10.0,0,SSO25Hz_M03,Experiment E: existing + normalized V/I + rank,ExtraTrees,ThreePhase,30
1021,ieee30,LL,30,10.0,45,NoSSO,Experiment E: existing + normalized V/I + rank,ExtraTrees,ThreePhase,30
1022,ieee30,LL,30,10.0,45,SSO25Hz_M01,Experiment E: existing + normalized V/I + rank,ExtraTrees,ThreePhase,30
1023,ieee30,LL,30,10.0,45,SSO25Hz_M03,Experiment E: existing + normalized V/I + rank,ExtraTrees,ThreePhase,30
1024,ieee30,LL,30,10.0,90,NoSSO,Experiment E: existing + normalized V/I + rank,ExtraTrees,ThreePhase,30
1025,ieee30,LL,30,10.0,90,SSO25Hz_M01,Experiment E: existing + normalized V/I + rank,ExtraTrees,ThreePhase,30
1026,ieee30,LL,30,10.0,90,SSO25Hz_M03,Experiment E: existing + normalized V/I + rank,ExtraTrees,ThreePhase,30
1045,ieee30,LLG,30,10.0,0,NoSSO,Experiment E: existing + normalized V/I + rank,ExtraTrees,ThreePhase,30
1046,ieee30,LLG,30,10.0,0,SSO25Hz_M01,Experiment E: existing + normalized V/I + rank,ExtraTrees,ThreePhase,30
1047,ieee30,LLG,30,10.0,0,SSO25Hz_M03,Experiment E: existing + normalized V/I + rank,ExtraTrees,ThreePhase,30
1048,ieee30,LLG,30,10.0,45,NoSSO,Experiment E: existing + normalized V/I + rank,ExtraTrees,ThreePhase,30
1049,ieee30,LLG,30,10.0,45,SSO25Hz_M01,Experiment E: existing + normalized V/I + rank,ExtraTrees,ThreePhase,30
1050,ieee30,LLG,30,10.0,45,SSO25Hz_M03,Experiment E: existing + normalized V/I + rank,ExtraTrees,ThreePhase,30
1051,ieee30,LLG,30,10.0,90,NoSSO,Experiment E: existing + normalized V/I + rank,ExtraTrees,ThreePhase,30
1052,ieee30,LLG,30,10.0,90,SSO25Hz_M01,Experiment E: existing + normalized V/I + rank,ExtraTrees,ThreePhase,30
1053,ieee30,LLG,30,10.0,90,SSO25Hz_M03,Experiment E: existing + normalized V/I + rank,ExtraTrees,ThreePhase,30
1072,ieee30,ThreePhase,30,10.0,0,NoSSO,Experiment E: existing + normalized V/I + rank,ExtraTrees,ThreePhase,30
1073,ieee30,ThreePhase,30,10.0,0,SSO25Hz_M01,Experiment E: existing + normalized V/I + rank,ExtraTrees,ThreePhase,30
1074,ieee30,ThreePhase,30,10.0,0,SSO25Hz_M03,Experiment E: existing + normalized V/I + rank,ExtraTrees,ThreePhase,30
1075,ieee30,ThreePhase,30,10.0,45,NoSSO,Experiment E: existing + normalized V/I + rank,ExtraTrees,ThreePhase,30
1076,ieee30,ThreePhase,30,10.0,45,SSO25Hz_M01,Experiment E: existing + normalized V/I + rank,ExtraTrees,ThreePhase,30
1077,ieee30,ThreePhase,30,10.0,45,SSO25Hz_M03,Experiment E: existing + normalized V/I + rank,ExtraTrees,ThreePhase,30
1078,ieee30,ThreePhase,30,10.0,90,NoSSO,Experiment E: existing + normalized V/I + rank,ExtraTrees,ThreePhase,30
1079,ieee30,ThreePhase,30,10.0,90,SSO25Hz_M01,Experiment E: existing + normalized V/I + rank,ExtraTrees,ThreePhase,30
1080,ieee30,ThreePhase,30,10.0,90,SSO25Hz_M03,Experiment E: existing + normalized V/I + rank,ExtraTrees,ThreePhase,30
559,ieee30,SLG,1,10.0,0,NoSSO,Experiment F: existing + normalized V/I + rank + V-I coupled,RandomForest,ThreePhase,1
560,ieee30,SLG,1,10.0,0,SSO25Hz_M01,Experiment F: existing + normalized V/I + rank + V-I coupled,RandomForest,ThreePhase,1
561,ieee30,SLG,1,10.0,0,SSO25Hz_M03,Experiment F: existing + normalized V/I + rank + V-I coupled,RandomForest,ThreePhase,1
562,ieee30,SLG,1,10.0,45,NoSSO,Experiment F: existing + normalized V/I + rank + V-I coupled,RandomForest,ThreePhase,1
563,ieee30,SLG,1,10.0,45,SSO25Hz_M01,Experiment F: existing + normalized V/I + rank + V-I coupled,RandomForest,ThreePhase,1
564,ieee30,SLG,1,10.0,45,SSO25Hz_M03,Experiment F: existing + normalized V/I + rank + V-I coupled,RandomForest,ThreePhase,1
565,ieee30,SLG,1,10.0,90,NoSSO,Experiment F: existing + normalized V/I + rank + V-I coupled,RandomForest,ThreePhase,1
566,ieee30,SLG,1,10.0,90,SSO25Hz_M01,Experiment F: existing + normalized V/I + rank + V-I coupled,RandomForest,ThreePhase,1
567,ieee30,SLG,1,10.0,90,SSO25Hz_M03,Experiment F: existing + normalized V/I + rank + V-I coupled,RandomForest,ThreePhase,1
586,ieee30,LL,1,10.0,0,NoSSO,Experiment F: existing + normalized V/I + rank + V-I coupled,RandomForest,ThreePhase,1
587,ieee30,LL,1,10.0,0,SSO25Hz_M01,Experiment F: existing + normalized V/I + rank + V-I coupled,RandomForest,ThreePhase,1
588,ieee30,LL,1,10.0,0,SSO25Hz_M03,Experiment F: existing + normalized V/I + rank + V-I coupled,RandomForest,ThreePhase,1
589,ieee30,LL,1,10.0,45,NoSSO,Experiment F: existing + normalized V/I + rank + V-I coupled,RandomForest,ThreePhase,1
590,ieee30,LL,1,10.0,45,SSO25Hz_M01,Experiment F: existing + normalized V/I + rank + V-I coupled,RandomForest,ThreePhase,1
591,ieee30,LL,1,10.0,45,SSO25Hz_M03,Experiment F: existing + normalized V/I + rank + V-I coupled,RandomForest,ThreePhase,1
592,ieee30,LL,1,10.0,90,NoSSO,Experiment F: existing + normalized V/I + rank + V-I coupled,RandomForest,ThreePhase,1
593,ieee30,LL,1,10.0,90,SSO25Hz_M01,Experiment F: existing + normalized V/I + rank + V-I coupled,RandomForest,ThreePhase,1
594,ieee30,LL,1,10.0,90,SSO25Hz_M03,Experiment F: existing + normalized V/I + rank + V-I coupled,RandomForest,ThreePhase,1
613,ieee30,LLG,1,10.0,0,NoSSO,Experiment F: existing + normalized V/I + rank + V-I coupled,RandomForest,ThreePhase,1
614,ieee30,LLG,1,10.0,0,SSO25Hz_M01,Experiment F: existing + normalized V/I + rank + V-I coupled,RandomForest,ThreePhase,1
615,ieee30,LLG,1,10.0,0,SSO25Hz_M03,Experiment F: existing + normalized V/I + rank + V-I coupled,RandomForest,ThreePhase,1
616,ieee30,LLG,1,10.0,45,NoSSO,Experiment F: existing + normalized V/I + rank + V-I coupled,RandomForest,ThreePhase,1
617,ieee30,LLG,1,10.0,45,SSO25Hz_M01,Experiment F: existing + normalized V/I + rank + V-I coupled,RandomForest,ThreePhase,1
618,ieee30,LLG,1,10.0,45,SSO25Hz_M03,Experiment F: existing + normalized V/I + rank + V-I coupled,RandomForest,ThreePhase,1
619,ieee30,LLG,1,10.0,90,NoSSO,Experiment F: existing + normalized V/I + rank + V-I coupled,RandomForest,ThreePhase,1
620,ieee30,LLG,1,10.0,90,SSO25Hz_M01,Experiment F: existing + normalized V/I + rank + V-I coupled,RandomForest,ThreePhase,1
621,ieee30,LLG,1,10.0,90,SSO25Hz_M03,Experiment F: existing + normalized V/I + rank + V-I coupled,RandomForest,ThreePhase,1
640,ieee30,ThreePhase,1,10.0,0,NoSSO,Experiment F: existing + normalized V/I + rank + V-I coupled,RandomForest,ThreePhase,1
641,ieee30,ThreePhase,1,10.0,0,SSO25Hz_M01,Experiment F: existing + normalized V/I + rank + V-I coupled,RandomForest,ThreePhase,1
642,ieee30,ThreePhase,1,10.0,0,SSO25Hz_M03,Experiment F: existing + normalized V/I + rank + V-I coupled,RandomForest,ThreePhase,1
643,ieee30,ThreePhase,1,10.0,45,NoSSO,Experiment F: existing + normalized V/I + rank + V-I coupled,RandomForest,ThreePhase,1
644,ieee30,ThreePhase,1,10.0,45,SSO25Hz_M01,Experiment F: existing + normalized V/I + rank + V-I coupled,RandomForest,ThreePhase,1
645,ieee30,ThreePhase,1,10.0,45,SSO25Hz_M03,Experiment F: existing + normalized V/I + rank + V-I coupled,RandomForest,ThreePhase,1
646,ieee30,ThreePhase,1,10.0,90,NoSSO,Experiment F: existing + normalized V/I + rank + V-I coupled,RandomForest,ThreePhase,1
647,ieee30,ThreePhase,1,10.0,90,SSO25Hz_M01,Experiment F: existing + normalized V/I + rank + V-I coupled,RandomForest,ThreePhase,1
648,ieee30,ThreePhase,1,10.0,90,SSO25Hz_M03,Experiment F: existing + normalized V/I + rank + V-I coupled,RandomForest,ThreePhase,1
667,ieee30,SLG,6,10.0,0,NoSSO,Experiment F: existing + normalized V/I + rank + V-I coupled,RandomForest,ThreePhase,6
668,ieee30,SLG,6,10.0,0,SSO25Hz_M01,Experiment F: existing + normalized V/I + rank + V-I coupled,RandomForest,ThreePhase,6
669,ieee30,SLG,6,10.0,0,SSO25Hz_M03,Experiment F: existing + normalized V/I + rank + V-I coupled,RandomForest,ThreePhase,6
670,ieee30,SLG,6,10.0,45,NoSSO,Experiment F: existing + normalized V/I + rank + V-I coupled,RandomForest,ThreePhase,6
671,ieee30,SLG,6,10.0,45,SSO25Hz_M01,Experiment F: existing + normalized V/I + rank + V-I coupled,RandomForest,ThreePhase,6
672,ieee30,SLG,6,10.0,45,SSO25Hz_M03,Experiment F: existing + normalized V/I + rank + V-I coupled,RandomForest,ThreePhase,6
673,ieee30,SLG,6,10.0,90,NoSSO,Experiment F: existing + normalized V/I + rank + V-I coupled,RandomForest,ThreePhase,6
674,ieee30,SLG,6,10.0,90,SSO25Hz_M01,Experiment F: existing + normalized V/I + rank + V-I coupled,RandomForest,ThreePhase,6
675,ieee30,SLG,6,10.0,90,SSO25Hz_M03,Experiment F: existing + normalized V/I + rank + V-I coupled,RandomForest,ThreePhase,6
694,ieee30,LL,6,10.0,0,NoSSO,Experiment F: existing + normalized V/I + rank + V-I coupled,RandomForest,ThreePhase,6
695,ieee30,LL,6,10.0,0,SSO25Hz_M01,Experiment F: existing + normalized V/I + rank + V-I coupled,RandomForest,ThreePhase,6
696,ieee30,LL,6,10.0,0,SSO25Hz_M03,Experiment F: existing + normalized V/I + rank + V-I coupled,RandomForest,ThreePhase,6
697,ieee30,LL,6,10.0,45,NoSSO,Experiment F: existing + normalized V/I + rank + V-I coupled,RandomForest,ThreePhase,6
698,ieee30,LL,6,10.0,45,SSO25Hz_M01,Experiment F: existing + normalized V/I + rank + V-I coupled,RandomForest,ThreePhase,6
699,ieee30,LL,6,10.0,45,SSO25Hz_M03,Experiment F: existing + normalized V/I + rank + V-I coupled,RandomForest,ThreePhase,6
700,ieee30,LL,6,10.0,90,NoSSO,Experiment F: existing + normalized V/I + rank + V-I coupled,RandomForest,ThreePhase,6
701,ieee30,LL,6,10.0,90,SSO25Hz_M01,Experiment F: existing + normalized V/I + rank + V-I coupled,RandomForest,ThreePhase,6
702,ieee30,LL,6,10.0,90,SSO25Hz_M03,Experiment F: existing + normalized V/I + rank + V-I coupled,RandomForest,ThreePhase,6
721,ieee30,LLG,6,10.0,0,NoSSO,Experiment F: existing + normalized V/I + rank + V-I coupled,RandomForest,ThreePhase,6
722,ieee30,LLG,6,10.0,0,SSO25Hz_M01,Experiment F: existing + normalized V/I + rank + V-I coupled,RandomForest,ThreePhase,6
723,ieee30,LLG,6,10.0,0,SSO25Hz_M03,Experiment F: existing + normalized V/I + rank + V-I coupled,RandomForest,ThreePhase,6
724,ieee30,LLG,6,10.0,45,NoSSO,Experiment F: existing + normalized V/I + rank + V-I coupled,RandomForest,ThreePhase,6
725,ieee30,LLG,6,10.0,45,SSO25Hz_M01,Experiment F: existing + normalized V/I + rank + V-I coupled,RandomForest,ThreePhase,6
726,ieee30,LLG,6,10.0,45,SSO25Hz_M03,Experiment F: existing + normalized V/I + rank + V-I coupled,RandomForest,ThreePhase,6
727,ieee30,LLG,6,10.0,90,NoSSO,Experiment F: existing + normalized V/I + rank + V-I coupled,RandomForest,ThreePhase,6
728,ieee30,LLG,6,10.0,90,SSO25Hz_M01,Experiment F: existing + normalized V/I + rank + V-I coupled,RandomForest,ThreePhase,6
729,ieee30,LLG,6,10.0,90,SSO25Hz_M03,Experiment F: existing + normalized V/I + rank + V-I coupled,RandomForest,ThreePhase,6
748,ieee30,ThreePhase,6,10.0,0,NoSSO,Experiment F: existing + normalized V/I + rank + V-I coupled,RandomForest,ThreePhase,6
749,ieee30,ThreePhase,6,10.0,0,SSO25Hz_M01,Experiment F: existing + normalized V/I + rank + V-I coupled,RandomForest,ThreePhase,6
750,ieee30,ThreePhase,6,10.0,0,SSO25Hz_M03,Experiment F: existing + normalized V/I + rank + V-I coupled,RandomForest,ThreePhase,6
751,ieee30,ThreePhase,6,10.0,45,NoSSO,Experiment F: existing + normalized V/I + rank + V-I coupled,RandomForest,ThreePhase,6
752,ieee30,ThreePhase,6,10.0,45,SSO25Hz_M01,Experiment F: existing + normalized V/I + rank + V-I coupled,RandomForest,ThreePhase,6
753,ieee30,ThreePhase,6,10.0,45,SSO25Hz_M03,Experiment F: existing + normalized V/I + rank + V-I coupled,RandomForest,ThreePhase,6
754,ieee30,ThreePhase,6,10.0,90,NoSSO,Experiment F: existing + normalized V/I + rank + V-I coupled,RandomForest,ThreePhase,6
755,ieee30,ThreePhase,6,10.0,90,SSO25Hz_M01,Experiment F: existing + normalized V/I + rank + V-I coupled,RandomForest,ThreePhase,6
756,ieee30,ThreePhase,6,10.0,90,SSO25Hz_M03,Experiment F: existing + normalized V/I + rank + V-I coupled,RandomForest,ThreePhase,6
775,ieee30,SLG,10,10.0,0,NoSSO,Experiment F: existing + normalized V/I + rank + V-I coupled,RandomForest,ThreePhase,10
776,ieee30,SLG,10,10.0,0,SSO25Hz_M01,Experiment F: existing + normalized V/I + rank + V-I coupled,RandomForest,ThreePhase,10
777,ieee30,SLG,10,10.0,0,SSO25Hz_M03,Experiment F: existing + normalized V/I + rank + V-I coupled,RandomForest,ThreePhase,10
778,ieee30,SLG,10,10.0,45,NoSSO,Experiment F: existing + normalized V/I + rank + V-I coupled,RandomForest,ThreePhase,10
779,ieee30,SLG,10,10.0,45,SSO25Hz_M01,Experiment F: existing + normalized V/I + rank + V-I coupled,RandomForest,ThreePhase,10
780,ieee30,SLG,10,10.0,45,SSO25Hz_M03,Experiment F: existing + normalized V/I + rank + V-I coupled,RandomForest,ThreePhase,10
781,ieee30,SLG,10,10.0,90,NoSSO,Experiment F: existing + normalized V/I + rank + V-I coupled,RandomForest,ThreePhase,10
782,ieee30,SLG,10,10.0,90,SSO25Hz_M01,Experiment F: existing + normalized V/I + rank + V-I coupled,RandomForest,ThreePhase,10
783,ieee30,SLG,10,10.0,90,SSO25Hz_M03,Experiment F: existing + normalized V/I + rank + V-I coupled,RandomForest,ThreePhase,10
802,ieee30,LL,10,10.0,0,NoSSO,Experiment F: existing + normalized V/I + rank + V-I coupled,RandomForest,ThreePhase,10
803,ieee30,LL,10,10.0,0,SSO25Hz_M01,Experiment F: existing + normalized V/I + rank + V-I coupled,RandomForest,ThreePhase,10
804,ieee30,LL,10,10.0,0,SSO25Hz_M03,Experiment F: existing + normalized V/I + rank + V-I coupled,RandomForest,ThreePhase,10
805,ieee30,LL,10,10.0,45,NoSSO,Experiment F: existing + normalized V/I + rank + V-I coupled,RandomForest,ThreePhase,10
806,ieee30,LL,10,10.0,45,SSO25Hz_M01,Experiment F: existing + normalized V/I + rank + V-I coupled,RandomForest,ThreePhase,10
807,ieee30,LL,10,10.0,45,SSO25Hz_M03,Experiment F: existing + normalized V/I + rank + V-I coupled,RandomForest,ThreePhase,10
808,ieee30,LL,10,10.0,90,NoSSO,Experiment F: existing + normalized V/I + rank + V-I coupled,RandomForest,ThreePhase,10
809,ieee30,LL,10,10.0,90,SSO25Hz_M01,Experiment F: existing + normalized V/I + rank + V-I coupled,RandomForest,ThreePhase,10
810,ieee30,LL,10,10.0,90,SSO25Hz_M03,Experiment F: existing + normalized V/I + rank + V-I coupled,RandomForest,ThreePhase,10
829,ieee30,LLG,10,10.0,0,NoSSO,Experiment F: existing + normalized V/I + rank + V-I coupled,RandomForest,ThreePhase,10
830,ieee30,LLG,10,10.0,0,SSO25Hz_M01,Experiment F: existing + normalized V/I + rank + V-I coupled,RandomForest,ThreePhase,10
831,ieee30,LLG,10,10.0,0,SSO25Hz_M03,Experiment F: existing + normalized V/I + rank + V-I coupled,RandomForest,ThreePhase,10
832,ieee30,LLG,10,10.0,45,NoSSO,Experiment F: existing + normalized V/I + rank + V-I coupled,RandomForest,ThreePhase,10
833,ieee30,LLG,10,10.0,45,SSO25Hz_M01,Experiment F: existing + normalized V/I + rank + V-I coupled,RandomForest,ThreePhase,10
834,ieee30,LLG,10,10.0,45,SSO25Hz_M03,Experiment F: existing + normalized V/I + rank + V-I coupled,RandomForest,ThreePhase,10
835,ieee30,LLG,10,10.0,90,NoSSO,Experiment F: existing + normalized V/I + rank + V-I coupled,RandomForest,ThreePhase,10
836,ieee30,LLG,10,10.0,90,SSO25Hz_M01,Experiment F: existing + normalized V/I + rank + V-I coupled,RandomForest,ThreePhase,10
837,ieee30,LLG,10,10.0,90,SSO25Hz_M03,Experiment F: existing + normalized V/I + rank + V-I coupled,RandomForest,ThreePhase,10
856,ieee30,ThreePhase,10,10.0,0,NoSSO,Experiment F: existing + normalized V/I + rank + V-I coupled,RandomForest,ThreePhase,10
857,ieee30,ThreePhase,10,10.0,0,SSO25Hz_M01,Experiment F: existing + normalized V/I + rank + V-I coupled,RandomForest,ThreePhase,10
858,ieee30,ThreePhase,10,10.0,0,SSO25Hz_M03,Experiment F: existing + normalized V/I + rank + V-I coupled,RandomForest,ThreePhase,10
859,ieee30,ThreePhase,10,10.0,45,NoSSO,Experiment F: existing + normalized V/I + rank + V-I coupled,RandomForest,ThreePhase,10
860,ieee30,ThreePhase,10,10.0,45,SSO25Hz_M01,Experiment F: existing + normalized V/I + rank + V-I coupled,RandomForest,ThreePhase,10
861,ieee30,ThreePhase,10,10.0,45,SSO25Hz_M03,Experiment F: existing + normalized V/I + rank + V-I coupled,RandomForest,ThreePhase,10
862,ieee30,ThreePhase,10,10.0,90,NoSSO,Experiment F: existing + normalized V/I + rank + V-I coupled,RandomForest,ThreePhase,10
863,ieee30,ThreePhase,10,10.0,90,SSO25Hz_M01,Experiment F: existing + normalized V/I + rank + V-I coupled,RandomForest,ThreePhase,10
864,ieee30,ThreePhase,10,10.0,90,SSO25Hz_M03,Experiment F: existing + normalized V/I + rank + V-I coupled,RandomForest,ThreePhase,10
883,ieee30,SLG,24,10.0,0,NoSSO,Experiment F: existing + normalized V/I + rank + V-I coupled,RandomForest,ThreePhase,24
884,ieee30,SLG,24,10.0,0,SSO25Hz_M01,Experiment F: existing + normalized V/I + rank + V-I coupled,RandomForest,ThreePhase,24
885,ieee30,SLG,24,10.0,0,SSO25Hz_M03,Experiment F: existing + normalized V/I + rank + V-I coupled,RandomForest,ThreePhase,24
886,ieee30,SLG,24,10.0,45,NoSSO,Experiment F: existing + normalized V/I + rank + V-I coupled,RandomForest,ThreePhase,24
887,ieee30,SLG,24,10.0,45,SSO25Hz_M01,Experiment F: existing + normalized V/I + rank + V-I coupled,RandomForest,ThreePhase,24
888,ieee30,SLG,24,10.0,45,SSO25Hz_M03,Experiment F: existing + normalized V/I + rank + V-I coupled,RandomForest,ThreePhase,24
889,ieee30,SLG,24,10.0,90,NoSSO,Experiment F: existing + normalized V/I + rank + V-I coupled,RandomForest,ThreePhase,24
890,ieee30,SLG,24,10.0,90,SSO25Hz_M01,Experiment F: existing + normalized V/I + rank + V-I coupled,RandomForest,ThreePhase,24
891,ieee30,SLG,24,10.0,90,SSO25Hz_M03,Experiment F: existing + normalized V/I + rank + V-I coupled,RandomForest,ThreePhase,24
910,ieee30,LL,24,10.0,0,NoSSO,Experiment F: existing + normalized V/I + rank + V-I coupled,RandomForest,ThreePhase,24
911,ieee30,LL,24,10.0,0,SSO25Hz_M01,Experiment F: existing + normalized V/I + rank + V-I coupled,RandomForest,ThreePhase,24
912,ieee30,LL,24,10.0,0,SSO25Hz_M03,Experiment F: existing + normalized V/I + rank + V-I coupled,RandomForest,ThreePhase,24
913,ieee30,LL,24,10.0,45,NoSSO,Experiment F: existing + normalized V/I + rank + V-I coupled,RandomForest,ThreePhase,24
914,ieee30,LL,24,10.0,45,SSO25Hz_M01,Experiment F: existing + normalized V/I + rank + V-I coupled,RandomForest,ThreePhase,24
915,ieee30,LL,24,10.0,45,SSO25Hz_M03,Experiment F: existing + normalized V/I + rank + V-I coupled,RandomForest,ThreePhase,24
916,ieee30,LL,24,10.0,90,NoSSO,Experiment F: existing + normalized V/I + rank + V-I coupled,RandomForest,ThreePhase,24
917,ieee30,LL,24,10.0,90,SSO25Hz_M01,Experiment F: existing + normalized V/I + rank + V-I coupled,RandomForest,ThreePhase,24
918,ieee30,LL,24,10.0,90,SSO25Hz_M03,Experiment F: existing + normalized V/I + rank + V-I coupled,RandomForest,ThreePhase,24
937,ieee30,LLG,24,10.0,0,NoSSO,Experiment F: existing + normalized V/I + rank + V-I coupled,RandomForest,ThreePhase,24
938,ieee30,LLG,24,10.0,0,SSO25Hz_M01,Experiment F: existing + normalized V/I + rank + V-I coupled,RandomForest,ThreePhase,24
939,ieee30,LLG,24,10.0,0,SSO25Hz_M03,Experiment F: existing + normalized V/I + rank + V-I coupled,RandomForest,ThreePhase,24
940,ieee30,LLG,24,10.0,45,NoSSO,Experiment F: existing + normalized V/I + rank + V-I coupled,RandomForest,ThreePhase,24
941,ieee30,LLG,24,10.0,45,SSO25Hz_M01,Experiment F: existing + normalized V/I + rank + V-I coupled,RandomForest,ThreePhase,24
942,ieee30,LLG,24,10.0,45,SSO25Hz_M03,Experiment F: existing + normalized V/I + rank + V-I coupled,RandomForest,ThreePhase,24
943,ieee30,LLG,24,10.0,90,NoSSO,Experiment F: existing + normalized V/I + rank + V-I coupled,RandomForest,ThreePhase,24
944,ieee30,LLG,24,10.0,90,SSO25Hz_M01,Experiment F: existing + normalized V/I + rank + V-I coupled,RandomForest,ThreePhase,24
945,ieee30,LLG,24,10.0,90,SSO25Hz_M03,Experiment F: existing + normalized V/I + rank + V-I coupled,RandomForest,ThreePhase,24
964,ieee30,ThreePhase,24,10.0,0,NoSSO,Experiment F: existing + normalized V/I + rank + V-I coupled,RandomForest,ThreePhase,24
965,ieee30,ThreePhase,24,10.0,0,SSO25Hz_M01,Experiment F: existing + normalized V/I + rank + V-I coupled,RandomForest,ThreePhase,24
966,ieee30,ThreePhase,24,10.0,0,SSO25Hz_M03,Experiment F: existing + normalized V/I + rank + V-I coupled,RandomForest,ThreePhase,24
967,ieee30,ThreePhase,24,10.0,45,NoSSO,Experiment F: existing + normalized V/I + rank + V-I coupled,RandomForest,ThreePhase,24
968,ieee30,ThreePhase,24,10.0,45,SSO25Hz_M01,Experiment F: existing + normalized V/I + rank + V-I coupled,RandomForest,ThreePhase,24
969,ieee30,ThreePhase,24,10.0,45,SSO25Hz_M03,Experiment F: existing + normalized V/I + rank + V-I coupled,RandomForest,ThreePhase,24
970,ieee30,ThreePhase,24,10.0,90,NoSSO,Experiment F: existing + normalized V/I + rank + V-I coupled,RandomForest,ThreePhase,24
971,ieee30,ThreePhase,24,10.0,90,SSO25Hz_M01,Experiment F: existing + normalized V/I + rank + V-I coupled,RandomForest,ThreePhase,24
972,ieee30,ThreePhase,24,10.0,90,SSO25Hz_M03,Experiment F: existing + normalized V/I + rank + V-I coupled,RandomForest,ThreePhase,24
991,ieee30,SLG,30,10.0,0,NoSSO,Experiment F: existing + normalized V/I + rank + V-I coupled,RandomForest,ThreePhase,30
992,ieee30,SLG,30,10.0,0,SSO25Hz_M01,Experiment F: existing + normalized V/I + rank + V-I coupled,RandomForest,ThreePhase,30
993,ieee30,SLG,30,10.0,0,SSO25Hz_M03,Experiment F: existing + normalized V/I + rank + V-I coupled,RandomForest,ThreePhase,30
994,ieee30,SLG,30,10.0,45,NoSSO,Experiment F: existing + normalized V/I + rank + V-I coupled,RandomForest,ThreePhase,30
995,ieee30,SLG,30,10.0,45,SSO25Hz_M01,Experiment F: existing + normalized V/I + rank + V-I coupled,RandomForest,ThreePhase,30
996,ieee30,SLG,30,10.0,45,SSO25Hz_M03,Experiment F: existing + normalized V/I + rank + V-I coupled,RandomForest,ThreePhase,30
997,ieee30,SLG,30,10.0,90,NoSSO,Experiment F: existing + normalized V/I + rank + V-I coupled,RandomForest,ThreePhase,30
998,ieee30,SLG,30,10.0,90,SSO25Hz_M01,Experiment F: existing + normalized V/I + rank + V-I coupled,RandomForest,ThreePhase,30
999,ieee30,SLG,30,10.0,90,SSO25Hz_M03,Experiment F: existing + normalized V/I + rank + V-I coupled,RandomForest,ThreePhase,30
1018,ieee30,LL,30,10.0,0,NoSSO,Experiment F: existing + normalized V/I + rank + V-I coupled,RandomForest,ThreePhase,30
1019,ieee30,LL,30,10.0,0,SSO25Hz_M01,Experiment F: existing + normalized V/I + rank + V-I coupled,RandomForest,ThreePhase,30
1020,ieee30,LL,30,10.0,0,SSO25Hz_M03,Experiment F: existing + normalized V/I + rank + V-I coupled,RandomForest,ThreePhase,30
1021,ieee30,LL,30,10.0,45,NoSSO,Experiment F: existing + normalized V/I + rank + V-I coupled,RandomForest,ThreePhase,30
1022,ieee30,LL,30,10.0,45,SSO25Hz_M01,Experiment F: existing + normalized V/I + rank + V-I coupled,RandomForest,ThreePhase,30
1023,ieee30,LL,30,10.0,45,SSO25Hz_M03,Experiment F: existing + normalized V/I + rank + V-I coupled,RandomForest,ThreePhase,30
1024,ieee30,LL,30,10.0,90,NoSSO,Experiment F: existing + normalized V/I + rank + V-I coupled,RandomForest,ThreePhase,30
1025,ieee30,LL,30,10.0,90,SSO25Hz_M01,Experiment F: existing + normalized V/I + rank + V-I coupled,RandomForest,ThreePhase,30
1026,ieee30,LL,30,10.0,90,SSO25Hz_M03,Experiment F: existing + normalized V/I + rank + V-I coupled,RandomForest,ThreePhase,30
1045,ieee30,LLG,30,10.0,0,NoSSO,Experiment F: existing + normalized V/I + rank + V-I coupled,RandomForest,ThreePhase,30
1046,ieee30,LLG,30,10.0,0,SSO25Hz_M01,Experiment F: existing + normalized V/I + rank + V-I coupled,RandomForest,ThreePhase,30
1047,ieee30,LLG,30,10.0,0,SSO25Hz_M03,Experiment F: existing + normalized V/I + rank + V-I coupled,RandomForest,ThreePhase,30
1048,ieee30,LLG,30,10.0,45,NoSSO,Experiment F: existing + normalized V/I + rank + V-I coupled,RandomForest,ThreePhase,30
1049,ieee30,LLG,30,10.0,45,SSO25Hz_M01,Experiment F: existing + normalized V/I + rank + V-I coupled,RandomForest,ThreePhase,30
1050,ieee30,LLG,30,10.0,45,SSO25Hz_M03,Experiment F: existing + normalized V/I + rank + V-I coupled,RandomForest,ThreePhase,30
1051,ieee30,LLG,30,10.0,90,NoSSO,Experiment F: existing + normalized V/I + rank + V-I coupled,RandomForest,ThreePhase,30
1052,ieee30,LLG,30,10.0,90,SSO25Hz_M01,Experiment F: existing + normalized V/I + rank + V-I coupled,RandomForest,ThreePhase,30
1053,ieee30,LLG,30,10.0,90,SSO25Hz_M03,Experiment F: existing + normalized V/I + rank + V-I coupled,RandomForest,ThreePhase,30
1072,ieee30,ThreePhase,30,10.0,0,NoSSO,Experiment F: existing + normalized V/I + rank + V-I coupled,RandomForest,ThreePhase,30
1073,ieee30,ThreePhase,30,10.0,0,SSO25Hz_M01,Experiment F: existing + normalized V/I + rank + V-I coupled,RandomForest,ThreePhase,30
1074,ieee30,ThreePhase,30,10.0,0,SSO25Hz_M03,Experiment F: existing + normalized V/I + rank + V-I coupled,RandomForest,ThreePhase,30
1075,ieee30,ThreePhase,30,10.0,45,NoSSO,Experiment F: existing + normalized V/I + rank + V-I coupled,RandomForest,ThreePhase,30
1076,ieee30,ThreePhase,30,10.0,45,SSO25Hz_M01,Experiment F: existing + normalized V/I + rank + V-I coupled,RandomForest,ThreePhase,30
1077,ieee30,ThreePhase,30,10.0,45,SSO25Hz_M03,Experiment F: existing + normalized V/I + rank + V-I coupled,RandomForest,ThreePhase,30
1078,ieee30,ThreePhase,30,10.0,90,NoSSO,Experiment F: existing + normalized V/I + rank + V-I coupled,RandomForest,ThreePhase,30
1079,ieee30,ThreePhase,30,10.0,90,SSO25Hz_M01,Experiment F: existing + normalized V/I + rank + V-I coupled,RandomForest,ThreePhase,30
1080,ieee30,ThreePhase,30,10.0,90,SSO25Hz_M03,Experiment F: existing + normalized V/I + rank + V-I coupled,RandomForest,ThreePhase,30
559,ieee30,SLG,1,10.0,0,NoSSO,Experiment F: existing + normalized V/I + rank + V-I coupled,ExtraTrees,ThreePhase,1
560,ieee30,SLG,1,10.0,0,SSO25Hz_M01,Experiment F: existing + normalized V/I + rank + V-I coupled,ExtraTrees,ThreePhase,1
561,ieee30,SLG,1,10.0,0,SSO25Hz_M03,Experiment F: existing + normalized V/I + rank + V-I coupled,ExtraTrees,ThreePhase,1
562,ieee30,SLG,1,10.0,45,NoSSO,Experiment F: existing + normalized V/I + rank + V-I coupled,ExtraTrees,ThreePhase,1
563,ieee30,SLG,1,10.0,45,SSO25Hz_M01,Experiment F: existing + normalized V/I + rank + V-I coupled,ExtraTrees,ThreePhase,1
564,ieee30,SLG,1,10.0,45,SSO25Hz_M03,Experiment F: existing + normalized V/I + rank + V-I coupled,ExtraTrees,ThreePhase,1
565,ieee30,SLG,1,10.0,90,NoSSO,Experiment F: existing + normalized V/I + rank + V-I coupled,ExtraTrees,ThreePhase,1
566,ieee30,SLG,1,10.0,90,SSO25Hz_M01,Experiment F: existing + normalized V/I + rank + V-I coupled,ExtraTrees,ThreePhase,1
567,ieee30,SLG,1,10.0,90,SSO25Hz_M03,Experiment F: existing + normalized V/I + rank + V-I coupled,ExtraTrees,ThreePhase,1
586,ieee30,LL,1,10.0,0,NoSSO,Experiment F: existing + normalized V/I + rank + V-I coupled,ExtraTrees,ThreePhase,1
587,ieee30,LL,1,10.0,0,SSO25Hz_M01,Experiment F: existing + normalized V/I + rank + V-I coupled,ExtraTrees,ThreePhase,1
588,ieee30,LL,1,10.0,0,SSO25Hz_M03,Experiment F: existing + normalized V/I + rank + V-I coupled,ExtraTrees,ThreePhase,1
589,ieee30,LL,1,10.0,45,NoSSO,Experiment F: existing + normalized V/I + rank + V-I coupled,ExtraTrees,ThreePhase,1
590,ieee30,LL,1,10.0,45,SSO25Hz_M01,Experiment F: existing + normalized V/I + rank + V-I coupled,ExtraTrees,ThreePhase,1
591,ieee30,LL,1,10.0,45,SSO25Hz_M03,Experiment F: existing + normalized V/I + rank + V-I coupled,ExtraTrees,ThreePhase,1
592,ieee30,LL,1,10.0,90,NoSSO,Experiment F: existing + normalized V/I + rank + V-I coupled,ExtraTrees,ThreePhase,1
593,ieee30,LL,1,10.0,90,SSO25Hz_M01,Experiment F: existing + normalized V/I + rank + V-I coupled,ExtraTrees,ThreePhase,1
594,ieee30,LL,1,10.0,90,SSO25Hz_M03,Experiment F: existing + normalized V/I + rank + V-I coupled,ExtraTrees,ThreePhase,1
613,ieee30,LLG,1,10.0,0,NoSSO,Experiment F: existing + normalized V/I + rank + V-I coupled,ExtraTrees,ThreePhase,1
614,ieee30,LLG,1,10.0,0,SSO25Hz_M01,Experiment F: existing + normalized V/I + rank + V-I coupled,ExtraTrees,ThreePhase,1
615,ieee30,LLG,1,10.0,0,SSO25Hz_M03,Experiment F: existing + normalized V/I + rank + V-I coupled,ExtraTrees,ThreePhase,1
616,ieee30,LLG,1,10.0,45,NoSSO,Experiment F: existing + normalized V/I + rank + V-I coupled,ExtraTrees,ThreePhase,1
617,ieee30,LLG,1,10.0,45,SSO25Hz_M01,Experiment F: existing + normalized V/I + rank + V-I coupled,ExtraTrees,ThreePhase,1
618,ieee30,LLG,1,10.0,45,SSO25Hz_M03,Experiment F: existing + normalized V/I + rank + V-I coupled,ExtraTrees,ThreePhase,1
619,ieee30,LLG,1,10.0,90,NoSSO,Experiment F: existing + normalized V/I + rank + V-I coupled,ExtraTrees,ThreePhase,1
620,ieee30,LLG,1,10.0,90,SSO25Hz_M01,Experiment F: existing + normalized V/I + rank + V-I coupled,ExtraTrees,ThreePhase,1
621,ieee30,LLG,1,10.0,90,SSO25Hz_M03,Experiment F: existing + normalized V/I + rank + V-I coupled,ExtraTrees,ThreePhase,1
640,ieee30,ThreePhase,1,10.0,0,NoSSO,Experiment F: existing + normalized V/I + rank + V-I coupled,ExtraTrees,ThreePhase,1
641,ieee30,ThreePhase,1,10.0,0,SSO25Hz_M01,Experiment F: existing + normalized V/I + rank + V-I coupled,ExtraTrees,ThreePhase,1
642,ieee30,ThreePhase,1,10.0,0,SSO25Hz_M03,Experiment F: existing + normalized V/I + rank + V-I coupled,ExtraTrees,ThreePhase,1
643,ieee30,ThreePhase,1,10.0,45,NoSSO,Experiment F: existing + normalized V/I + rank + V-I coupled,ExtraTrees,ThreePhase,1
644,ieee30,ThreePhase,1,10.0,45,SSO25Hz_M01,Experiment F: existing + normalized V/I + rank + V-I coupled,ExtraTrees,ThreePhase,1
645,ieee30,ThreePhase,1,10.0,45,SSO25Hz_M03,Experiment F: existing + normalized V/I + rank + V-I coupled,ExtraTrees,ThreePhase,1
646,ieee30,ThreePhase,1,10.0,90,NoSSO,Experiment F: existing + normalized V/I + rank + V-I coupled,ExtraTrees,ThreePhase,1
647,ieee30,ThreePhase,1,10.0,90,SSO25Hz_M01,Experiment F: existing + normalized V/I + rank + V-I coupled,ExtraTrees,ThreePhase,1
648,ieee30,ThreePhase,1,10.0,90,SSO25Hz_M03,Experiment F: existing + normalized V/I + rank + V-I coupled,ExtraTrees,ThreePhase,1
667,ieee30,SLG,6,10.0,0,NoSSO,Experiment F: existing + normalized V/I + rank + V-I coupled,ExtraTrees,ThreePhase,6
668,ieee30,SLG,6,10.0,0,SSO25Hz_M01,Experiment F: existing + normalized V/I + rank + V-I coupled,ExtraTrees,ThreePhase,6
669,ieee30,SLG,6,10.0,0,SSO25Hz_M03,Experiment F: existing + normalized V/I + rank + V-I coupled,ExtraTrees,ThreePhase,6
670,ieee30,SLG,6,10.0,45,NoSSO,Experiment F: existing + normalized V/I + rank + V-I coupled,ExtraTrees,ThreePhase,6
671,ieee30,SLG,6,10.0,45,SSO25Hz_M01,Experiment F: existing + normalized V/I + rank + V-I coupled,ExtraTrees,ThreePhase,6
672,ieee30,SLG,6,10.0,45,SSO25Hz_M03,Experiment F: existing + normalized V/I + rank + V-I coupled,ExtraTrees,ThreePhase,6
673,ieee30,SLG,6,10.0,90,NoSSO,Experiment F: existing + normalized V/I + rank + V-I coupled,ExtraTrees,ThreePhase,6
674,ieee30,SLG,6,10.0,90,SSO25Hz_M01,Experiment F: existing + normalized V/I + rank + V-I coupled,ExtraTrees,ThreePhase,6
675,ieee30,SLG,6,10.0,90,SSO25Hz_M03,Experiment F: existing + normalized V/I + rank + V-I coupled,ExtraTrees,ThreePhase,6
694,ieee30,LL,6,10.0,0,NoSSO,Experiment F: existing + normalized V/I + rank + V-I coupled,ExtraTrees,ThreePhase,6
695,ieee30,LL,6,10.0,0,SSO25Hz_M01,Experiment F: existing + normalized V/I + rank + V-I coupled,ExtraTrees,ThreePhase,6
696,ieee30,LL,6,10.0,0,SSO25Hz_M03,Experiment F: existing + normalized V/I + rank + V-I coupled,ExtraTrees,ThreePhase,6
697,ieee30,LL,6,10.0,45,NoSSO,Experiment F: existing + normalized V/I + rank + V-I coupled,ExtraTrees,ThreePhase,6
698,ieee30,LL,6,10.0,45,SSO25Hz_M01,Experiment F: existing + normalized V/I + rank + V-I coupled,ExtraTrees,ThreePhase,6
699,ieee30,LL,6,10.0,45,SSO25Hz_M03,Experiment F: existing + normalized V/I + rank + V-I coupled,ExtraTrees,ThreePhase,6
700,ieee30,LL,6,10.0,90,NoSSO,Experiment F: existing + normalized V/I + rank + V-I coupled,ExtraTrees,ThreePhase,6
701,ieee30,LL,6,10.0,90,SSO25Hz_M01,Experiment F: existing + normalized V/I + rank + V-I coupled,ExtraTrees,ThreePhase,6
702,ieee30,LL,6,10.0,90,SSO25Hz_M03,Experiment F: existing + normalized V/I + rank + V-I coupled,ExtraTrees,ThreePhase,6
721,ieee30,LLG,6,10.0,0,NoSSO,Experiment F: existing + normalized V/I + rank + V-I coupled,ExtraTrees,ThreePhase,6
722,ieee30,LLG,6,10.0,0,SSO25Hz_M01,Experiment F: existing + normalized V/I + rank + V-I coupled,ExtraTrees,ThreePhase,6
723,ieee30,LLG,6,10.0,0,SSO25Hz_M03,Experiment F: existing + normalized V/I + rank + V-I coupled,ExtraTrees,ThreePhase,6
724,ieee30,LLG,6,10.0,45,NoSSO,Experiment F: existing + normalized V/I + rank + V-I coupled,ExtraTrees,ThreePhase,6
725,ieee30,LLG,6,10.0,45,SSO25Hz_M01,Experiment F: existing + normalized V/I + rank + V-I coupled,ExtraTrees,ThreePhase,6
726,ieee30,LLG,6,10.0,45,SSO25Hz_M03,Experiment F: existing + normalized V/I + rank + V-I coupled,ExtraTrees,ThreePhase,6
727,ieee30,LLG,6,10.0,90,NoSSO,Experiment F: existing + normalized V/I + rank + V-I coupled,ExtraTrees,ThreePhase,6
728,ieee30,LLG,6,10.0,90,SSO25Hz_M01,Experiment F: existing + normalized V/I + rank + V-I coupled,ExtraTrees,ThreePhase,6
729,ieee30,LLG,6,10.0,90,SSO25Hz_M03,Experiment F: existing + normalized V/I + rank + V-I coupled,ExtraTrees,ThreePhase,6
748,ieee30,ThreePhase,6,10.0,0,NoSSO,Experiment F: existing + normalized V/I + rank + V-I coupled,ExtraTrees,ThreePhase,6
749,ieee30,ThreePhase,6,10.0,0,SSO25Hz_M01,Experiment F: existing + normalized V/I + rank + V-I coupled,ExtraTrees,ThreePhase,6
750,ieee30,ThreePhase,6,10.0,0,SSO25Hz_M03,Experiment F: existing + normalized V/I + rank + V-I coupled,ExtraTrees,ThreePhase,6
751,ieee30,ThreePhase,6,10.0,45,NoSSO,Experiment F: existing + normalized V/I + rank + V-I coupled,ExtraTrees,ThreePhase,6
752,ieee30,ThreePhase,6,10.0,45,SSO25Hz_M01,Experiment F: existing + normalized V/I + rank + V-I coupled,ExtraTrees,ThreePhase,6
753,ieee30,ThreePhase,6,10.0,45,SSO25Hz_M03,Experiment F: existing + normalized V/I + rank + V-I coupled,ExtraTrees,ThreePhase,6
754,ieee30,ThreePhase,6,10.0,90,NoSSO,Experiment F: existing + normalized V/I + rank + V-I coupled,ExtraTrees,ThreePhase,6
755,ieee30,ThreePhase,6,10.0,90,SSO25Hz_M01,Experiment F: existing + normalized V/I + rank + V-I coupled,ExtraTrees,ThreePhase,6
756,ieee30,ThreePhase,6,10.0,90,SSO25Hz_M03,Experiment F: existing + normalized V/I + rank + V-I coupled,ExtraTrees,ThreePhase,6
775,ieee30,SLG,10,10.0,0,NoSSO,Experiment F: existing + normalized V/I + rank + V-I coupled,ExtraTrees,ThreePhase,10
776,ieee30,SLG,10,10.0,0,SSO25Hz_M01,Experiment F: existing + normalized V/I + rank + V-I coupled,ExtraTrees,ThreePhase,10
777,ieee30,SLG,10,10.0,0,SSO25Hz_M03,Experiment F: existing + normalized V/I + rank + V-I coupled,ExtraTrees,ThreePhase,10
778,ieee30,SLG,10,10.0,45,NoSSO,Experiment F: existing + normalized V/I + rank + V-I coupled,ExtraTrees,ThreePhase,10
779,ieee30,SLG,10,10.0,45,SSO25Hz_M01,Experiment F: existing + normalized V/I + rank + V-I coupled,ExtraTrees,ThreePhase,10
780,ieee30,SLG,10,10.0,45,SSO25Hz_M03,Experiment F: existing + normalized V/I + rank + V-I coupled,ExtraTrees,ThreePhase,10
781,ieee30,SLG,10,10.0,90,NoSSO,Experiment F: existing + normalized V/I + rank + V-I coupled,ExtraTrees,ThreePhase,10
782,ieee30,SLG,10,10.0,90,SSO25Hz_M01,Experiment F: existing + normalized V/I + rank + V-I coupled,ExtraTrees,ThreePhase,10
783,ieee30,SLG,10,10.0,90,SSO25Hz_M03,Experiment F: existing + normalized V/I + rank + V-I coupled,ExtraTrees,ThreePhase,10
802,ieee30,LL,10,10.0,0,NoSSO,Experiment F: existing + normalized V/I + rank + V-I coupled,ExtraTrees,ThreePhase,10
803,ieee30,LL,10,10.0,0,SSO25Hz_M01,Experiment F: existing + normalized V/I + rank + V-I coupled,ExtraTrees,ThreePhase,10
804,ieee30,LL,10,10.0,0,SSO25Hz_M03,Experiment F: existing + normalized V/I + rank + V-I coupled,ExtraTrees,ThreePhase,10
805,ieee30,LL,10,10.0,45,NoSSO,Experiment F: existing + normalized V/I + rank + V-I coupled,ExtraTrees,ThreePhase,10
806,ieee30,LL,10,10.0,45,SSO25Hz_M01,Experiment F: existing + normalized V/I + rank + V-I coupled,ExtraTrees,ThreePhase,10
807,ieee30,LL,10,10.0,45,SSO25Hz_M03,Experiment F: existing + normalized V/I + rank + V-I coupled,ExtraTrees,ThreePhase,10
808,ieee30,LL,10,10.0,90,NoSSO,Experiment F: existing + normalized V/I + rank + V-I coupled,ExtraTrees,ThreePhase,10
809,ieee30,LL,10,10.0,90,SSO25Hz_M01,Experiment F: existing + normalized V/I + rank + V-I coupled,ExtraTrees,ThreePhase,10
810,ieee30,LL,10,10.0,90,SSO25Hz_M03,Experiment F: existing + normalized V/I + rank + V-I coupled,ExtraTrees,ThreePhase,10
829,ieee30,LLG,10,10.0,0,NoSSO,Experiment F: existing + normalized V/I + rank + V-I coupled,ExtraTrees,ThreePhase,10
830,ieee30,LLG,10,10.0,0,SSO25Hz_M01,Experiment F: existing + normalized V/I + rank + V-I coupled,ExtraTrees,ThreePhase,10
831,ieee30,LLG,10,10.0,0,SSO25Hz_M03,Experiment F: existing + normalized V/I + rank + V-I coupled,ExtraTrees,ThreePhase,10
832,ieee30,LLG,10,10.0,45,NoSSO,Experiment F: existing + normalized V/I + rank + V-I coupled,ExtraTrees,ThreePhase,10
833,ieee30,LLG,10,10.0,45,SSO25Hz_M01,Experiment F: existing + normalized V/I + rank + V-I coupled,ExtraTrees,ThreePhase,10
834,ieee30,LLG,10,10.0,45,SSO25Hz_M03,Experiment F: existing + normalized V/I + rank + V-I coupled,ExtraTrees,ThreePhase,10
835,ieee30,LLG,10,10.0,90,NoSSO,Experiment F: existing + normalized V/I + rank + V-I coupled,ExtraTrees,ThreePhase,10
836,ieee30,LLG,10,10.0,90,SSO25Hz_M01,Experiment F: existing + normalized V/I + rank + V-I coupled,ExtraTrees,ThreePhase,10
837,ieee30,LLG,10,10.0,90,SSO25Hz_M03,Experiment F: existing + normalized V/I + rank + V-I coupled,ExtraTrees,ThreePhase,10
856,ieee30,ThreePhase,10,10.0,0,NoSSO,Experiment F: existing + normalized V/I + rank + V-I coupled,ExtraTrees,ThreePhase,10
857,ieee30,ThreePhase,10,10.0,0,SSO25Hz_M01,Experiment F: existing + normalized V/I + rank + V-I coupled,ExtraTrees,ThreePhase,10
858,ieee30,ThreePhase,10,10.0,0,SSO25Hz_M03,Experiment F: existing + normalized V/I + rank + V-I coupled,ExtraTrees,ThreePhase,10
859,ieee30,ThreePhase,10,10.0,45,NoSSO,Experiment F: existing + normalized V/I + rank + V-I coupled,ExtraTrees,ThreePhase,10
860,ieee30,ThreePhase,10,10.0,45,SSO25Hz_M01,Experiment F: existing + normalized V/I + rank + V-I coupled,ExtraTrees,ThreePhase,10
861,ieee30,ThreePhase,10,10.0,45,SSO25Hz_M03,Experiment F: existing + normalized V/I + rank + V-I coupled,ExtraTrees,ThreePhase,10
862,ieee30,ThreePhase,10,10.0,90,NoSSO,Experiment F: existing + normalized V/I + rank + V-I coupled,ExtraTrees,ThreePhase,10
863,ieee30,ThreePhase,10,10.0,90,SSO25Hz_M01,Experiment F: existing + normalized V/I + rank + V-I coupled,ExtraTrees,ThreePhase,10
864,ieee30,ThreePhase,10,10.0,90,SSO25Hz_M03,Experiment F: existing + normalized V/I + rank + V-I coupled,ExtraTrees,ThreePhase,10
883,ieee30,SLG,24,10.0,0,NoSSO,Experiment F: existing + normalized V/I + rank + V-I coupled,ExtraTrees,ThreePhase,24
884,ieee30,SLG,24,10.0,0,SSO25Hz_M01,Experiment F: existing + normalized V/I + rank + V-I coupled,ExtraTrees,SLG,24
885,ieee30,SLG,24,10.0,0,SSO25Hz_M03,Experiment F: existing + normalized V/I + rank + V-I coupled,ExtraTrees,SLG,24
886,ieee30,SLG,24,10.0,45,NoSSO,Experiment F: existing + normalized V/I + rank + V-I coupled,ExtraTrees,ThreePhase,24
887,ieee30,SLG,24,10.0,45,SSO25Hz_M01,Experiment F: existing + normalized V/I + rank + V-I coupled,ExtraTrees,ThreePhase,24
888,ieee30,SLG,24,10.0,45,SSO25Hz_M03,Experiment F: existing + normalized V/I + rank + V-I coupled,ExtraTrees,ThreePhase,24
889,ieee30,SLG,24,10.0,90,NoSSO,Experiment F: existing + normalized V/I + rank + V-I coupled,ExtraTrees,ThreePhase,24
890,ieee30,SLG,24,10.0,90,SSO25Hz_M01,Experiment F: existing + normalized V/I + rank + V-I coupled,ExtraTrees,ThreePhase,24
891,ieee30,SLG,24,10.0,90,SSO25Hz_M03,Experiment F: existing + normalized V/I + rank + V-I coupled,ExtraTrees,ThreePhase,24
910,ieee30,LL,24,10.0,0,NoSSO,Experiment F: existing + normalized V/I + rank + V-I coupled,ExtraTrees,LL,24
911,ieee30,LL,24,10.0,0,SSO25Hz_M01,Experiment F: existing + normalized V/I + rank + V-I coupled,ExtraTrees,ThreePhase,24
912,ieee30,LL,24,10.0,0,SSO25Hz_M03,Experiment F: existing + normalized V/I + rank + V-I coupled,ExtraTrees,ThreePhase,24
913,ieee30,LL,24,10.0,45,NoSSO,Experiment F: existing + normalized V/I + rank + V-I coupled,ExtraTrees,LL,24
914,ieee30,LL,24,10.0,45,SSO25Hz_M01,Experiment F: existing + normalized V/I + rank + V-I coupled,ExtraTrees,ThreePhase,24
915,ieee30,LL,24,10.0,45,SSO25Hz_M03,Experiment F: existing + normalized V/I + rank + V-I coupled,ExtraTrees,ThreePhase,24
916,ieee30,LL,24,10.0,90,NoSSO,Experiment F: existing + normalized V/I + rank + V-I coupled,ExtraTrees,ThreePhase,24
917,ieee30,LL,24,10.0,90,SSO25Hz_M01,Experiment F: existing + normalized V/I + rank + V-I coupled,ExtraTrees,ThreePhase,24
918,ieee30,LL,24,10.0,90,SSO25Hz_M03,Experiment F: existing + normalized V/I + rank + V-I coupled,ExtraTrees,ThreePhase,24
937,ieee30,LLG,24,10.0,0,NoSSO,Experiment F: existing + normalized V/I + rank + V-I coupled,ExtraTrees,ThreePhase,24
938,ieee30,LLG,24,10.0,0,SSO25Hz_M01,Experiment F: existing + normalized V/I + rank + V-I coupled,ExtraTrees,ThreePhase,24
939,ieee30,LLG,24,10.0,0,SSO25Hz_M03,Experiment F: existing + normalized V/I + rank + V-I coupled,ExtraTrees,ThreePhase,24
940,ieee30,LLG,24,10.0,45,NoSSO,Experiment F: existing + normalized V/I + rank + V-I coupled,ExtraTrees,ThreePhase,24
941,ieee30,LLG,24,10.0,45,SSO25Hz_M01,Experiment F: existing + normalized V/I + rank + V-I coupled,ExtraTrees,ThreePhase,24
942,ieee30,LLG,24,10.0,45,SSO25Hz_M03,Experiment F: existing + normalized V/I + rank + V-I coupled,ExtraTrees,ThreePhase,24
943,ieee30,LLG,24,10.0,90,NoSSO,Experiment F: existing + normalized V/I + rank + V-I coupled,ExtraTrees,ThreePhase,24
944,ieee30,LLG,24,10.0,90,SSO25Hz_M01,Experiment F: existing + normalized V/I + rank + V-I coupled,ExtraTrees,ThreePhase,24
945,ieee30,LLG,24,10.0,90,SSO25Hz_M03,Experiment F: existing + normalized V/I + rank + V-I coupled,ExtraTrees,ThreePhase,24
964,ieee30,ThreePhase,24,10.0,0,NoSSO,Experiment F: existing + normalized V/I + rank + V-I coupled,ExtraTrees,ThreePhase,24
965,ieee30,ThreePhase,24,10.0,0,SSO25Hz_M01,Experiment F: existing + normalized V/I + rank + V-I coupled,ExtraTrees,ThreePhase,24
966,ieee30,ThreePhase,24,10.0,0,SSO25Hz_M03,Experiment F: existing + normalized V/I + rank + V-I coupled,ExtraTrees,ThreePhase,24
967,ieee30,ThreePhase,24,10.0,45,NoSSO,Experiment F: existing + normalized V/I + rank + V-I coupled,ExtraTrees,ThreePhase,24
968,ieee30,ThreePhase,24,10.0,45,SSO25Hz_M01,Experiment F: existing + normalized V/I + rank + V-I coupled,ExtraTrees,ThreePhase,24
969,ieee30,ThreePhase,24,10.0,45,SSO25Hz_M03,Experiment F: existing + normalized V/I + rank + V-I coupled,ExtraTrees,ThreePhase,24
970,ieee30,ThreePhase,24,10.0,90,NoSSO,Experiment F: existing + normalized V/I + rank + V-I coupled,ExtraTrees,ThreePhase,24
971,ieee30,ThreePhase,24,10.0,90,SSO25Hz_M01,Experiment F: existing + normalized V/I + rank + V-I coupled,ExtraTrees,ThreePhase,24
972,ieee30,ThreePhase,24,10.0,90,SSO25Hz_M03,Experiment F: existing + normalized V/I + rank + V-I coupled,ExtraTrees,ThreePhase,24
991,ieee30,SLG,30,10.0,0,NoSSO,Experiment F: existing + normalized V/I + rank + V-I coupled,ExtraTrees,ThreePhase,30
992,ieee30,SLG,30,10.0,0,SSO25Hz_M01,Experiment F: existing + normalized V/I + rank + V-I coupled,ExtraTrees,ThreePhase,30
993,ieee30,SLG,30,10.0,0,SSO25Hz_M03,Experiment F: existing + normalized V/I + rank + V-I coupled,ExtraTrees,ThreePhase,30
994,ieee30,SLG,30,10.0,45,NoSSO,Experiment F: existing + normalized V/I + rank + V-I coupled,ExtraTrees,ThreePhase,30
995,ieee30,SLG,30,10.0,45,SSO25Hz_M01,Experiment F: existing + normalized V/I + rank + V-I coupled,ExtraTrees,ThreePhase,30
996,ieee30,SLG,30,10.0,45,SSO25Hz_M03,Experiment F: existing + normalized V/I + rank + V-I coupled,ExtraTrees,ThreePhase,30
997,ieee30,SLG,30,10.0,90,NoSSO,Experiment F: existing + normalized V/I + rank + V-I coupled,ExtraTrees,ThreePhase,30
998,ieee30,SLG,30,10.0,90,SSO25Hz_M01,Experiment F: existing + normalized V/I + rank + V-I coupled,ExtraTrees,ThreePhase,30
999,ieee30,SLG,30,10.0,90,SSO25Hz_M03,Experiment F: existing + normalized V/I + rank + V-I coupled,ExtraTrees,ThreePhase,30
1018,ieee30,LL,30,10.0,0,NoSSO,Experiment F: existing + normalized V/I + rank + V-I coupled,ExtraTrees,ThreePhase,30
1019,ieee30,LL,30,10.0,0,SSO25Hz_M01,Experiment F: existing + normalized V/I + rank + V-I coupled,ExtraTrees,ThreePhase,30
1020,ieee30,LL,30,10.0,0,SSO25Hz_M03,Experiment F: existing + normalized V/I + rank + V-I coupled,ExtraTrees,ThreePhase,30
1021,ieee30,LL,30,10.0,45,NoSSO,Experiment F: existing + normalized V/I + rank + V-I coupled,ExtraTrees,LL,30
1022,ieee30,LL,30,10.0,45,SSO25Hz_M01,Experiment F: existing + normalized V/I + rank + V-I coupled,ExtraTrees,ThreePhase,30
1023,ieee30,LL,30,10.0,45,SSO25Hz_M03,Experiment F: existing + normalized V/I + rank + V-I coupled,ExtraTrees,ThreePhase,30
1024,ieee30,LL,30,10.0,90,NoSSO,Experiment F: existing + normalized V/I + rank + V-I coupled,ExtraTrees,ThreePhase,30
1025,ieee30,LL,30,10.0,90,SSO25Hz_M01,Experiment F: existing + normalized V/I + rank + V-I coupled,ExtraTrees,ThreePhase,30
1026,ieee30,LL,30,10.0,90,SSO25Hz_M03,Experiment F: existing + normalized V/I + rank + V-I coupled,ExtraTrees,ThreePhase,30
1045,ieee30,LLG,30,10.0,0,NoSSO,Experiment F: existing + normalized V/I + rank + V-I coupled,ExtraTrees,ThreePhase,30
1046,ieee30,LLG,30,10.0,0,SSO25Hz_M01,Experiment F: existing + normalized V/I + rank + V-I coupled,ExtraTrees,ThreePhase,30
1047,ieee30,LLG,30,10.0,0,SSO25Hz_M03,Experiment F: existing + normalized V/I + rank + V-I coupled,ExtraTrees,ThreePhase,30
1048,ieee30,LLG,30,10.0,45,NoSSO,Experiment F: existing + normalized V/I + rank + V-I coupled,ExtraTrees,ThreePhase,30
1049,ieee30,LLG,30,10.0,45,SSO25Hz_M01,Experiment F: existing + normalized V/I + rank + V-I coupled,ExtraTrees,ThreePhase,30
1050,ieee30,LLG,30,10.0,45,SSO25Hz_M03,Experiment F: existing + normalized V/I + rank + V-I coupled,ExtraTrees,ThreePhase,30
1051,ieee30,LLG,30,10.0,90,NoSSO,Experiment F: existing + normalized V/I + rank + V-I coupled,ExtraTrees,ThreePhase,30
1052,ieee30,LLG,30,10.0,90,SSO25Hz_M01,Experiment F: existing + normalized V/I + rank + V-I coupled,ExtraTrees,ThreePhase,30
1053,ieee30,LLG,30,10.0,90,SSO25Hz_M03,Experiment F: existing + normalized V/I + rank + V-I coupled,ExtraTrees,ThreePhase,30
1072,ieee30,ThreePhase,30,10.0,0,NoSSO,Experiment F: existing + normalized V/I + rank + V-I coupled,ExtraTrees,ThreePhase,30
1073,ieee30,ThreePhase,30,10.0,0,SSO25Hz_M01,Experiment F: existing + normalized V/I + rank + V-I coupled,ExtraTrees,ThreePhase,30
1074,ieee30,ThreePhase,30,10.0,0,SSO25Hz_M03,Experiment F: existing + normalized V/I + rank + V-I coupled,ExtraTrees,ThreePhase,30
1075,ieee30,ThreePhase,30,10.0,45,NoSSO,Experiment F: existing + normalized V/I + rank + V-I coupled,ExtraTrees,ThreePhase,30
1076,ieee30,ThreePhase,30,10.0,45,SSO25Hz_M01,Experiment F: existing + normalized V/I + rank + V-I coupled,ExtraTrees,ThreePhase,30
1077,ieee30,ThreePhase,30,10.0,45,SSO25Hz_M03,Experiment F: existing + normalized V/I + rank + V-I coupled,ExtraTrees,ThreePhase,30
1078,ieee30,ThreePhase,30,10.0,90,NoSSO,Experiment F: existing + normalized V/I + rank + V-I coupled,ExtraTrees,ThreePhase,30
1079,ieee30,ThreePhase,30,10.0,90,SSO25Hz_M01,Experiment F: existing + normalized V/I + rank + V-I coupled,ExtraTrees,ThreePhase,30
1080,ieee30,ThreePhase,30,10.0,90,SSO25Hz_M03,Experiment F: existing + normalized V/I + rank + V-I coupled,ExtraTrees,ThreePhase,30
