CaseID,WMUCount,DeltaISum,DeltaVSum,SmallDeltaISum,SmallDeltaVSum,Network
1,3,1.0696154788202456e-08,0.18444838012638765,False,False,ieee14
2,3,1.0697087336587689e-08,0.18351236375151525,False,False,ieee14
3,3,1.0698932105911144e-08,0.1837435812564776,False,False,ieee14
4,3,1.0561943935284523e-08,0.12840233959889846,False,False,ieee14
5,3,1.056279525106626e-08,0.12121094011343758,False,False,ieee14
6,3,1.0564432458782134e-08,0.12105805870199637,False,False,ieee14
7,3,1.0147457499958479e-08,0.1800253700486465,False,False,ieee14
8,3,1.0148076189170406e-08,0.17463380972091413,False,False,ieee14
9,3,1.0149310132912407e-08,0.17468324725490159,False,False,ieee14
10,3,4.5245667614828373e-10,0.02003580175779729,True,False,ieee14
11,3,4.534719837791591e-10,0.019907400394310826,True,False,ieee14
12,3,4.554948176895251e-10,0.019687422131454024,True,False,ieee14
13,3,4.4770161318847743e-10,0.02111128245127547,True,False,ieee14
14,3,4.485965658257967e-10,0.020986268931722063,True,False,ieee14
15,3,4.5038033472225177e-10,0.0206881646864715,True,False,ieee14
16,3,4.376022639334309e-10,0.022283387489792417,True,False,ieee14
17,3,4.3825230791830793e-10,0.02224403249849627,True,False,ieee14
18,3,4.395452336696671e-10,0.022305140482867247,True,False,ieee14
19,3,1.7904568299689056e-10,0.00444189731780098,True,False,ieee14
20,3,1.7949005337514607e-10,0.004380655950288026,True,False,ieee14
21,3,1.8038155535994615e-10,0.004297371079835188,True,False,ieee14
22,3,1.7882435799662914e-10,0.0045622765672653776,True,False,ieee14
23,3,1.7918011902725515e-10,0.004449603085524334,True,False,ieee14
24,3,1.7989431718799237e-10,0.004317348167267587,True,False,ieee14
25,3,1.7817265508044285e-10,0.004664187887574611,True,False,ieee14
26,3,1.7838492014758635e-10,0.004559789081903798,True,False,ieee14
27,3,1.7881123709574495e-10,0.004381637282278694,True,False,ieee14
28,3,1.830643810314096e-08,0.25221634079970034,False,False,ieee14
29,3,1.8307163086854337e-08,0.24860769157096296,False,False,ieee14
30,3,1.830860510569201e-08,0.2511612417845236,False,False,ieee14
31,3,1.767421638064738e-08,0.23832645621042514,False,False,ieee14
32,3,1.7674872335909097e-08,0.2300795102216655,False,False,ieee14
33,3,1.7676144721509188e-08,0.2306356347079328,False,False,ieee14
34,3,1.7483631096838264e-08,0.24695022563528668,False,False,ieee14
35,3,1.7484171551968565e-08,0.24724113706223183,False,False,ieee14
36,3,1.7485242330334798e-08,0.24805344735975554,False,False,ieee14
37,3,7.806103752391983e-10,0.027318169562299932,True,False,ieee14
38,3,7.815252828790434e-10,0.026657548347479465,True,False,ieee14
39,3,7.833478221491664e-10,0.026545856423662584,True,False,ieee14
40,3,7.562950079396251e-10,0.031004798360814823,True,False,ieee14
41,3,7.570893512767048e-10,0.030412127245641463,True,False,ieee14
42,3,7.586700151633179e-10,0.02869793054496028,True,False,ieee14
43,3,7.545435913958512e-10,0.029583791495670697,True,False,ieee14
44,3,7.551587355796346e-10,0.030096273489193637,True,False,ieee14
45,3,7.563819199032185e-10,0.03222694642106039,True,False,ieee14
46,3,2.6051655085177826e-10,0.005415415885014374,True,False,ieee14
47,3,2.6096126709308133e-10,0.005373043217343332,True,False,ieee14
48,3,2.6185348117240824e-10,0.00524489338687506,True,False,ieee14
49,3,2.59492887818016e-10,0.005727648627488646,True,False,ieee14
50,3,2.598512114044765e-10,0.005585426402805238,True,False,ieee14
51,3,2.605704176895508e-10,0.005492560174651828,True,False,ieee14
52,3,2.5930994416396945e-10,0.005633179164655,True,False,ieee14
53,3,2.5952222486884145e-10,0.005513627686481559,True,False,ieee14
54,3,2.5994858265697444e-10,0.005385598681887815,True,False,ieee14
55,3,2.1131684955422084e-08,0.3393805564453062,False,False,ieee14
56,3,2.1132351198506432e-08,0.3342402217247551,False,False,ieee14
57,3,2.113370384862714e-08,0.33867322265381994,False,False,ieee14
58,3,2.0739457055191934e-08,0.34846345449780125,False,False,ieee14
59,3,2.0740065477091658e-08,0.34132600550939285,False,False,ieee14
60,3,2.074127857299164e-08,0.3506687172428018,False,False,ieee14
61,3,2.0635627335006292e-08,0.3057759657523802,False,False,ieee14
62,3,2.0636143410700044e-08,0.30889226766666555,False,False,ieee14
63,3,2.0637161462439947e-08,0.3076818756526142,False,False,ieee14
64,3,9.522971916724087e-10,0.026616117054072408,True,False,ieee14
65,3,9.531632928372252e-10,0.03401331202222413,True,False,ieee14
66,3,9.548588142539138e-10,0.0327914023342768,True,False,ieee14
67,3,9.318253935590548e-10,0.04649468778153787,True,False,ieee14
68,3,9.32565865193268e-10,0.04724137126244832,True,False,ieee14
69,3,9.340451420345501e-10,0.048056940733049336,True,False,ieee14
70,3,9.311057823623932e-10,0.03027051122194735,True,False,ieee14
71,3,9.31673507330817e-10,0.03148045430620816,True,False,ieee14
72,3,9.328055104084765e-10,0.039647559778605235,True,False,ieee14
73,3,3.57843402282567e-10,0.006423296315286486,True,False,ieee14
74,3,3.5828656108203267e-10,0.006379467868783184,True,False,ieee14
75,3,3.591755019262187e-10,0.006258206097633279,True,False,ieee14
76,3,3.569972056537909e-10,0.006641605841523512,True,False,ieee14
77,3,3.573521238829584e-10,0.006512877229508995,True,False,ieee14
78,3,3.58064423691402e-10,0.00637804420435073,True,False,ieee14
79,3,3.568481459560785e-10,0.006571507511337837,True,False,ieee14
80,3,3.570601119012652e-10,0.006416170312649738,True,False,ieee14
81,3,3.574858248720706e-10,0.006282224072235221,True,False,ieee14
82,3,3.161510856427647e-08,0.5200064079777502,False,False,ieee14
83,3,3.16155027617153e-08,0.5181037993233801,False,False,ieee14
84,3,3.161628730937424e-08,0.5371490542225588,False,False,ieee14
85,3,3.1615011533167816e-08,0.5124134502959913,False,False,ieee14
86,3,3.1615401317962504e-08,0.4908390361242857,False,False,ieee14
87,3,3.161618544752235e-08,0.5011574543994046,False,False,ieee14
88,3,3.161509140151335e-08,0.5302272242017649,False,False,ieee14
89,3,3.1615414358764254e-08,0.5258883382571506,False,False,ieee14
90,3,3.1616046151493085e-08,0.5319453135895345,False,False,ieee14
91,3,1.4921556918559292e-09,0.045006654075814834,False,False,ieee14
92,3,1.4928449606470765e-09,0.043577154547855934,False,False,ieee14
93,3,1.4942075357243534e-09,0.047512988586740024,False,False,ieee14
94,3,1.4921469771526607e-09,0.07483932419483386,False,False,ieee14
95,3,1.4927556231879361e-09,0.0742061408353647,False,False,ieee14
96,3,1.493960264110487e-09,0.07400872420504567,False,False,ieee14
97,3,1.4921478543694248e-09,0.09006777349893824,False,False,ieee14
98,3,1.4925849333696086e-09,0.086969949453781,False,False,ieee14
99,3,1.4934457851596051e-09,0.08401111229626468,False,False,ieee14
100,3,5.362333197782476e-10,0.008452067011376463,True,False,ieee14
101,3,5.366751986909726e-10,0.008396569011283384,True,False,ieee14
102,3,5.375613149081103e-10,0.008260368372779325,True,False,ieee14
103,3,5.362340117116706e-10,0.008447237556086118,True,False,ieee14
104,3,5.365880473973834e-10,0.008319527679916505,True,False,ieee14
105,3,5.372983491748388e-10,0.008129835409759978,True,False,ieee14
106,3,5.362353874198596e-10,0.008366311531458948,True,False,ieee14
107,3,5.364472551418669e-10,0.00820215112769862,True,False,ieee14
108,3,5.368728104264641e-10,0.008064165520143773,True,False,ieee14
109,3,5.195155774781812e-09,0.27156040377219126,False,False,ieee14
110,3,5.195973178438622e-09,0.26548861456521056,False,False,ieee14
111,3,5.1976103286929204e-09,0.2691865308275333,False,False,ieee14
112,3,5.125603211395825e-09,0.29039483813064726,False,False,ieee14
113,3,5.1263418032861235e-09,0.2839162652823105,False,False,ieee14
114,3,5.127856796590456e-09,0.28625115148394864,False,False,ieee14
115,3,4.806837069639207e-09,0.25956401401840845,False,False,ieee14
116,3,4.807442802146184e-09,0.2494345707157667,False,False,ieee14
117,3,4.80870713762918e-09,0.24859319888829312,False,False,ieee14
118,3,1.1880656574663848e-09,0.02195166429618245,False,False,ieee14
119,3,1.187878117674289e-09,0.025093695884320866,False,False,ieee14
120,3,1.1874832632612472e-09,0.024214059182786962,False,False,ieee14
121,3,1.191368926348409e-09,0.04213734555506132,False,False,ieee14
122,3,1.1912586021781792e-09,0.04238909905963695,False,False,ieee14
123,3,1.1909944290650284e-09,0.03948263905199245,False,False,ieee14
124,3,1.1727714073859671e-09,0.05973569186633465,False,False,ieee14
125,3,1.1727002321455581e-09,0.05977919713875135,False,False,ieee14
126,3,1.1724916352049486e-09,0.059624920897028866,False,False,ieee14
127,3,1.3925555456327132e-10,0.005061839571121052,True,False,ieee14
128,3,1.3891704497883735e-10,0.005034928319169296,True,False,ieee14
129,3,1.3823923815284475e-10,0.004916782603293757,True,False,ieee14
130,3,1.3888881599038016e-10,0.005289665168165314,True,False,ieee14
131,3,1.3858393385511152e-10,0.0051556812338577895,True,False,ieee14
132,3,1.379731359713126e-10,0.004963880179800317,True,False,ieee14
133,3,1.3805959110100828e-10,0.0054705696122466785,True,False,ieee14
134,3,1.3783468699371457e-10,0.005301413144138345,True,False,ieee14
135,3,1.3738435018498957e-10,0.005067760826273138,True,False,ieee14
136,3,9.357736313284402e-09,0.3434274477740742,False,False,ieee14
137,3,9.358149780758219e-09,0.3298797809558621,False,False,ieee14
138,3,9.359151754190427e-09,0.33252421965862544,False,False,ieee14
139,3,8.805844594550329e-09,0.34773425465380425,False,False,ieee14
140,3,8.806339963032123e-09,0.336454935574256,False,False,ieee14
141,3,8.807316711805215e-09,0.32561502309913093,False,False,ieee14
142,3,8.563946598499073e-09,0.3318713019403392,False,False,ieee14
143,3,8.564517022070622e-09,0.32838699868387455,False,False,ieee14
144,3,8.56561141747375e-09,0.32900906288678244,False,False,ieee14
145,3,1.5081739514981546e-09,0.10685542214003307,False,False,ieee14
146,3,1.507966634967073e-09,0.10614289853324066,False,False,ieee14
147,3,1.5075342475449875e-09,0.10326225021601909,False,False,ieee14
148,3,1.4937420180500677e-09,0.08031939596090387,False,False,ieee14
149,3,1.4935896367250988e-09,0.07807599697085432,False,False,ieee14
150,3,1.4933008482623101e-09,0.07635654274084491,False,False,ieee14
151,3,1.4917859133652394e-09,0.09748138256286298,False,False,ieee14
152,3,1.4916273701053597e-09,0.09649956220923528,False,False,ieee14
153,3,1.491331065412682e-09,0.09471587603113174,False,False,ieee14
154,3,2.0703254691716387e-10,0.007273640964384542,True,False,ieee14
155,3,2.0669321210891875e-10,0.0072025823502670505,True,False,ieee14
156,3,2.0601346917573638e-10,0.007045300657572917,True,False,ieee14
157,3,2.0570665001682452e-10,0.007691474373098917,True,False,ieee14
158,3,2.054035939570691e-10,0.007580256974986321,True,False,ieee14
159,3,2.047964797812585e-10,0.0072726159566984805,True,False,ieee14
160,3,2.0559899226579395e-10,0.007506879362020102,True,False,ieee14
161,3,2.0537601891642795e-10,0.007428366824812738,True,False,ieee14
162,3,2.0492957621512677e-10,0.007254664346677986,True,False,ieee14
163,3,1.0566561024319282e-08,0.4698595396791933,False,False,ieee14
164,3,1.056680888388842e-08,0.45438896562752645,False,False,ieee14
165,3,1.0567632542395186e-08,0.45624555210201173,False,False,ieee14
166,3,1.0171215253253431e-08,0.32939520706822706,False,False,ieee14
167,3,1.0172037510138249e-08,0.4307740255758151,False,False,ieee14
168,3,1.0172977741036906e-08,0.4131901055037923,False,False,ieee14
169,3,1.0025546983475659e-08,0.4257356007876461,False,False,ieee14
170,3,1.0026201746429044e-08,0.4271128601775917,False,False,ieee14
171,3,1.0027341185306664e-08,0.4318401289818956,False,False,ieee14
172,3,2.3437380225378334e-09,0.13865110506584977,False,False,ieee14
173,3,2.34373758730087e-09,0.13685849491124036,False,False,ieee14
174,3,2.343736046443292e-09,0.138691387058406,False,False,ieee14
175,3,2.3300775370221706e-09,0.05941093581378332,False,False,ieee14
176,3,2.3301220484231332e-09,0.06059747355569811,False,False,ieee14
177,3,2.330262014720447e-09,0.060093160128083634,False,False,ieee14
178,3,2.3146127012713933e-09,0.11699148666234815,False,False,ieee14
179,3,2.31465655586098e-09,0.11410430790105008,False,False,ieee14
180,3,2.314749475268422e-09,0.11407166922931067,False,False,ieee14
181,3,2.7792468479468084e-10,0.008522609610947307,True,False,ieee14
182,3,2.7758591583607526e-10,0.008449115155879428,True,False,ieee14
183,3,2.7690732830219455e-10,0.008307924425774882,True,False,ieee14
184,3,2.7700566932545303e-10,0.00878515053040585,True,False,ieee14
185,3,2.7670261694383727e-10,0.00864333061501088,True,False,ieee14
186,3,2.7609541437537943e-10,0.008391794560019483,True,False,ieee14
187,3,2.768827687755627e-10,0.008594004963858981,True,False,ieee14
188,3,2.7666151660314735e-10,0.008409606450224705,True,False,ieee14
189,3,2.7621839177040884e-10,0.008307997526388111,True,False,ieee14
190,3,1.604997257066653e-08,0.8956841951180252,False,False,ieee14
191,3,1.604952863559507e-08,0.7474538775469588,False,False,ieee14
192,3,1.604912006988782e-08,0.8008244897709402,False,False,ieee14
193,3,1.6049650529074374e-08,0.6414102357763144,False,False,ieee14
194,3,1.604944864152671e-08,0.6463144360686737,False,False,ieee14
195,3,1.6049606657467015e-08,0.6786529542001315,False,False,ieee14
196,3,1.6049644157160558e-08,0.6859894498722554,False,False,ieee14
197,3,1.6049233735128627e-08,0.6538331704118774,False,False,ieee14
198,3,1.6050790666961447e-08,0.5286807242241764,False,False,ieee14
199,3,3.4423881729789e-09,0.19812882133048204,False,False,ieee14
200,3,3.442657519242667e-09,0.19669817434070058,False,False,ieee14
201,3,3.443229118297469e-09,0.1994745558123988,False,False,ieee14
202,3,3.4424491263264275e-09,0.1949568554400143,False,False,ieee14
203,3,3.442790177821178e-09,0.1890970948558719,False,False,ieee14
204,3,3.4434721062777518e-09,0.1828402383200366,False,False,ieee14
205,3,3.4425258378614844e-09,0.17121222535205993,False,False,ieee14
206,3,3.442866674009033e-09,0.16839001593000724,False,False,ieee14
207,3,3.4435549482609215e-09,0.17014019992660656,False,False,ieee14
208,3,4.16248419867853e-10,0.010982033316451978,True,False,ieee14
209,3,4.159098386941767e-10,0.010932419304499064,True,False,ieee14
210,3,4.1523146408534425e-10,0.010757620920849309,True,False,ieee14
211,3,4.162521228606017e-10,0.010967121356096232,True,False,ieee14
212,3,4.1595124112126145e-10,0.01081917774327279,True,False,ieee14
213,3,4.153483502955838e-10,0.010597136906874582,True,False,ieee14
214,3,4.1624864638089257e-10,0.01070887044379032,True,False,ieee14
215,3,4.1603139277354554e-10,0.010637664314982476,True,False,ieee14
216,3,4.155962035193569e-10,0.010387444225911646,True,False,ieee14
217,3,1.2649521337262613e-08,0.0690731988638571,False,False,ieee14
218,3,1.2650346295149387e-08,0.07844529866933647,False,False,ieee14
219,3,1.2652029372726524e-08,0.08280469207350749,False,False,ieee14
220,3,1.2637985944405053e-08,0.07885965294308594,False,False,ieee14
221,3,1.2638842481207806e-08,0.08571401224825381,False,False,ieee14
222,3,1.264058004951862e-08,0.08776512423566718,False,False,ieee14
223,3,1.2012421162819337e-08,0.07745449105971836,False,False,ieee14
224,3,1.2013224237980951e-08,0.07835479859929706,False,False,ieee14
225,3,1.2014864147549502e-08,0.07947555566354003,False,False,ieee14
226,3,2.509387511042428e-09,0.019478484004449292,False,False,ieee14
227,3,2.510435435188004e-09,0.016183905687112587,False,False,ieee14
228,3,2.5126008599020278e-09,0.018662533907118806,False,False,ieee14
229,3,2.5010432190954186e-09,0.028382873424484978,False,False,ieee14
230,3,2.502042882969219e-09,0.030196017382794427,False,False,ieee14
231,3,2.5053742396522238e-09,0.012863816106975623,False,False,ieee14
232,3,2.4687893543845746e-09,0.04490992143192474,False,False,ieee14
233,3,2.4696259328644017e-09,0.04267849516341338,False,False,ieee14
234,3,2.4712809537188432e-09,0.04072031905635276,False,False,ieee14
235,3,2.5171088247999123e-10,0.005359680679304701,True,False,ieee14
236,3,2.5277240971057377e-10,0.0053669469199644215,True,False,ieee14
237,3,2.548882623441881e-10,0.005210965325032735,True,False,ieee14
238,3,2.5149576587785976e-10,0.005617204743080473,True,False,ieee14
239,3,2.525012499345976e-10,0.005492238638682756,True,False,ieee14
240,3,2.545060121355659e-10,0.005243018102146335,True,False,ieee14
241,3,2.50123185700726e-10,0.0058392589568077025,True,False,ieee14
242,3,2.509242016665829e-10,0.005634431286940189,True,False,ieee14
243,3,2.5252047541306693e-10,0.005356676155191642,True,False,ieee14
244,3,2.1452991253896095e-08,0.198173436252014,False,False,ieee14
245,3,2.1453483323886336e-08,0.20492809480922858,False,False,ieee14
246,3,2.1454782576691e-08,0.20159280248420341,False,False,ieee14
247,3,2.0513843336908388e-08,0.11453735929590925,False,False,ieee14
248,3,2.0514603121587316e-08,0.12347502041225267,False,False,ieee14
249,3,2.0515993920547877e-08,0.14455514312544138,False,False,ieee14
250,3,1.997459595131996e-08,0.2207722332447669,False,False,ieee14
251,3,1.9975530522918565e-08,0.19670558322495812,False,False,ieee14
252,3,1.9977254988904768e-08,0.1774951176355538,False,False,ieee14
253,3,4.098019128297166e-09,0.03391820000585699,False,False,ieee14
254,3,4.099032398517166e-09,0.03449493282185134,False,False,ieee14
255,3,4.101050184299765e-09,0.03369588163999426,False,False,ieee14
256,3,4.044121438010966e-09,0.030377374153839676,False,False,ieee14
257,3,4.045154972810163e-09,0.03510679366116143,False,False,ieee14
258,3,4.04727295970008e-09,0.03406483028766427,False,False,ieee14
259,3,4.028927248754678e-09,0.015745640964666574,False,False,ieee14
260,3,4.029805793409604e-09,0.0204268471737431,False,False,ieee14
261,3,4.031544991005991e-09,0.02239023677267915,False,False,ieee14
262,3,3.843661680143158e-10,0.007971074166246206,True,False,ieee14
263,3,3.8542572913429323e-10,0.007929463994355346,True,False,ieee14
264,3,3.8753811876538846e-10,0.007862781186845136,True,False,ieee14
265,3,3.824018438417824e-10,0.008444199255541851,True,False,ieee14
266,3,3.8340906387877787e-10,0.008402734095917741,True,False,ieee14
267,3,3.8541638776576836e-10,0.008199666920713056,True,False,ieee14
268,3,3.8169455222408327e-10,0.008255657100149194,True,False,ieee14
269,3,3.825003652788624e-10,0.008194851431470473,True,False,ieee14
270,3,3.8410560343650435e-10,0.008093538042115989,True,False,ieee14
271,3,2.49140269909401e-08,0.3538497971481856,False,False,ieee14
272,3,2.4914475957649997e-08,0.3716118253738676,False,False,ieee14
273,3,2.4915624512175156e-08,0.3738816939942501,False,False,ieee14
274,3,2.435217090161127e-08,0.4062242899588946,False,False,ieee14
275,3,2.4351673856527287e-08,0.4023777191401184,False,False,ieee14
276,3,2.4353015544533627e-08,0.41918244152967393,False,False,ieee14
277,3,2.4061410621018446e-08,0.3390116847590897,False,False,ieee14
278,3,2.4062295208975617e-08,0.3296483127362635,False,False,ieee14
279,3,2.4064091985974613e-08,0.33097940782994417,False,False,ieee14
280,3,5.000381966596483e-09,0.04366298145702863,False,False,ieee14
281,3,5.001395413346551e-09,0.04382038825522416,False,False,ieee14
282,3,5.003411427665751e-09,0.04325962148424878,False,False,ieee14
283,3,4.967608268601342e-09,0.03085758826016216,False,False,ieee14
284,3,4.968631782403254e-09,0.03572488822766973,False,False,ieee14
285,3,4.970645910257471e-09,0.03833159107004214,False,False,ieee14
286,3,4.9584390050572745e-09,0.020856102841503188,False,False,ieee14
287,3,4.959320079202026e-09,0.017836599126869634,False,False,ieee14
288,3,4.961069604614514e-09,0.020260934803359776,False,False,ieee14
289,3,5.027768699129257e-10,0.00944132405376974,True,False,ieee14
290,3,5.038363687771141e-10,0.009380114294852304,True,False,ieee14
291,3,5.059486203352072e-10,0.009307178734150212,True,False,ieee14
292,3,5.014834032340856e-10,0.009732024236680847,True,False,ieee14
293,3,5.024918133007019e-10,0.00967815381928705,True,False,ieee14
294,3,5.045017974427923e-10,0.00953295057445036,True,False,ieee14
295,3,5.009863429228844e-10,0.009487861151837751,True,False,ieee14
296,3,5.017932197226648e-10,0.009442644703928305,True,False,ieee14
297,3,5.034011283355652e-10,0.0094156891593834,True,False,ieee14
298,3,3.642431372828995e-08,0.6457922583420725,False,False,ieee14
299,3,3.64240649047581e-08,0.5876990889548963,False,False,ieee14
300,3,3.6424633852808364e-08,0.5595323782900494,False,False,ieee14
301,3,3.642462808470892e-08,0.6307339463406889,False,False,ieee14
302,3,3.642423843621671e-08,0.6362673343052954,False,False,ieee14
303,3,3.642456642249302e-08,0.6343021671206462,False,False,ieee14
304,3,3.642358662791053e-08,0.5774660697289906,False,False,ieee14
305,3,3.642443248140862e-08,0.6160956295342653,False,False,ieee14
306,3,3.642612799634766e-08,0.6193039026885738,False,False,ieee14
307,3,7.471598202649794e-09,0.07393335203308771,False,False,ieee14
308,3,7.472558878347757e-09,0.07350051061077867,False,False,ieee14
309,3,7.474523064235759e-09,0.0740277033886203,False,False,ieee14
310,3,7.471597586837147e-09,0.07704709147164868,False,False,ieee14
311,3,7.472587939508147e-09,0.07600595082285333,False,False,ieee14
312,3,7.474589169951444e-09,0.07542350054027247,False,False,ieee14
313,3,7.471390252210181e-09,0.06953139235387995,False,False,ieee14
314,3,7.4722962476977e-09,0.06979152863247595,False,False,ieee14
315,3,7.474093148307643e-09,0.068790653443775,False,False,ieee14
316,3,7.528505551165382e-10,0.013021186669044948,True,False,ieee14
317,3,7.539100669337625e-10,0.013006171607061523,True,False,ieee14
318,3,7.560217136644777e-10,0.013020860398487044,True,False,ieee14
319,3,7.528664278319221e-10,0.012967760046062149,True,False,ieee14
320,3,7.538776823215209e-10,0.012923612480041924,True,False,ieee14
321,3,7.55893765864014e-10,0.012900177822574244,True,False,ieee14
322,3,7.528663509222712e-10,0.012831134546825607,True,False,ieee14
323,3,7.536757262011075e-10,0.01278963949705314,True,False,ieee14
324,3,7.55288749641459e-10,0.012697980189358749,True,False,ieee14
325,3,3.699253964044341e-09,0.13008509065184015,False,False,ieee14
326,3,3.700394844923979e-09,0.1282947357017612,False,False,ieee14
327,3,3.7026340055058243e-09,0.13086519032082988,False,False,ieee14
328,3,3.6766496808050204e-09,0.10252517429745056,False,False,ieee14
329,3,3.6776685328794493e-09,0.09577406275748845,False,False,ieee14
330,3,3.679661731484961e-09,0.09877578655204511,False,False,ieee14
331,3,3.4760984183294943e-09,0.13386407713091342,False,False,ieee14
332,3,3.4768376814553674e-09,0.1275359063827355,False,False,ieee14
333,3,3.478318426640861e-09,0.12730706286255833,False,False,ieee14
334,3,9.281326562485399e-10,0.019472427635315093,True,False,ieee14
335,3,9.293004779269551e-10,0.023895708598727028,True,False,ieee14
336,3,9.316505162098173e-10,0.025327635933670933,True,False,ieee14
337,3,9.230521914713011e-10,0.035793854473370024,True,False,ieee14
338,3,9.241220623356704e-10,0.03616093058812675,True,False,ieee14
339,3,9.262409707414399e-10,0.034292980053573396,True,False,ieee14
340,3,9.119422475200517e-10,0.04704924854779924,True,False,ieee14
341,3,9.127411361688363e-10,0.046742883439652605,True,False,ieee14
342,3,9.14319595456767e-10,0.04695198441261084,True,False,ieee14
343,3,9.917498209540859e-11,0.005279314912952748,True,False,ieee14
344,3,1.0034505494696176e-10,0.005247669736117566,True,False,ieee14
345,3,1.0268003863782282e-10,0.005123970653515664,True,False,ieee14
346,3,9.89619120135318e-11,0.005510742292788917,True,False,ieee14
347,3,1.0001891742543775e-10,0.005393770079029303,True,False,ieee14
348,3,1.02128679277434e-10,0.005186714426179684,True,False,ieee14
349,3,9.891648319607693e-11,0.005731723641052566,True,False,ieee14
350,3,9.969973204265843e-11,0.005556310462822012,True,False,ieee14
351,3,1.012626142802446e-10,0.005309632523201158,True,False,ieee14
352,3,5.876474919408726e-09,0.15472217123842424,False,False,ieee14
353,3,5.877537075258147e-09,0.14892119044026486,False,False,ieee14
354,3,5.879614974954225e-09,0.1496179403327914,False,False,ieee14
355,3,5.577469679886984e-09,0.15800709027795745,False,False,ieee14
356,3,5.5784161679002495e-09,0.1495458770192265,False,False,ieee14
357,3,5.5802485385852574e-09,0.14835838359015752,False,False,ieee14
358,3,5.44672692866492e-09,0.15685756346786317,False,False,ieee14
359,3,5.447412018313547e-09,0.15779742804900687,False,False,ieee14
360,3,5.448738179214575e-09,0.15630056791921532,False,False,ieee14
361,3,1.4524228717446298e-09,0.07676703099101956,False,False,ieee14
362,3,1.4536034513260312e-09,0.07563138041814976,False,False,ieee14
363,3,1.455933776634725e-09,0.07606392855049515,False,False,ieee14
364,3,1.4329258780591146e-09,0.06252398175282847,False,False,ieee14
365,3,1.434029594327702e-09,0.06043705852573833,False,False,ieee14
366,3,1.436125247661026e-09,0.058478280704112984,False,False,ieee14
367,3,1.4306202293734958e-09,0.07053298041169209,False,False,ieee14
368,3,1.4314268532305397e-09,0.06870937483564554,False,False,ieee14
369,3,1.4330180321566063e-09,0.06818193977160736,False,False,ieee14
370,3,1.494947597299646e-10,0.007692433327367909,True,False,ieee14
371,3,1.5066483588344265e-10,0.007621399652634198,True,False,ieee14
372,3,1.5300038193255243e-10,0.007463290714604276,True,False,ieee14
373,3,1.493059080058774e-10,0.008130981647521685,True,False,ieee14
374,3,1.5036530061795285e-10,0.008032328278353207,True,False,ieee14
375,3,1.5247922345732619e-10,0.0077456773841774185,True,False,ieee14
376,3,1.4957702596393952e-10,0.007971345697130094,True,False,ieee14
377,3,1.5036231912578143e-10,0.007916661447282758,True,False,ieee14
378,3,1.5192825325333813e-10,0.007732546825235276,True,False,ieee14
379,3,7.201408546176948e-09,0.2228937468300065,False,False,ieee14
380,3,7.202506651849598e-09,0.21470475902664488,False,False,ieee14
381,3,7.2046564804400955e-09,0.21747828827071647,False,False,ieee14
382,3,7.038815731188193e-09,0.2140355610307687,False,False,ieee14
383,3,7.0398024024759885e-09,0.20401824875755092,False,False,ieee14
384,3,7.041693918406555e-09,0.20419732470244212,False,False,ieee14
385,3,6.9679042186490375e-09,0.20144865413108726,False,False,ieee14
386,3,6.968625110137925e-09,0.20009789782132192,False,False,ieee14
387,3,6.970047750642141e-09,0.20553989756985236,False,False,ieee14
388,3,1.8449143654576682e-09,0.09986979015223396,False,False,ieee14
389,3,1.8461001401539806e-09,0.09899489396015593,False,False,ieee14
390,3,1.8484511512432677e-09,0.10111990725718556,False,False,ieee14
391,3,1.8329834212348729e-09,0.07416974298798762,False,False,ieee14
392,3,1.8340670405639377e-09,0.07129631200006947,False,False,ieee14
393,3,1.8362224291410693e-09,0.06973720015603957,False,False,ieee14
394,3,1.8313858447515942e-09,0.08414664801781424,False,False,ieee14
395,3,1.8322054963504492e-09,0.08216004142495825,False,False,ieee14
396,3,1.8338235448234796e-09,0.08176319878371985,False,False,ieee14
397,3,1.980923258217506e-10,0.00901660838313767,True,False,ieee14
398,3,1.9926399489576894e-10,0.008955476834523912,True,False,ieee14
399,3,2.016024033007215e-10,0.008794792554296604,True,False,ieee14
400,3,1.979531809541053e-10,0.00931615955506726,True,False,ieee14
401,3,1.9901292764979288e-10,0.009199368029555344,True,False,ieee14
402,3,2.0112767935494482e-10,0.008911575411347128,True,False,ieee14
403,3,1.981097603177354e-10,0.00912072152544019,True,False,ieee14
404,3,1.988965635806531e-10,0.008989915357606959,True,False,ieee14
405,3,2.0046600251629252e-10,0.008870417950040954,True,False,ieee14
406,3,1.0486087792811103e-08,0.3699900795897909,False,False,ieee14
407,3,1.048709679359708e-08,0.35635739858576887,False,False,ieee14
408,3,1.0489019141262077e-08,0.35423963224138966,False,False,ieee14
409,3,1.0485665681673712e-08,0.3302554580881456,False,False,ieee14
410,3,1.0486346637072607e-08,0.29594458895816855,False,False,ieee14
411,3,1.0487923150383642e-08,0.3435483675167865,False,False,ieee14
412,3,1.0485334158668228e-08,0.3524935627315019,False,False,ieee14
413,3,1.048605588496784e-08,0.3509437784717039,False,False,ieee14
414,3,1.0487336128471846e-08,0.3731689068554057,False,False,ieee14
415,3,2.7564835633967036e-09,0.14212224285736785,False,False,ieee14
416,3,2.7576625355798602e-09,0.14107761227496574,False,False,ieee14
417,3,2.760010779203259e-09,0.1435234326599676,False,False,ieee14
418,3,2.756322388289225e-09,0.09987234617686924,False,False,ieee14
419,3,2.7574123164454733e-09,0.09469490984392537,False,False,ieee14
420,3,2.7595648659028296e-09,0.0957545904849405,False,False,ieee14
421,3,2.756358199736148e-09,0.12365359179526536,False,False,ieee14
422,3,2.7571883757362838e-09,0.12036507994869006,False,False,ieee14
423,3,2.7588341263568956e-09,0.11921628829103137,False,False,ieee14
424,3,2.9714627410946687e-10,0.011698333275177886,True,False,ieee14
425,3,2.9831981349909294e-10,0.011598873538289478,True,False,ieee14
426,3,3.0066149835046117e-10,0.011489300277902625,True,False,ieee14
427,3,2.971544184313748e-10,0.011679034921525444,True,False,ieee14
428,3,2.9821697922652886e-10,0.01151555611401256,True,False,ieee14
429,3,3.0033696851464394e-10,0.011343968945371152,True,False,ieee14
430,3,2.971538813159251e-10,0.011419746298222289,True,False,ieee14
431,3,2.979438548444814e-10,0.011338378745904931,True,False,ieee14
432,3,2.9951972992090484e-10,0.011102447375737401,True,False,ieee14
433,3,2.5731689013447022e-09,0.13231102039323772,False,False,ieee14
434,3,2.574255611694251e-09,0.12954814964782468,False,False,ieee14
435,3,2.576407840665058e-09,0.1270368085473048,False,False,ieee14
436,3,2.5712418950188603e-09,0.1341902576038827,False,False,ieee14
437,3,2.5722747497300716e-09,0.14220069806367108,False,False,ieee14
438,3,2.574240486469114e-09,0.14313028470419786,False,False,ieee14
439,3,2.418442085200413e-09,0.13354584701524963,False,False,ieee14
440,3,2.4190306542524204e-09,0.12486091213965478,False,False,ieee14
441,3,2.420582054767546e-09,0.12601330818504652,False,False,ieee14
442,3,7.762332167087687e-10,0.0463047247717604,True,False,ieee14
443,3,7.774235047774392e-10,0.043444921013627846,True,False,ieee14
444,3,7.797694531646993e-10,0.044948374356711174,True,False,ieee14
445,3,7.724403398741703e-10,0.03082319914727638,True,False,ieee14
446,3,7.737323089459373e-10,0.03010029434567829,True,False,ieee14
447,3,7.756463396076682e-10,0.03162176942981698,True,False,ieee14
448,3,7.600091820609102e-10,0.08624488677375308,True,False,ieee14
449,3,7.607781243393815e-10,0.08265607842506295,True,False,ieee14
450,3,7.6242766954618e-10,0.08375814795978043,True,False,ieee14
451,3,8.704916306036458e-11,0.004742322784810238,True,False,ieee14
452,3,8.822129284692973e-11,0.004738489174009097,True,False,ieee14
453,3,9.055972000522772e-11,0.0047150152120185584,True,False,ieee14
454,3,8.684066216223743e-11,0.00494971750137585,True,False,ieee14
455,3,8.789949641978211e-11,0.004874392617049805,True,False,ieee14
456,3,9.001304615421205e-11,0.004796427042164875,True,False,ieee14
457,3,8.667015115390281e-11,0.005184326484585666,True,False,ieee14
458,3,8.7457010333995e-11,0.005093331529356648,True,False,ieee14
459,3,8.902683210498688e-11,0.004981265964638548,True,False,ieee14
460,3,4.041398250553871e-09,0.13853518645580842,False,False,ieee14
461,3,4.0440199676431605e-09,0.5212208649088153,False,False,ieee14
462,3,4.045547382994457e-09,0.48548292447228847,False,False,ieee14
463,3,3.822395644624576e-09,0.1724170310604224,False,False,ieee14
464,3,3.823241659585642e-09,0.15066806853044812,False,False,ieee14
465,3,3.824964185047229e-09,0.1385633795525627,False,False,ieee14
466,3,3.7052121688054803e-09,0.13965662016616087,False,False,ieee14
467,3,3.70593375667296e-09,0.11861008701191178,False,False,ieee14
468,3,3.707358823448536e-09,0.09839626989519379,False,False,ieee14
469,3,1.2050709410286457e-09,0.04669351507112296,False,False,ieee14
470,3,1.2062523519126074e-09,0.04672603619068583,False,False,ieee14
471,3,1.208593256754485e-09,0.04683340735509689,False,False,ieee14
472,3,1.1846427847652621e-09,0.05066967564739222,False,False,ieee14
473,3,1.1857298350589116e-09,0.05069047647505365,False,False,ieee14
474,3,1.187905041079978e-09,0.05086370828535258,False,False,ieee14
475,3,1.179973051346693e-09,0.05069266894571467,False,False,ieee14
476,3,1.1808146721744e-09,0.05071672190319887,False,False,ieee14
477,3,1.1824919976911645e-09,0.0509501605926318,False,False,ieee14
478,3,1.3108997640877192e-10,0.005402219407119491,True,False,ieee14
479,3,1.3226282547075447e-10,0.005411095321209314,True,False,ieee14
480,3,1.3460223546269987e-10,0.005596383178165021,True,False,ieee14
481,3,1.307326978049909e-10,0.005919554473074129,True,False,ieee14
482,3,1.3179522747976612e-10,0.00591810357914635,True,False,ieee14
483,3,1.339162482387163e-10,0.0060669464772137305,True,False,ieee14
484,3,1.3089028286151052e-10,0.0058946357503290026,True,False,ieee14
485,3,1.3168179946139878e-10,0.005890761923563748,True,False,ieee14
486,3,1.3326044764053922e-10,0.005986110102185971,True,False,ieee14
487,3,5.00310275128958e-09,0.3528331746593284,False,False,ieee14
488,3,5.006126924349462e-09,0.4154824190538027,False,False,ieee14
489,3,5.003381645297682e-09,0.29901173498414335,False,False,ieee14
490,3,4.881467514113864e-09,0.2208614084146896,False,False,ieee14
491,3,4.882175141584474e-09,0.21645118040814615,False,False,ieee14
492,3,4.883915896923521e-09,0.2107083119538231,False,False,ieee14
493,3,4.927736621276438e-09,0.1575443472125002,False,False,ieee14
494,3,4.822977976479483e-09,0.370067112554767,False,False,ieee14
495,3,4.833750059750201e-09,0.5207267046120102,False,False,ieee14
496,3,1.5359081288416823e-09,0.05765642539386806,False,False,ieee14
497,3,1.5372287650910884e-09,0.061481515529137165,False,False,ieee14
498,3,1.5396156782115454e-09,0.06288232096613977,False,False,ieee14
499,3,1.5237187885864364e-09,0.06290378291071475,False,False,ieee14
500,3,1.5248291539684622e-09,0.06341246846817827,False,False,ieee14
501,3,1.5270406729496949e-09,0.06533851418517878,False,False,ieee14
502,3,1.5203092632198608e-09,0.05200297083639904,False,False,ieee14
503,3,1.5213086370272863e-09,0.05794430282967922,False,False,ieee14
504,3,1.5233652629682653e-09,0.06508767223811018,False,False,ieee14
505,3,1.7370230919505016e-10,0.006892334669515332,True,False,ieee14
506,3,1.7487749171517028e-10,0.006905553543298026,True,False,ieee14
507,3,1.7722166090693208e-10,0.007106651172570588,True,False,ieee14
508,3,1.734553529204903e-10,0.007227105117016963,True,False,ieee14
509,3,1.7451987185723407e-10,0.007231453494439433,True,False,ieee14
510,3,1.7664504949734807e-10,0.007393346086461139,True,False,ieee14
511,3,1.7354564946511166e-10,0.0071826033159422265,True,False,ieee14
512,3,1.7433973052371108e-10,0.007173413184420996,True,False,ieee14
513,3,1.759239212597438e-10,0.007293730150618072,True,False,ieee14
514,3,7.084387056811365e-09,0.4491446185539192,False,False,ieee14
515,3,7.085499826141457e-09,0.44919769481864497,False,False,ieee14
516,3,7.087505492224124e-09,0.4495600803411748,False,False,ieee14
517,3,7.084471368330005e-09,0.4491491031715134,False,False,ieee14
518,3,7.085641832660486e-09,0.44919520099802196,False,False,ieee14
519,3,7.08792814132192e-09,0.4495570324288678,False,False,ieee14
520,3,7.084848543323796e-09,0.44911636038126107,False,False,ieee14
521,3,7.085916930280712e-09,0.4491482611638324,False,False,ieee14
522,3,7.087929799740738e-09,0.4494736256928868,False,False,ieee14
523,3,2.2803930092720796e-09,0.09490934943614027,False,False,ieee14
524,3,2.2815992825983254e-09,0.09495097485076387,False,False,ieee14
525,3,2.2840118041390534e-09,0.09525011548136497,False,False,ieee14
526,3,2.280410969450855e-09,0.09488298229545755,False,False,ieee14
527,3,2.2815543903797997e-09,0.09490366586598042,False,False,ieee14
528,3,2.2838368895285454e-09,0.09515667779784565,False,False,ieee14
529,3,2.280396024779079e-09,0.09482674554756032,False,False,ieee14
530,3,2.2812981619571243e-09,0.09482150832379743,False,False,ieee14
531,3,2.2830999816883286e-09,0.09501931221852455,False,False,ieee14
532,3,2.602887611635844e-10,0.009827355055766152,True,False,ieee14
533,3,2.6146758005577193e-10,0.009856828486829339,True,False,ieee14
534,3,2.6382039953892327e-10,0.010122248196673955,True,False,ieee14
535,3,2.602870907339832e-10,0.009810850892496004,True,False,ieee14
536,3,2.613577977544279e-10,0.009819435514219266,True,False,ieee14
537,3,2.6349478778096985e-10,0.010038294090608524,True,False,ieee14
538,3,2.6028670566262383e-10,0.009748065170955611,True,False,ieee14
539,3,2.6108636000576865e-10,0.009732444013772379,True,False,ieee14
540,3,2.626815809672566e-10,0.00990011722492612,True,False,ieee14
1,5,1.0973679977819782e-08,0.2661881577247417,False,False,ieee14
2,5,1.0974668112483711e-08,0.2640626678085938,False,False,ieee14
3,5,1.0976622029715282e-08,0.2629445962538295,False,False,ieee14
4,5,1.0848164059804094e-08,0.21963669710109335,False,False,ieee14
5,5,1.0849043135762595e-08,0.21675523717484946,False,False,ieee14
6,5,1.0850734725329548e-08,0.2167178715689928,False,False,ieee14
7,5,1.045119987512069e-08,0.25920873013121093,False,False,ieee14
8,5,1.0451817043326655e-08,0.25055235409961873,False,False,ieee14
9,5,1.0453046161002832e-08,0.2502771143712973,False,False,ieee14
10,5,4.799287717629684e-10,0.033593447331244586,True,False,ieee14
11,5,4.809990686648462e-10,0.03339450873267913,True,False,ieee14
12,5,4.831322341473964e-10,0.03299562829066527,True,False,ieee14
13,5,4.773199468211413e-10,0.03533890730081668,True,False,ieee14
14,5,4.782439595851928e-10,0.03513309910753126,True,False,ieee14
15,5,4.800861375787394e-10,0.03461288462170675,True,False,ieee14
16,5,4.704064795628785e-10,0.03734069598544987,True,False,ieee14
17,5,4.710550555641637e-10,0.0372562773697932,True,False,ieee14
18,5,4.723453429622978e-10,0.037269745978489865,True,False,ieee14
19,5,1.8167665824630265e-10,0.00856370781296556,True,False,ieee14
20,5,1.8217594475216724e-10,0.008462909036375477,True,False,ieee14
21,5,1.8317777159440048e-10,0.008286652615247858,True,False,ieee14
22,5,1.8170322674955947e-10,0.008737783396777443,True,False,ieee14
23,5,1.8208810411348084e-10,0.008554546304520017,True,False,ieee14
24,5,1.8286100693993283e-10,0.008300436283520174,True,False,ieee14
25,5,1.814056244941742e-10,0.00888595002500947,True,False,ieee14
26,5,1.8161663669805584e-10,0.008715077230680324,True,False,ieee14
27,5,1.8204088048850574e-10,0.008386989909176079,True,False,ieee14
28,5,1.8744528137052583e-08,0.36365334127736515,False,False,ieee14
29,5,1.8745309563631925e-08,0.35734459522197015,False,False,ieee14
30,5,1.8746859460052668e-08,0.3606005557825792,False,False,ieee14
31,5,1.8138780164148018e-08,0.3417483386144574,False,False,ieee14
32,5,1.813946437616154e-08,0.3387099260714933,False,False,ieee14
33,5,1.8140787034533072e-08,0.3388634121188985,False,False,ieee14
34,5,1.7946390896475828e-08,0.3538342933681744,False,False,ieee14
35,5,1.794692750121112e-08,0.3547210051873748,False,False,ieee14
36,5,1.794799657826274e-08,0.35578090383018,False,False,ieee14
37,5,8.237853298603417e-10,0.04549340096140708,True,False,ieee14
38,5,8.247552420703192e-10,0.04452060686626369,True,False,ieee14
39,5,8.266881942904069e-10,0.0442955540549812,True,False,ieee14
40,5,8.051380823830233e-10,0.05142955338383193,True,False,ieee14
41,5,8.059611693399463e-10,0.05053639345447891,True,False,ieee14
42,5,8.075994059671608e-10,0.04809237331656824,True,False,ieee14
43,5,8.02947418535035e-10,0.04935086630409835,True,False,ieee14
44,5,8.035610024884152e-10,0.05010206137746287,True,False,ieee14
45,5,8.047814359368404e-10,0.05320592225836929,True,False,ieee14
46,5,2.646248050843112e-10,0.010118985878214581,True,False,ieee14
47,5,2.651244450744354e-10,0.010048878346272327,True,False,ieee14
48,5,2.661270153810824e-10,0.009802395643720985,True,False,ieee14
49,5,2.642458658809774e-10,0.010618152125284386,True,False,ieee14
50,5,2.64633290592291e-10,0.01038805764740236,True,False,ieee14
51,5,2.654111565214536e-10,0.010196457952500348,True,False,ieee14
52,5,2.640073311632493e-10,0.010440754981531186,True,False,ieee14
53,5,2.642183422159759e-10,0.010244802221713645,True,False,ieee14
54,5,2.6464260107617085e-10,0.00999644449132997,True,False,ieee14
55,5,2.1711373064884495e-08,0.4912471966406785,False,False,ieee14
56,5,2.1712095734834242e-08,0.48215642613345433,False,False,ieee14
57,5,2.1713552499245905e-08,0.4882563096455269,False,False,ieee14
58,5,2.1335156853122316e-08,0.5062168337063846,False,False,ieee14
59,5,2.1335792258283232e-08,0.4937723650636907,False,False,ieee14
60,5,2.133705447825561e-08,0.510074145192954,False,False,ieee14
61,5,2.123187410553243e-08,0.4377465667689535,False,False,ieee14
62,5,2.1232384394596537e-08,0.4392645011957813,False,False,ieee14
63,5,2.1233399023111136e-08,0.438780052860854,False,False,ieee14
64,5,1.0109598028326117e-09,0.044912492678922056,False,False,ieee14
65,5,1.0118815127523355e-09,0.04719268715072544,False,False,ieee14
66,5,1.0136884711993394e-09,0.048037652109098605,False,False,ieee14
67,5,9.942193972345914e-10,0.06668650874681137,True,False,ieee14
68,5,9.949890905420674e-10,0.06798747077879075,True,False,ieee14
69,5,9.965265642080113e-10,0.06921221441909531,True,False,ieee14
70,5,9.932446238054093e-10,0.051445447880619666,True,False,ieee14
71,5,9.93810774686549e-10,0.05175646081002272,True,False,ieee14
72,5,9.949398112834752e-10,0.05458290245578912,True,False,ieee14
73,5,3.6351107006002677e-10,0.011737394970359083,True,False,ieee14
74,5,3.6400915080273236e-10,0.01166535133419122,True,False,ieee14
75,5,3.6500842852050207e-10,0.011429992050263627,True,False,ieee14
76,5,3.630932412876919e-10,0.012078665625125828,True,False,ieee14
77,5,3.634772629833692e-10,0.01187057338439823,True,False,ieee14
78,5,3.642482266682561e-10,0.011612177732132412,True,False,ieee14
79,5,3.629063791005358e-10,0.011939487412174765,True,False,ieee14
80,5,3.6311706166236416e-10,0.011686620515896862,True,False,ieee14
81,5,3.6354065845005757e-10,0.011428678840744388,True,False,ieee14
82,5,3.2510354123936264e-08,0.7569120078535906,False,False,ieee14
83,5,3.251080206387065e-08,0.752825993466062,False,False,ieee14
84,5,3.2511675210520284e-08,0.7830480375516562,False,False,ieee14
85,5,3.2510265189244657e-08,0.7358567863238221,False,False,ieee14
86,5,3.25106839535627e-08,0.6963098418830272,False,False,ieee14
87,5,3.251150145986039e-08,0.7108833838476001,False,False,ieee14
88,5,3.251031055539353e-08,0.7831513515653475,False,False,ieee14
89,5,3.2510630197785965e-08,0.7751533361399138,False,False,ieee14
90,5,3.25112549515224e-08,0.785351134247697,False,False,ieee14
91,5,1.582947168298402e-09,0.07817856233212472,False,False,ieee14
92,5,1.583691434067965e-09,0.07735003872791157,False,False,ieee14
93,5,1.5851644230354042e-09,0.07936986780289024,False,False,ieee14
94,5,1.5829365326725111e-09,0.10918022033005026,False,False,ieee14
95,5,1.5835743165680847e-09,0.10812597658021406,False,False,ieee14
96,5,1.5848373985738754e-09,0.1077097307579542,False,False,ieee14
97,5,1.5829388312504988e-09,0.13156111608583032,False,False,ieee14
98,5,1.5833744395401254e-09,0.12724094286431675,False,False,ieee14
99,5,1.5842323879099385e-09,0.12295882148921655,False,False,ieee14
100,5,5.450283224427586e-10,0.014996259563655023,True,False,ieee14
101,5,5.455251287929682e-10,0.014906551824874326,True,False,ieee14
102,5,5.465215677795077e-10,0.014647472356039581,True,False,ieee14
103,5,5.450286221020949e-10,0.014964292435341808,True,False,ieee14
104,5,5.454117556387168e-10,0.014758910686484494,True,False,ieee14
105,5,5.461806973705635e-10,0.014414006131283519,True,False,ieee14
106,5,5.45029759397381e-10,0.014806862399505238,True,False,ieee14
107,5,5.45240306099076e-10,0.014541483585893356,True,False,ieee14
108,5,5.456637139284726e-10,0.014275640387253374,True,False,ieee14
109,5,5.468864943034552e-09,0.34237343914064455,False,False,ieee14
110,5,5.4697455492472056e-09,0.3399022795020944,False,False,ieee14
111,5,5.471501128854919e-09,0.3442139236503412,False,False,ieee14
112,5,5.40298655866594e-09,0.36301633054204907,False,False,ieee14
113,5,5.4037610004397076e-09,0.3603024525538855,False,False,ieee14
114,5,5.4053389500366614e-09,0.36284347554152563,False,False,ieee14
115,5,5.090098536494211e-09,0.34071222852559657,False,False,ieee14
116,5,5.090708147516825e-09,0.3328940037330641,False,False,ieee14
117,5,5.091976601979311e-09,0.33209183861353797,False,False,ieee14
118,5,1.220310840541833e-09,0.03944580583873869,False,False,ieee14
119,5,1.220178192532896e-09,0.038622986528656034,False,False,ieee14
120,5,1.2198978256119172e-09,0.04251688371706175,False,False,ieee14
121,5,1.225116362929714e-09,0.05104336169079926,False,False,ieee14
122,5,1.2250367408246127e-09,0.05195747013823704,False,False,ieee14
123,5,1.2248337101078205e-09,0.04696158473798884,False,False,ieee14
124,5,1.2090658379956408e-09,0.07341268520614308,False,False,ieee14
125,5,1.2089912548047565e-09,0.0735506884417374,False,False,ieee14
126,5,1.2087860070570479e-09,0.07333351627780749,False,False,ieee14
127,5,1.4225887697673268e-10,0.009980492346934655,True,False,ieee14
128,5,1.4197542110634867e-10,0.009934448131718288,True,False,ieee14
129,5,1.414082175540351e-10,0.009700208046629744,True,False,ieee14
130,5,1.420695724641312e-10,0.010323831976244202,True,False,ieee14
131,5,1.4179394749144332e-10,0.010107928641677533,True,False,ieee14
132,5,1.4124212601189074e-10,0.009756881942014739,True,False,ieee14
133,5,1.4153279196739216e-10,0.010597779915940353,True,False,ieee14
134,5,1.413067557741381e-10,0.01032668724029251,True,False,ieee14
135,5,1.408545885479182e-10,0.009908786295902527,True,False,ieee14
136,5,9.755492334373964e-09,0.4916168656186716,False,False,ieee14
137,5,9.75597249899612e-09,0.4843363004671418,False,False,ieee14
138,5,9.757092460016229e-09,0.4867546485798112,False,False,ieee14
139,5,9.212070470046865e-09,0.48167972327909536,False,False,ieee14
140,5,9.212600012511943e-09,0.47616135456804054,False,False,ieee14
141,5,9.213641326810034e-09,0.4721013672331924,False,False,ieee14
142,5,8.969280309688158e-09,0.48796812961628633,False,False,ieee14
143,5,8.96985439489626e-09,0.48099895751103283,False,False,ieee14
144,5,8.970958252789331e-09,0.47916231424874467,False,False,ieee14
145,5,1.5578085553860178e-09,0.11823050164929949,False,False,ieee14
146,5,1.5576592407495984e-09,0.11755283499926128,False,False,ieee14
147,5,1.5573405443669462e-09,0.11608421934194568,False,False,ieee14
148,5,1.5477396344186258e-09,0.09181156802344403,False,False,ieee14
149,5,1.5476187488582659e-09,0.09098749683270368,False,False,ieee14
150,5,1.5473901908643791e-09,0.0914758168038774,False,False,ieee14
151,5,1.54571408049276e-09,0.1088306041465279,False,False,ieee14
152,5,1.5455568475995798e-09,0.10885857001860333,False,False,ieee14
153,5,1.5452618502410496e-09,0.10791381766304509,False,False,ieee14
154,5,2.1164312550891555e-10,0.014179018759925666,True,False,ieee14
155,5,2.113589275799522e-10,0.014070359630180107,True,False,ieee14
156,5,2.1078994926609645e-10,0.013780385378365123,True,False,ieee14
157,5,2.1082937518131323e-10,0.014840872523802062,True,False,ieee14
158,5,2.1055565878266005e-10,0.014671993031997732,True,False,ieee14
159,5,2.100076326818395e-10,0.014159953060823405,True,False,ieee14
160,5,2.1071134696345317e-10,0.014516859268646432,True,False,ieee14
161,5,2.104872690016231e-10,0.014394215462015025,True,False,ieee14
162,5,2.1003907953226056e-10,0.014065863956934321,True,False,ieee14
163,5,1.1117925326066152e-08,0.684595382742405,False,False,ieee14
164,5,1.1118241131581345e-08,0.6769459379463977,False,False,ieee14
165,5,1.1119186454074724e-08,0.6789378175627881,False,False,ieee14
166,5,1.0727249494882342e-08,0.5820998309648018,False,False,ieee14
167,5,1.0728133748352116e-08,0.6369027907792513,False,False,ieee14
168,5,1.0729142489013665e-08,0.6271915618966349,False,False,ieee14
169,5,1.0581062160319576e-08,0.6536449114442064,False,False,ieee14
170,5,1.0581720428435568e-08,0.6492295089830091,False,False,ieee14
171,5,1.0582872446442562e-08,0.6509468001648758,False,False,ieee14
172,5,2.4109785318876623e-09,0.15375091584803224,False,False,ieee14
173,5,2.4110370524243293e-09,0.15160501606135734,False,False,ieee14
174,5,2.4111516569056516e-09,0.15412475974005735,False,False,ieee14
175,5,2.400187357056872e-09,0.09499090848421654,False,False,ieee14
176,5,2.400267939464588e-09,0.09709961639833709,False,False,ieee14
177,5,2.4004684130977168e-09,0.09555778000587056,False,False,ieee14
178,5,2.3846845989791527e-09,0.13288026753610338,False,False,ieee14
179,5,2.384731017969549e-09,0.12943690811912523,False,False,ieee14
180,5,2.3848267878173048e-09,0.13026492959650848,False,False,ieee14
181,5,2.842343657645275e-10,0.016339255118278273,True,False,ieee14
182,5,2.839508077014732e-10,0.01623056618061014,True,False,ieee14
183,5,2.833831264982686e-10,0.015967405244467714,True,False,ieee14
184,5,2.836556734809768e-10,0.01674155840278113,True,False,ieee14
185,5,2.833820246802124e-10,0.016531588352577176,True,False,ieee14
186,5,2.828340531892605e-10,0.016106744791814398,True,False,ieee14
187,5,2.8352523531138265e-10,0.016409376224712502,True,False,ieee14
188,5,2.8330292898109233e-10,0.01613591702997841,True,False,ieee14
189,5,2.828581572740444e-10,0.015911905285665995,True,False,ieee14
190,5,1.6874944035031287e-08,1.1840649320386576,False,False,ieee14
191,5,1.6874561290694464e-08,1.0785926429618118,False,False,ieee14
192,5,1.687428339321438e-08,1.1172352720144305,False,False,ieee14
193,5,1.6874593873122098e-08,1.011607129379805,False,False,ieee14
194,5,1.6874438481025054e-08,1.0136263158278367,False,False,ieee14
195,5,1.687467935920608e-08,1.0365119205908724,False,False,ieee14
196,5,1.6874595597883378e-08,1.044767245675933,False,False,ieee14
197,5,1.6874193803243857e-08,1.0192973188071945,False,False,ieee14
198,5,1.6875724004653635e-08,0.9180609867609577,False,False,ieee14
199,5,3.5455419066996848e-09,0.22081982658789479,False,False,ieee14
200,5,3.545872167007546e-09,0.2198058273042618,False,False,ieee14
201,5,3.546562287853595e-09,0.2222812206424113,False,False,ieee14
202,5,3.545610658817288e-09,0.22141664876141331,False,False,ieee14
203,5,3.5459856894587692e-09,0.21679879344432906,False,False,ieee14
204,5,3.5467328043954065e-09,0.2121001847037285,False,False,ieee14
205,5,3.5456756825643404e-09,0.19964026647154143,False,False,ieee14
206,5,3.546019967169298e-09,0.19726000536109312,False,False,ieee14
207,5,3.546713607618275e-09,0.19854687076102384,False,False,ieee14
208,5,4.259635210940503e-10,0.020683800519836093,True,False,ieee14
209,5,4.2568030615133386e-10,0.02061633907786886,True,False,ieee14
210,5,4.2511319731010505e-10,0.02031153890011861,True,False,ieee14
211,5,4.2596707256643415e-10,0.0206130718374673,True,False,ieee14
212,5,4.256957229010861e-10,0.020406581362152565,True,False,ieee14
213,5,4.251523222585088e-10,0.020022345415347753,True,False,ieee14
214,5,4.2596353233249346e-10,0.02020226257124269,True,False,ieee14
215,5,4.2574532351187815e-10,0.02008205996829371,True,False,ieee14
216,5,4.253086600305682e-10,0.019648884297561064,True,False,ieee14
217,5,1.2957059198295168e-08,0.1620834454756882,False,False,ieee14
218,5,1.295794753528179e-08,0.17529169284988755,False,False,ieee14
219,5,1.2959750261998383e-08,0.18165713850727572,False,False,ieee14
220,5,1.2948566349973172e-08,0.17814038751487937,False,False,ieee14
221,5,1.2949459615520378e-08,0.18767224163411833,False,False,ieee14
222,5,1.2951260876779679e-08,0.19096729339837237,False,False,ieee14
223,5,1.2327423316947241e-08,0.17624128896187474,False,False,ieee14
224,5,1.232823364739073e-08,0.17742171521937933,False,False,ieee14
225,5,1.2329881968643776e-08,0.17915593796230012,False,False,ieee14
226,5,2.5517503567763845e-09,0.03570880255614062,False,False,ieee14
227,5,2.5528556495521608e-09,0.034005473340119274,False,False,ieee14
228,5,2.5551326510471388e-09,0.0351483836617954,False,False,ieee14
229,5,2.5450824242003562e-09,0.050739078572632046,False,False,ieee14
230,5,2.5461137479528785e-09,0.05321862434281588,False,False,ieee14
231,5,2.5494014590533263e-09,0.03212346857924786,False,False,ieee14
232,5,2.5158581911663673e-09,0.06687546862948868,False,False,ieee14
233,5,2.516696059482852e-09,0.0637501301429565,False,False,ieee14
234,5,2.518353103944536e-09,0.06091348579406308,False,False,ieee14
235,5,2.556424112219062e-10,0.010494178087270933,True,False,ieee14
236,5,2.5675909780308095e-10,0.010502838942498594,True,False,ieee14
237,5,2.5898575936748966e-10,0.010210950548681819,True,False,ieee14
238,5,2.556315739106094e-10,0.010887248947881845,True,False,ieee14
239,5,2.5666643792469723e-10,0.01068540852462585,True,False,ieee14
240,5,2.5873038808405425e-10,0.010246683678023505,True,False,ieee14
241,5,2.5461872175544686e-10,0.011225721042190884,True,False,ieee14
242,5,2.554187072137732e-10,0.010895816088101085,True,False,ieee14
243,5,2.5701338982993563e-10,0.010409573374956071,True,False,ieee14
244,5,2.1901512159486172e-08,0.37398478911265476,False,False,ieee14
245,5,2.190207206671499e-08,0.3835321331762186,False,False,ieee14
246,5,2.1903489218131476e-08,0.37920442298726864,False,False,ieee14
247,5,2.0968866756138045e-08,0.2631705655138673,False,False,ieee14
248,5,2.0969662333329656e-08,0.2754641471460676,False,False,ieee14
249,5,2.0971120113275604e-08,0.30465264618319143,False,False,ieee14
250,5,2.042866641453857e-08,0.40714849545356435,False,False,ieee14
251,5,2.0429610702766792e-08,0.37497870428434354,False,False,ieee14
252,5,2.0431352397714026e-08,0.3492056707720592,False,False,ieee14
253,5,4.162862653811793e-09,0.05868506623648606,False,False,ieee14
254,5,4.163935454500262e-09,0.059445918738726844,False,False,ieee14
255,5,4.166070603669118e-09,0.05838975904377308,False,False,ieee14
256,5,4.11410154089295e-09,0.058371543287470185,False,False,ieee14
257,5,4.115166409591234e-09,0.06500970636847814,False,False,ieee14
258,5,4.1173449824144815e-09,0.0657634660074159,False,False,ieee14
259,5,4.09895356531226e-09,0.036053587019437394,False,False,ieee14
260,5,4.099835788894324e-09,0.04307586762442561,False,False,ieee14
261,5,4.101580001391554e-09,0.04605021528563025,False,False,ieee14
262,5,3.9037751464225105e-10,0.01517788729433156,True,False,ieee14
263,5,3.9149238933594303e-10,0.01511110428265694,True,False,ieee14
264,5,3.9371582550562984e-10,0.014944343330263399,True,False,ieee14
265,5,3.8903352079158384e-10,0.015929351766472588,True,False,ieee14
266,5,3.9007027627657617e-10,0.015857069342280705,True,False,ieee14
267,5,3.921370426555328e-10,0.015479305331700721,True,False,ieee14
268,5,3.8833177177244433e-10,0.015603878058560894,True,False,ieee14
269,5,3.891366550793991e-10,0.01549494070487678,True,False,ieee14
270,5,3.907404799370798e-10,0.015268285451676467,True,False,ieee14
271,5,2.553600958139506e-08,0.6274267483229523,False,False,ieee14
272,5,2.553652788619412e-08,0.6522439284980295,False,False,ieee14
273,5,2.553779560217268e-08,0.6555637458073974,False,False,ieee14
274,5,2.497787073700036e-08,0.7105431819316097,False,False,ieee14
275,5,2.497741441593297e-08,0.7040549862610945,False,False,ieee14
276,5,2.497882747119058e-08,0.7274522141628508,False,False,ieee14
277,5,2.468647270703008e-08,0.6092736948969513,False,False,ieee14
278,5,2.4687370078844196e-08,0.5968291763008987,False,False,ieee14
279,5,2.4689191949687744e-08,0.5984762294317091,False,False,ieee14
280,5,5.088197919042621e-09,0.07662291365846852,False,False,ieee14
281,5,5.0892717622774314e-09,0.07684823298759236,False,False,ieee14
282,5,5.091407433845526e-09,0.07596857188132056,False,False,ieee14
283,5,5.058825958986803e-09,0.06082814303197159,False,False,ieee14
284,5,5.059882937645103e-09,0.06255034185117325,False,False,ieee14
285,5,5.061964629013846e-09,0.06324079687602546,False,False,ieee14
286,5,5.049709963218096e-09,0.04477132665146766,False,False,ieee14
287,5,5.0505961835466955e-09,0.044683379372271514,False,False,ieee14
288,5,5.052352889162037e-09,0.04821814857214057,False,False,ieee14
289,5,5.109953018199443e-10,0.017721629372386194,True,False,ieee14
290,5,5.121102357123636e-10,0.01762555903972618,True,False,ieee14
291,5,5.143338076891616e-10,0.017443467410335645,True,False,ieee14
292,5,5.101143042570805e-10,0.018174091952216975,True,False,ieee14
293,5,5.111523780169828e-10,0.018082092336177857,True,False,ieee14
294,5,5.132220610501613e-10,0.017785368171861604,True,False,ieee14
295,5,5.096201595913652e-10,0.017762545193418022,True,False,ieee14
296,5,5.104262169266555e-10,0.017675441072222964,True,False,ieee14
297,5,5.1203291250621e-10,0.017556861236377896,True,False,ieee14
298,5,3.736008398975193e-08,1.109814238864424,False,False,ieee14
299,5,3.73599778676951e-08,0.9500706710017137,False,False,ieee14
300,5,3.736066257263786e-08,0.9823464342007213,False,False,ieee14
301,5,3.736045014119853e-08,1.089712084122352,False,False,ieee14
302,5,3.736010509815161e-08,1.0978843658541932,False,False,ieee14
303,5,3.736050083302106e-08,1.0944411223920576,False,False,ieee14
304,5,3.7359410903540165e-08,1.0113224666026794,False,False,ieee14
305,5,3.736028897061925e-08,1.0685319454261053,False,False,ieee14
306,5,3.736202254941628e-08,1.073189602574848,False,False,ieee14
307,5,7.606071637495464e-09,0.12789662273886615,False,False,ieee14
308,5,7.607096550073037e-09,0.12769239413734768,False,False,ieee14
309,5,7.609184608046087e-09,0.12815503529355732,False,False,ieee14
310,5,7.606083291217726e-09,0.1308375129160796,False,False,ieee14
311,5,7.6071119315797e-09,0.13023351989761223,False,False,ieee14
312,5,7.609185639930252e-09,0.130065860009013,False,False,ieee14
313,5,7.605861142623112e-09,0.12687143394785483,False,False,ieee14
314,5,7.606773852875877e-09,0.12713130246058535,False,False,ieee14
315,5,7.608581244763199e-09,0.12567204258940745,False,False,ieee14
316,5,7.654897297256678e-10,0.023726594316055394,True,False,ieee14
317,5,7.666049557910958e-10,0.02369527912675151,True,False,ieee14
318,5,7.688285386634306e-10,0.02362971238608791,True,False,ieee14
319,5,7.655056326026502e-10,0.023612594420591604,True,False,ieee14
320,5,7.665467866094022e-10,0.02353113916634908,True,False,ieee14
321,5,7.686230838985749e-10,0.0234038936811215,True,False,ieee14
322,5,7.655056053552825e-10,0.023353089017533968,True,False,ieee14
323,5,7.663143671594583e-10,0.02327413389882893,True,False,ieee14
324,5,7.679265529310682e-10,0.023036248547427918,True,False,ieee14
325,5,1.1255367595136901e-08,0.292294857248134,False,False,ieee14
326,5,1.1256440792298652e-08,0.2923704293991928,False,False,ieee14
327,5,1.1258544858522184e-08,0.2959747862563774,False,False,ieee14
328,5,1.1225886487922792e-08,0.27124179106276114,False,False,ieee14
329,5,1.1226861384129694e-08,0.26761778464500663,False,False,ieee14
330,5,1.1228767075483546e-08,0.270349310119822,False,False,ieee14
331,5,1.0694563843939127e-08,0.3017975301283431,False,False,ieee14
332,5,1.0695325372458355e-08,0.2960614846963674,False,False,ieee14
333,5,1.0696859827846648e-08,0.29379292906092513,False,False,ieee14
334,5,2.8000287939587926e-09,0.05154856928556173,False,False,ieee14
335,5,2.8012174768649424e-09,0.052193140387476356,False,False,ieee14
336,5,2.803620357752438e-09,0.05839884261139816,False,False,ieee14
337,5,2.7892351503385273e-09,0.05739581452158127,False,False,ieee14
338,5,2.7903154013758563e-09,0.056739062113255745,False,False,ieee14
339,5,2.792448900103029e-09,0.05751216390383451,False,False,ieee14
340,5,2.760745380998656e-09,0.07185421953446203,False,False,ieee14
341,5,2.7615593262085778e-09,0.07164329279403647,False,False,ieee14
342,5,2.7631659829454892e-09,0.07118163534909427,False,False,ieee14
343,5,2.9899011261756656e-10,0.011880573577664921,True,False,ieee14
344,5,3.0020206153332483e-10,0.01182608852177458,True,False,ieee14
345,5,3.026211497000351e-10,0.011577826778466194,True,False,ieee14
346,5,2.988662457684675e-10,0.012270632784668889,True,False,ieee14
347,5,2.9994526940600274e-10,0.012082916164271484,True,False,ieee14
348,5,3.020992387056205e-10,0.01170176027322234,True,False,ieee14
349,5,2.9873680724333825e-10,0.012703014331027607,True,False,ieee14
350,5,2.995216554878167e-10,0.012426841517909293,True,False,ieee14
351,5,3.0108788559562337e-10,0.011985754782651514,True,False,ieee14
352,5,1.8858053788496783e-08,0.41276565196524123,False,False,ieee14
353,5,1.8858931229081237e-08,0.41008381148248907,False,False,ieee14
354,5,1.8860669817146286e-08,0.4123722924013985,False,False,ieee14
355,5,1.8055723380457647e-08,0.3909709788724165,False,False,ieee14
356,5,1.805659607091031e-08,0.3902825451275358,False,False,ieee14
357,5,1.8058304364449676e-08,0.3898591836941554,False,False,ieee14
358,5,1.7635338480325343e-08,0.4249800316584998,False,False,ieee14
359,5,1.763611162979565e-08,0.4275290807582732,False,False,ieee14
360,5,1.7637542518823355e-08,0.42602566925216895,False,False,ieee14
361,5,4.666472389011965e-09,0.12562758131737695,False,False,ieee14
362,5,4.667651918374737e-09,0.12260355944936119,False,False,ieee14
363,5,4.669981962899169e-09,0.11911060926817996,False,False,ieee14
364,5,4.614291859023902e-09,0.1067631336276309,False,False,ieee14
365,5,4.61537139656472e-09,0.10586065164543745,False,False,ieee14
366,5,4.617504565585356e-09,0.10694250746265188,False,False,ieee14
367,5,4.6053305355315374e-09,0.12396556402289227,False,False,ieee14
368,5,4.606176264537684e-09,0.12319813983326766,False,False,ieee14
369,5,4.607844207756935e-09,0.12289446668513104,False,False,ieee14
370,5,4.794361679509344e-10,0.01777335554883641,True,False,ieee14
371,5,4.806456813612584e-10,0.017672847484337617,True,False,ieee14
372,5,4.830603558519768e-10,0.017394237503009835,True,False,ieee14
373,5,4.791325718845355e-10,0.018621407911006194,True,False,ieee14
374,5,4.802136527381854e-10,0.018487185491515956,True,False,ieee14
375,5,4.823708506336246e-10,0.018029639893881955,True,False,ieee14
376,5,4.792279852445891e-10,0.01833166956522836,True,False,ieee14
377,5,4.800177319572824e-10,0.018255761635652457,True,False,ieee14
378,5,4.815926325556847e-10,0.017909590386987362,True,False,ieee14
379,5,2.210030455626951e-08,0.5991061248489382,False,False,ieee14
380,5,2.2101133508154547e-08,0.5940771928385349,False,False,ieee14
381,5,2.2102868437048196e-08,0.5959476326904357,False,False,ieee14
382,5,2.1636847745405654e-08,0.5759335656148539,False,False,ieee14
383,5,2.163771538308523e-08,0.5685300645038371,False,False,ieee14
384,5,2.1639438811225086e-08,0.569277358797275,False,False,ieee14
385,5,2.1410960081946695e-08,0.5820016059223234,False,False,ieee14
386,5,2.1411762243443867e-08,0.5776117827325561,False,False,ieee14
387,5,2.141329776103305e-08,0.5817801696294664,False,False,ieee14
388,5,5.576671233749489e-09,0.1664001623521485,False,False,ieee14
389,5,5.577846759559953e-09,0.16514711877649257,False,False,ieee14
390,5,5.580181304038522e-09,0.16561858449789602,False,False,ieee14
391,5,5.5454665634990665e-09,0.14028041248654277,False,False,ieee14
392,5,5.546562033379882e-09,0.139193533714699,False,False,ieee14
393,5,5.548729233262233e-09,0.13943324491401843,False,False,ieee14
394,5,5.54003003082078e-09,0.14834300373704268,False,False,ieee14
395,5,5.540882450628604e-09,0.14790496106222084,False,False,ieee14
396,5,5.5425671513610245e-09,0.1483433729845972,False,False,ieee14
397,5,5.978296922976497e-10,0.02080864300986962,True,False,ieee14
398,5,5.990401449844188e-10,0.020725920523784747,True,False,ieee14
399,5,6.014563410111739e-10,0.020454829103518257,True,False,ieee14
400,5,5.976483539084824e-10,0.02135152878224933,True,False,ieee14
401,5,5.987302218103313e-10,0.021199019470957592,True,False,ieee14
402,5,6.008891846837311e-10,0.020762245169541504,True,False,ieee14
403,5,5.97687209861519e-10,0.0210134457811626,True,False,ieee14
404,5,5.984779770576285e-10,0.020849382002299466,True,False,ieee14
405,5,6.000554331726117e-10,0.02059205260994279,True,False,ieee14
406,5,3.2321824549887344e-08,0.9513913533044083,False,False,ieee14
407,5,3.2322265279474086e-08,0.9377543109263715,False,False,ieee14
408,5,3.2323514702461505e-08,0.9355277538322313,False,False,ieee14
409,5,3.232091124808134e-08,0.911602534444888,False,False,ieee14
410,5,3.23212088014178e-08,0.8772773019061583,False,False,ieee14
411,5,3.232226757548584e-08,0.9247575889186704,False,False,ieee14
412,5,3.232050211309368e-08,0.9336770201572152,False,False,ieee14
413,5,3.2321313701251985e-08,0.9320997688645426,False,False,ieee14
414,5,3.232292955295522e-08,0.9541745287054938,False,False,ieee14
415,5,8.336101291034411e-09,0.24545266434849589,False,False,ieee14
416,5,8.33724017052887e-09,0.24440561500320435,False,False,ieee14
417,5,8.33951971509337e-09,0.24675373626616193,False,False,ieee14
418,5,8.335951569800065e-09,0.2031051290957373,False,False,ieee14
419,5,8.337040840714836e-09,0.1979117266641388,False,False,ieee14
420,5,8.339194902374278e-09,0.198848017596453,False,False,ieee14
421,5,8.335975400666618e-09,0.22675344294707978,False,False,ieee14
422,5,8.336835025635807e-09,0.223434741924737,False,False,ieee14
423,5,8.33854458587251e-09,0.22213458913890138,False,False,ieee14
424,5,8.966511609514913e-10,0.027183668508580117,True,False,ieee14
425,5,8.978616325004711e-10,0.027079177861846326,True,False,ieee14
426,5,9.002773818169515e-10,0.026869263909953256,True,False,ieee14
427,5,8.966671886098724e-10,0.027059053766948393,True,False,ieee14
428,5,8.97752063942752e-10,0.026877527355800623,True,False,ieee14
429,5,8.99916711994584e-10,0.026579715937918746,True,False,ieee14
430,5,8.966642607241022e-10,0.026674218363960778,True,False,ieee14
431,5,8.974583988777296e-10,0.026559673145804985,True,False,ieee14
432,5,8.990426988687576e-10,0.026167778317399693,True,False,ieee14
433,5,2.749025921859024e-09,0.1917413642664456,False,False,ieee14
434,5,2.7501733630900687e-09,0.18675640314801234,False,False,ieee14
435,5,2.7524432560929465e-09,0.18192664413950743,False,False,ieee14
436,5,2.7483588817529163e-09,0.1739558301732559,False,False,ieee14
437,5,2.74942481546873e-09,0.18799511080070708,False,False,ieee14
438,5,2.7514503340626857e-09,0.19042895599444565,False,False,ieee14
439,5,2.5965742892666495e-09,0.17461280517235767,False,False,ieee14
440,5,2.5971736115678454e-09,0.178874068721101,False,False,ieee14
441,5,2.5987262254124048e-09,0.18092748442071804,False,False,ieee14
442,5,8.161430535900935e-10,0.05809184834667702,True,False,ieee14
443,5,8.17390353938998e-10,0.053738305925163266,True,False,ieee14
444,5,8.198559429857899e-10,0.05605025933997809,True,False,ieee14
445,5,8.135919133569231e-10,0.044275047241130405,True,False,ieee14
446,5,8.149071207335138e-10,0.043983656977776175,True,False,ieee14
447,5,8.16899153603787e-10,0.04452054611867429,True,False,ieee14
448,5,8.034227089141914e-10,0.12418308313775517,True,False,ieee14
449,5,8.041883361555716e-10,0.11902508931360867,True,False,ieee14
450,5,8.058472030911636e-10,0.12044632461225147,True,False,ieee14
451,5,9.084733059081401e-11,0.009298079730967856,True,False,ieee14
452,5,9.207502997929354e-11,0.009289226055995692,True,False,ieee14
453,5,9.452502210848946e-11,0.009206966776059367,True,False,ieee14
454,5,9.080880008172513e-11,0.009606652504712931,True,False,ieee14
455,5,9.189740515216487e-11,0.009482187404256437,True,False,ieee14
456,5,9.40709288503006e-11,0.009313991004149313,True,False,ieee14
457,5,9.09479399514884e-11,0.009959153352917194,True,False,ieee14
458,5,9.173412774304514e-11,0.009809314088333632,True,False,ieee14
459,5,9.33030022595552e-11,0.009585088251963358,True,False,ieee14
460,5,4.300644344241353e-09,0.21496094051615222,False,False,ieee14
461,5,4.303186358532494e-09,0.7369560995420533,False,False,ieee14
462,5,4.304849091621158e-09,0.6868170919388608,False,False,ieee14
463,5,4.083648607707438e-09,0.23028774511604866,False,False,ieee14
464,5,4.084544400362485e-09,0.21361705148729826,False,False,ieee14
465,5,4.086329155478681e-09,0.2095790178707605,False,False,ieee14
466,5,3.965493111339534e-09,0.20749723088735372,False,False,ieee14
467,5,3.966225912554332e-09,0.19998852123202537,False,False,ieee14
468,5,3.967677008193286e-09,0.19812615464652505,False,False,ieee14
469,5,1.2656488902122036e-09,0.07935866519059798,False,False,ieee14
470,5,1.2668922760469071e-09,0.07939564704716717,False,False,ieee14
471,5,1.269356953531391e-09,0.07948678281168786,False,False,ieee14
472,5,1.24905832372362e-09,0.08573564132996014,False,False,ieee14
473,5,1.250180918564222e-09,0.08575640249319205,False,False,ieee14
474,5,1.252427961205928e-09,0.08595148117671292,False,False,ieee14
475,5,1.2444258235304985e-09,0.08580097841499368,False,False,ieee14
476,5,1.245272553346957e-09,0.08582032214203916,False,False,ieee14
477,5,1.2469609373264547e-09,0.08607422334418169,False,False,ieee14
478,5,1.3687738732926624e-10,0.010473320366360839,True,False,ieee14
479,5,1.3810613666570596e-10,0.010484585630059162,True,False,ieee14
480,5,1.4055779595595938e-10,0.010736643048241956,True,False,ieee14
481,5,1.370498372463628e-10,0.011284891953159737,True,False,ieee14
482,5,1.3814242378219916e-10,0.011279213040364944,True,False,ieee14
483,5,1.4032408905145235e-10,0.011472200617515638,True,False,ieee14
484,5,1.372189553151608e-10,0.011217446325339053,True,False,ieee14
485,5,1.3801001800803908e-10,0.011206804503566481,True,False,ieee14
486,5,1.3958821585978661e-10,0.011312898175009356,True,False,ieee14
487,5,5.355260345765205e-09,0.527161035302334,False,False,ieee14
488,5,5.358327084646021e-09,0.6173112354205547,False,False,ieee14
489,5,5.355723539059299e-09,0.45531797449458355,False,False,ieee14
490,5,5.234809744750338e-09,0.3152452241190328,False,False,ieee14
491,5,5.235554897385965e-09,0.31461210385380933,False,False,ieee14
492,5,5.237365431004778e-09,0.3035584912232011,False,False,ieee14
493,5,5.278359210552644e-09,0.24807061978331868,False,False,ieee14
494,5,5.175352803298432e-09,0.5593246851821503,False,False,ieee14
495,5,5.185871089887293e-09,0.7771690096303513,False,False,ieee14
496,5,1.6176996235963094e-09,0.09958267896316686,False,False,ieee14
497,5,1.6190813462017888e-09,0.104563077084186,False,False,ieee14
498,5,1.6215982185260254e-09,0.10632018038179736,False,False,ieee14
499,5,1.6080484616905092e-09,0.10717158919858571,False,False,ieee14
500,5,1.6091975418013007e-09,0.10783847902760602,False,False,ieee14
501,5,1.6114878878777586e-09,0.11031423145315666,False,False,ieee14
502,5,1.604608867705454e-09,0.07182840468064478,False,False,ieee14
503,5,1.6056814237479672e-09,0.10074264831022695,False,False,ieee14
504,5,1.6077519299626423e-09,0.10998906217395699,False,False,ieee14
505,5,1.8159357075644925e-10,0.012979767112030194,True,False,ieee14
506,5,1.8282498266841843e-10,0.012997742155314795,True,False,ieee14
507,5,1.852820807276341e-10,0.01327404732602544,True,False,ieee14
508,5,1.8169858384561952e-10,0.013496390654922807,True,False,ieee14
509,5,1.8279350650581427e-10,0.013499841237041621,True,False,ieee14
510,5,1.8497997180850223e-10,0.013712853954185422,True,False,ieee14
511,5,1.8179571810959363e-10,0.013397630089983403,True,False,ieee14
512,5,1.82589610062165e-10,0.013378588043215567,True,False,ieee14
513,5,1.8417385991185943e-10,0.013523806039034025,True,False,ieee14
514,5,7.596308059397437e-09,0.7363226243214626,False,False,ieee14
515,5,7.597487410080369e-09,0.7364051978108934,False,False,ieee14
516,5,7.599605779816317e-09,0.7369579168902697,False,False,ieee14
517,5,7.59640678398359e-09,0.7363139641684796,False,False,ieee14
518,5,7.597636345249535e-09,0.7363862316375913,False,False,ieee14
519,5,7.60003899494729e-09,0.7369398965184802,False,False,ieee14
520,5,7.596784139025709e-09,0.7362461502292885,False,False,ieee14
521,5,7.59789622231756e-09,0.7362960623109608,False,False,ieee14
522,5,7.599990052100625e-09,0.7367919275901821,False,False,ieee14
523,5,2.4045468805858557e-09,0.15970240098432054,False,False,ieee14
524,5,2.405821657928677e-09,0.15976619680047977,False,False,ieee14
525,5,2.4083714500363873e-09,0.16020174281438482,False,False,ieee14
526,5,2.4045579966283084e-09,0.1596349395462886,False,False,ieee14
527,5,2.4057452539683705e-09,0.15966529718787015,False,False,ieee14
528,5,2.408116047060197e-09,0.16002741736841453,False,False,ieee14
529,5,2.4045376769488815e-09,0.1595200220277,False,False,ieee14
530,5,2.4054522320696146e-09,0.15950835854264855,False,False,ieee14
531,5,2.4072793870087966e-09,0.1597814248750613,False,False,ieee14
532,5,2.723896034315803e-10,0.01791740164963951,True,False,ieee14
533,5,2.736253277106881e-10,0.017961136715758497,True,False,ieee14
534,5,2.760923526099553e-10,0.01833836843452208,True,False,ieee14
535,5,2.7238690985655894e-10,0.017866232489156753,True,False,ieee14
536,5,2.734886673681068e-10,0.017876410848783775,True,False,ieee14
537,5,2.7568818015903784e-10,0.018179109037717023,True,False,ieee14
538,5,2.7238609951409444e-10,0.01773816478845447,True,False,ieee14
539,5,2.7318608133984966e-10,0.017708971924898176,True,False,ieee14
540,5,2.747824087389677e-10,0.01792900170837408,True,False,ieee14
1,14,0.0001779344106897925,1.5491696237900934,False,False,ieee14
2,14,0.00010538952419914063,1.542081851198184,False,False,ieee14
3,14,3.7377693855477615e-05,1.5537224200867925,False,False,ieee14
4,14,5.094496884067502e-05,1.1365496342924226,False,False,ieee14
5,14,0.00011260447241692911,1.0894980347835541,False,False,ieee14
6,14,0.00023490650363055873,1.0903385748140448,False,False,ieee14
7,14,0.0009125317456293415,1.4300752037415816,False,False,ieee14
8,14,0.0008714368176150707,1.360337105058754,False,False,ieee14
9,14,0.0007901717450058127,1.3681095644575354,False,False,ieee14
10,14,0.0005991229064733482,0.0855290721378037,False,False,ieee14
11,14,0.0006701028036321519,0.08489159369290877,False,False,ieee14
12,14,0.0008118564741304308,0.08466792994493433,False,False,ieee14
13,14,0.0006263264040095495,0.0901644644220908,False,False,ieee14
14,14,0.0006875098113415908,0.0899593690990671,False,False,ieee14
15,14,0.0008097493957248506,0.08926968178809125,False,False,ieee14
16,14,0.000451212005867259,0.09460881904333496,False,False,ieee14
17,14,0.0004932430575028654,0.09512064295122435,False,False,ieee14
18,14,0.0005771044156805872,0.09681293133785929,False,False,ieee14
19,14,7.15508132308439e-05,0.021960114657916696,False,False,ieee14
20,14,0.00014229168665973188,0.021509622917580073,False,False,ieee14
21,14,0.00028368382252858015,0.021526551258017945,False,False,ieee14
22,14,7.420632019412248e-05,0.02246044206303155,False,False,ieee14
23,14,0.00013528426419735188,0.02173258401418887,False,False,ieee14
24,14,0.00025737211654699386,0.02144357134994801,False,False,ieee14
25,14,5.5770414032760316e-05,0.022710368411581694,False,False,ieee14
26,14,9.789897969879396e-05,0.022108662916690225,False,False,ieee14
27,14,0.00018208395547639764,0.0215725081114434,False,False,ieee14
28,14,0.00059052031912901,1.8886729429422633,False,False,ieee14
29,14,0.0005161606134299002,1.8477669715752925,False,False,ieee14
30,14,0.00037108583844507205,1.8936904172261992,False,False,ieee14
31,14,0.00171312404480638,1.7342916883837445,False,False,ieee14
32,14,0.0016500326322823815,1.646719043626383,False,False,ieee14
33,14,0.0015281187304898294,1.65051864386696,False,False,ieee14
34,14,0.0026649393763475177,1.7796008229051545,False,False,ieee14
35,14,0.002625097021878853,1.772646195316019,False,False,ieee14
36,14,0.002544226731699293,1.7835363153442958,False,False,ieee14
37,14,0.0009586006148414819,0.11097202423349972,False,False,ieee14
38,14,0.001029731390257599,0.1109494605487602,False,False,ieee14
39,14,0.001171819437888701,0.1099011796140068,False,False,ieee14
40,14,0.0007507813382820823,0.1302884014840966,False,False,ieee14
41,14,0.0008119654879906776,0.12610764640715177,False,False,ieee14
42,14,0.0009341387581032169,0.12695509100395497,False,False,ieee14
43,14,0.0005851157280354768,0.12167535160728826,False,False,ieee14
44,14,0.0006270497060506516,0.12257283026450616,False,False,ieee14
45,14,0.000710694809482269,0.13865487517109065,False,False,ieee14
46,14,0.00011503563886244455,0.02561365362616741,False,False,ieee14
47,14,0.0001857915030143983,0.02556165221884743,False,False,ieee14
48,14,0.0003272230995182957,0.025420152785577077,False,False,ieee14
49,14,9.300388493811574e-05,0.026874763127883616,False,False,ieee14
50,14,0.00015408962426260309,0.026522949656796135,False,False,ieee14
51,14,0.0002761881883969111,0.026373396507222258,False,False,ieee14
52,14,7.587682308035037e-05,0.02643997005293719,False,False,ieee14
53,14,0.00011799150032119675,0.026123291182576835,False,False,ieee14
54,14,0.00020215612180853463,0.02572661416833555,False,False,ieee14
55,14,0.00023510990612589657,2.5511968885280236,False,False,ieee14
56,14,0.00015945565676165485,2.4937949912754456,False,False,ieee14
57,14,1.40904849623606e-05,2.5579177813583174,False,False,ieee14
58,14,0.0009545909821522678,2.6536626750329577,False,False,ieee14
59,14,0.0008926880248362636,2.5756957367020616,False,False,ieee14
60,14,0.0007701490361050606,2.675001725411103,False,False,ieee14
61,14,0.0015733873090284373,2.150108430167499,False,False,ieee14
62,14,0.0015343664303754565,2.185624384699154,False,False,ieee14
63,14,0.0014535419421159862,2.173210772677204,False,False,ieee14
64,14,0.0011755437429043145,0.18813495304833117,False,False,ieee14
65,14,0.0012472683795578016,0.2667323752520441,False,False,ieee14
66,14,0.0013893267415397731,0.28077935173723856,False,False,ieee14
67,14,0.0010378331342017942,0.42102517883551194,False,False,ieee14
68,14,0.001099383746579737,0.42905335142343604,False,False,ieee14
69,14,0.0012214849089754846,0.44241289982688503,False,False,ieee14
70,14,0.0009277515199795318,0.3160765144354535,False,False,ieee14
71,14,0.0009698364486018715,0.3230097832824853,False,False,ieee14
72,14,0.0010535739686357542,0.4056978012261061,False,False,ieee14
73,14,0.00014062552999866737,0.029850008319953325,False,False,ieee14
74,14,0.00021139742854757036,0.029777475214754934,False,False,ieee14
75,14,0.00035285322906664286,0.029648073836813116,False,False,ieee14
76,14,0.00012592652564042957,0.030669503015029576,False,False,ieee14
77,14,0.0001870144165409775,0.030334170322114717,False,False,ieee14
78,14,0.00030911685222259193,0.03006390574480211,False,False,ieee14
79,14,0.0001145317042684763,0.03029160041301382,False,False,ieee14
80,14,0.00015664640331578472,0.029880850209067056,False,False,ieee14
81,14,0.00024081617579680767,0.029467314265029687,False,False,ieee14
82,14,0.0009499019230822257,3.7995904082783003,False,False,ieee14
83,14,0.0008741131153420774,3.779271537339703,False,False,ieee14
84,14,0.0007377096131663127,4.008521243297494,False,False,ieee14
85,14,0.000957560317811679,3.749242379038719,False,False,ieee14
86,14,0.0008980215468291144,3.527315757214067,False,False,ieee14
87,14,0.0007852697962181993,3.659036255842012,False,False,ieee14
88,14,0.0009746598812410675,3.9117550013300084,False,False,ieee14
89,14,0.0009332170868959068,3.863674376779162,False,False,ieee14
90,14,0.0008514549490233603,3.930040757752711,False,False,ieee14
91,14,0.001579929747524273,0.5166067454331046,False,False,ieee14
92,14,0.0016517134560067026,0.5008575650504642,False,False,ieee14
93,14,0.0017938308516884218,0.5397850990516879,False,False,ieee14
94,14,0.0015792354431351527,0.6970644983819794,False,False,ieee14
95,14,0.0016407375063891081,0.6886406157517305,False,False,ieee14
96,14,0.001762926452002405,0.6866126442885866,False,False,ieee14
97,14,0.0015786387143963527,0.8440569513872994,False,False,ieee14
98,14,0.0016209837879014339,0.8161329553674469,False,False,ieee14
99,14,0.0017050326964152813,0.7936988161731939,False,False,ieee14
100,14,0.0001914120284701394,0.038328021952369506,False,False,ieee14
101,14,0.0002622146605634848,0.03818706136503325,False,False,ieee14
102,14,0.00040371931496579235,0.038009661032027964,False,False,ieee14
103,14,0.00019148701540796156,0.03816305138621545,False,False,ieee14
104,14,0.0002525867511391837,0.03778593350636372,False,False,ieee14
105,14,0.0003747019003499334,0.037331051567731977,False,False,ieee14
106,14,0.00019160792457913883,0.03774002428264145,False,False,ieee14
107,14,0.00023372057452549676,0.03725682877976566,False,False,ieee14
108,14,0.0003178818995417436,0.036883197837795145,False,False,ieee14
109,14,0.13630735022485704,1.8619643551187568,False,False,ieee14
110,14,0.1363817774118149,1.8016788192829933,False,False,ieee14
111,14,0.13652642241737303,1.8417190802302867,False,False,ieee14
112,14,0.13628131975821575,2.020152973437167,False,False,ieee14
113,14,0.13634639808529636,1.963322578062765,False,False,ieee14
114,14,0.1364718662421243,1.9930974122221734,False,False,ieee14
115,14,0.13087134996886718,1.7454805494284877,False,False,ieee14
116,14,0.13091201418377682,1.6720637274145598,False,False,ieee14
117,14,0.1309939865737073,1.6717285321570028,False,False,ieee14
118,14,0.02170284248443509,0.10248807404266047,False,False,ieee14
119,14,0.02177570091346149,0.21642857214373834,False,False,ieee14
120,14,0.021919145353208314,0.11065509078276003,False,False,ieee14
121,14,0.021728813146326124,0.3611249468278557,False,False,ieee14
122,14,0.02179215215585161,0.36575629260504217,False,False,ieee14
123,14,0.02191757165568706,0.3321949448933319,False,False,ieee14
124,14,0.021529293101074775,0.5521490177827202,False,False,ieee14
125,14,0.021573650416662662,0.5529346847791021,False,False,ieee14
126,14,0.02165929468958305,0.5534227505910394,False,False,ieee14
127,14,0.002099618015030368,0.025919130676482882,False,False,ieee14
128,14,0.0021705351473933414,0.025702309356011255,False,False,ieee14
129,14,0.002312269220531075,0.024739234932376286,False,False,ieee14
130,14,0.002102990450426976,0.02692823409367162,False,False,ieee14
131,14,0.002164316136330974,0.02610597038258844,False,False,ieee14
132,14,0.002286901833771855,0.024798355896768154,False,False,ieee14
133,14,0.0020996078678969473,0.027404441063428653,False,False,ieee14
134,14,0.0021419372580497404,0.02637336714536087,False,False,ieee14
135,14,0.0022265326352937788,0.025208820253810438,False,False,ieee14
136,14,0.2171354421821188,2.1340123672429594,False,False,ieee14
137,14,0.21720914784178935,2.031623876778971,False,False,ieee14
138,14,0.21735570089643508,2.0518382388574916,False,False,ieee14
139,14,0.209329808609012,2.250073736021315,False,False,ieee14
140,14,0.2093933453457794,2.1611980737881704,False,False,ieee14
141,14,0.20951464622715477,2.0788950818521794,False,False,ieee14
142,14,0.2047732400311954,2.0503835194145195,False,False,ieee14
143,14,0.2048133265803579,2.0405617383604078,False,False,ieee14
144,14,0.2048925861838305,2.053950522811898,False,False,ieee14
145,14,0.03337035895806289,0.897796029406383,False,False,ieee14
146,14,0.03344375641760713,0.8975309223147208,False,False,ieee14
147,14,0.03358922912890009,0.9092642567360691,False,False,ieee14
148,14,0.033099522106777704,0.6530330703712487,False,False,ieee14
149,14,0.033163968380722775,0.6287733708568157,False,False,ieee14
150,14,0.03329190428522945,0.610531756236589,False,False,ieee14
151,14,0.032905365823313715,0.7895773157454735,False,False,ieee14
152,14,0.03294991645872031,0.7763566237232772,False,False,ieee14
153,14,0.03303799172417125,0.7635258875834998,False,False,ieee14
154,14,0.003160718838589561,0.03792325153478382,False,False,ieee14
155,14,0.0032317422624959136,0.03748520146749901,False,False,ieee14
156,14,0.0033737156602942674,0.03596411875940819,False,False,ieee14
157,14,0.003158181236788012,0.039382198746394925,False,False,ieee14
158,14,0.003219640982397476,0.03859443216972536,False,False,ieee14
159,14,0.003342458637780583,0.03655303473766269,False,False,ieee14
160,14,0.00315222876886822,0.038495209085388726,False,False,ieee14
161,14,0.0031946449283595394,0.03775856756624385,False,False,ieee14
162,14,0.0032793790618285404,0.036447355999397524,False,False,ieee14
163,14,0.2660215891489244,2.813153159271102,False,False,ieee14
164,14,0.26610175091054633,2.689448322752037,False,False,ieee14
165,14,0.2662582340498622,2.7008056825464486,False,False,ieee14
166,14,0.26107402102979677,2.171231735394802,False,False,ieee14
167,14,0.26120840054040784,2.8327934498259313,False,False,ieee14
168,14,0.261333320207597,2.7436409928404557,False,False,ieee14
169,14,0.25867807981774366,2.5717213945767647,False,False,ieee14
170,14,0.2587223824061586,2.598898093068823,False,False,ieee14
171,14,0.25880706330758163,2.639152587672486,False,False,ieee14
172,14,0.04325462988373776,1.1131310981950846,False,False,ieee14
173,14,0.04332873702026113,1.103037616752574,False,False,ieee14
174,14,0.04347571286395187,1.1337580941455336,False,False,ieee14
175,14,0.04306650252442296,0.6437977327580151,False,False,ieee14
176,14,0.043130156736909196,0.6791818498107376,False,False,ieee14
177,14,0.04325891123214312,0.6774576937620577,False,False,ieee14
178,14,0.04294185787174785,0.9544194173226943,False,False,ieee14
179,14,0.04298736273893906,0.9190542390860165,False,False,ieee14
180,14,0.04307675046981657,0.9172715891315932,False,False,ieee14
181,14,0.004201613230509986,0.043216279466633756,False,False,ieee14
182,14,0.004272751565924885,0.042818521197843684,False,False,ieee14
183,14,0.004414943105579327,0.04131693810363779,False,False,ieee14
184,14,0.004200041038296396,0.0442151576599179,False,False,ieee14
185,14,0.004261579737073028,0.04333547108570379,False,False,ieee14
186,14,0.004384570185480369,0.04138788594056109,False,False,ieee14
187,14,0.004195606075300829,0.04347187727872548,False,False,ieee14
188,14,0.004238103031612955,0.04204835049574718,False,False,ieee14
189,14,0.004323016371359702,0.0409658034893271,False,False,ieee14
190,14,0.38678260110703744,5.179838124060394,False,False,ieee14
191,14,0.38686764928256157,4.254614865913409,False,False,ieee14
192,14,0.38703361061814706,4.574816693252082,False,False,ieee14
193,14,0.38667768396114915,3.8569511752166266,False,False,ieee14
194,14,0.3867557933248761,3.858666390721275,False,False,ieee14
195,14,0.38690748277271136,3.992056348399269,False,False,ieee14
196,14,0.386708220028836,4.070773993467326,False,False,ieee14
197,14,0.38670673806451883,3.8975407255069063,False,False,ieee14
198,14,0.38675249256201233,3.2286006788288737,False,False,ieee14
199,14,0.06447265154190328,1.5189339503014057,False,False,ieee14
200,14,0.06454780667441101,1.5141329869911777,False,False,ieee14
201,14,0.06469708017201249,1.5514334390132318,False,False,ieee14
202,14,0.06447133328643338,1.562976308403512,False,False,ieee14
203,14,0.0645371766875799,1.5177099891563968,False,False,ieee14
204,14,0.06466683419910507,1.4851917271319597,False,False,ieee14
205,14,0.06446411207669717,1.335042930447083,False,False,ieee14
206,14,0.06451132915819598,1.3093530425060762,False,False,ieee14
207,14,0.06460487434949272,1.324753223775818,False,False,ieee14
208,14,0.0062964615320448,0.053861915882965405,False,False,ieee14
209,14,0.006367813144684881,0.05372163280792963,False,False,ieee14
210,14,0.006510425158221826,0.05198533264125793,False,False,ieee14
211,14,0.006296666977220598,0.05415624412896758,False,False,ieee14
212,14,0.006358415472777637,0.05339220036767045,False,False,ieee14
213,14,0.006481820528038105,0.051157735150461514,False,False,ieee14
214,14,0.0062968181314125415,0.05344412841778012,False,False,ieee14
215,14,0.006339578731801402,0.05237626761587111,False,False,ieee14
216,14,0.006425017754069218,0.05027840825704255,False,False,ieee14
217,14,0.39569100780679517,1.722222229572293,False,False,ieee14
218,14,0.39575818510088345,1.6964264690067203,False,False,ieee14
219,14,0.3958897115222898,1.7064058737119479,False,False,ieee14
220,14,0.39663566361398256,1.8869395962533293,False,False,ieee14
221,14,0.3966958248097864,1.848953230759995,False,False,ieee14
222,14,0.3968117856173441,1.8656586405914228,False,False,ieee14
223,14,0.37513589392122376,1.738065390096597,False,False,ieee14
224,14,0.37517688261042875,1.6172576487987098,False,False,ieee14
225,14,0.3752576499479566,1.6268770472058018,False,False,ieee14
226,14,0.0765749750510807,0.4245770401187665,False,False,ieee14
227,14,0.07664731359564061,0.3990829613850767,False,False,ieee14
228,14,0.07679321278142165,0.41888570959973026,False,False,ieee14
229,14,0.07649261347416435,0.1389118468011621,False,False,ieee14
230,14,0.0765559891513164,0.14235584074231433,False,False,ieee14
231,14,0.07671229297628686,0.49699634290686323,False,False,ieee14
232,14,0.07485728378921935,0.6594562487789607,False,False,ieee14
233,14,0.07490189768373264,0.648188854593577,False,False,ieee14
234,14,0.07499009177978462,0.6458302727015761,False,False,ieee14
235,14,0.00762926153474368,0.02736627916124368,False,False,ieee14
236,14,0.0077003570029576555,0.027350438584381465,False,False,ieee14
237,14,0.007842437420991222,0.026079501617100376,False,False,ieee14
238,14,0.0076436714395917435,0.028571148118822998,False,False,ieee14
239,14,0.007705277816220523,0.02778493513454161,False,False,ieee14
240,14,0.007828400738852256,0.02623531541112112,False,False,ieee14
241,14,0.007534657916676854,0.029231551447027715,False,False,ieee14
242,14,0.007577251649258477,0.027957855631487782,False,False,ieee14
243,14,0.007662357183045254,0.02627383939645156,False,False,ieee14
244,14,0.6716734352178739,2.2583553537157357,False,False,ieee14
245,14,0.6717315124562878,2.165502849269411,False,False,ieee14
246,14,0.6718487203733141,2.171404941075482,False,False,ieee14
247,14,0.6405355578084236,2.3508540664453497,False,False,ieee14
248,14,0.6405899480539854,2.308437294479809,False,False,ieee14
249,14,0.6406912228697151,2.2170226326662243,False,False,ieee14
250,14,0.6193649255274614,2.213462429445222,False,False,ieee14
251,14,0.6194058091134765,2.1474458555028946,False,False,ieee14
252,14,0.6194828664817884,2.141708285845974,False,False,ieee14
253,14,0.1234573795353047,0.9481456382489041,False,False,ieee14
254,14,0.12352942863738438,0.9570927403439563,False,False,ieee14
255,14,0.12367219361451585,0.98588340391822,False,False,ieee14
256,14,0.12102049546451989,0.6837811523542315,False,False,ieee14
257,14,0.12108591742513072,0.6619703472819494,False,False,ieee14
258,14,0.12121835814960044,0.33412354170751346,False,False,ieee14
259,14,0.11974103853652948,0.821195840346931,False,False,ieee14
260,14,0.11978749525957978,0.8087050857350289,False,False,ieee14
261,14,0.11987880246634926,0.8082918929166488,False,False,ieee14
262,14,0.011604508107619996,0.04190907705102498,False,False,ieee14
263,14,0.011675754758186616,0.041607891701830435,False,False,ieee14
264,14,0.01181813113510934,0.040160830978863804,False,False,ieee14
265,14,0.01147103048333728,0.043669732211535695,False,False,ieee14
266,14,0.011532942570317013,0.043009556519681635,False,False,ieee14
267,14,0.0116566126698793,0.040960320193583866,False,False,ieee14
268,14,0.011370750940991763,0.043015465361985195,False,False,ieee14
269,14,0.011413654470338368,0.0418782531964248,False,False,ieee14
270,14,0.011499338614651784,0.0406469934554986,False,False,ieee14
271,14,0.7819617462232107,3.0420536455419365,False,False,ieee14
272,14,0.7820266658854721,2.9672746176552454,False,False,ieee14
273,14,0.782147975446143,2.9483883384552216,False,False,ieee14
274,14,0.7633806345002564,2.829959788650241,False,False,ieee14
275,14,0.7634058785686388,2.7184706196183663,False,False,ieee14
276,14,0.763509183472978,2.6454186212372517,False,False,ieee14
277,14,0.7515606213241912,2.9419554899471203,False,False,ieee14
278,14,0.7515995127186463,2.864187022426173,False,False,ieee14
279,14,0.7516810572572088,2.933302832734319,False,False,ieee14
280,14,0.15252443840230975,1.199531453010363,False,False,ieee14
281,14,0.15259791069327971,1.2027892874864703,False,False,ieee14
282,14,0.1527437214805088,1.2300768485262137,False,False,ieee14
283,14,0.1510326491785007,0.8185429554012857,False,False,ieee14
284,14,0.15109831367271437,0.8631347586011798,False,False,ieee14
285,14,0.1512281619079471,0.8976898070340789,False,False,ieee14
286,14,0.15027387418246413,0.9857523547309357,False,False,ieee14
287,14,0.15032166142176892,0.9562056544001859,False,False,ieee14
288,14,0.15041546160560645,0.9623968761684029,False,False,ieee14
289,14,0.015240311612810174,0.04842148260478207,False,False,ieee14
290,14,0.015311775602876157,0.04811208643751874,False,False,ieee14
291,14,0.015454595744773982,0.04633628832139325,False,False,ieee14
292,14,0.015153030775600814,0.04973277165070045,False,False,ieee14
293,14,0.01521508798225076,0.04891234412113632,False,False,ieee14
294,14,0.015339056932271953,0.04677749694666289,False,False,ieee14
295,14,0.015086375190083894,0.048872532610383046,False,False,ieee14
296,14,0.01512946972939603,0.047604730359903424,False,False,ieee14
297,14,0.015215549991816119,0.046527013280642904,False,False,ieee14
298,14,1.1422794185679723,4.320909686942692,False,False,ieee14
299,14,1.1423746789609357,8.091698444029127,False,False,ieee14
300,14,1.1424846992394029,5.992415433880234,False,False,ieee14
301,14,1.1422945952123829,4.6001421009163685,False,False,ieee14
302,14,1.142331909532188,4.483068689860312,False,False,ieee14
303,14,1.1424072414003474,4.496214715675485,False,False,ieee14
304,14,1.1422712111503177,5.593570802232281,False,False,ieee14
305,14,1.1423274693020986,4.964080355375538,False,False,ieee14
306,14,1.1424103898404165,4.909990310957987,False,False,ieee14
307,14,0.22704888545653754,1.6588280163835316,False,False,ieee14
308,14,0.22712252793989515,1.6514548418522743,False,False,ieee14
309,14,0.22727007699961838,1.691147187203561,False,False,ieee14
310,14,0.22705082388627798,1.9030838643421832,False,False,ieee14
311,14,0.22711737473802152,1.864549887386953,False,False,ieee14
312,14,0.22724983491458728,1.8475162909375533,False,False,ieee14
313,14,0.22703407061879963,1.4128826700925592,False,False,ieee14
314,14,0.22708551141941116,1.3923169993040334,False,False,ieee14
315,14,0.2271864744837224,1.4334450011705109,False,False,ieee14
316,14,0.022742952736605215,0.06272551232596457,False,False,ieee14
317,14,0.022814805811628446,0.06272128793071086,False,False,ieee14
318,14,0.0229583887533886,0.06056368292031744,False,False,ieee14
319,14,0.022743504840180596,0.06336944305550951,False,False,ieee14
320,14,0.022806063018672187,0.06260447191834029,False,False,ieee14
321,14,0.02293105990609891,0.06001704222843063,False,False,ieee14
322,14,0.022743634236027776,0.06350952409461941,False,False,ieee14
323,14,0.022787390355425433,0.062001975202850446,False,False,ieee14
324,14,0.022874775653377092,0.05926032703722517,False,False,ieee14
325,14,0.1753141189116212,1.304792375844281,False,False,ieee14
326,14,0.17538457793133472,1.292428709816034,False,False,ieee14
327,14,0.17552177414990702,1.3346251913179752,False,False,ieee14
328,14,0.17584523945415365,1.2456557001301785,False,False,ieee14
329,14,0.1759054514107186,1.1665082618014373,False,False,ieee14
330,14,0.17602354616476415,1.1575831524091975,False,False,ieee14
331,14,0.16616900717396052,1.3534259650883915,False,False,ieee14
332,14,0.16620834080211586,1.2867693861000078,False,False,ieee14
333,14,0.16628622986768218,1.268474378485449,False,False,ieee14
334,14,0.0432259755160023,0.18088434974882606,False,False,ieee14
335,14,0.04329702058114769,0.2908768133054148,False,False,ieee14
336,14,0.043441365250306674,0.14244483408674613,False,False,ieee14
337,14,0.04323657569630708,0.40639359145530074,False,False,ieee14
338,14,0.043299838130458186,0.4067636233920282,False,False,ieee14
339,14,0.0434247808812966,0.3947739046443315,False,False,ieee14
340,14,0.04223990895937265,0.5800394053136853,False,False,ieee14
341,14,0.04228350887483015,0.5761378953438692,False,False,ieee14
342,14,0.042369733088858524,0.5751764924622343,False,False,ieee14
343,14,0.004434737136536708,0.02849275045918398,False,False,ieee14
344,14,0.0045057168956010385,0.028255817855009524,False,False,ieee14
345,14,0.004647571884499616,0.027524751463894104,False,False,ieee14
346,14,0.00444370542746138,0.02955910873675316,False,False,ieee14
347,14,0.004505133495295501,0.02882938065657037,False,False,ieee14
348,14,0.004627913559844101,0.02765940264365463,False,False,ieee14
349,14,0.004385180445164358,0.03032121043654812,False,False,ieee14
350,14,0.004427593867257059,0.029237227258941623,False,False,ieee14
351,14,0.004512351575457792,0.028347624863826026,False,False,ieee14
352,14,0.28994785823205843,1.626003762564916,False,False,ieee14
353,14,0.29001468360849114,1.5842657307724464,False,False,ieee14
354,14,0.29014450144480325,1.5944721984731376,False,False,ieee14
355,14,0.27604389990444395,1.6052031805585791,False,False,ieee14
356,14,0.2761005870318119,1.554758324202302,False,False,ieee14
357,14,0.276209681486754,1.5485942680729075,False,False,ieee14
358,14,0.26684894228789974,1.6772682790347728,False,False,ieee14
359,14,0.2668850752561692,1.6666008046862144,False,False,ieee14
360,14,0.26695672550940946,1.6552720377362116,False,False,ieee14
361,14,0.06827480963003504,0.9823087604687297,False,False,ieee14
362,14,0.06834759507483623,0.9699303358288708,False,False,ieee14
363,14,0.06849144755392478,0.9727379153863286,False,False,ieee14
364,14,0.06686529179916846,0.7383292753702345,False,False,ieee14
365,14,0.0669292950601439,0.7127863005575187,False,False,ieee14
366,14,0.06705570568501551,0.6974338644618019,False,False,ieee14
367,14,0.06602693082493682,0.8662653922312283,False,False,ieee14
368,14,0.06607145661797292,0.8429827306892262,False,False,ieee14
369,14,0.06615897997264332,0.8393900232858638,False,False,ieee14
370,14,0.00671649542245759,0.04241595450072477,False,False,ieee14
371,14,0.006787591488515889,0.04195782986382024,False,False,ieee14
372,14,0.0069297051529057995,0.04022948257693493,False,False,ieee14
373,14,0.006645868876932999,0.04408213037536457,False,False,ieee14
374,14,0.006707486924762573,0.043313336923907375,False,False,ieee14
375,14,0.006830604764608429,0.04122687152457216,False,False,ieee14
376,14,0.00659146998472564,0.04330475295180136,False,False,ieee14
377,14,0.00663404914687962,0.042653253433391325,False,False,ieee14
378,14,0.00671909078598751,0.04116453469323822,False,False,ieee14
379,14,0.3467770846115445,2.259607162892162,False,False,ieee14
380,14,0.34684768665570986,2.1938965214138593,False,False,ieee14
381,14,0.346982714471389,2.223793861293803,False,False,ieee14
382,14,0.33839206786227094,2.2088125149103153,False,False,ieee14
383,14,0.3384519691464301,2.135743634314326,False,False,ieee14
384,14,0.3385647637646899,2.140422754110295,False,False,ieee14
385,14,0.33320025055460034,2.105354823216605,False,False,ieee14
386,14,0.33323743085427243,2.096247979915093,False,False,ieee14
387,14,0.3333119671553848,2.1379099884182606,False,False,ieee14
388,14,0.08609837243172941,1.2209176110453885,False,False,ieee14
389,14,0.08617206542714544,1.214215893715969,False,False,ieee14
390,14,0.08631778380135062,1.248165922639153,False,False,ieee14
391,14,0.08519769714582885,0.8781588956361204,False,False,ieee14
392,14,0.0852625890689328,0.8432380868228178,False,False,ieee14
393,14,0.0853904927623142,0.8344890584691423,False,False,ieee14
394,14,0.08468937361753692,1.0059462169419309,False,False,ieee14
395,14,0.08473473530239507,0.9810050071167514,False,False,ieee14
396,14,0.08482400695893227,0.9783742871463663,False,False,ieee14
397,14,0.0088613357025554,0.04880136150330305,False,False,ieee14
398,14,0.008932589051008875,0.04847961540461976,False,False,ieee14
399,14,0.009074996808427918,0.046714786466398706,False,False,ieee14
400,14,0.00881474764523915,0.05010015763353248,False,False,ieee14
401,14,0.008876463946902058,0.04926116420580473,False,False,ieee14
402,14,0.008999785103062314,0.04702933312788804,False,False,ieee14
403,14,0.008778045047416609,0.0493878173655361,False,False,ieee14
404,14,0.008820743672353793,0.04808225713222869,False,False,ieee14
405,14,0.008906043745390549,0.046762726204578,False,False,ieee14
406,14,0.5078107761878956,3.611081172507081,False,False,ieee14
407,14,0.5078793010008084,3.515324865074219,False,False,ieee14
408,14,0.5080042526032279,3.5171053892798065,False,False,ieee14
409,14,0.5077889664953394,3.412784532291728,False,False,ieee14
410,14,0.5078342905676428,3.1188067721257626,False,False,ieee14
411,14,0.5079352117856734,3.030679854598631,False,False,ieee14
412,14,0.507768299999121,3.478703219291644,False,False,ieee14
413,14,0.5078098508378579,3.4628350544451565,False,False,ieee14
414,14,0.5078818849506004,3.6333805575965017,False,False,ieee14
415,14,0.12798417578874555,1.6742217979601557,False,False,ieee14
416,14,0.12805838262862926,1.6662240320654733,False,False,ieee14
417,14,0.12820573419683556,1.707521019479156,False,False,ieee14
418,14,0.12797435939749313,1.3060862222157397,False,False,ieee14
419,14,0.12804002078385904,1.253568946169751,False,False,ieee14
420,14,0.12816985192874422,1.2671601092961398,False,False,ieee14
421,14,0.12797567016275915,1.4736634494763745,False,False,ieee14
422,14,0.12802309549302376,1.429938672661799,False,False,ieee14
423,14,0.12811694583951977,1.41419631900802,False,False,ieee14
424,14,0.013228189713714152,0.06193441044412262,False,False,ieee14
425,14,0.013299716631975638,0.06158368739296993,False,False,ieee14
426,14,0.013442658984203201,0.05984385106435708,False,False,ieee14
427,14,0.013228650635952174,0.06227345430134745,False,False,ieee14
428,14,0.013290682773909353,0.06136964444344317,False,False,ieee14
429,14,0.013414627257971795,0.05902861968703754,False,False,ieee14
430,14,0.013228806103281534,0.06174789584402174,False,False,ieee14
431,14,0.013271916377620504,0.06044805643066309,False,False,ieee14
432,14,0.01335804103177754,0.05802323261769882,False,False,ieee14
433,14,0.1695153621985475,1.2552664084847613,False,False,ieee14
434,14,0.16958148022441746,1.2268898749872026,False,False,ieee14
435,14,0.1697115701424569,1.2036065768478355,False,False,ieee14
436,14,0.17099889490351397,1.4180542500987872,False,False,ieee14
437,14,0.17105945504937298,1.4968735243559577,False,False,ieee14
438,14,0.171173668038085,1.5013061408683686,False,False,ieee14
439,14,0.1612535847216801,1.405404084729951,False,False,ieee14
440,14,0.16128698442547154,1.1415616024986375,False,False,ieee14
441,14,0.1613652182827899,1.149044570315789,False,False,ieee14
442,14,0.049821638864188576,0.6561558322809323,False,False,ieee14
443,14,0.04989456698396763,0.61911889339247,False,False,ieee14
444,14,0.05003865086989618,0.6405546513392815,False,False,ieee14
445,14,0.04994747599862773,0.44529139378672233,False,False,ieee14
446,14,0.05001868232670611,0.4380572410371387,False,False,ieee14
447,14,0.05013738789253914,0.45323199614402154,False,False,ieee14
448,14,0.048645654875739554,0.7908805700361791,False,False,ieee14
449,14,0.04869162069466568,0.7708025521665516,False,False,ieee14
450,14,0.04878004028157523,0.7832491944363927,False,False,ieee14
451,14,0.005382451346015739,0.02686657277637261,False,False,ieee14
452,14,0.0054536534967304165,0.026929513283512674,False,False,ieee14
453,14,0.005595898867601999,0.027185046664513712,False,False,ieee14
454,14,0.0054010313069477065,0.027681137800642075,False,False,ieee14
455,14,0.005462674528032527,0.02755606512995723,False,False,ieee14
456,14,0.005585888300102026,0.027491600454582765,False,False,ieee14
457,14,0.005323099928460864,0.028869234639926078,False,False,ieee14
458,14,0.005365769775198148,0.0286151405324353,False,False,ieee14
459,14,0.0054510144621242726,0.02834496055304836,False,False,ieee14
460,14,0.2802946142621697,1.5143607193926614,False,False,ieee14
461,14,0.2804383785583,4.598419680975199,False,False,ieee14
462,14,0.28053575013210813,4.360026037269372,False,False,ieee14
463,14,0.26720992951711653,1.735842795392868,False,False,ieee14
464,14,0.2672623714562021,1.510925233043309,False,False,ieee14
465,14,0.2673552854095435,1.3965358913478256,False,False,ieee14
466,14,0.2565035008492339,1.4045402560630298,False,False,ieee14
467,14,0.25654236676903464,1.2235056498272483,False,False,ieee14
468,14,0.25662003487590196,1.1839921789278134,False,False,ieee14
469,14,0.07905816968946609,0.2532772804315456,False,False,ieee14
470,14,0.07913135651081264,0.2540783601350468,False,False,ieee14
471,14,0.07927650476788835,0.25692569240866603,False,False,ieee14
472,14,0.07731052913214737,0.27252484549948763,False,False,ieee14
473,14,0.07737508909691942,0.2730782691915181,False,False,ieee14
474,14,0.0775044642370327,0.27583668566722164,False,False,ieee14
475,14,0.07606269644909874,0.27049629721180624,False,False,ieee14
476,14,0.07610920099730356,0.271259100622106,False,False,ieee14
477,14,0.07620201836975736,0.2756786758848093,False,False,ieee14
478,14,0.008170939588593374,0.03246981160905549,False,False,ieee14
479,14,0.008242352557616597,0.032584654332660556,False,False,ieee14
480,14,0.008385005380834403,0.0333907517976032,False,False,ieee14
481,14,0.008081994737222882,0.035007575323523055,False,False,ieee14
482,14,0.008143927621650905,0.03503173799706971,False,False,ieee14
483,14,0.008267750250595124,0.035612589023620966,False,False,ieee14
484,14,0.007999637891343449,0.034878000886653826,False,False,ieee14
485,14,0.008042675925351343,0.0348126538510003,False,False,ieee14
486,14,0.008128644934390469,0.03512125005396949,False,False,ieee14
487,14,0.3347916030557998,2.9790043298271076,False,False,ieee14
488,14,0.3349382748736027,3.364426042573505,False,False,ieee14
489,14,0.3348584147118478,2.5936257829295046,False,False,ieee14
490,14,0.3270784743646726,1.886230965366837,False,False,ieee14
491,14,0.3271249514590182,1.8168581379778628,False,False,ieee14
492,14,0.32722835657184945,1.7554192792974983,False,False,ieee14
493,14,0.32557099081077884,1.268100126663618,False,False,ieee14
494,14,0.32129911686791346,3.0206756045369527,False,False,ieee14
495,14,0.32170587247173377,3.9355915967549375,False,False,ieee14
496,14,0.09883555358278068,0.26523995469654504,False,False,ieee14
497,14,0.0989171373380461,0.31839281856633306,False,False,ieee14
498,14,0.0990663511381902,0.34138142345183786,False,False,ieee14
499,14,0.0977590621426276,0.3146912738574916,False,False,ieee14
500,14,0.09782545310305432,0.32175345093665253,False,False,ieee14
501,14,0.09795808185357387,0.35055707793452984,False,False,ieee14
502,14,0.09698174325070777,0.5317163144217516,False,False,ieee14
503,14,0.09703774445902974,0.2745921865353934,False,False,ieee14
504,14,0.0971508205949825,0.34542138325252647,False,False,ieee14
505,14,0.010753560462061247,0.0407631140631356,False,False,ieee14
506,14,0.010825220347358245,0.040894387041832236,False,False,ieee14
507,14,0.010968377260222584,0.04176054992529232,False,False,ieee14
508,14,0.010694935917297616,0.04239672767593561,False,False,ieee14
509,14,0.010757102643357932,0.042435950141781476,False,False,ieee14
510,14,0.010881384253719793,0.0430672760647991,False,False,ieee14
511,14,0.010639946689952873,0.042194011814952415,False,False,ieee14
512,14,0.010683207301581059,0.04211770593158404,False,False,ieee14
513,14,0.010769637755577688,0.04249289199019968,False,False,ieee14
514,14,0.47592732716273817,2.3760311591524133,False,False,ieee14
515,14,0.4759988251263036,2.376310259834848,False,False,ieee14
516,14,0.4761286452314075,2.3778726949213604,False,False,ieee14
517,14,0.47593314544771426,2.3759873604542845,False,False,ieee14
518,14,0.4760051301233899,2.3762136984758326,False,False,ieee14
519,14,0.4761456430658164,2.3777262314558745,False,False,ieee14
520,14,0.4759549252774132,2.3758491341157413,False,False,ieee14
521,14,0.4760173795545182,2.3759838147630603,False,False,ieee14
522,14,0.47613475658359805,2.377262180345924,False,False,ieee14
523,14,0.14593662201081364,0.5163963136304774,False,False,ieee14
524,14,0.14601285742563427,0.5166236381600832,False,False,ieee14
525,14,0.14616544865176911,0.5178547099075869,False,False,ieee14
526,14,0.14593709015653633,0.5162096875650408,False,False,ieee14
527,14,0.14600674140372805,0.5163171498669967,False,False,ieee14
528,14,0.1461459421106609,0.5172770999157936,False,False,ieee14
529,14,0.14593725488114,0.5159345330574435,False,False,ieee14
530,14,0.14598948013920265,0.5158961482653892,False,False,ieee14
531,14,0.14609390628734287,0.5165410014476493,False,False,ieee14
532,14,0.016031902745036113,0.05727743656614159,False,False,ieee14
533,14,0.01610401892006777,0.057447410778132646,False,False,ieee14
534,14,0.016248131204605044,0.05851168343469304,False,False,ieee14
535,14,0.01603175873817031,0.05714189647847834,False,False,ieee14
536,14,0.016094554087343872,0.057192631833484,False,False,ieee14
537,14,0.016220046613848255,0.05798454242535844,False,False,ieee14
538,14,0.016031845178091624,0.05683124156648478,False,False,ieee14
539,14,0.016075774307376077,0.0567445550926261,False,False,ieee14
540,14,0.016163534866235802,0.05724167279830383,False,False,ieee14
541,3,0.9095281980040812,0.168925817215967,False,False,ieee30
542,3,0.9095927702284253,0.17223651621294045,False,False,ieee30
543,3,0.909695453172131,0.17114786374381996,False,False,ieee30
544,3,0.8975370458451287,0.16719123971502692,False,False,ieee30
545,3,0.8975941513212033,0.17023841908580584,False,False,ieee30
546,3,0.8976931885366659,0.16868364112209044,False,False,ieee30
547,3,0.873498623646823,0.15531105533604117,False,False,ieee30
548,3,0.8735388465716243,0.15971929224231107,False,False,ieee30
549,3,0.8736086468255847,0.1581834342420776,False,False,ieee30
550,3,0.11518452263612489,0.03083965784217091,False,False,ieee30
551,3,0.115291005515356,0.02844341697459629,False,False,ieee30
552,3,0.115401189307553,0.02835088803323571,False,False,ieee30
553,3,0.11551095253196106,0.03065257604356597,False,False,ieee30
554,3,0.11560357735670809,0.029854670456407773,False,False,ieee30
555,3,0.11570981095753918,0.02971930044965221,False,False,ieee30
556,3,0.11701471765403346,0.031144369801899607,False,False,ieee30
557,3,0.11706877781081718,0.030084617654432266,False,False,ieee30
558,3,0.11715256946109284,0.030021097487943127,False,False,ieee30
559,3,0.015610602748642899,0.004161108628505716,False,False,ieee30
560,3,0.015707011493281527,0.0035268074326011423,False,False,ieee30
561,3,0.01580142006523099,0.0035789464665533233,False,False,ieee30
562,3,0.015663768777594032,0.004160252641203455,False,False,ieee30
563,3,0.015744919869802185,0.003545105606835297,False,False,ieee30
564,3,0.015832953348833757,0.0030318821778178018,False,False,ieee30
565,3,0.015844326299773392,0.004174117232331298,False,False,ieee30
566,3,0.015892479491187272,0.0035796815463811082,False,False,ieee30
567,3,0.015962197674092175,0.0036255247549825675,False,False,ieee30
568,3,1.9949060415759925,0.1481382977761413,False,False,ieee30
569,3,1.9949485421666897,0.1477147549646357,False,False,ieee30
570,3,1.9950368083483123,0.148720282893679,False,False,ieee30
571,3,1.9243207925991197,0.15977865411805137,False,False,ieee30
572,3,1.9243614123227268,0.15915220178518957,False,False,ieee30
573,3,1.924445904865537,0.16095524189005372,False,False,ieee30
574,3,1.9155256395605345,0.16573629048877236,False,False,ieee30
575,3,1.9155434261043984,0.16282058265922278,False,False,ieee30
576,3,1.9156235546964184,0.16089530345316866,False,False,ieee30
577,3,0.19788793248381553,0.007131587263645045,False,False,ieee30
578,3,0.19799200391269647,0.006218283493553356,False,False,ieee30
579,3,0.19809911558229676,0.0061847660704679175,False,False,ieee30
580,3,0.2013155012793614,0.00972928787426619,False,False,ieee30
581,3,0.2013973313046151,0.008742254771777147,False,False,ieee30
582,3,0.20149579939478401,0.008610836546570355,False,False,ieee30
583,3,0.20157324393881546,0.009779681494871184,False,False,ieee30
584,3,0.2016188431405031,0.009124170145913602,False,False,ieee30
585,3,0.20169409095467403,0.008592730411632443,False,False,ieee30
586,3,0.023485114997430785,0.0018139357726228988,False,False,ieee30
587,3,0.023581694085547722,0.000981133152706315,False,False,ieee30
588,3,0.02367629733888331,0.0010397187545526654,False,False,ieee30
589,3,0.02372965955371442,0.002059366432710763,False,False,ieee30
590,3,0.02381079966845151,0.001252049558911561,False,False,ieee30
591,3,0.0239003908268905,0.0008145020164223027,False,False,ieee30
592,3,0.023830544440875172,0.0019796174296041746,False,False,ieee30
593,3,0.023878527796914642,0.0011976433565439315,False,False,ieee30
594,3,0.023948427281963246,0.0012564135184606195,False,False,ieee30
595,3,2.2635839975866996,0.22198218284169674,False,False,ieee30
596,3,2.2636144374334166,0.22117681884310064,False,False,ieee30
597,3,2.2637043561248182,0.22084142594930756,False,False,ieee30
598,3,2.20730582897747,0.23188324954824513,False,False,ieee30
599,3,2.2073362657523816,0.23210576223632118,False,False,ieee30
600,3,2.207430574351668,0.23231163293761042,False,False,ieee30
601,3,2.21415735659642,0.23116687037105837,False,False,ieee30
602,3,2.214183700228548,0.23150897266162945,False,False,ieee30
603,3,2.214264851236302,0.23396678387004705,False,False,ieee30
604,3,0.230612814452964,0.015169896683152273,False,False,ieee30
605,3,0.23073026064562774,0.014570864267831607,False,False,ieee30
606,3,0.23085878253953968,0.014166242987229904,False,False,ieee30
607,3,0.2321134410954065,0.01562463332339692,False,False,ieee30
608,3,0.23221142121181793,0.014695878529500384,False,False,ieee30
609,3,0.2323349652903963,0.014256967894286321,False,False,ieee30
610,3,0.23251637984019569,0.01629740643649702,False,False,ieee30
611,3,0.23256781158119827,0.015242674028245418,False,False,ieee30
612,3,0.2326620862498439,0.015554861681781551,False,False,ieee30
613,3,0.031421255000389954,0.00312305008293412,False,False,ieee30
614,3,0.031517681314508175,0.00237671527278549,False,False,ieee30
615,3,0.03161237987346342,0.002301114143610783,False,False,ieee30
616,3,0.03159262926316569,0.0032687958077026735,False,False,ieee30
617,3,0.031673506145146135,0.002459829314065076,False,False,ieee30
618,3,0.03176337376282585,0.0017383971844888713,False,False,ieee30
619,3,0.03166592038230119,0.0031959984191567425,False,False,ieee30
620,3,0.031713699123923,0.002411045566204306,False,False,ieee30
621,3,0.031783652114070055,0.002472944339814598,False,False,ieee30
622,3,3.467782945261943,0.26724731513001576,False,False,ieee30
623,3,3.4677555937729694,0.31155297615537614,False,False,ieee30
624,3,3.4678089233707126,0.23122055642425154,False,False,ieee30
625,3,3.467736007062905,0.23400817523242162,False,False,ieee30
626,3,3.467688013157215,0.27490271145497663,False,False,ieee30
627,3,3.4678702863079933,0.6251186806649796,False,False,ieee30
628,3,3.4677112454455665,0.2626724002760145,False,False,ieee30
629,3,3.467704566692001,0.39303696451990966,False,False,ieee30
630,3,3.4680101470519364,4.062414145933174,False,False,ieee30
631,3,0.3520972350386583,0.01525060212408047,False,False,ieee30
632,3,0.3522239951473913,0.013817958561380683,False,False,ieee30
633,3,0.3523680953989433,0.014062266075667518,False,False,ieee30
634,3,0.35213212250980397,0.014420586593255291,False,False,ieee30
635,3,0.3522326970560987,0.014411888148449625,False,False,ieee30
636,3,0.35237174598278986,0.014320479272872277,False,False,ieee30
637,3,0.35216325026729667,0.015063829673298224,False,False,ieee30
638,3,0.35222319312370715,0.014133107749047635,False,False,ieee30
639,3,0.35233873988513603,0.014484769295833866,False,False,ieee30
640,3,0.04739151974577968,0.0026614565711728932,False,False,ieee30
641,3,0.04748797058244723,0.0018220861826326873,False,False,ieee30
642,3,0.047582825207101095,0.0014790166000567817,False,False,ieee30
643,3,0.047410600473090064,0.0026099526132780104,False,False,ieee30
644,3,0.04749147588177352,0.0017879746573150612,False,False,ieee30
645,3,0.04758233572547472,0.001980628580759314,False,False,ieee30
646,3,0.047436460306307215,0.002554559977067994,False,False,ieee30
647,3,0.047484363542706694,0.0017605124152477725,False,False,ieee30
648,3,0.0475549707572721,0.0018268881969678574,False,False,ieee30
649,3,1.5651323994435407,0.0884900367928595,False,False,ieee30
650,3,1.56517606190617,0.08148164227688426,False,False,ieee30
651,3,1.56527433767336,0.0407724209040069,False,False,ieee30
652,3,1.5554118728587794,0.09192218370039251,False,False,ieee30
653,3,1.5554496959700823,0.08897816354153965,False,False,ieee30
654,3,1.5555483673688575,0.08378327191113688,False,False,ieee30
655,3,1.50168284361158,0.10014049099248223,False,False,ieee30
656,3,1.5017205063655665,0.11513045257347976,False,False,ieee30
657,3,1.5017874650134617,0.0767961565121501,False,False,ieee30
658,3,0.21748438698779257,0.0058574107583913015,False,False,ieee30
659,3,0.21755876520968512,0.004896652204301799,False,False,ieee30
660,3,0.21766941397255737,0.004766449398467709,False,False,ieee30
661,3,0.21691958780862675,0.0067629963195242615,False,False,ieee30
662,3,0.21698669125450784,0.005844921646981804,False,False,ieee30
663,3,0.21708809967971046,0.0058068958667442105,False,False,ieee30
664,3,0.21517022167353303,0.008372381735803791,False,False,ieee30
665,3,0.2152151758543675,0.00736850194188543,False,False,ieee30
666,3,0.21529336240597663,0.007116952163598533,False,False,ieee30
667,3,0.02195352248749232,0.0016482824479063796,False,False,ieee30
668,3,0.02202811776763651,0.0009001296591912844,False,False,ieee30
669,3,0.022141491043465564,0.0009329241858462289,False,False,ieee30
670,3,0.02193395530890129,0.0016994429913862463,False,False,ieee30
671,3,0.02200173796151595,0.000972681150063659,False,False,ieee30
672,3,0.022104834691723856,0.00035231450737427394,False,False,ieee30
673,3,0.02184632067509898,0.0018074179611201613,False,False,ieee30
674,3,0.021891916798485025,0.0011040848625389899,False,False,ieee30
675,3,0.02196877807211376,0.0011628163912059675,False,False,ieee30
676,3,2.756215969795477,0.15141271257342098,False,False,ieee30
677,3,2.7562170063220064,0.10748927397821328,False,False,ieee30
678,3,2.7562874929811914,0.125467120831307,False,False,ieee30
679,3,2.663317678850607,0.12796048954081063,False,False,ieee30
680,3,2.6633118218353653,0.1426120325811655,False,False,ieee30
681,3,2.6633688819636,0.16255992726503227,False,False,ieee30
682,3,2.6290994195618547,0.15116011137514057,False,False,ieee30
683,3,2.629043054237422,0.13849066751800215,False,False,ieee30
684,3,2.6291408436986057,0.13902313403849748,False,False,ieee30
685,3,0.3602600815028746,0.01134080998643927,False,False,ieee30
686,3,0.36033334168476117,0.010997076695762997,False,False,ieee30
687,3,0.36044232076152105,0.011118136536786283,False,False,ieee30
688,3,0.35729461607434354,0.01304493204776469,False,False,ieee30
689,3,0.35735943598985576,0.012427248942851077,False,False,ieee30
690,3,0.3574619964365061,0.012636469603661715,False,False,ieee30
691,3,0.35667480462616485,0.01317213706807141,False,False,ieee30
692,3,0.3567196753049039,0.012856377134521368,False,False,ieee30
693,3,0.35680444287047514,0.012038828145581104,False,False,ieee30
694,3,0.034335662428146556,0.0021659132330327235,False,False,ieee30
695,3,0.0344099945354644,0.001330114336505983,False,False,ieee30
696,3,0.034523365225179826,0.0013040868071055867,False,False,ieee30
697,3,0.03420167745655557,0.0023976704942338944,False,False,ieee30
698,3,0.03426886537611523,0.001584178137275516,False,False,ieee30
699,3,0.034371964396733,0.0006323419753905268,False,False,ieee30
700,3,0.03416265463988724,0.002333107745659646,False,False,ieee30
701,3,0.034208266126335936,0.0015490666913627882,False,False,ieee30
702,3,0.034286592236651044,0.001611620432537486,False,False,ieee30
703,3,3.142264346439706,0.08872569294816124,False,False,ieee30
704,3,3.142125684889283,0.2041748854456767,False,False,ieee30
705,3,3.1422925749353037,0.2641602950548809,False,False,ieee30
706,3,3.0789497076449504,0.21144749165554055,False,False,ieee30
707,3,3.078958548473519,0.20400070938235815,False,False,ieee30
708,3,3.0790055237923264,0.17451996900083844,False,False,ieee30
709,3,3.054675815531429,0.08661094735848496,False,False,ieee30
710,3,3.0544456494726147,0.1604841799710921,False,False,ieee30
711,3,3.0545835874283487,0.15074385889496672,False,False,ieee30
712,3,0.43450821586640753,0.014762015446936894,False,False,ieee30
713,3,0.43457804302137565,0.014390860650479675,False,False,ieee30
714,3,0.43468340849694165,0.01431789474506584,False,False,ieee30
715,3,0.43264820493552736,0.01651423944265018,False,False,ieee30
716,3,0.4327110159336529,0.014993317659241279,False,False,ieee30
717,3,0.43281152588655575,0.014919276484774424,False,False,ieee30
718,3,0.4322429660906383,0.014377833855395927,False,False,ieee30
719,3,0.4322834681278819,0.015392473987973054,False,False,ieee30
720,3,0.4323693777477968,0.01321104645838822,False,False,ieee30
721,3,0.04386697153071641,0.0024091106803986184,False,False,ieee30
722,3,0.04394082701278322,0.0016572984597084117,False,False,ieee30
723,3,0.044052794896134256,0.0015908021359037905,False,False,ieee30
724,3,0.04377640135769214,0.0025514710472559488,False,False,ieee30
725,3,0.04384350027405671,0.0018029951971547664,False,False,ieee30
726,3,0.04394606181588013,0.0010396409393590433,False,False,ieee30
727,3,0.043750628352286824,0.002494280210153521,False,False,ieee30
728,3,0.04379588987327214,0.0017806678528604625,False,False,ieee30
729,3,0.043872754453768585,0.0018333540804184034,False,False,ieee30
730,3,4.759703755769175,0.23656289858892066,False,False,ieee30
731,3,4.753393912270244,0.32643028659429907,False,False,ieee30
732,3,4.75715734314152,0.28728504759467205,False,False,ieee30
733,3,4.749231063450345,0.33826572823974865,False,False,ieee30
734,3,4.759528116480345,0.2842442087082511,False,False,ieee30
735,3,4.757210361454207,0.304905055010835,False,False,ieee30
736,3,4.756966144021872,0.2826484295730491,False,False,ieee30
737,3,4.760932190520217,0.28443665904696114,False,False,ieee30
738,3,4.754395028573127,0.2915541058892385,False,False,ieee30
739,3,0.6520386364366488,0.024760555585142674,False,False,ieee30
740,3,0.6521015099873221,0.024024378406219737,False,False,ieee30
741,3,0.6522016672351979,0.024116045185822665,False,False,ieee30
742,3,0.6520276801889662,0.02472674818390108,False,False,ieee30
743,3,0.6520857309982758,0.024006468575218598,False,False,ieee30
744,3,0.6521841417740433,0.024085229327791113,False,False,ieee30
745,3,0.6520157121282242,0.024691088731013333,False,False,ieee30
746,3,0.652053370391199,0.023993491919319543,False,False,ieee30
747,3,0.6521412580818748,0.02404794958984746,False,False,ieee30
748,3,0.06573081045058743,0.0032516485715120558,False,False,ieee30
749,3,0.0658039583775651,0.0025085671861956316,False,False,ieee30
750,3,0.06591543502273249,0.0025980922543545892,False,False,ieee30
751,3,0.06572953928156033,0.0032041903814038486,False,False,ieee30
752,3,0.06579540048325733,0.0024824520534890704,False,False,ieee30
753,3,0.06589944155112054,0.002557816471354557,False,False,ieee30
754,3,0.06573418144804538,0.003155210512449824,False,False,ieee30
755,3,0.06577942612400463,0.0024559258078107327,False,False,ieee30
756,3,0.06585603684967531,0.0025117033135940714,False,False,ieee30
757,3,2283.0750520478355,2433.339869587562,False,False,ieee30
758,3,2282.6412969238672,2432.878043150064,False,False,ieee30
759,3,2282.446765861311,2432.670427744699,False,False,ieee30
760,3,2752.667550335119,2934.0855511426184,False,False,ieee30
761,3,2752.254864763054,2933.646152997179,False,False,ieee30
762,3,2751.935604246937,2933.3055373877155,False,False,ieee30
763,3,1612.1118886627341,1717.7223577996922,False,False,ieee30
764,3,1611.8378406696888,1717.4260310693314,False,False,ieee30
765,3,1611.8826797504637,1717.481896757534,False,False,ieee30
766,3,0.07317944080493291,0.030493304019956202,False,False,ieee30
767,3,0.07327296297126881,0.02911693667489723,False,False,ieee30
768,3,0.07342442255323801,0.029364933745083532,False,False,ieee30
769,3,0.07289212488935089,0.030089624587028796,False,False,ieee30
770,3,0.07297961101736042,0.029540381741005595,False,False,ieee30
771,3,0.07312127406864935,0.029221708119954615,False,False,ieee30
772,3,0.07048075557145023,0.03197125505458098,False,False,ieee30
773,3,0.07054230174857151,0.031323329930397215,False,False,ieee30
774,3,0.0706469217019075,0.030715140813480812,False,False,ieee30
775,3,0.008539541043450387,0.003494977787606768,False,False,ieee30
776,3,0.00873547922282434,0.002874423387333791,False,False,ieee30
777,3,0.009020829041293421,0.0027641326383333054,False,False,ieee30
778,3,0.008544093885922074,0.00349188871060524,False,False,ieee30
779,3,0.008718629036631703,0.0028889772924067803,False,False,ieee30
780,3,0.009056124397649835,0.01624385047767196,False,False,ieee30
781,3,0.008463407728042723,0.003510905504994666,False,False,ieee30
782,3,0.00858826792967926,0.0029285121034484662,False,False,ieee30
783,3,0.008796236015871442,0.0029822107138324228,False,False,ieee30
784,3,0.6734149370998366,0.11915626263641271,False,False,ieee30
785,3,0.6735150144307983,0.08576276659438387,False,False,ieee30
786,3,0.6736860473318822,0.12054373637354171,False,False,ieee30
787,3,0.6319691266222548,0.10994407024226105,False,False,ieee30
788,3,0.632037659706123,0.11443614871454832,False,False,ieee30
789,3,0.6322163937038597,0.10386531672322108,False,False,ieee30
790,3,0.6054515147979806,0.0894332578635888,False,False,ieee30
791,3,0.6054953400275035,0.10101699708894707,False,False,ieee30
792,3,0.6056036170809002,0.11374589627097137,False,False,ieee30
793,3,0.09860495120508302,0.010784195999954727,False,False,ieee30
794,3,0.09878003454105021,0.010490514457218048,False,False,ieee30
795,3,0.09901722664412232,0.010286593794985976,False,False,ieee30
796,3,0.09709231408078686,0.011650691462068763,False,False,ieee30
797,3,0.09724469029356211,0.010959490546703088,False,False,ieee30
798,3,0.09746531073482223,0.010920931697904868,False,False,ieee30
799,3,0.09629752564083285,0.01306434328836914,False,False,ieee30
800,3,0.09641029035002668,0.012812929898233016,False,False,ieee30
801,3,0.09659354312319758,0.01196059014953843,False,False,ieee30
802,3,0.012625749720266796,0.0022401337799538013,False,False,ieee30
803,3,0.012820396394065799,0.0013928604966083613,False,False,ieee30
804,3,0.01310498378864048,0.0010411755674274437,False,False,ieee30
805,3,0.012495408698516917,0.002399496392054945,False,False,ieee30
806,3,0.012668488324602344,0.0015670803071706763,False,False,ieee30
807,3,0.012936802594584518,0.0006377573747667897,False,False,ieee30
808,3,0.012465971725447784,0.002343543881032084,False,False,ieee30
809,3,0.012589543945165177,0.0015514476488758255,False,False,ieee30
810,3,0.012797872782013178,0.0016128461871097732,False,False,ieee30
811,3,6.499396757591683,5.147631402388866,False,False,ieee30
812,3,6.510126873425769,5.159883004919361,False,False,ieee30
813,3,6.498964740012774,5.147357699288291,False,False,ieee30
814,3,354.91723635501023,333.46848710440713,False,False,ieee30
815,3,354.832336716456,328.76283016692224,False,False,ieee30
816,3,354.5691559841853,329.6895540584572,False,False,ieee30
817,3,495.83768570369915,469.85527154579813,False,False,ieee30
818,3,495.69002714419923,461.0743401984803,False,False,ieee30
819,3,495.5263490611736,461.87859296692477,False,False,ieee30
820,3,0.12749660876567823,0.021276660186998475,False,False,ieee30
821,3,0.1276574476159501,0.020600695696379234,False,False,ieee30
822,3,0.12787340192430938,0.020228982357130665,False,False,ieee30
823,3,0.12669160110406513,0.02134452580267765,False,False,ieee30
824,3,0.12683300586882473,0.020547071031447595,False,False,ieee30
825,3,0.12703936282165929,0.01998750189508125,False,False,ieee30
826,3,0.12613001118055955,0.022039877439129052,False,False,ieee30
827,3,0.12623589313867825,0.02193372651479686,False,False,ieee30
828,3,0.12641046889168897,0.02051676010415071,False,False,ieee30
829,3,0.01691833121200661,0.0029096352575447293,False,False,ieee30
830,3,0.017113831437133048,0.002233213964261349,False,False,ieee30
831,3,0.017398008019419334,0.001746454416323373,False,False,ieee30
832,3,0.016837432465994617,0.002933556484158273,False,False,ieee30
833,3,0.017011563110241906,0.002235988694843094,False,False,ieee30
834,3,0.01728020870426216,0.0009169039888320407,False,False,ieee30
835,3,0.01682734935284267,0.002898926849399075,False,False,ieee30
836,3,0.016952089989944352,0.002290767736716104,False,False,ieee30
837,3,0.017157617599927337,0.0018541918741019625,False,False,ieee30
838,3,1.6169551231680561,13.068623829650441,False,False,ieee30
839,3,1.619560969506195,11.091500214879897,False,False,ieee30
840,3,1.6178902055012494,18.59508139158021,False,False,ieee30
841,3,2.7409186708133992,21.536420131333216,False,False,ieee30
842,3,2.7428646090712867,22.241271540701312,False,False,ieee30
843,3,2.7448209105903505,10.843603799471294,False,False,ieee30
844,3,2.855615595103415,28.46370840892901,False,False,ieee30
845,3,2.856906606564225,23.272563689998385,False,False,ieee30
846,3,2.859234971726899,14.850466919228062,False,False,ieee30
847,3,0.18697902297924193,0.022534919159916456,False,False,ieee30
848,3,0.18711843932817557,0.020778489066509587,False,False,ieee30
849,3,0.1872958269575104,0.019251892534954407,False,False,ieee30
850,3,0.1869832961679669,0.021385830401874695,False,False,ieee30
851,3,0.18710611486499162,0.01867916665167202,False,False,ieee30
852,3,0.18728168908937196,0.017191187414647757,False,False,ieee30
853,3,0.18701835572845735,0.020241377398691807,False,False,ieee30
854,3,0.18710573618030812,0.01945745752710515,False,False,ieee30
855,3,0.1872557666654324,0.018658789712723167,False,False,ieee30
856,3,0.0251510185217877,0.003271518300978049,False,False,ieee30
857,3,0.02534586113508336,0.002204993704069347,False,False,ieee30
858,3,0.025630738791905833,0.0020060435908381136,False,False,ieee30
859,3,0.025173495090886566,0.0032349786759952037,False,False,ieee30
860,3,0.025347260850505732,0.0014735474191158726,False,False,ieee30
861,3,0.02561595101330094,0.0025529235603350964,False,False,ieee30
862,3,0.025203148186460203,0.00318651733556663,False,False,ieee30
863,3,0.025328097941326295,0.0024904249277968304,False,False,ieee30
864,3,0.025537691976973226,0.0021033463772194283,False,False,ieee30
865,3,0.2523781109140523,0.09454060745896209,False,False,ieee30
866,3,0.2524590763698735,0.08722290443369851,False,False,ieee30
867,3,0.25260115900352687,0.05834342244376611,False,False,ieee30
868,3,0.2539929520786314,0.08962059292589086,False,False,ieee30
869,3,0.254062589606374,0.07914797360843251,False,False,ieee30
870,3,0.2541957833267958,0.0488208698497411,False,False,ieee30
871,3,0.2356483830670017,0.0892849540131091,False,False,ieee30
872,3,0.23569171306158773,0.07717574551099715,False,False,ieee30
873,3,0.23578591036178814,0.09974091079325087,False,False,ieee30
874,3,0.05985089349412359,0.03210774313246445,False,False,ieee30
875,3,0.06003372942913012,0.03028607370439007,False,False,ieee30
876,3,0.060287672975004127,0.030762159808215284,False,False,ieee30
877,3,0.05960927377681066,0.031746921305427445,False,False,ieee30
878,3,0.05977107993419234,0.030819179683084785,False,False,ieee30
879,3,0.06001263744711201,0.03062056115255829,False,False,ieee30
880,3,0.05843188374429715,0.03342928901673303,False,False,ieee30
881,3,0.05854825846826908,0.033351507526616975,False,False,ieee30
882,3,0.05873570977779266,0.03321308280548696,False,False,ieee30
883,3,0.00814147682790859,0.004805330901372584,False,False,ieee30
884,3,0.008337393190408528,0.004041613829433799,False,False,ieee30
885,3,0.008621239203566222,0.0032809226642214195,False,False,ieee30
886,3,0.008147822425558116,0.004823574393579055,False,False,ieee30
887,3,0.008322238649716138,0.004045643108390062,False,False,ieee30
888,3,0.008590912925904713,0.0023836156266269226,False,False,ieee30
889,3,0.008058595863937729,0.00489118778679587,False,False,ieee30
890,3,0.008183502133288313,0.004177166604423244,False,False,ieee30
891,3,0.00839154248626886,0.00421679528621699,False,False,ieee30
892,3,0.42304662167893625,0.0748315643136771,False,False,ieee30
893,3,0.42312877717820474,0.06514539394082064,False,False,ieee30
894,3,0.4233039648061532,0.04106307997776815,False,False,ieee30
895,3,0.3966958177816492,0.09863203000987852,False,False,ieee30
896,3,0.3967555840570127,3.9284407975998112,False,False,ieee30
897,3,0.39822083904782024,19.086603830217612,False,False,ieee30
898,3,0.37815276833100137,0.05171824487768473,False,False,ieee30
899,3,0.3781952886620412,0.038312493639209744,False,False,ieee30
900,3,0.3782989994819774,0.042190183895351674,False,False,ieee30
901,3,0.09500923114704336,0.010320646256230748,False,False,ieee30
902,3,0.09518394288743293,0.010367043953446342,False,False,ieee30
903,3,0.09542632451008941,0.010521950954331172,False,False,ieee30
904,3,0.09328310478621593,0.010752817601878517,False,False,ieee30
905,3,0.09343550731736755,0.009826269689790279,False,False,ieee30
906,3,0.09366237399164248,0.010204138291785014,False,False,ieee30
907,3,0.0922622857500788,0.012851947460425728,False,False,ieee30
908,3,0.09237799083440601,0.010023455137244897,False,False,ieee30
909,3,0.09256610924084258,0.011156893821321567,False,False,ieee30
910,3,0.012231005609226742,0.002321844249103089,False,False,ieee30
911,3,0.012424626498162589,0.0011672272739877698,False,False,ieee30
912,3,0.01270961040602931,0.0008749262772812516,False,False,ieee30
913,3,0.01209059976655915,0.002470641666911355,False,False,ieee30
914,3,0.012263713195336402,0.0008742783962278899,False,False,ieee30
915,3,0.012532618301348629,0.0007376410712167658,False,False,ieee30
916,3,0.012052684134748658,0.0024228708276012867,False,False,ieee30
917,3,0.012176340841681031,0.0015980239023343223,False,False,ieee30
918,3,0.012384766347725382,0.0013164899816031639,False,False,ieee30
919,3,0.5073018748840656,0.04258235627194429,False,False,ieee30
920,3,0.5073920174985244,0.04467565548333474,False,False,ieee30
921,3,0.5075760651539842,0.36483021091184,False,False,ieee30
922,3,0.49049182535039226,0.06081508972637806,False,False,ieee30
923,3,0.49065816043473454,0.24189983421529082,False,False,ieee30
924,3,0.49081106113193645,0.043990612976461674,False,False,ieee30
925,3,0.47908462349780345,0.714174133347271,False,False,ieee30
926,3,0.4790911792804279,0.05449235193265234,False,False,ieee30
927,3,0.47921449096246166,0.05059763922574623,False,False,ieee30
928,3,0.11905830525142455,0.020687023793857007,False,False,ieee30
929,3,0.11921171980779866,0.021321811089502485,False,False,ieee30
930,3,0.11943608831461607,0.02084580887622034,False,False,ieee30
931,3,0.11787858646208654,0.020944439802414894,False,False,ieee30
932,3,0.11801905317230368,0.020206704056895175,False,False,ieee30
933,3,0.11823542327651033,0.01953456774229667,False,False,ieee30
934,3,0.11752420690598248,0.021757364806001767,False,False,ieee30
935,3,0.11763689958080203,0.02047863362252189,False,False,ieee30
936,3,0.11781719797948445,0.019797795885396097,False,False,ieee30
937,3,0.01630342357116942,0.0040703525272510754,False,False,ieee30
938,3,0.016498017630079687,0.0029625534499888584,False,False,ieee30
939,3,0.0167830700602538,0.0028072506862137914,False,False,ieee30
940,3,0.01621553896894723,0.004174400810187495,False,False,ieee30
941,3,0.01639016919013956,0.002612789590007547,False,False,ieee30
942,3,0.016657253479559583,0.003202289044214379,False,False,ieee30
943,3,0.01619950201704331,0.004145129337565612,False,False,ieee30
944,3,0.016324518903164456,0.003447892147042775,False,False,ieee30
945,3,0.016534519438623593,0.0030360233346752308,False,False,ieee30
946,3,0.7490860035280176,12.982910890250043,False,False,ieee30
947,3,0.748421574765784,15.517757661337411,False,False,ieee30
948,3,0.7478654822185006,16.085231095400452,False,False,ieee30
949,3,0.7491801909776046,15.226834440532564,False,False,ieee30
950,3,0.7494613349642902,13.202807345339902,False,False,ieee30
951,3,0.751444707590716,21.751073822315085,False,False,ieee30
952,3,0.750360242409387,11.654784590994428,False,False,ieee30
953,3,0.7476313017603485,18.64326705793579,False,False,ieee30
954,3,0.7490936332314078,9.821153787622395,False,False,ieee30
955,3,0.17760135197977103,0.023298721217676843,False,False,ieee30
956,3,0.17773192524235884,0.020830948123424564,False,False,ieee30
957,3,0.1779143773774613,0.01986567016436891,False,False,ieee30
958,3,0.17761299428490515,0.021952337946575362,False,False,ieee30
959,3,0.1777383301740077,0.01693944169002748,False,False,ieee30
960,3,0.17792126981404285,0.01737681012407788,False,False,ieee30
961,3,0.17762490640277234,0.020584569695489052,False,False,ieee30
962,3,0.1777165737718894,0.016928903065840828,False,False,ieee30
963,3,0.17788349899582556,0.018658054708594052,False,False,ieee30
964,3,0.02438024119076413,0.003438326583907858,False,False,ieee30
965,3,0.024575492827986822,0.002250409403965925,False,False,ieee30
966,3,0.024860676344039975,0.0024308655334825957,False,False,ieee30
967,3,0.024402969443255235,0.003474015859338153,False,False,ieee30
968,3,0.024577525240167264,0.002134419638389229,False,False,ieee30
969,3,0.024846600829017906,0.0022270400512551802,False,False,ieee30
970,3,0.02443178658251311,0.0031258324819724015,False,False,ieee30
971,3,0.024558029225749685,0.0021415782704606867,False,False,ieee30
972,3,0.02476739101029221,0.0021467429766663937,False,False,ieee30
973,3,0.08784496232534036,0.0232678878211392,False,False,ieee30
974,3,0.08790319175332803,0.16513943052072289,False,False,ieee30
975,3,0.08801008722938909,0.6546190275155553,False,False,ieee30
976,3,0.09068624340859158,0.013847615744248087,False,False,ieee30
977,3,0.09075733939644536,0.23999096210414883,False,False,ieee30
978,3,0.09085576093938375,0.027521728354809927,False,False,ieee30
979,3,0.08202712550630602,0.012584500882160787,False,False,ieee30
980,3,0.08207423146522594,0.028450753609781,False,False,ieee30
981,3,0.08216342547831698,0.013657209053325126,False,False,ieee30
982,3,0.04407104922347344,0.005416887283406613,False,False,ieee30
983,3,0.04419052733183513,0.007007443751293141,False,False,ieee30
984,3,0.04444652433016728,0.009362246240776972,False,False,ieee30
985,3,0.043804298948772386,0.007120159639201207,False,False,ieee30
986,3,0.04393394005519342,0.012897129106282157,False,False,ieee30
987,3,0.044225706500775924,0.0118134945044861,False,False,ieee30
988,3,0.04207542534360333,0.00778559192550321,False,False,ieee30
989,3,0.042208524496384334,0.010975876604151558,False,False,ieee30
990,3,0.04240317462821536,0.010712465142579619,False,False,ieee30
991,3,0.008419972359423024,0.002220263250592436,False,False,ieee30
992,3,0.008617511633819727,0.0012433852207536233,False,False,ieee30
993,3,0.008899540481683704,0.0005406075198239879,False,False,ieee30
994,3,0.008437139411665115,0.0015360151282182155,False,False,ieee30
995,3,0.008614736860212552,0.0004986778887439147,False,False,ieee30
996,3,0.008883138310251462,0.0005264039201190451,False,False,ieee30
997,3,0.008323603037888129,0.001692859501892574,False,False,ieee30
998,3,0.008450485225040827,0.0006177795247442885,False,False,ieee30
999,3,0.008660842894106888,0.0006465432875677468,False,False,ieee30
1000,3,0.14159254068222044,0.23978716848515425,False,False,ieee30
1001,3,0.1416415527272393,0.33512395998487465,False,False,ieee30
1002,3,0.14176834393212248,0.3230977291174988,False,False,ieee30
1003,3,0.1318175444303252,0.5421793457722371,False,False,ieee30
1004,3,0.13793079837764366,10.72063649026839,False,False,ieee30
1005,3,0.13978308140856044,21.73178175191203,False,False,ieee30
1006,3,0.1427434754960064,26.839102124288324,False,False,ieee30
1007,3,0.12069314886161928,0.18242685719132068,False,False,ieee30
1008,3,0.12079268696837678,0.1676835932414088,False,False,ieee30
1009,3,0.07039177517989927,0.01467577202556214,False,False,ieee30
1010,3,0.07037494323910992,0.008514652182402105,False,False,ieee30
1011,3,0.07090656617942351,0.017637612787285373,False,False,ieee30
1012,3,0.06743702002684451,0.009560188293681993,False,False,ieee30
1013,3,0.06763411416993043,0.00915805120977975,False,False,ieee30
1014,3,0.06787123736789685,0.009141721378824186,False,False,ieee30
1015,3,0.06643621431406277,0.010855837804532587,False,False,ieee30
1016,3,0.0664069630520025,0.008179103239187913,False,False,ieee30
1017,3,0.06659259141886895,0.008183404282704254,False,False,ieee30
1018,3,0.012654223904181375,0.0031296662212232373,False,False,ieee30
1019,3,0.012848266689297491,0.0022995590565640933,False,False,ieee30
1020,3,0.013132801952523712,0.002389340383310179,False,False,ieee30
1021,3,0.012489919904589704,0.0032899094542616636,False,False,ieee30
1022,3,0.01266310126813399,0.0024826058069699064,False,False,ieee30
1023,3,0.01293119578339786,0.0025520049410311385,False,False,ieee30
1024,3,0.012414399102998915,0.0032408265395977853,False,False,ieee30
1025,3,0.012539446037995915,0.0024463055344127183,False,False,ieee30
1026,3,0.012751282719135663,0.002478773321114902,False,False,ieee30
1027,3,0.1804640925434642,2.333786331737949,False,False,ieee30
1028,3,0.18035166780763037,2.3351527813442097,False,False,ieee30
1029,3,0.18054858312770874,2.3887793723778414,False,False,ieee30
1030,3,0.17448002814395477,2.704652804228229,False,False,ieee30
1031,3,0.18478367882905175,7.819188240750336,False,False,ieee30
1032,3,0.1907011193849082,4.825847895638919,False,False,ieee30
1033,3,0.16806483457104604,2.2386447078971097,False,False,ieee30
1034,3,0.16773442282177015,2.7484669096571936,False,False,ieee30
1035,3,0.16772427276978472,2.822183231676071,False,False,ieee30
1036,3,0.08340342829610331,0.016410412467936286,False,False,ieee30
1037,3,0.08409285667871227,0.028261178660801023,False,False,ieee30
1038,3,0.08567717865004296,0.03887236880862699,False,False,ieee30
1039,3,0.08165889339074046,0.015978637296716558,False,False,ieee30
1040,3,0.08180931699439015,0.015869380690795243,False,False,ieee30
1041,3,0.08206213023007111,0.012016002098697909,False,False,ieee30
1042,3,0.08114772174846965,0.010918248266743924,False,False,ieee30
1043,3,0.08121786198289722,0.010227108765120119,False,False,ieee30
1044,3,0.08141262379467158,0.011660741314033052,False,False,ieee30
1045,3,0.01677629580799775,0.0036113260429843086,False,False,ieee30
1046,3,0.01697265554614512,0.0030017246268922992,False,False,ieee30
1047,3,0.01725680693099907,0.00309255882348225,False,False,ieee30
1048,3,0.016672336903291847,0.0037017032255421967,False,False,ieee30
1049,3,0.016847613912314187,0.0031073314115523942,False,False,ieee30
1050,3,0.01711602493430562,0.003173607293207259,False,False,ieee30
1051,3,0.01663366404251656,0.003646562290348765,False,False,ieee30
1052,3,0.01676055121230126,0.0030145694239809284,False,False,ieee30
1053,3,0.01697275864083793,0.002971740414363433,False,False,ieee30
1054,3,0.24254005774279289,0.07825613159016376,False,False,ieee30
1055,3,0.24459684543733218,0.07665258323936286,False,False,ieee30
1056,3,0.24406000666833882,0.07796743654212557,False,False,ieee30
1057,3,0.24442262958127287,0.08000668243966624,False,False,ieee30
1058,3,0.2440620028479184,0.07294693894346493,False,False,ieee30
1059,3,0.2459215094685093,0.07814200015705641,False,False,ieee30
1060,3,0.2446306521542324,0.07893902562418964,False,False,ieee30
1061,3,0.24393504465473456,0.07751277360489195,False,False,ieee30
1062,3,0.24561887526980625,0.07661643219569159,False,False,ieee30
1063,3,0.1170828450664785,0.03894850644998682,False,False,ieee30
1064,3,0.11723089397485653,0.03834721978146438,False,False,ieee30
1065,3,0.11742830363264187,0.03845204548309078,False,False,ieee30
1066,3,0.11711228078756145,0.0389055071261446,False,False,ieee30
1067,3,0.11725529314275271,0.038319978750766204,False,False,ieee30
1068,3,0.11746065279343668,0.03841370506991282,False,False,ieee30
1069,3,0.11713378900544574,0.03885328711987057,False,False,ieee30
1070,3,0.11725021433829567,0.038283350298056185,False,False,ieee30
1071,3,0.11743223318108333,0.03835936731348011,False,False,ieee30
1072,3,0.02492245406298764,0.0050148915776437875,False,False,ieee30
1073,3,0.025118495767353297,0.0044091484945227855,False,False,ieee30
1074,3,0.02540202653769847,0.00450099419405614,False,False,ieee30
1075,3,0.024946876464311436,0.004971801702655099,False,False,ieee30
1076,3,0.025122723726219015,0.004380502770191308,False,False,ieee30
1077,3,0.025391819129615342,0.004457485278619444,False,False,ieee30
1078,3,0.024975228357358402,0.004923978835176146,False,False,ieee30
1079,3,0.025102726413406246,0.0043469167599484715,False,False,ieee30
1080,3,0.02531572029976204,0.004405888072089192,False,False,ieee30
541,5,0.9114733800885619,0.2063277461887174,False,False,ieee30
542,5,0.911538554149947,0.2056037649049023,False,False,ieee30
543,5,0.9116429735500086,0.20601185055317361,False,False,ieee30
544,5,0.8995221762818725,0.2062344118268834,False,False,ieee30
545,5,0.8995795072829623,0.20484194837791125,False,False,ieee30
546,5,0.8996793800723684,0.20542317479928318,False,False,ieee30
547,5,0.8757508092235378,0.20142440669321893,False,False,ieee30
548,5,0.8757906789021958,0.2019787017597967,False,False,ieee30
549,5,0.8758606266897091,0.20217940352807506,False,False,ieee30
550,5,0.11528575053511861,0.03469521601458703,False,False,ieee30
551,5,0.11539269193465422,0.032598104699222974,False,False,ieee30
552,5,0.11550459612305816,0.03252020132761979,False,False,ieee30
553,5,0.11562790353051372,0.03463317092681151,False,False,ieee30
554,5,0.11572069164794989,0.03385199107703407,False,False,ieee30
555,5,0.11582791289959055,0.03374035970628031,False,False,ieee30
556,5,0.11718491602636188,0.036101128314078634,False,False,ieee30
557,5,0.11723867238691738,0.03411640546025729,False,False,ieee30
558,5,0.1173225499931207,0.03406767733323912,False,False,ieee30
559,5,0.015618104060187292,0.005583249969094539,False,False,ieee30
560,5,0.015714982253846328,0.004109339676924062,False,False,ieee30
561,5,0.01581108827805335,0.0042314129465749195,False,False,ieee30
562,5,0.015673208221401336,0.005597264699139015,False,False,ieee30
563,5,0.015754526154545347,0.004169930398064681,False,False,ieee30
564,5,0.015843576997863557,0.0034879404203558284,False,False,ieee30
565,5,0.01585972169598659,0.005656859539367121,False,False,ieee30
566,5,0.015907580429883,0.004279158957257501,False,False,ieee30
567,5,0.015977403067603514,0.004374992581012482,False,False,ieee30
568,5,1.999436769316411,0.23111208435201247,False,False,ieee30
569,5,1.9994800601607485,0.23000350785502865,False,False,ieee30
570,5,1.9995699425287268,0.23197899716166392,False,False,ieee30
571,5,1.9292639846754476,0.24864928384700524,False,False,ieee30
572,5,1.9293047833767618,0.24719075720360834,False,False,ieee30
573,5,1.929390154460526,0.250615489787704,False,False,ieee30
574,5,1.9205981517567052,0.2597412206281676,False,False,ieee30
575,5,1.9206159494014297,0.25409115205270344,False,False,ieee30
576,5,1.9206958567605452,0.25050340340811833,False,False,ieee30
577,5,0.1980545292047236,0.010838519507935351,False,False,ieee30
578,5,0.1981590855270534,0.009017505149118699,False,False,ieee30
579,5,0.19826792962202322,0.00883037453859492,False,False,ieee30
580,5,0.2015652606212764,0.014938798753015514,False,False,ieee30
581,5,0.20164728093361375,0.013009187102566044,False,False,ieee30
582,5,0.20174670713087034,0.012744365999989737,False,False,ieee30
583,5,0.20184272295993372,0.01514230823364171,False,False,ieee30
584,5,0.2018880341991938,0.013816616717682084,False,False,ieee30
585,5,0.2019633372946705,0.012816427288807275,False,False,ieee30
586,5,0.02349664911625038,0.0032824282003997007,False,False,ieee30
587,5,0.023593697799075594,0.0016087903884844934,False,False,ieee30
588,5,0.02368999639172378,0.0017177330370670152,False,False,ieee30
589,5,0.023750141042558764,0.0036563578631871874,False,False,ieee30
590,5,0.023831447927029334,0.0020371103526207746,False,False,ieee30
591,5,0.023922020591887055,0.0010118609838323245,False,False,ieee30
592,5,0.02385315878584727,0.00351210444221961,False,False,ieee30
593,5,0.023900847036050984,0.001946632096814227,False,False,ieee30
594,5,0.023970850267515005,0.0020570947997299305,False,False,ieee30
595,5,2.2682674170245836,0.3052812214576584,False,False,ieee30
596,5,2.268298797088303,0.3034824849047732,False,False,ieee30
597,5,2.2683902308188317,0.303634967527571,False,False,ieee30
598,5,2.2122764801943497,0.31809027075652474,False,False,ieee30
599,5,2.2123072427430164,0.31825015144015323,False,False,ieee30
600,5,2.2124022784626463,0.31826583633821887,False,False,ieee30
601,5,2.2192251194817043,0.3244766015974724,False,False,ieee30
602,5,2.2192513905191076,0.32322328368563014,False,False,ieee30
603,5,2.219332341178401,0.3218169848078892,False,False,ieee30
604,5,0.2308398727717553,0.019922892422089444,False,False,ieee30
605,5,0.2309578153218821,0.018524977682717214,False,False,ieee30
606,5,0.23108806239131147,0.017615360419862225,False,False,ieee30
607,5,0.23239741657059704,0.021139932941164563,False,False,ieee30
608,5,0.23249553425653136,0.018985662751449306,False,False,ieee30
609,5,0.23262006370001315,0.01802038014686891,False,False,ieee30
610,5,0.23281312336799,0.022323873669991556,False,False,ieee30
611,5,0.23286422068260848,0.020178396821655453,False,False,ieee30
612,5,0.23295855641996752,0.020726461352523873,False,False,ieee30
613,5,0.031439853802657416,0.004769129335621458,False,False,ieee30
614,5,0.03153674915815211,0.00318114120124513,False,False,ieee30
615,5,0.031633135891798156,0.003052604506708856,False,False,ieee30
616,5,0.03161724196239506,0.004983607323318373,False,False,ieee30
617,5,0.031698285546891095,0.003361147641599338,False,False,ieee30
618,5,0.03178911700226057,0.002105946746664533,False,False,ieee30
619,5,0.03169200174781179,0.004849475472109344,False,False,ieee30
620,5,0.0317394852919546,0.0032783053089796566,False,False,ieee30
621,5,0.03180954180602852,0.003394339130695978,False,False,ieee30
622,5,3.4767897421041556,0.4141880846046213,False,False,ieee30
623,5,3.4767638317485425,0.35431175541325743,False,False,ieee30
624,5,3.4768187433071667,0.33554778462985935,False,False,ieee30
625,5,3.4767433783977877,0.33600121314589226,False,False,ieee30
626,5,3.476696237904771,0.4282231368688341,False,False,ieee30
627,5,3.4768781775561055,1.0030289763856466,False,False,ieee30
628,5,3.4767191953862273,0.40537400777254895,False,False,ieee30
629,5,3.476712336006463,0.4744892229690493,False,False,ieee30
630,5,3.477015265389289,8.234249137227144,False,False,ieee30
631,5,0.3525191561831337,0.023015926046050628,False,False,ieee30
632,5,0.35264640527069846,0.019833069477602328,False,False,ieee30
633,5,0.3527922444353932,0.0198758948277733,False,False,ieee30
634,5,0.35255413925573253,0.02151906743501708,False,False,ieee30
635,5,0.3526548599882148,0.019842969222426232,False,False,ieee30
636,5,0.35279489355568355,0.019862490229202945,False,False,ieee30
637,5,0.3525855046717392,0.022649810496266798,False,False,ieee30
638,5,0.35264508596714733,0.020769953879133607,False,False,ieee30
639,5,0.3527606994205755,0.019903784679535463,False,False,ieee30
640,5,0.04742497177043332,0.004565203956344743,False,False,ieee30
641,5,0.047521890641815494,0.0028794812068057007,False,False,ieee30
642,5,0.047618436345888755,0.0022593339559389136,False,False,ieee30
643,5,0.04744412792342717,0.004462719599242826,False,False,ieee30
644,5,0.04752516783606296,0.002816794109932075,False,False,ieee30
645,5,0.04761699535131748,0.0023080933099791645,False,False,ieee30
646,5,0.04747020295900478,0.004354279514722004,False,False,ieee30
647,5,0.04751781004620955,0.002766698918821975,False,False,ieee30
648,5,0.04758852054265577,0.002890352920478345,False,False,ieee30
649,5,1.5695790999147465,0.1641313649109929,False,False,ieee30
650,5,1.5696236743011789,0.15047387370471266,False,False,ieee30
651,5,1.5697236575141793,0.07138071422972214,False,False,ieee30
652,5,1.5598697146189666,0.16979546711583182,False,False,ieee30
653,5,1.559908042418023,0.1640407308958034,False,False,ieee30
654,5,1.5600073967133703,0.15414196126108015,False,False,ieee30
655,5,1.506421359589996,0.18396939110296762,False,False,ieee30
656,5,1.5064584814279214,0.21211310672705608,False,False,ieee30
657,5,1.506525873614811,0.1392990360978713,False,False,ieee30
658,5,0.21780272807280132,0.011708108023518848,False,False,ieee30
659,5,0.21787756358171612,0.009788060095670792,False,False,ieee30
660,5,0.2179899707385151,0.009548104366595145,False,False,ieee30
661,5,0.21725468357599878,0.01326976747716968,False,False,ieee30
662,5,0.21732193987807086,0.011453548293646976,False,False,ieee30
663,5,0.21742434982691347,0.011384484345876023,False,False,ieee30
664,5,0.21557212076905893,0.016105540130320395,False,False,ieee30
665,5,0.21561679118537003,0.014148914444277905,False,False,ieee30
666,5,0.2156950620359337,0.01367915251722307,False,False,ieee30
667,5,0.02198188472077432,0.0032741758211000116,False,False,ieee30
668,5,0.022056919420791174,0.0017717990944819961,False,False,ieee30
669,5,0.022171987874193236,0.0018306006251325169,False,False,ieee30
670,5,0.0219644747482688,0.003352329044892577,False,False,ieee30
671,5,0.022032401124288854,0.0018958060248714936,False,False,ieee30
672,5,0.022136475958049587,0.0007211967224660665,False,False,ieee30
673,5,0.021884286299297583,0.0035333215340757063,False,False,ieee30
674,5,0.02192957215530875,0.0021257482583224574,False,False,ieee30
675,5,0.022006540362281637,0.002236298427380601,False,False,ieee30
676,5,2.7635260851501666,0.2712112257258369,False,False,ieee30
677,5,2.7635282405709605,0.18871415289246063,False,False,ieee30
678,5,2.7636001686652496,0.22240270613554386,False,False,ieee30
679,5,2.6710035406053527,0.22498583655189053,False,False,ieee30
680,5,2.670997750416863,0.25257858882344275,False,False,ieee30
681,5,2.6710557378620967,0.29007376431435195,False,False,ieee30
682,5,2.636916159358666,0.26851155853869363,False,False,ieee30
683,5,2.6368601369430467,0.24442751072452285,False,False,ieee30
684,5,2.6369579667456517,0.24545541848700303,False,False,ieee30
685,5,0.36075038590688185,0.02112716904409684,False,False,ieee30
686,5,0.3608241903124194,0.020376957603764567,False,False,ieee30
687,5,0.36093491959730717,0.020601424040340044,False,False,ieee30
688,5,0.35788442101928597,0.024044915430329494,False,False,ieee30
689,5,0.35794941005213066,0.0227820853431544,False,False,ieee30
690,5,0.3580529610841572,0.02316665584908706,False,False,ieee30
691,5,0.3572920726803712,0.024299871333631318,False,False,ieee30
692,5,0.35733665243512763,0.02360207091548494,False,False,ieee30
693,5,0.35742150340725887,0.022086743737641967,False,False,ieee30
694,5,0.034378314861197155,0.004179397306178223,False,False,ieee30
695,5,0.034453118930924405,0.002500096591772638,False,False,ieee30
696,5,0.03456818096849779,0.002446537971054208,False,False,ieee30
697,5,0.03425535664741737,0.00457554950489758,False,False,ieee30
698,5,0.03432271440461636,0.0029445233161964346,False,False,ieee30
699,5,0.03442678672296502,0.0011442606409346467,False,False,ieee30
700,5,0.03421930162875367,0.004453336773484917,False,False,ieee30
701,5,0.03426462144193261,0.002883839161794133,False,False,ieee30
702,5,0.034343054742091636,0.003001264204057885,False,False,ieee30
703,5,3.1515657382396807,0.14824120189933687,False,False,ieee30
704,5,3.151428069901062,0.3715146086060677,False,False,ieee30
705,5,3.1515972828073573,0.5280746900915613,False,False,ieee30
706,5,3.0884919452128434,0.3838424051923069,False,False,ieee30
707,5,3.0885013177021436,0.3695124382449609,False,False,ieee30
708,5,3.0885493820098735,0.3131568706025647,False,False,ieee30
709,5,3.064336361082507,0.13508530998852342,False,False,ieee30
710,5,3.0641078941185875,0.28555620891361305,False,False,ieee30
711,5,3.0642456206128594,0.26659813457900744,False,False,ieee30
712,5,0.4351882731754707,0.02797246255132224,False,False,ieee30
713,5,0.43525866097960014,0.027184291719644205,False,False,ieee30
714,5,0.43536577136411864,0.027042060604854257,False,False,ieee30
715,5,0.43339529861844117,0.031049189414625866,False,False,ieee30
716,5,0.43345829457320195,0.02811374263893085,False,False,ieee30
717,5,0.43355978032455444,0.027966808857867065,False,False,ieee30
718,5,0.43300964771635203,0.02710594855023507,False,False,ieee30
719,5,0.43304986310286575,0.02887724553005333,False,False,ieee30
720,5,0.43313582800579675,0.024825617332644434,False,False,ieee30
721,5,0.043928182323599206,0.004674000762087571,False,False,ieee30
722,5,0.044002476756013126,0.0031643839906758675,False,False,ieee30
723,5,0.044116139855797154,0.0030338413693918875,False,False,ieee30
724,5,0.04384500134360944,0.004913586488836219,False,False,ieee30
725,5,0.04391224299418203,0.003415826616933626,False,False,ieee30
726,5,0.044015782169926035,0.0019667730415595663,False,False,ieee30
727,5,0.04382126265580803,0.004804734844624181,False,False,ieee30
728,5,0.04386621469814018,0.003377817526656446,False,False,ieee30
729,5,0.04394318588912706,0.0034767843121498165,False,False,ieee30
730,5,4.774175028267995,0.9093483176187127,False,False,ieee30
731,5,4.767897742999019,0.4401021240727602,False,False,ieee30
732,5,4.7716581913083225,0.5334453466459537,False,False,ieee30
733,5,4.7637458194082525,0.5567869234529356,False,False,ieee30
734,5,4.773995781849211,0.5561378504429091,False,False,ieee30
735,5,4.771688324774,0.40579277469519104,False,False,ieee30
736,5,4.771447584980837,0.564701246106242,False,False,ieee30
737,5,4.775392502577695,0.5319621956465291,False,False,ieee30
738,5,4.76888278276845,0.5119836778921905,False,False,ieee30
739,5,0.6531227040843882,0.04608187694140431,False,False,ieee30
740,5,0.6531862517526035,0.04460124515517383,False,False,ieee30
741,5,0.6532881951301788,0.04477010743810228,False,False,ieee30
742,5,0.6531120553046812,0.046005025724899506,False,False,ieee30
743,5,0.6531703148705488,0.0445387728330463,False,False,ieee30
744,5,0.6532698220165788,0.04469869388901504,False,False,ieee30
745,5,0.6531005181256637,0.045922039461716024,False,False,ieee30
746,5,0.6531378777829162,0.044524535445151336,False,False,ieee30
747,5,0.6532258236253148,0.0446239985637209,False,False,ieee30
748,5,0.06582931765684515,0.006200244934554178,False,False,ieee30
749,5,0.06590290100254212,0.004705994428390481,False,False,ieee30
750,5,0.06601608330770582,0.004870634020319953,False,False,ieee30
751,5,0.06582812314943573,0.006105872640208232,False,False,ieee30
752,5,0.06589411470769864,0.004654221028202454,False,False,ieee30
753,5,0.06599914487128158,0.004797453436693799,False,False,ieee30
754,5,0.0658329856897494,0.006009714769826813,False,False,ieee30
755,5,0.06587792147079426,0.0046097198091334946,False,False,ieee30
756,5,0.06595464958982349,0.004713130267634313,False,False,ieee30
757,5,2298.652266969293,3662.9172923152464,False,False,ieee30
758,5,2298.2155498479656,3662.2224277002256,False,False,ieee30
759,5,2298.0196884572442,3661.909860745859,False,False,ieee30
760,5,2771.4485026072025,4416.731936031569,False,False,ieee30
761,5,2771.0329995499787,4416.070807407252,False,False,ieee30
762,5,2770.711557712389,4415.558023071528,False,False,ieee30
763,5,1623.1005464820855,2585.6080095634243,False,False,ieee30
764,5,1622.8246274290423,2585.158467863579,False,False,ieee30
765,5,1622.869772831209,2585.249007724654,False,False,ieee30
766,5,0.07366037336749642,0.0484256657711124,False,False,ieee30
767,5,0.07375438125639941,0.04549529082890469,False,False,ieee30
768,5,0.07390760382568544,0.046028141155636026,False,False,ieee30
769,5,0.07338622877231334,0.047989376121408744,False,False,ieee30
770,5,0.07347387132752708,0.04672906542480726,False,False,ieee30
771,5,0.07361651381033152,0.046104879786268205,False,False,ieee30
772,5,0.07103029289820692,0.052201809042838776,False,False,ieee30
773,5,0.07109153035102139,0.05079200538119466,False,False,ieee30
774,5,0.07119622609135554,0.04955022002766807,False,False,ieee30
775,5,0.008570592207966223,0.006069540731542977,False,False,ieee30
776,5,0.008766970425544729,0.0046931082348686814,False,False,ieee30
777,5,0.009054011684638682,0.004477670189101612,False,False,ieee30
778,5,0.008576596568570802,0.006075589745948684,False,False,ieee30
779,5,0.00875127522809604,0.0047400029943693855,False,False,ieee30
780,5,0.009088223530818269,0.02937489472791832,False,False,ieee30
781,5,0.008501393481361925,0.006144441948625623,False,False,ieee30
782,5,0.008625943159686426,0.004854740366310062,False,False,ieee30
783,5,0.008834018263899941,0.004963138376001486,False,False,ieee30
784,5,0.6791255980157782,0.2177134685322562,False,False,ieee30
785,5,0.6792265686179209,0.15491758870104222,False,False,ieee30
786,5,0.679399192775378,0.22004814232407172,False,False,ieee30
787,5,0.6377366548324614,0.19941673389611392,False,False,ieee30
788,5,0.6378054813757859,0.20780132689588704,False,False,ieee30
789,5,0.6379848644840671,0.18783156432131665,False,False,ieee30
790,5,0.6112271807409582,0.16070943438997087,False,False,ieee30
791,5,0.6112709737304025,0.1824133891575297,False,False,ieee30
792,5,0.6113792271160875,0.20652774593981277,False,False,ieee30
793,5,0.09918091869407097,0.020230238291668146,False,False,ieee30
794,5,0.09935654120657364,0.01954511189655206,False,False,ieee30
795,5,0.09959548273417228,0.01917234742810614,False,False,ieee30
796,5,0.09773439762955119,0.021733017798096554,False,False,ieee30
797,5,0.09788693721830324,0.020319914021616814,False,False,ieee30
798,5,0.09810856001991039,0.020248123266555562,False,False,ieee30
799,5,0.09695902561367309,0.024313280430946826,False,False,ieee30
800,5,0.09707153321676627,0.023727029268948985,False,False,ieee30
801,5,0.09725482310709209,0.022139851223828222,False,False,ieee30
802,5,0.012672170162416549,0.0043208245496668685,False,False,ieee30
803,5,0.012867286587994003,0.002620196902155869,False,False,ieee30
804,5,0.013153569634735487,0.001965315256091449,False,False,ieee30
805,5,0.012549656823707019,0.004597596197958853,False,False,ieee30
806,5,0.012722903710726282,0.0029315110257543964,False,False,ieee30
807,5,0.012992194130452203,0.0007119366053903731,False,False,ieee30
808,5,0.012522621041603052,0.004490107320064829,False,False,ieee30
809,5,0.01264589961873125,0.002905748719783885,False,False,ieee30
810,5,0.012854336433053339,0.00302100855824472,False,False,ieee30
811,5,6.528666032883807,7.563343300906242,False,False,ieee30
812,5,6.53945309548198,7.583037619439359,False,False,ieee30
813,5,6.528227186923085,7.563002905041428,False,False,ieee30
814,5,357.02852951945863,501.26064889820884,False,False,ieee30
815,5,356.94310510078674,490.86608706688867,False,False,ieee30
816,5,356.67831886569365,493.14233317614287,False,False,ieee30
817,5,498.7879291054514,708.8405939367229,False,False,ieee30
818,5,498.63937351755624,689.8416002940902,False,False,ieee30
819,5,498.4746887272265,691.8024941286964,False,False,ieee30
820,5,0.12850008352382336,0.04159147966514365,False,False,ieee30
821,5,0.12866150358731843,0.040052777307587495,False,False,ieee30
822,5,0.12887923762090472,0.039282113586986855,False,False,ieee30
823,5,0.12773153487283168,0.04200909676182463,False,False,ieee30
824,5,0.1278731477948577,0.0402183683364965,False,False,ieee30
825,5,0.12808048656599663,0.03904746846201734,False,False,ieee30
826,5,0.1271908678147683,0.04343766617664091,False,False,ieee30
827,5,0.12729651431444194,0.04310602269512909,False,False,ieee30
828,5,0.12747118363681664,0.0402873161548335,False,False,ieee30
829,5,0.016984821400664152,0.005749682148369795,False,False,ieee30
830,5,0.017180755236492415,0.004260996005233997,False,False,ieee30
831,5,0.01746663360783559,0.0032773515460393643,False,False,ieee30
832,5,0.01690908704410948,0.005836528327690549,False,False,ieee30
833,5,0.017083356273702336,0.004310227893205565,False,False,ieee30
834,5,0.017352985052799995,0.0016100741318969547,False,False,ieee30
835,5,0.016900700362275742,0.005757004777248942,False,False,ieee30
836,5,0.017025129743352223,0.004415523244562847,False,False,ieee30
837,5,0.017230796286357535,0.0035284628775497096,False,False,ieee30
838,5,1.629128336911569,24.270674844892284,False,False,ieee30
839,5,1.6317434843718095,20.558821000885366,False,False,ieee30
840,5,1.6299725901659414,34.55437640421387,False,False,ieee30
841,5,2.751314813181692,39.921319579476034,False,False,ieee30
842,5,2.7532984505076095,41.16338822119741,False,False,ieee30
843,5,2.755403538976423,19.999993486901246,False,False,ieee30
844,5,2.8657242505189626,52.77645912452856,False,False,ieee30
845,5,2.8671379340178627,43.026045522178826,False,False,ieee30
846,5,2.8695690318008094,27.445970741890733,False,False,ieee30
847,5,0.18819313073477587,0.04238523516911352,False,False,ieee30
848,5,0.18833318533101462,0.038978207780034135,False,False,ieee30
849,5,0.188512388645874,0.036100044146119115,False,False,ieee30
850,5,0.18819786068174935,0.0402896935964675,False,False,ieee30
851,5,0.18832088176850065,0.035057675876769445,False,False,ieee30
852,5,0.18849754421644677,0.03225300052228697,False,False,ieee30
853,5,0.18823253015327804,0.038192913998342126,False,False,ieee30
854,5,0.18831953831063283,0.03649961935318613,False,False,ieee30
855,5,0.18846968068122427,0.0350630980509562,False,False,ieee30
856,5,0.025252825170820004,0.006279867247528048,False,False,ieee30
857,5,0.025448109392587917,0.004186506782412613,False,False,ieee30
858,5,0.025734692425579957,0.0038153788136988664,False,False,ieee30
859,5,0.02527538592981447,0.006205853152068341,False,False,ieee30
860,5,0.025449270214116,0.002825843459623445,False,False,ieee30
861,5,0.02571898929008667,0.004831799893864508,False,False,ieee30
862,5,0.025305204789139543,0.006111376534508328,False,False,ieee30
863,5,0.025429846946811264,0.004715970479315046,False,False,ieee30
864,5,0.0256395506316879,0.004002169220594376,False,False,ieee30
865,5,0.2550827310744772,0.11979394283165279,False,False,ieee30
866,5,0.25516438462120805,0.11912726327814105,False,False,ieee30
867,5,0.25530825909209487,0.13702552042847782,False,False,ieee30
868,5,0.25670879401299096,0.11478462863154415,False,False,ieee30
869,5,0.2567786422645374,0.11454035002007446,False,False,ieee30
870,5,0.25691273556721006,0.11721198573375746,False,False,ieee30
871,5,0.23838940525524793,0.10918655016105294,False,False,ieee30
872,5,0.23843262442444824,0.10837114611081233,False,False,ieee30
873,5,0.2385267162397892,0.24747231736170883,False,False,ieee30
874,5,0.06027630747351723,0.04401216368047545,False,False,ieee30
875,5,0.06045966506668912,0.04389160672264103,False,False,ieee30
876,5,0.06071540052261103,0.04390816712295387,False,False,ieee30
877,5,0.060044080868321414,0.04363485089127617,False,False,ieee30
878,5,0.06020608152242108,0.04373814713009261,False,False,ieee30
879,5,0.06044862796289821,0.04361060102722458,False,False,ieee30
880,5,0.058906225340618984,0.04392391802090445,False,False,ieee30
881,5,0.05902230052928745,0.043960706923860005,False,False,ieee30
882,5,0.05920986873371516,0.043944990680227836,False,False,ieee30
883,5,0.008176852821157864,0.005160645474631798,False,False,ieee30
884,5,0.008373208199846351,0.005007969621676489,False,False,ieee30
885,5,0.00865875333976239,0.004900658252775414,False,False,ieee30
886,5,0.008184532546109473,0.005181936969569811,False,False,ieee30
887,5,0.008359091552133944,0.0050126779725081505,False,False,ieee30
888,5,0.008628745262429386,0.004787559055737467,False,False,ieee30
889,5,0.008100634803771501,0.005250561360126027,False,False,ieee30
890,5,0.008225232535742404,0.0050354989420438034,False,False,ieee30
891,5,0.008433382454827984,0.005039855443879193,False,False,ieee30
892,5,0.4271572608945503,0.1391248059055913,False,False,ieee30
893,5,0.4272406317973324,0.12117380879475248,False,False,ieee30
894,5,0.4274172295067129,0.07674775543462431,False,False,ieee30
895,5,0.4008414589593423,0.1731178919045746,False,False,ieee30
896,5,0.40090049500696756,7.42960252618235,False,False,ieee30
897,5,0.40229916816956246,35.45044683975178,False,False,ieee30
898,5,0.3822995671236598,0.09554218338986487,False,False,ieee30
899,5,0.38234224386968574,0.06567387477149023,False,False,ieee30
900,5,0.3824462112278144,0.06318375593087211,False,False,ieee30
901,5,0.09565392045283981,0.02000384631795804,False,False,ieee30
902,5,0.09582928873541213,0.019901315078586057,False,False,ieee30
903,5,0.0960734410621537,0.02022613942301177,False,False,ieee30
904,5,0.09398629420757967,0.020792251177138232,False,False,ieee30
905,5,0.09413890036628714,0.018882279800011004,False,False,ieee30
906,5,0.0943668024362484,0.01961058843568908,False,False,ieee30
907,5,0.09298290263788206,0.0245468832092558,False,False,ieee30
908,5,0.09309837027616938,0.01909967469760132,False,False,ieee30
909,5,0.09328665939195008,0.02121085590309113,False,False,ieee30
910,5,0.0122838517320743,0.004518505539667039,False,False,ieee30
911,5,0.012477937297081123,0.002265154355032606,False,False,ieee30
912,5,0.012764632840278975,0.001724259809073092,False,False,ieee30
913,5,0.012151124361368254,0.004781476666734674,False,False,ieee30
914,5,0.012324399941929106,0.0016948071480573645,False,False,ieee30
915,5,0.0125943067548274,0.0014471460984039064,False,False,ieee30
916,5,0.012115656773786558,0.004689193354363241,False,False,ieee30
917,5,0.012239021318366829,0.0030439401440265357,False,False,ieee30
918,5,0.012447570978892807,0.00254294277977285,False,False,ieee30
919,5,0.5128060710168183,0.0992381847650865,False,False,ieee30
920,5,0.5128971767721963,0.10398723534769949,False,False,ieee30
921,5,0.5130836317978836,0.6808929224521058,False,False,ieee30
922,5,0.4960158654339385,0.1289016992773966,False,False,ieee30
923,5,0.4961825939717922,0.45750270912734103,False,False,ieee30
924,5,0.49633660223004783,0.0968019084205789,False,False,ieee30
925,5,0.48460637694015674,1.340523491750707,False,False,ieee30
926,5,0.48461321706522176,0.12303516931432268,False,False,ieee30
927,5,0.4847365911434274,0.11557530953523787,False,False,ieee30
928,5,0.11993504415463965,0.02524507286710742,False,False,ieee30
929,5,0.12008920098729725,0.026184433746006874,False,False,ieee30
930,5,0.12031534506861548,0.02530075778809804,False,False,ieee30
931,5,0.1187948004699454,0.025336338136314973,False,False,ieee30
932,5,0.11893550898249976,0.023626085967796806,False,False,ieee30
933,5,0.11915288915928328,0.022390570908437435,False,False,ieee30
934,5,0.1184523492609929,0.02674165301087661,False,False,ieee30
935,5,0.11856485918881321,0.024182892905415088,False,False,ieee30
936,5,0.11874530954730558,0.022967263624311673,False,False,ieee30
937,5,0.016377002559594227,0.005524958540465086,False,False,ieee30
938,5,0.01657204006954395,0.0033777616559224066,False,False,ieee30
939,5,0.016858809154798406,0.0030933636915311258,False,False,ieee30
940,5,0.016294266543967685,0.005714081361114176,False,False,ieee30
941,5,0.016469035243177395,0.0028512086998969677,False,False,ieee30
942,5,0.01673713923717575,0.003817455435329631,False,False,ieee30
943,5,0.016279913304405577,0.005650027366539301,False,False,ieee30
944,5,0.016404623526329945,0.004253612389968686,False,False,ieee30
945,5,0.01661473416802716,0.0035252018318875367,False,False,ieee30
946,5,0.7573784541250838,23.715429842868357,False,False,ieee30
947,5,0.7566891656005914,28.30081564608111,False,False,ieee30
948,5,0.756104291969086,29.22894775243907,False,False,ieee30
949,5,0.7574777920860526,27.810058376764047,False,False,ieee30
950,5,0.7577648232250075,23.965300841093946,False,False,ieee30
951,5,0.7597482513432325,39.60649640746813,False,False,ieee30
952,5,0.7587132966786237,21.263025217642962,False,False,ieee30
953,5,0.7558545228545415,33.990485533701495,False,False,ieee30
954,5,0.7574015469081475,17.919276482508764,False,False,ieee30
955,5,0.17895821806821344,0.04488196921791765,False,False,ieee30
956,5,0.1790895809054882,0.04026193467816053,False,False,ieee30
957,5,0.17927399148929934,0.03851549686871081,False,False,ieee30
958,5,0.17897015860403628,0.042491361792094895,False,False,ieee30
959,5,0.1790956286573912,0.03324728353498774,False,False,ieee30
960,5,0.1792798691477447,0.03404705354668214,False,False,ieee30
961,5,0.1789824069083927,0.04005377368152696,False,False,ieee30
962,5,0.179073637666815,0.033221500043824626,False,False,ieee30
963,5,0.1792408054780948,0.036383426724395984,False,False,ieee30
964,5,0.024495378144319097,0.006647688375834959,False,False,ieee30
965,5,0.024691086105159285,0.004365207181559194,False,False,ieee30
966,5,0.02497801386081197,0.004691751666391353,False,False,ieee30
967,5,0.024518188952768957,0.006700722498342526,False,False,ieee30
968,5,0.02469288269686367,0.00415788573410425,False,False,ieee30
969,5,0.0249629733872583,0.00432879500458383,False,False,ieee30
970,5,0.024547214849098088,0.006074907879458302,False,False,ieee30
971,5,0.02467314858999137,0.004171189774846207,False,False,ieee30
972,5,0.024882633766826104,0.004186870159934686,False,False,ieee30
973,5,0.0891003642197335,0.04164863955808473,False,False,ieee30
974,5,0.08915841589462686,0.3209689124036822,False,False,ieee30
975,5,0.08926750625154946,1.2715893157165001,False,False,ieee30
976,5,0.09194870179292294,0.01747457252649487,False,False,ieee30
977,5,0.09202073024893019,0.4662214730605563,False,False,ieee30
978,5,0.09212014962674431,0.046715638108207114,False,False,ieee30
979,5,0.08327672640316679,0.021486842316689847,False,False,ieee30
980,5,0.08332261506144911,0.049671451500587493,False,False,ieee30
981,5,0.08341306191347628,0.02317635041441657,False,False,ieee30
982,5,0.044618843298585245,0.008408487759901662,False,False,ieee30
983,5,0.04473936282901609,0.0078024687184500285,False,False,ieee30
984,5,0.04499707460942967,0.012883680785338747,False,False,ieee30
985,5,0.04435863636452876,0.007922404599978727,False,False,ieee30
986,5,0.04448864221409555,0.021587719456744314,False,False,ieee30
987,5,0.04478125367414852,0.01869409506026265,False,False,ieee30
988,5,0.0426502465324159,0.008696026519564803,False,False,ieee30
989,5,0.04278293601724553,0.016160960018207438,False,False,ieee30
990,5,0.04297791515713572,0.015516511077319994,False,False,ieee30
991,5,0.008475428667830819,0.004191428918629891,False,False,ieee30
992,5,0.00867337629929565,0.0022760704792555986,False,False,ieee30
993,5,0.008957162868122096,0.0007973768402687043,False,False,ieee30
994,5,0.008493651567367387,0.002890514331073235,False,False,ieee30
995,5,0.008671367641537026,0.0008731723324191254,False,False,ieee30
996,5,0.008940811611896757,0.0009234263118339525,False,False,ieee30
997,5,0.008385237797084394,0.003173633997962777,False,False,ieee30
998,5,0.008511767898332696,0.0010883267785187778,False,False,ieee30
999,5,0.008722278735912962,0.0011437465395668367,False,False,ieee30
1000,5,0.14350665447773533,0.4597987513511601,False,False,ieee30
1001,5,0.14355521626331655,0.6423274742992279,False,False,ieee30
1002,5,0.14368420357394035,0.6193829773678236,False,False,ieee30
1003,5,0.133694879187364,1.0405785146433768,False,False,ieee30
1004,5,0.13949840303756994,20.104422274209128,False,False,ieee30
1005,5,0.1411985350724349,40.816644781961,False,False,ieee30
1006,5,0.14410851078842649,49.75369777296261,False,False,ieee30
1007,5,0.12256397387923545,0.35120717307106497,False,False,ieee30
1008,5,0.12266476430798623,0.32290164706194613,False,False,ieee30
1009,5,0.07121237693140643,0.019332639944845464,False,False,ieee30
1010,5,0.07119915081806592,0.011979298920554604,False,False,ieee30
1011,5,0.0717277455237485,0.027023769035559475,False,False,ieee30
1012,5,0.06829220188368232,0.01686426754192938,False,False,ieee30
1013,5,0.06848941671475789,0.016008160935753746,False,False,ieee30
1014,5,0.06872785486554209,0.015977369240525174,False,False,ieee30
1015,5,0.0672964115819277,0.012440310698424772,False,False,ieee30
1016,5,0.06726858349982137,0.013462540465250972,False,False,ieee30
1017,5,0.06745479539139787,0.014174056853140882,False,False,ieee30
1018,5,0.012736782359094935,0.0058929098490738685,False,False,ieee30
1019,5,0.012931332421236624,0.004224345380873795,False,False,ieee30
1020,5,0.01321763179236651,0.004390455031515916,False,False,ieee30
1021,5,0.012579702293668739,0.006167414124677917,False,False,ieee30
1022,5,0.012753075747858526,0.004548413011948194,False,False,ieee30
1023,5,0.013022217494567355,0.0046773606114401955,False,False,ieee30
1024,5,0.012506785112035575,0.006071016132826568,False,False,ieee30
1025,5,0.012631553427245843,0.0044821599296590575,False,False,ieee30
1026,5,0.012843538957900191,0.004543066867459866,False,False,ieee30
1027,5,0.1830316657433521,4.390311871726071,False,False,ieee30
1028,5,0.18291632853843093,4.39122879719312,False,False,ieee30
1029,5,0.18311626556478433,4.491014467886098,False,False,ieee30
1030,5,0.17703101142701635,5.080788297613061,False,False,ieee30
1031,5,0.18700920994097106,14.58863667314558,False,False,ieee30
1032,5,0.19282166681454693,9.087630428161408,False,False,ieee30
1033,5,0.17060686163646704,4.223542998569938,False,False,ieee30
1034,5,0.17026933064770725,5.168060374366135,False,False,ieee30
1035,5,0.1702572239504551,5.30370169034701,False,False,ieee30
1036,5,0.084498228666958,0.01926986551366594,False,False,ieee30
1037,5,0.08518197608296166,0.049855263501149216,False,False,ieee30
1038,5,0.08674957477544579,0.07501312662536974,False,False,ieee30
1039,5,0.08277706711256837,0.02836317672067945,False,False,ieee30
1040,5,0.08292777254630015,0.02808061806924711,False,False,ieee30
1041,5,0.08318150780588578,0.020830453985588027,False,False,ieee30
1042,5,0.08226978424165865,0.017038368828544814,False,False,ieee30
1043,5,0.08234022826492776,0.017457770689204732,False,False,ieee30
1044,5,0.0825355578163275,0.020154657291535316,False,False,ieee30
1045,5,0.01688924421251929,0.006727666152044343,False,False,ieee30
1046,5,0.017086043217313086,0.00550326510333643,False,False,ieee30
1047,5,0.017371982893244008,0.0056713260313266955,False,False,ieee30
1048,5,0.016790107291286722,0.006880021810077408,False,False,ieee30
1049,5,0.016965525282955363,0.005688911950413544,False,False,ieee30
1050,5,0.017235012545979284,0.00581191199713027,False,False,ieee30
1051,5,0.01675319832278265,0.0067742701738194855,False,False,ieee30
1052,5,0.016879762690390057,0.005516636346570403,False,False,ieee30
1053,5,0.01709212944841562,0.005435638578739077,False,False,ieee30
1054,5,0.246088855166069,0.1406815458169154,False,False,ieee30
1055,5,0.2481717729567595,0.137614820610659,False,False,ieee30
1056,5,0.2476116197204366,0.14006202076526408,False,False,ieee30
1057,5,0.24797305789640345,0.14372644863505846,False,False,ieee30
1058,5,0.2476687631525717,0.13014134006965716,False,False,ieee30
1059,5,0.24948335177769007,0.14001651665563297,False,False,ieee30
1060,5,0.2481854333620943,0.1419772477250224,False,False,ieee30
1061,5,0.24748686136891423,0.1392507273806628,False,False,ieee30
1062,5,0.24916409408148413,0.13762940306197835,False,False,ieee30
1063,5,0.11869961101546293,0.07069092121939091,False,False,ieee30
1064,5,0.11884827480139751,0.0694815698447625,False,False,ieee30
1065,5,0.11904800795439724,0.06967468620864903,False,False,ieee30
1066,5,0.1187291729690515,0.07060697878350808,False,False,ieee30
1067,5,0.11887257452802882,0.06943186375316657,False,False,ieee30
1068,5,0.11907972386966681,0.06960490304833977,False,False,ieee30
1069,5,0.11875072041014531,0.07050716998608075,False,False,ieee30
1070,5,0.11886715027938691,0.06936549313478724,False,False,ieee30
1071,5,0.11905008776620866,0.06950656898928109,False,False,ieee30
1072,5,0.02509588053564358,0.009282707011843416,False,False,ieee30
1073,5,0.025292387434582255,0.008065462421159575,False,False,ieee30
1074,5,0.025577752343467937,0.008235403912206452,False,False,ieee30
1075,5,0.025120338327852237,0.0091983042250533,False,False,ieee30
1076,5,0.025296351486749177,0.008012899666246298,False,False,ieee30
1077,5,0.025566582068486714,0.008155936948071707,False,False,ieee30
1078,5,0.025148871951482167,0.009106410177939006,False,False,ieee30
1079,5,0.02527607446723918,0.007951953051440808,False,False,ieee30
1080,5,0.025489303397628046,0.00806238554265759,False,False,ieee30
541,30,1.3192835235133091,2.716521762102313,False,False,ieee30
542,30,1.3196340690817043,3.4527347138085087,False,False,ieee30
543,30,1.3204502394684745,3.1912107810539467,False,False,ieee30
544,30,1.3044547154571788,3.0563545398115988,False,False,ieee30
545,30,1.3047641172564202,3.7381093984117637,False,False,ieee30
546,30,1.3055143647285063,3.4345464734885045,False,False,ieee30
547,30,1.271883552860467,2.4432470887956503,False,False,ieee30
548,30,1.272133447026831,3.2032370059762605,False,False,ieee30
549,30,1.2726510604508454,2.8177863951589854,False,False,ieee30
550,30,0.1446651579831943,0.25982057805153785,False,False,ieee30
551,30,0.14512933141017825,0.8817371236207965,False,False,ieee30
552,30,0.14601073076714963,0.9226596302438717,False,False,ieee30
553,30,0.1454335639642695,0.26683020992283507,False,False,ieee30
554,30,0.14585131874681334,0.38995290104311725,False,False,ieee30
555,30,0.14665342209618276,0.48313343461998365,False,False,ieee30
556,30,0.14754469798737857,0.2646322261544831,False,False,ieee30
557,30,0.1478547844301271,0.4529735610751077,False,False,ieee30
558,30,0.14846009402121518,0.5081816960398222,False,False,ieee30
559,30,0.021611144525158027,0.19324251732477588,False,False,ieee30
560,30,0.022233479554223712,0.07912204035749021,False,False,ieee30
561,30,0.023762530810109248,0.08870897744060108,False,False,ieee30
562,30,0.02174376167363894,0.18768140637165814,False,False,ieee30
563,30,0.022280940857665677,0.0761528042552086,False,False,ieee30
564,30,0.023655726190409017,0.23670870658736426,False,False,ieee30
565,30,0.021993100813691924,0.18266516993715975,False,False,ieee30
566,30,0.02232944293470544,0.07456912779147523,False,False,ieee30
567,30,0.023348448513477754,0.0880708002280256,False,False,ieee30
568,30,2.8529955233770394,3.8661605758052087,False,False,ieee30
569,30,2.853333304174119,3.7226254110397323,False,False,ieee30
570,30,2.8541726930589686,3.6302786767041093,False,False,ieee30
571,30,2.7585575821279082,4.783605515461081,False,False,ieee30
572,30,2.758863292652884,4.774484274994704,False,False,ieee30
573,30,2.7596174072476867,4.5133380291949665,False,False,ieee30
574,30,2.7433657787661314,3.678294117585396,False,False,ieee30
575,30,2.7435681921975283,4.036122471264101,False,False,ieee30
576,30,2.7441033795439056,4.393854237966208,False,False,ieee30
577,30,0.24417539881174996,0.7130812120960577,False,False,ieee30
578,30,0.2446405996978182,0.8512440351684891,False,False,ieee30
579,30,0.2455030750578117,0.9348780471177808,False,False,ieee30
580,30,0.24887515447146427,0.5796895943572635,False,False,ieee30
581,30,0.24928390211073162,0.7701428706394712,False,False,ieee30
582,30,0.2500612749047828,0.816743541074613,False,False,ieee30
583,30,0.2490973013491875,0.5985843994650297,False,False,ieee30
584,30,0.2494028514710613,0.6463122709378195,False,False,ieee30
585,30,0.249993345969592,0.8197606733134637,False,False,ieee30
586,30,0.03244643072595781,0.19356728679989055,False,False,ieee30
587,30,0.03299378506313317,0.0747700065499392,False,False,ieee30
588,30,0.03452212262355363,0.08680308801630032,False,False,ieee30
589,30,0.03286084519708935,0.18928740058185523,False,False,ieee30
590,30,0.033299969958225234,0.07364837334656138,False,False,ieee30
591,30,0.03468078357886932,0.2679617695532809,False,False,ieee30
592,30,0.03292232251833376,0.1833237297485994,False,False,ieee30
593,30,0.03324114324784573,0.07111919359753577,False,False,ieee30
594,30,0.034179745766738406,0.08582446800394944,False,False,ieee30
595,30,3.2476587739036358,4.724403553380161,False,False,ieee30
596,30,3.2479764066084846,4.617202259664944,False,False,ieee30
597,30,3.248838500370678,4.5251225658145255,False,False,ieee30
598,30,3.171740124639461,5.618481988012494,False,False,ieee30
599,30,3.172019934578436,5.504596916894278,False,False,ieee30
600,30,3.1728206280741382,5.549773869559864,False,False,ieee30
601,30,3.1780137592643167,4.145012626375113,False,False,ieee30
602,30,3.178242717229095,4.38319708123521,False,False,ieee30
603,30,3.1788063042188974,5.096821614568468,False,False,ieee30
604,30,0.29039913438634785,0.9903377505715341,False,False,ieee30
605,30,0.29082830566454637,1.0812696805357151,False,False,ieee30
606,30,0.29169681195690056,1.2752352418619446,False,False,ieee30
607,30,0.29232517053672435,1.1582877522144304,False,False,ieee30
608,30,0.29273882899904713,1.3306578630691412,False,False,ieee30
609,30,0.29352909518311515,1.4987341449937843,False,False,ieee30
610,30,0.2926422307719283,0.7371668646163541,False,False,ieee30
611,30,0.2929432752355661,1.001356771276277,False,False,ieee30
612,30,0.2935455645858701,0.8663283160096771,False,False,ieee30
613,30,0.04352653377656431,0.19498147410307998,False,False,ieee30
614,30,0.04399995519374425,0.07638552689710232,False,False,ieee30
615,30,0.045510703801788455,0.09337061012685383,False,False,ieee30
616,30,0.043817596899596786,0.19005518520746129,False,False,ieee30
617,30,0.0442397683396812,0.07484818599743598,False,False,ieee30
618,30,0.04555328762696251,0.39661758578671163,False,False,ieee30
619,30,0.04385667648382162,0.18416686078771416,False,False,ieee30
620,30,0.04417483604569358,0.07240919448038186,False,False,ieee30
621,30,0.045034980416262194,0.08793273886197972,False,False,ieee30
622,30,4.997526666689572,8.931625176781154,False,False,ieee30
623,30,4.99771759027687,22.036419186824308,False,False,ieee30
624,30,4.998485971678288,13.463771314064708,False,False,ieee30
625,30,4.997471738125746,13.906487975803756,False,False,ieee30
626,30,4.9972889534109335,7.805900123122122,False,False,ieee30
627,30,4.998677427529353,51.3306394840043,False,False,ieee30
628,30,4.9972304488290415,9.344667061733277,False,False,ieee30
629,30,4.997218724723785,30.09665404908504,False,False,ieee30
630,30,4.9994840123415,265.71744015220446,False,False,ieee30
631,30,0.4442422424481229,1.322142091459542,False,False,ieee30
632,30,0.44470115260829424,1.8369476808694394,False,False,ieee30
633,30,0.44562405586842085,1.9167490851644793,False,False,ieee30
634,30,0.4442699662927252,1.6573707935099047,False,False,ieee30
635,30,0.4446601328213071,2.053563716020536,False,False,ieee30
636,30,0.44550436768952595,2.014497802516055,False,False,ieee30
637,30,0.44425183712866145,1.37343421438809,False,False,ieee30
638,30,0.4445447774093725,1.4939971721734115,False,False,ieee30
639,30,0.44518964421750795,2.1203013137614786,False,False,ieee30
640,30,0.06562785242204017,0.19817341361199636,False,False,ieee30
641,30,0.06610072219143481,0.0787738564769776,False,False,ieee30
642,30,0.06742642011670356,0.21434727392865988,False,False,ieee30
643,30,0.06565743837097499,0.19207835103566812,False,False,ieee30
644,30,0.06607896943156362,0.07649876771016434,False,False,ieee30
645,30,0.0672215917877337,0.7041857270420893,False,False,ieee30
646,30,0.06566698529775648,0.186175488145518,False,False,ieee30
647,30,0.06598502082749144,0.07406328530079775,False,False,ieee30
648,30,0.06668581674311179,0.08653654299206309,False,False,ieee30
649,30,2.3183465528273977,4.219530941721722,False,False,ieee30
650,30,2.318629363628099,5.183437090094683,False,False,ieee30
651,30,2.31943385195669,11.497370435301328,False,False,ieee30
652,30,2.301577137710503,4.473763066890408,False,False,ieee30
653,30,2.3018370136710344,4.6259090186279375,False,False,ieee30
654,30,2.3025841777282725,5.577931576469224,False,False,ieee30
655,30,2.216493882559302,4.159075207640148,False,False,ieee30
656,30,2.2166353341561424,23.78659357380248,False,False,ieee30
657,30,2.2172031390609006,7.390107955031111,False,False,ieee30
658,30,0.2879212725364132,0.8851439606212094,False,False,ieee30
659,30,0.2882550002152927,1.1687083614001441,False,False,ieee30
660,30,0.28900730183689083,1.176212694586665,False,False,ieee30
661,30,0.28703223634410036,1.0580965420387654,False,False,ieee30
662,30,0.2873383677730773,1.166072749234664,False,False,ieee30
663,30,0.28802096799747345,1.342913624223842,False,False,ieee30
664,30,0.2847984150405384,0.5860484521816581,False,False,ieee30
665,30,0.2850301543232264,0.7325255036708647,False,False,ieee30
666,30,0.2855290623032779,0.8056717523134624,False,False,ieee30
667,30,0.03163229417812408,0.18681046403424834,False,False,ieee30
668,30,0.03206022955158707,0.0806590428085196,False,False,ieee30
669,30,0.03332430812412004,0.09459377237069783,False,False,ieee30
670,30,0.031622782948395975,0.18172731138508325,False,False,ieee30
671,30,0.03200999272381444,0.07798935594526929,False,False,ieee30
672,30,0.03308887091203233,0.3275386046822793,False,False,ieee30
673,30,0.03157741283667348,0.17798409397203419,False,False,ieee30
674,30,0.03187747933361976,0.07705888659951432,False,False,ieee30
675,30,0.03248139241298891,0.09211491878550604,False,False,ieee30
676,30,4.047991507514694,8.247060287686867,False,False,ieee30
677,30,4.048262052797044,15.577261530798317,False,False,ieee30
678,30,4.049027464715544,12.894659669752192,False,False,ieee30
679,30,3.898990872978077,10.383417095421342,False,False,ieee30
680,30,3.899185566577394,9.22309478097229,False,False,ieee30
681,30,3.899842656515343,7.971941396205764,False,False,ieee30
682,30,3.847693753774707,8.611464624660236,False,False,ieee30
683,30,3.8477787345797982,9.213474029632446,False,False,ieee30
684,30,3.8482636574027085,9.16596067599778,False,False,ieee30
685,30,0.46750437709574943,1.427386544990422,False,False,ieee30
686,30,0.4678514250415785,1.2493313140597309,False,False,ieee30
687,30,0.4686271643703862,1.3194976668068097,False,False,ieee30
688,30,0.46357705049549713,1.7296007628365677,False,False,ieee30
689,30,0.4638985403177303,1.7055031034174584,False,False,ieee30
690,30,0.4646112790259602,1.744414472233834,False,False,ieee30
691,30,0.46297719189633113,1.1453338383654337,False,False,ieee30
692,30,0.4632153731540183,1.0838644994441695,False,False,ieee30
693,30,0.4637292968083305,1.2060047582804305,False,False,ieee30
694,30,0.04872029913068578,0.20226444776497715,False,False,ieee30
695,30,0.049145565379868375,0.08274106462620961,False,False,ieee30
696,30,0.050112305385876375,0.2023760760331489,False,False,ieee30
697,30,0.048672130447234306,0.19913402624882698,False,False,ieee30
698,30,0.0490576509709805,0.08282327750471269,False,False,ieee30
699,30,0.04985912509658196,0.6061354064722858,False,False,ieee30
700,30,0.0486587353026251,0.19349453735885502,False,False,ieee30
701,30,0.04895942817276618,0.07997796795347162,False,False,ieee30
702,30,0.04955263096228371,0.0968883683579605,False,False,ieee30
703,30,4.6560058915826525,31.798508544309378,False,False,ieee30
704,30,4.6558231192517585,7.957419553080749,False,False,ieee30
705,30,4.6572950561303195,77.85110833578472,False,False,ieee30
706,30,4.554493367408106,7.739121553025498,False,False,ieee30
707,30,4.554924851011225,9.190455917021477,False,False,ieee30
708,30,4.5556172213338675,12.446699174313231,False,False,ieee30
709,30,4.5181425199253,24.783375250130078,False,False,ieee30
710,30,4.517592264426261,13.913464953061546,False,False,ieee30
711,30,4.518311161123775,15.12155584166267,False,False,ieee30
712,30,0.5749557501909841,1.859389687211832,False,False,ieee30
713,30,0.5753099537255295,1.5910205221349498,False,False,ieee30
714,30,0.576100377258215,1.7397770246961932,False,False,ieee30
715,30,0.5725245294727835,2.0019145690158755,False,False,ieee30
716,30,0.5728458859657841,2.049595509353703,False,False,ieee30
717,30,0.5735676504169891,2.2200949449818532,False,False,ieee30
718,30,0.5720998986383917,1.6750896686651235,False,False,ieee30
719,30,0.5723450096477476,1.3254637492778873,False,False,ieee30
720,30,0.572888084826751,2.2813130543219797,False,False,ieee30
721,30,0.06321054784205588,0.1950672885470645,False,False,ieee30
722,30,0.06363637266084024,0.08846372695650279,False,False,ieee30
723,30,0.06450009359929901,0.2968798048596631,False,False,ieee30
724,30,0.06318165089042416,0.1917902679975818,False,False,ieee30
725,30,0.06356702021303835,0.08846561999466279,False,False,ieee30
726,30,0.0643538347726512,0.7065810062790914,False,False,ieee30
727,30,0.06316860627012824,0.1863271523832969,False,False,ieee30
728,30,0.06346813794548122,0.08441107627113292,False,False,ieee30
729,30,0.06405864887892225,0.09795102993228072,False,False,ieee30
730,30,7.069662833234128,995.7426652875026,False,False,ieee30
731,30,7.055248232209401,326.98400169441334,False,False,ieee30
732,30,7.102501181763483,664.2511088782283,False,False,ieee30
733,30,7.024416943432278,191.32969244629817,False,False,ieee30
734,30,7.142274422395489,680.3897539797321,False,False,ieee30
735,30,7.116142607415005,546.3016149853568,False,False,ieee30
736,30,7.140478559834174,684.6606877408191,False,False,ieee30
737,30,7.1965370751407125,673.6595474522921,False,False,ieee30
738,30,7.104362341690875,642.1753230857006,False,False,ieee30
739,30,0.8625817943257748,2.4010299861347466,False,False,ieee30
740,30,0.8629430232908715,2.4234338722367728,False,False,ieee30
741,30,0.8637682118391945,2.465951589692758,False,False,ieee30
742,30,0.8625658511890475,2.5644928413010426,False,False,ieee30
743,30,0.8628783488816483,3.458451443780582,False,False,ieee30
744,30,0.8636397844298414,2.949247957036024,False,False,ieee30
745,30,0.8625229892287974,2.9365512174270254,False,False,ieee30
746,30,0.8627415796370888,2.8117583733410245,False,False,ieee30
747,30,0.863346130642343,3.152989122854752,False,False,ieee30
748,30,0.09479548530225475,0.20392556051602834,False,False,ieee30
749,30,0.09521995838653641,0.19207638791024018,False,False,ieee30
750,30,0.09607328177763638,0.3703792486561765,False,False,ieee30
751,30,0.09480449662261396,0.19820386694437464,False,False,ieee30
752,30,0.09518283499755091,0.5088071995251573,False,False,ieee30
753,30,0.09597011273560124,0.3594076488073317,False,False,ieee30
754,30,0.09479150477511858,0.19255624182250097,False,False,ieee30
755,30,0.09509088473403118,0.09225848665227793,False,False,ieee30
756,30,0.09568209145750953,0.22868603624866468,False,False,ieee30
757,30,14507.620568905746,14569.778883299756,False,False,ieee30
758,30,14504.864566988417,14567.349525307052,False,False,ieee30
759,30,14503.629353643508,14566.562601369627,False,False,ieee30
760,30,17493.01923859173,17567.753086150886,False,False,ieee30
761,30,17490.396949979,17564.387804856186,False,False,ieee30
762,30,17488.368918323078,17562.852459738217,False,False,ieee30
763,30,10246.275276246877,10324.333139507688,False,False,ieee30
764,30,10244.533135074535,10298.270254701516,False,False,ieee30
765,30,10244.817582826425,10335.802394255305,False,False,ieee30
766,30,0.5234292476368703,1.3332536521307934,False,False,ieee30
767,30,0.5237809318380838,1.7011327299915036,False,False,ieee30
768,30,0.5246425384459521,1.6415395008728506,False,False,ieee30
769,30,0.5218529785967441,1.6327943992155525,False,False,ieee30
770,30,0.5221678819946294,1.6734974538284328,False,False,ieee30
771,30,0.5229238997925033,1.814085563912029,False,False,ieee30
772,30,0.514033891523488,0.9412696890210919,False,False,ieee30
773,30,0.5142594586985785,1.063029558647043,False,False,ieee30
774,30,0.5147557773123326,1.3094452624803905,False,False,ieee30
775,30,0.04806484782702762,0.1956740842785359,False,False,ieee30
776,30,0.048591234443067746,0.08917897265678598,False,False,ieee30
777,30,0.04959825295039125,0.1071248507729971,False,False,ieee30
778,30,0.04807245783425444,0.19087218824117408,False,False,ieee30
779,30,0.0485203303924206,0.08758335805935052,False,False,ieee30
780,30,0.049519111862713114,4.213883668493283,False,False,ieee30
781,30,0.04795837786770959,0.18775787643782965,False,False,ieee30
782,30,0.04827423599045933,0.08698229473158647,False,False,ieee30
783,30,0.048898040048980455,0.10316070299888547,False,False,ieee30
784,30,4.203975161475122,4.901582457533841,False,False,ieee30
785,30,4.204491829591045,8.71478917551204,False,False,ieee30
786,30,4.205691646002043,4.437755829687951,False,False,ieee30
787,30,3.999809149441217,6.345280096353859,False,False,ieee30
788,30,4.0001702416003315,5.96750345218415,False,False,ieee30
789,30,4.001427251870022,7.050375064676621,False,False,ieee30
790,30,3.881277022319929,8.45353698630824,False,False,ieee30
791,30,3.8815716131272073,7.210034138331284,False,False,ieee30
792,30,3.8824016710685023,6.000338555366339,False,False,ieee30
793,30,0.6874879722731593,1.5660449157544734,False,False,ieee30
794,30,0.6879826680334103,1.4460723787640488,False,False,ieee30
795,30,0.6889510082619614,1.5548410514102162,False,False,ieee30
796,30,0.6811392597716914,1.8948501870406533,False,False,ieee30
797,30,0.6815763795614914,1.9258498947689764,False,False,ieee30
798,30,0.6824342071445018,1.9541553271586418,False,False,ieee30
799,30,0.6791627485353818,1.3255480699767732,False,False,ieee30
800,30,0.6794861811819073,1.2378792931464384,False,False,ieee30
801,30,0.6800884549161835,1.4511872326260877,False,False,ieee30
802,30,0.07351448637593481,0.20490085074173758,False,False,ieee30
803,30,0.07403638715971807,0.08625731426046795,False,False,ieee30
804,30,0.07504258735529404,0.2243254484860695,False,False,ieee30
805,30,0.07336475538975629,0.20334549802054486,False,False,ieee30
806,30,0.07381017668383118,0.08774356955334223,False,False,ieee30
807,30,0.0746948032553836,0.6672382563164937,False,False,ieee30
808,30,0.07330388406885706,0.1978488898359687,False,False,ieee30
809,30,0.07361974169851851,0.08488918803788648,False,False,ieee30
810,30,0.07424487819685195,0.0971220029093684,False,False,ieee30
811,30,39.80878259575565,33.282749153984405,False,False,ieee30
812,30,39.878608404666096,34.31761587707363,False,False,ieee30
813,30,39.806551728801615,33.210244965898745,False,False,ieee30
814,30,2316.464311277617,3098.5302957514186,False,False,ieee30
815,30,2315.9228254937234,2105.3755503947673,False,False,ieee30
816,30,2314.23377640674,2605.6871962451632,False,False,ieee30
817,30,3238.9040790543245,4859.9997961330055,False,False,ieee30
818,30,3237.9497969998934,3768.826108888236,False,False,ieee30
819,30,3236.88749752877,3717.3912285364004,False,False,ieee30
820,30,0.9053492045703253,2.0934092701920983,False,False,ieee30
821,30,0.9058023973499866,2.136564258190493,False,False,ieee30
822,30,0.9068141541083221,2.236226702147894,False,False,ieee30
823,30,0.9029115679896357,2.3269543229713925,False,False,ieee30
824,30,0.9033141904459665,2.3718091417913616,False,False,ieee30
825,30,0.9041981251456226,2.5475968165370086,False,False,ieee30
826,30,0.9001493258716857,1.9109983102965633,False,False,ieee30
827,30,0.9004541654395032,1.78946177704763,False,False,ieee30
828,30,0.9010696921748012,2.284618957495354,False,False,ieee30
829,30,0.09522680853798968,0.2002631014518923,False,False,ieee30
830,30,0.09575037074875607,0.09819576743164565,False,False,ieee30
831,30,0.09675501433661497,0.36179346076957125,False,False,ieee30
832,30,0.09514041949362274,0.1976721143853034,False,False,ieee30
833,30,0.09558686112899531,0.09924517130841043,False,False,ieee30
834,30,0.09647212716065838,0.7569492869164003,False,False,ieee30
835,30,0.09510474564383223,0.1923477072525221,False,False,ieee30
836,30,0.09542135477221333,0.09304935485105226,False,False,ieee30
837,30,0.09603965623316042,0.27581730390861936,False,False,ieee30
838,30,10.32155744979393,573.9520986020814,False,False,ieee30
839,30,10.332861629703352,483.8839623393865,False,False,ieee30
840,30,10.455570419459614,811.5540391406416,False,False,ieee30
841,30,19.533040110302938,937.9312161840664,False,False,ieee30
842,30,19.506440568030474,958.8650856531236,False,False,ieee30
843,30,19.337130436257578,468.81777411811333,False,False,ieee30
844,30,21.03860306077156,1217.880558194988,False,False,ieee30
845,30,20.9422941606861,981.4420703071123,False,False,ieee30
846,30,20.822161459565372,637.9314503231127,False,False,ieee30
847,30,1.2515299963266342,2.4857765659281226,False,False,ieee30
848,30,1.252000288399751,2.8937040714038567,False,False,ieee30
849,30,1.2530726659551765,3.2809966199697653,False,False,ieee30
850,30,1.2514314326467222,2.8450457536649325,False,False,ieee30
851,30,1.2518206339963125,3.4306466681687757,False,False,ieee30
852,30,1.252786436206582,3.7422839157164622,False,False,ieee30
853,30,1.2515645203866037,3.1959878903701275,False,False,ieee30
854,30,1.2518334783498861,3.2144557274088204,False,False,ieee30
855,30,1.2525671414634902,3.4962288008835793,False,False,ieee30
856,30,0.141686219371946,0.21266931183135945,False,False,ieee30
857,30,0.1422091657196559,0.215422391927304,False,False,ieee30
858,30,0.14321456590851794,0.37462766334937064,False,False,ieee30
859,30,0.1417139182215236,0.20629147357937072,False,False,ieee30
860,30,0.1421578903795661,0.6003185921274288,False,False,ieee30
861,30,0.14304723464781757,0.11692661159311102,False,False,ieee30
862,30,0.1417188304708941,0.2004242275239017,False,False,ieee30
863,30,0.14203651529799727,0.1000393811873696,False,False,ieee30
864,30,0.14266489480402417,0.27927755405016874,False,False,ieee30
865,30,1.7842786049410881,3.3853366212688893,False,False,ieee30
866,30,1.784810917447252,4.305501214185331,False,False,ieee30
867,30,1.7861667572458746,10.129194064074218,False,False,ieee30
868,30,1.792076960632126,3.8749715665810935,False,False,ieee30
869,30,1.7925324049815161,5.054543866887379,False,False,ieee30
870,30,1.7937804145737228,8.959940539492058,False,False,ieee30
871,30,1.6966053857618875,3.7920029457720528,False,False,ieee30
872,30,1.6968952626994893,5.18610094124656,False,False,ieee30
873,30,1.6977896374990393,16.586180237078427,False,False,ieee30
874,30,0.3973426743294059,1.3896421544823525,False,False,ieee30
875,30,0.3980754221746513,1.7866862922453242,False,False,ieee30
876,30,0.3995190826562034,1.7001041080203314,False,False,ieee30
877,30,0.39685064901569184,1.6909410105179574,False,False,ieee30
878,30,0.39749515342022795,1.7916213972962596,False,False,ieee30
879,30,0.39878682409337507,1.8992592082513986,False,False,ieee30
880,30,0.3900790578111139,1.2325025481162086,False,False,ieee30
881,30,0.390562008489055,1.1338940188079851,False,False,ieee30
882,30,0.3915041666754981,1.183063198174929,False,False,ieee30
883,30,0.049663111285126,0.19359088864958618,False,False,ieee30
884,30,0.05021476860805231,0.08871626310842928,False,False,ieee30
885,30,0.05127286543307299,0.3374621767289879,False,False,ieee30
886,30,0.049658597334423286,0.18908012653612627,False,False,ieee30
887,30,0.05012843549407147,0.08924282509348969,False,False,ieee30
888,30,0.0510614517534639,0.6721927857646581,False,False,ieee30
889,30,0.049411036629550244,0.18662119912632863,False,False,ieee30
890,30,0.0497430460907293,0.08686392598298975,False,False,ieee30
891,30,0.05040263700367617,0.10033857987412381,False,False,ieee30
892,30,3.0666845143477106,5.055901300845335,False,False,ieee30
893,30,3.0670638115775883,6.32131409034211,False,False,ieee30
894,30,3.0683916438914594,8.845743418304782,False,False,ieee30
895,30,2.927196909457135,17.72347268247038,False,False,ieee30
896,30,2.9280577777831516,185.25922635380178,False,False,ieee30
897,30,3.01420210127744,763.9777397904086,False,False,ieee30
898,30,2.829390854615027,7.930692010373317,False,False,ieee30
899,30,2.8296618746920292,8.960749055534173,False,False,ieee30
900,30,2.830501781031685,9.480659142958121,False,False,ieee30
901,30,0.6530817154277697,2.057191152334388,False,False,ieee30
902,30,0.6538298048845069,1.8307537089757289,False,False,ieee30
903,30,0.6552281504358178,1.847386872838849,False,False,ieee30
904,30,0.6440240837829301,2.417066145999592,False,False,ieee30
905,30,0.6446645995876559,2.4366261267341036,False,False,ieee30
906,30,0.6459216583371478,2.398471998332874,False,False,ieee30
907,30,0.6401198711422889,1.7279463836989875,False,False,ieee30
908,30,0.6406511943511727,2.1829589995282346,False,False,ieee30
909,30,0.6416322984885019,1.929626082987606,False,False,ieee30
910,30,0.07548141486520336,0.21135110716499927,False,False,ieee30
911,30,0.07602676197863081,0.18562015618673638,False,False,ieee30
912,30,0.07708969087796695,0.3382635178783553,False,False,ieee30
913,30,0.07516063817224398,0.20937871542378333,False,False,ieee30
914,30,0.07562875284442494,0.32750717621873915,False,False,ieee30
915,30,0.07656918306378073,0.42076019207110527,False,False,ieee30
916,30,0.07501477558027672,0.2048122728342206,False,False,ieee30
917,30,0.07534556693391964,0.09366130293677694,False,False,ieee30
918,30,0.07600724916459126,0.21503379070453782,False,False,ieee30
919,30,3.5715061174916545,7.4270071207927675,False,False,ieee30
920,30,3.5717983371781203,7.120431211794097,False,False,ieee30
921,30,3.573140522542938,33.294753305579896,False,False,ieee30
922,30,3.4822136981825347,5.0513720027430535,False,False,ieee30
923,30,3.48327705285588,27.244678535081427,False,False,ieee30
924,30,3.4843080339509913,7.447783528929962,False,False,ieee30
925,30,3.4241159710066964,50.38863347780814,False,False,ieee30
926,30,3.424039303139726,5.148536953397267,False,False,ieee30
927,30,3.4249950275606906,5.747449626940804,False,False,ieee30
928,30,0.7934200784946541,2.630360386248993,False,False,ieee30
929,30,0.7940599308926607,2.2752682801693442,False,False,ieee30
930,30,0.7953703010647497,2.4278666208946893,False,False,ieee30
931,30,0.787145815230393,2.9055642697686905,False,False,ieee30
932,30,0.7877024438443141,2.886527861412624,False,False,ieee30
933,30,0.7888786463765629,3.0616642504796694,False,False,ieee30
934,30,0.7840898073177387,2.412001769966335,False,False,ieee30
935,30,0.7845669872197288,2.605312950223378,False,False,ieee30
936,30,0.7854700281571513,2.802184849533045,False,False,ieee30
937,30,0.09925473462745568,0.21083507070850205,False,False,ieee30
938,30,0.09980282317486298,0.23768792914920228,False,False,ieee30
939,30,0.10086365999333338,0.34251016401799256,False,False,ieee30
940,30,0.09904806504605676,0.20649438719210383,False,False,ieee30
941,30,0.09951723596295636,0.39117391233349763,False,False,ieee30
942,30,0.10045060499036768,0.1872287800422449,False,False,ieee30
943,30,0.0989542027341748,0.19973480698254603,False,False,ieee30
944,30,0.09928641358608573,0.09926323328012238,False,False,ieee30
945,30,0.09994937834138655,0.29347613468114425,False,False,ieee30
946,30,5.424494499276363,544.9499225902841,False,False,ieee30
947,30,5.460308550743646,640.5899003462613,False,False,ieee30
948,30,5.517055916435595,652.5338072508438,False,False,ieee30
949,30,5.42725242858738,635.4914372802989,False,False,ieee30
950,30,5.419603442106199,535.6293356257303,False,False,ieee30
951,30,5.4520943229823695,882.8097210666224,False,False,ieee30
952,30,5.3668566784574425,487.26846015454043,False,False,ieee30
953,30,5.500195406229678,762.656138078107,False,False,ieee30
954,30,5.405234750290428,417.20227520703554,False,False,ieee30
955,30,1.1859518478717883,3.1600292068512412,False,False,ieee30
956,30,1.186486702914351,3.7112214705639763,False,False,ieee30
957,30,1.1876192797888143,3.912232728847942,False,False,ieee30
958,30,1.1859703321524795,3.5644158224508713,False,False,ieee30
959,30,1.186435109986512,4.5095978766751275,False,False,ieee30
960,30,1.187492513307511,4.439788238189609,False,False,ieee30
961,30,1.185945310259522,3.9262720284357595,False,False,ieee30
962,30,1.1862804137634964,4.506662643512133,False,False,ieee30
963,30,1.1871263872894458,4.255832529984592,False,False,ieee30
964,30,0.14868649699502778,0.23840131834345119,False,False,ieee30
965,30,0.14923842934739365,0.37043141197216706,False,False,ieee30
966,30,0.15030175348963667,0.3074530758827721,False,False,ieee30
967,30,0.14871553767991236,0.22144440568292095,False,False,ieee30
968,30,0.1491850751011641,0.4285143271433439,False,False,ieee30
969,30,0.1501211068130347,0.4134327470271822,False,False,ieee30
970,30,0.14871998036849782,0.24871086915751145,False,False,ieee30
971,30,0.1490531391376946,0.41132658761510615,False,False,ieee30
972,30,0.14971452923412895,0.44435877263485307,False,False,ieee30
973,30,0.7418629462184142,1.5239449229053226,False,False,ieee30
974,30,0.7422561104272793,16.575906504596404,False,False,ieee30
975,30,0.7435430691663136,40.871599119736175,False,False,ieee30
976,30,0.7575566717695618,3.5437623456887017,False,False,ieee30
977,30,0.7581494097734138,20.78367177426864,False,False,ieee30
978,30,0.7592438353488427,6.09909310219515,False,False,ieee30
979,30,0.7128798494949363,3.295709331488996,False,False,ieee30
980,30,0.7131536175512517,6.257031759292262,False,False,ieee30
981,30,0.71405694454718,2.827819099245631,False,False,ieee30
982,30,0.3690418586361964,1.9098253019434492,False,False,ieee30
983,30,0.3696593407931272,2.5210830941607796,False,False,ieee30
984,30,0.3711571036625195,3.0877552753485427,False,False,ieee30
985,30,0.37193232102903917,2.4938230787102444,False,False,ieee30
986,30,0.37250136696797204,3.848897218831053,False,False,ieee30
987,30,0.37403324694568396,3.6651595164075745,False,False,ieee30
988,30,0.36226201908507843,2.63954605631299,False,False,ieee30
989,30,0.3627814279527799,3.3856075487703103,False,False,ieee30
990,30,0.3638181392116403,3.315294403149937,False,False,ieee30
991,30,0.05342141575155922,0.17966117549260463,False,False,ieee30
992,30,0.05432715744792806,0.11173286592807757,False,False,ieee30
993,30,0.05604384125585144,0.40541792247908776,False,False,ieee30
994,30,0.053605714816420756,0.1911739973351414,False,False,ieee30
995,30,0.054410128928691154,0.38762189948626197,False,False,ieee30
996,30,0.05598005469590231,0.3996224037012956,False,False,ieee30
997,30,0.05345467085326874,0.19074581438320887,False,False,ieee30
998,30,0.054052105786265243,0.36123550110940467,False,False,ieee30
999,30,0.05522077773960033,0.3687594538121672,False,False,ieee30
1000,30,1.2310911219590288,24.256582832252178,False,False,ieee30
1001,30,1.2312774631666392,29.86700277308234,False,False,ieee30
1002,30,1.2325041329425401,29.152400369793206,False,False,ieee30
1003,30,1.1780633388155426,40.281656886055224,False,False,ieee30
1004,30,1.2942517773665587,440.4736862902372,False,False,ieee30
1005,30,1.2660275620642003,904.4988722085837,False,False,ieee30
1006,30,1.372815414676251,1014.2002081661352,False,False,ieee30
1007,30,1.1176785408892767,20.89978122038879,False,False,ieee30
1008,30,1.1185494357910717,19.977162643123837,False,False,ieee30
1009,30,0.5973677686054666,5.035117202701995,False,False,ieee30
1010,30,0.5975217029375463,3.401668420835575,False,False,ieee30
1011,30,0.6000775425701277,5.712000194414645,False,False,ieee30
1012,30,0.5849122234999706,2.8563882400042564,False,False,ieee30
1013,30,0.5856953096249181,2.9459105188561177,False,False,ieee30
1014,30,0.5871097477410655,2.9588457771350285,False,False,ieee30
1015,30,0.5731626702815256,3.9590078886024846,False,False,ieee30
1016,30,0.5733716242863183,3.244813381502137,False,False,ieee30
1017,30,0.5743708068151225,3.107784158083212,False,False,ieee30
1018,30,0.08191479342403722,0.23660571759066068,False,False,ieee30
1019,30,0.08280879659046544,0.11853519830227355,False,False,ieee30
1020,30,0.08452978257155289,0.13107465160698833,False,False,ieee30
1021,30,0.08183276188522388,0.23344619615166845,False,False,ieee30
1022,30,0.08263451751244011,0.11798174448875381,False,False,ieee30
1023,30,0.08420604452180569,0.1283918274800761,False,False,ieee30
1024,30,0.08150634165429287,0.22293117901067933,False,False,ieee30
1025,30,0.08211276049363526,0.10465890806094341,False,False,ieee30
1026,30,0.08328712153438225,0.11152093538389068,False,False,ieee30
1027,30,1.5187425598112863,97.42601596825313,False,False,ieee30
1028,30,1.517234549506468,97.75484725842706,False,False,ieee30
1029,30,1.519211019968592,99.5415794155429,False,False,ieee30
1030,30,1.4878756331015393,111.21538898150772,False,False,ieee30
1031,30,1.6051847375103598,298.4390516511045,False,False,ieee30
1032,30,1.6371505324453264,195.93022918733186,False,False,ieee30
1033,30,1.4568671715131505,94.24119059762022,False,False,ieee30
1034,30,1.453497437245928,113.08874666733679,False,False,ieee30
1035,30,1.4532828871878585,115.85289768921882,False,False,ieee30
1036,30,0.7247740746719523,3.480572943761641,False,False,ieee30
1037,30,0.7280452676796385,5.296822622557917,False,False,ieee30
1038,30,0.7365103445369254,6.456912643875784,False,False,ieee30
1039,30,0.717766296116813,1.8258253994841103,False,False,ieee30
1040,30,0.7184269286759698,1.8245130253278108,False,False,ieee30
1041,30,0.7199642865350924,2.268675033484834,False,False,ieee30
1042,30,0.7109222752957569,2.5547826296345657,False,False,ieee30
1043,30,0.7113683684761247,2.447905646045566,False,False,ieee30
1044,30,0.7124144505016194,2.2962119749594674,False,False,ieee30
1045,30,0.10649511847857035,0.22321013687206703,False,False,ieee30
1046,30,0.1074001718110795,0.13460995370676182,False,False,ieee30
1047,30,0.1091265156974133,0.14762810788613306,False,False,ieee30
1048,30,0.10646381589171622,0.21594523952595346,False,False,ieee30
1049,30,0.10727136167328408,0.12997842277547605,False,False,ieee30
1050,30,0.10884637848306386,0.1387277737434527,False,False,ieee30
1051,30,0.10627100985619312,0.20175914648936488,False,False,ieee30
1052,30,0.10688012226887887,0.1082756357040931,False,False,ieee30
1053,30,0.10806029248545562,0.12090435988565357,False,False,ieee30
1054,30,2.0577604753228185,1.3688898403496357,False,False,ieee30
1055,30,2.0686089909602083,1.4179848987840349,False,False,ieee30
1056,30,2.0681348389049776,1.3300320818355553,False,False,ieee30
1057,30,2.0669392500856762,1.3739844360395965,False,False,ieee30
1058,30,2.070669717074074,1.8332446629250532,False,False,ieee30
1059,30,2.0788335052969513,1.3516977104511,False,False,ieee30
1060,30,2.0696606587308413,1.3725086354948786,False,False,ieee30
1061,30,2.0665992640542497,1.3721551318830654,False,False,ieee30
1062,30,2.070225334030307,1.3652975653185224,False,False,ieee30
1063,30,1.0407830375050322,1.0940940232456624,False,False,ieee30
1064,30,1.041552156723376,1.0069209950602034,False,False,ieee30
1065,30,1.043189302949212,1.0206797205039897,False,False,ieee30
1066,30,1.0408663283096167,1.0890506013655554,False,False,ieee30
1067,30,1.041601613454859,1.0043746989056626,False,False,ieee30
1068,30,1.043161321103594,1.0182565461754796,False,False,ieee30
1069,30,1.0408764896736327,1.0839427440307021,False,False,ieee30
1070,30,1.04149474761476,1.0016857507734749,False,False,ieee30
1071,30,1.0427273959775416,1.0156496903642542,False,False,ieee30
1072,30,0.15874645473366195,0.2576474927746561,False,False,ieee30
1073,30,0.15965469627893775,0.17038352689231911,False,False,ieee30
1074,30,0.1613846922670531,0.18380587491174866,False,False,ieee30
1075,30,0.15878898212713133,0.2526027072946855,False,False,ieee30
1076,30,0.15960346857842556,0.16783964815329172,False,False,ieee30
1077,30,0.16118972771035678,0.1813417396237933,False,False,ieee30
1078,30,0.15879898818581303,0.24765071044342307,False,False,ieee30
1079,30,0.15941621853682075,0.16528376216961688,False,False,ieee30
1080,30,0.1606120121596316,0.17891612643520854,False,False,ieee30
