CaseID,SelectedWMUCount,DeltaI_sum,DeltaI_max,DeltaV_sum,DeltaV_max,SmallDeltaISum,SmallDeltaVSum,Network,WMUCount,SelectedWMUBuses
1,3,1.0618430180444846e-12,5.539683615509041e-13,0.31359905537060084,0.2882473093012272,False,False,ieee14,3,2;6;9
2,3,6.100939411867581e-08,5.129457241449317e-08,0.9362322233785438,0.6202765173572714,False,False,ieee14,3,2;6;9
3,3,1.6808310685765706e-08,1.0418144097624914e-08,0.9440238626049755,0.38584303052425484,False,False,ieee14,3,2;6;9
4,3,2.4909154401821423e-08,1.3591373141152681e-08,1.1359281212663026,0.5241360862479085,False,False,ieee14,3,2;6;9
5,3,2.574541285778241e-08,1.3794609266193461e-08,0.7832450386193823,0.4394210763413513,False,False,ieee14,3,2;6;9
6,3,2.749866924062349e-08,2.123400719531808e-08,1.3451269236607235,0.6866104114553112,False,False,ieee14,3,2;6;9
7,3,4.826112179918224e-08,3.565768195464462e-08,2.3760428737734633,1.8999744864786525,False,False,ieee14,3,2;6;9
8,3,1.1804384072300576e-08,7.0016462179080915e-09,1.5151141085886128,1.096020731310578,False,False,ieee14,3,2;6;9
9,3,1.242393778184698e-08,8.676668115888997e-09,1.0450075477465348,0.5942626900538668,False,False,ieee14,3,2;6;9
10,3,1.1097610052450844e-08,8.544256059527221e-09,0.7788477946181698,0.3802812002129652,False,False,ieee14,3,2;6;9
11,3,1.4882109523689974e-08,1.1183242709808848e-08,0.9720814259246794,0.4470968188516129,False,False,ieee14,3,2;6;9
12,3,8.401232291211464e-09,5.51061082742879e-09,0.980517010424607,0.6570768828483906,False,False,ieee14,3,2;6;9
13,3,6.100921275995534e-08,5.129435615938584e-08,0.9363991669848415,0.6205440776331586,False,False,ieee14,3,2;6;9
14,3,1.6808103375800253e-08,1.0418008487754301e-08,0.9439048707464741,0.38576555311484917,False,False,ieee14,3,2;6;9
15,3,2.4909610233462223e-08,1.359162241371871e-08,1.135890512527534,0.5240742266370881,False,False,ieee14,3,2;6;9
16,3,2.5746119225416652e-08,1.379509466443258e-08,0.7846053017449517,0.43940623880818847,False,False,ieee14,3,2;6;9
17,3,2.749899614841883e-08,2.1234254302223577e-08,1.3458979325698368,0.6866233103015905,False,False,ieee14,3,2;6;9
18,3,4.8260871656057583e-08,3.565750783432502e-08,2.375978881828975,1.8999082131209957,False,False,ieee14,3,2;6;9
19,3,1.1804491839765903e-08,7.001702766476709e-09,1.515030238195613,1.0959525469753295,False,False,ieee14,3,2;6;9
20,3,1.2424208969818535e-08,8.676840812890888e-09,1.0468167087121405,0.5961510361335165,False,False,ieee14,3,2;6;9
21,3,1.109780469088688e-08,8.5443946051073e-09,0.7792618972474123,0.38068896015651976,False,False,ieee14,3,2;6;9
22,3,1.4882269554563333e-08,1.1183357260042463e-08,0.9755126660614666,0.4505123242548106,False,False,ieee14,3,2;6;9
23,3,8.401290755711147e-09,5.510645579312286e-09,0.9809495939764671,0.6575058231609203,False,False,ieee14,3,2;6;9
24,3,8.183236946670703e-10,5.489278727152227e-10,0.3129810030533259,0.2771353206311764,False,False,ieee14,3,2;6;9
25,3,4.4573430101419456e-10,2.5803025562856605e-10,0.31451917732131796,0.27689625076332725,False,False,ieee14,3,2;6;9
26,3,6.09055203781228e-10,3.738906258004532e-10,0.31393487419790034,0.2783593739500403,False,False,ieee14,3,2;6;9
27,3,7.976455135953721e-10,4.3804210448287484e-10,0.30992256108565863,0.272382132050522,False,False,ieee14,3,2;6;9
28,3,8.461478841357278e-10,4.561745697707055e-10,0.31276765316495836,0.2740826531798308,False,False,ieee14,3,2;6;9
29,3,1.1671310675566258e-09,8.89614006998318e-10,0.34662664800496146,0.29420000819836467,False,False,ieee14,3,2;6;9
30,3,6.868169385771339e-10,3.5379674348724386e-10,0.7751571635628656,0.7405819869894537,False,False,ieee14,3,2;6;9
31,3,4.690872573538805e-10,2.4167218814517165e-10,0.4042509210005325,0.36633692744046575,False,False,ieee14,3,2;6;9
32,3,2.517474205636669e-09,1.7990681021070994e-09,0.8431218330008315,0.8005034916484508,False,False,ieee14,3,2;6;9
33,3,7.947281143314803e-10,4.868229224857323e-10,0.6037032137302456,0.5547783441067093,False,False,ieee14,3,2;6;9
34,3,9.316325909626018e-10,6.503089335383714e-10,0.3958832290816209,0.3442387492919421,False,False,ieee14,3,2;6;9
35,3,1.0062673436644335e-09,7.619013743008699e-10,0.3272634664562515,0.27932890700073854,False,False,ieee14,3,2;6;9
36,3,1.020786353344832e-09,7.596400591386812e-10,0.3456902006055288,0.29494425667501556,False,False,ieee14,3,2;6;9
37,3,7.914859485716403e-10,5.218955119082458e-10,0.4204543686192108,0.37063499336866945,False,False,ieee14,3,2;6;9
38,3,1.286667041519109e-09,8.73213243457481e-10,0.3174811312773844,0.2755048984987656,False,False,ieee14,3,2;6;9
39,3,7.697025000494e-10,3.9690268272398567e-10,0.3202314071139434,0.27557525615716183,False,False,ieee14,3,2;6;9
40,3,9.463636770704554e-10,5.866665459256219e-10,0.31920086900912026,0.27790683787185233,False,False,ieee14,3,2;6;9
41,3,1.248731512037292e-09,6.926391603098211e-10,0.31590725239888107,0.27136331435249583,False,False,ieee14,3,2;6;9
42,3,1.3227558586811369e-09,7.222007573164246e-10,0.31897030287745975,0.2730369334559064,False,False,ieee14,3,2;6;9
43,3,1.4702296449259568e-09,1.0416026770003914e-09,0.3512403801110072,0.2930174889363968,False,False,ieee14,3,2;6;9
44,3,1.064385355465641e-09,5.476558683997523e-10,0.6247834350133318,0.5822742731923345,False,False,ieee14,3,2;6;9
45,3,7.155492886485916e-10,3.6883632281136965e-10,0.4007301716689312,0.3595811551673702,False,False,ieee14,3,2;6;9
46,3,4.108819059358826e-09,2.990056058173039e-09,0.6199077973357668,0.572033990964848,False,False,ieee14,3,2;6;9
47,3,1.2374219953883728e-09,7.612434122148334e-10,0.5518763633684949,0.4986657588285688,False,False,ieee14,3,2;6;9
48,3,1.4583654880799349e-09,1.0242946293512755e-09,0.4028921303750328,0.34589850656995647,False,False,ieee14,3,2;6;9
49,3,1.577892178317913e-09,1.2025137233852348e-09,0.34100724270474125,0.2847115163513019,False,False,ieee14,3,2;6;9
50,3,1.6027669317699544e-09,1.2004981857196776e-09,0.35272147156221323,0.29525117725500327,False,False,ieee14,3,2;6;9
51,3,1.2319936637255331e-09,8.17311998462252e-10,0.42388578244503894,0.3687050711680717,False,False,ieee14,3,2;6;9
52,3,1.627643653211154e-09,1.0924141109230102e-09,0.3184014233888255,0.270517303287493,False,False,ieee14,3,2;6;9
53,3,9.379451969921725e-10,5.117951318183761e-10,0.32207476245881916,0.2706683265816163,False,False,ieee14,3,2;6;9
54,3,1.2086533838507558e-09,7.418658608353348e-10,0.3206921088853941,0.27371646726408905,False,False,ieee14,3,2;6;9
55,3,1.586074431105609e-09,8.709331795586004e-10,0.3157637535721949,0.2644445104862203,False,False,ieee14,3,2;6;9
56,3,1.6784334331772844e-09,9.07068365941207e-10,0.3199067640401917,0.2666708431159144,False,False,ieee14,3,2;6;9
57,3,2.296803569562407e-09,1.7474709924612094e-09,0.36039548067710614,0.2895320817833724,False,False,ieee14,3,2;6;9
58,3,1.3626819626581157e-09,7.027401471364273e-10,0.8603717000440745,0.8116153425563684,False,False,ieee14,3,2;6;9
59,3,9.255726745258942e-10,4.775694980863713e-10,0.4123579570004131,0.36545843570094094,False,False,ieee14,3,2;6;9
60,3,5.015056860831973e-09,3.588126969499581e-09,0.900339558354548,0.8437594305273004,False,False,ieee14,3,2;6;9
61,3,1.579887278467367e-09,9.696884947600153e-10,0.6441370812472879,0.5799084055725718,False,False,ieee14,3,2;6;9
62,3,1.8513646923972444e-09,1.2943710747389297e-09,0.4162365545002109,0.34700504054179526,False,False,ieee14,3,2;6;9
63,3,1.995282102327726e-09,1.5124903243740407e-09,0.3431146962199465,0.2756625589488195,False,False,ieee14,3,2;6;9
64,3,2.027399970333932e-09,1.5107183676580928e-09,0.3613525280819183,0.29182933204341577,False,False,ieee14,3,2;6;9
65,3,1.5716615930741388e-09,1.0380470049895229e-09,0.44467022612027296,0.37814317278089593,False,False,ieee14,3,2;6;9
66,3,2.434791385563285e-09,1.6365894007619473e-09,0.32301942108707915,0.26277419422122184,False,False,ieee14,3,2;6;9
67,3,1.4699016958103639e-09,7.615773933030454e-10,0.3284108714522175,0.2629223362367863,False,False,ieee14,3,2;6;9
68,3,1.8030456656186289e-09,1.1081704467570327e-09,0.32668585844174114,0.26806807377723674,False,False,ieee14,3,2;6;9
69,3,2.3712118650191125e-09,1.3034513898308832e-09,0.3186291194680738,0.2532885709874113,False,False,ieee14,3,2;6;9
70,3,2.509637528653652e-09,1.3577500316735073e-09,0.325082659747728,0.2566614447959139,False,False,ieee14,3,2;6;9
71,3,3.3516892860593496e-09,2.531694608405902e-09,0.3953011908163633,0.2967742032769769,False,False,ieee14,3,2;6;9
72,3,2.0369165541810177e-09,1.0487386850158108e-09,1.2854567489435271,1.2184807094027326,False,False,ieee14,3,2;6;9
73,3,1.3752320300170264e-09,7.083982378865967e-10,0.4779001251730761,0.41870151461625404,False,False,ieee14,3,2;6;9
74,3,7.497571196135544e-09,5.366526517067915e-09,1.3652758054036602,1.2857590424003305,False,False,ieee14,3,2;6;9
75,3,2.3633230325169325e-09,1.4498229823541985e-09,0.897492881137466,0.8074845849128085,False,False,ieee14,3,2;6;9
76,3,2.767357041850118e-09,1.9350559597630855e-09,0.4967224281795908,0.4002617591569537,False,False,ieee14,3,2;6;9
77,3,2.975935943457469e-09,2.2564389538214423e-09,0.36737690833480496,0.2758980400171096,False,False,ieee14,3,2;6;9
78,3,3.0289601130303225e-09,2.2579472257921214e-09,0.39628332105471065,0.3005367328315858,False,False,ieee14,3,2;6;9
79,3,2.3463466756383047e-09,1.5492351726444928e-09,0.541541179962503,0.45012870811350414,False,False,ieee14,3,2;6;9
80,3,1.5093631823445251e-12,7.989754877333184e-13,0.4466796080048775,0.4154462270083483,False,False,ieee14,3,2;6;9
81,3,6.101087056804684e-08,5.129635270227621e-08,1.05455514696229,0.6202706915576761,False,False,ieee14,3,2;6;9
82,3,1.6808076300325142e-08,1.0418185950227387e-08,1.0650796509270593,0.5002451275150346,False,False,ieee14,3,2;6;9
83,3,2.4909001101242277e-08,1.3591539857908975e-08,1.434473548765787,0.8887847383721359,False,False,ieee14,3,2;6;9
84,3,2.5745344348337463e-08,1.3794763776120966e-08,0.7265083367854289,0.43941434725336753,False,False,ieee14,3,2;6;9
85,3,2.7500093440034028e-08,2.1235463242202735e-08,1.4531937896026728,0.6875049895403978,False,False,ieee14,3,2;6;9
86,3,4.826455737604299e-08,3.5660541232589106e-08,2.3341517704638446,1.859691945775986,False,False,ieee14,3,2;6;9
87,3,1.1804426342444978e-08,7.0017079096910065e-09,1.5026641222794574,1.0849879367853401,False,False,ieee14,3,2;6;9
88,3,1.2424229096672194e-08,8.676924210569758e-09,1.1545336659889847,0.7027966657791647,False,False,ieee14,3,2;6;9
89,3,1.1097693258257137e-08,8.54436336095226e-09,0.9043222502387298,0.5012081900198817,False,False,ieee14,3,2;6;9
90,3,1.488227676808727e-08,1.1183434736215216e-08,1.0917960353803262,0.5640343569065822,False,False,ieee14,3,2;6;9
91,3,8.401092344404794e-09,5.510579213076627e-09,1.0724927220795153,0.7463858041146787,False,False,ieee14,3,2;6;9
92,3,6.101068930111737e-08,5.129613657690152e-08,1.054857757316519,0.6205382394472664,False,False,ieee14,3,2;6;9
93,3,1.68078689355905e-08,1.0418050345927113e-08,1.065144439138749,0.5003353545614255,False,False,ieee14,3,2;6;9
94,3,2.490945678164685e-08,1.3591789108243608e-08,1.4406602643689057,0.8963416111199494,False,False,ieee14,3,2;6;9
95,3,2.5746051502417342e-08,1.3795249324662503e-08,0.726427437498061,0.43939951328757737,False,False,ieee14,3,2;6;9
96,3,2.7500405159085964e-08,2.123569890497104e-08,1.4532823424324586,0.687508659177457,False,False,ieee14,3,2;6;9
97,3,4.826438059902588e-08,3.5660428195171486e-08,2.3326359664619494,1.8582451976858068,False,False,ieee14,3,2;6;9
98,3,1.1804524155259673e-08,7.0017594064857195e-09,1.5024827039961695,1.084820411327744,False,False,ieee14,3,2;6;9
99,3,1.2424521002160827e-08,8.677108799120575e-09,1.154418691904229,0.7026741992071748,False,False,ieee14,3,2;6;9
100,3,1.1097887598099432e-08,8.544501578528542e-09,0.9043764944147247,0.5012581356778238,False,False,ieee14,3,2;6;9
101,3,1.4882434844989695e-08,1.1183547806786902e-08,1.0925840456374238,0.5648851045812269,False,False,ieee14,3,2;6;9
102,3,8.401145912193422e-09,5.51061115107664e-09,1.0727001273187733,0.7465771385159123,False,False,ieee14,3,2;6;9
103,3,8.185509852195531e-10,5.491760538633056e-10,0.4444396254957369,0.4026704821747582,False,False,ieee14,3,2;6;9
104,3,4.4593392053013594e-10,2.581229617853067e-10,0.44589889684205264,0.4023509907655851,False,False,ieee14,3,2;6;9
105,3,6.092726570351681e-10,3.741320186241779e-10,0.4458211481911102,0.4043177378252709,False,False,ieee14,3,2;6;9
106,3,7.978724425735793e-10,4.3828796023337635e-10,0.44080554418691087,0.3973029920081934,False,False,ieee14,3,2;6;9
107,3,8.463753899298816e-10,4.564208458134526e-10,0.4435646963812542,0.3990409154681924,False,False,ieee14,3,2;6;9
108,3,1.1672509725691023e-09,8.896068524485874e-10,0.4721613729701485,0.4166381857327417,False,False,ieee14,3,2;6;9
109,3,6.870903622698038e-10,3.539158368472557e-10,0.827689227600847,0.7907240901685506,False,False,ieee14,3,2;6;9
110,3,4.693187211402125e-10,2.417702958097625e-10,0.5247447177486131,0.4817919270905222,False,False,ieee14,3,2;6;9
111,3,2.517967604292018e-09,1.7992063264037943e-09,0.9192776761223221,0.8735107301684304,False,False,ieee14,3,2;6;9
112,3,7.949538277597694e-10,4.869204880153668e-10,0.7028762780682611,0.6508850989300656,False,False,ieee14,3,2;6;9
113,3,9.318581068423412e-10,6.50408191508861e-10,0.5173227942298554,0.4624626120387041,False,False,ieee14,3,2;6;9
114,3,1.0064922023839364e-09,7.620016407737054e-10,0.46059178865461003,0.40816349659021767,False,False,ieee14,3,2;6;9
115,3,1.0210137525379555e-09,7.597420861176726e-10,0.4714409472521197,0.4170310774329402,False,False,ieee14,3,2;6;9
116,3,7.917060835027561e-10,5.219907325407679e-10,0.5378717924599091,0.4844047682534949,False,False,ieee14,3,2;6;9
117,3,1.286900585901379e-09,8.734643724872893e-10,0.4487182200596924,0.40080702577134675,False,False,ieee14,3,2;6;9
118,3,7.698928061432919e-10,3.96998631683196e-10,0.4514381295621569,0.40084878640837385,False,False,ieee14,3,2;6;9
119,3,9.46581663096571e-10,5.869064974585319e-10,0.4505842750117105,0.40335755665690565,False,False,ieee14,3,2;6;9
120,3,1.2489674057123903e-09,6.928875850311247e-10,0.44598871006149965,0.39548120519595553,False,False,ieee14,3,2;6;9
121,3,1.3229928871090307e-09,7.224500940803818e-10,0.44917685131586593,0.39738020524756923,False,False,ieee14,3,2;6;9
122,3,1.4702705207039158e-09,1.0415147155642435e-09,0.476446272631163,0.4143934526169626,False,False,ieee14,3,2;6;9
123,3,1.064748518833859e-09,5.478240259686702e-10,0.6843908576993896,0.6392426903105424,False,False,ieee14,3,2;6;9
124,3,7.158056477559836e-10,3.689495657510222e-10,0.5160349306521105,0.4696869593487536,False,False,ieee14,3,2;6;9
125,3,4.109501590901732e-09,2.9903210642765724e-09,0.709927364979352,0.6582615093564164,False,False,ieee14,3,2;6;9
126,3,1.2377041722991933e-09,7.613792416745159e-10,0.6487026214244525,0.59169152491627,False,False,ieee14,3,2;6;9
127,3,1.4586332407724733e-09,1.024427923791361e-09,0.5192479300746983,0.4583834133968576,False,False,ieee14,3,2;6;9
128,3,1.5781387088210976e-09,1.2026356819660297e-09,0.4693767380742013,0.4082790822405271,False,False,ieee14,3,2;6;9
129,3,1.6030229597411405e-09,1.2006264697445286e-09,0.4778607825066026,0.416188882659013,False,False,ieee14,3,2;6;9
130,3,1.2322551701854405e-09,8.174383839365594e-10,0.537790155083241,0.47844479176206156,False,False,ieee14,3,2;6;9
131,3,1.6278779732988767e-09,1.0926661199675553e-09,0.44893081400997614,0.39506515000905273,False,False,ieee14,3,2;6;9
132,3,9.381334681783091e-10,5.118909710393847e-10,0.45238835780776554,0.3950003772672668,False,False,ieee14,3,2;6;9
133,3,1.2088679388517374e-09,7.421035703339247e-10,0.45156412281113556,0.39861015470338446,False,False,ieee14,3,2;6;9
134,3,1.5863103768847862e-09,8.711815772413732e-10,0.44506985850165226,0.38771694673325907,False,False,ieee14,3,2;6;9
135,3,1.6786702391249142e-09,9.073176812887215e-10,0.44928272132408253,0.39015003503792234,False,False,ieee14,3,2;6;9
136,3,2.2970279018353265e-09,1.7475704492335743e-09,0.4836105333609013,0.4097133095807135,False,False,ieee14,3,2;6;9
137,3,1.3630562976637182e-09,7.029164505896416e-10,0.905668970098372,0.8550319882360828,False,False,ieee14,3,2;6;9
138,3,9.258244245162273e-10,4.776820847179629e-10,0.5286651572485395,0.47669058951434895,False,False,ieee14,3,2;6;9
139,3,5.015729891201386e-09,3.5883905882222815e-09,0.9654925297701018,0.9058464488975868,False,False,ieee14,3,2;6;9
140,3,1.580155085321238e-09,9.698193918151277e-10,0.7351807483535263,0.6679449368579449,False,False,ieee14,3,2;6;9
141,3,1.8516184339895166e-09,1.2944987066465025e-09,0.534221913686117,0.4618238634253191,False,False,ieee14,3,2;6;9
142,3,1.995521014287218e-09,1.5126105783045357e-09,0.47483735715944764,0.40290484026905204,False,False,ieee14,3,2;6;9
143,3,2.0276479434165136e-09,1.510844835002414e-09,0.48511879841902394,0.4119870197727613,False,False,ieee14,3,2;6;9
144,3,1.5719074536645572e-09,1.038167180072848e-09,0.5579663557882276,0.4878352274676452,False,False,ieee14,3,2;6;9
145,3,2.435028720048635e-09,1.6368431714589309e-09,0.45244096560722546,0.38614849560406306,False,False,ieee14,3,2;6;9
146,3,1.470087311828271e-09,7.616744324255901e-10,0.45755553729151643,0.38601868766550296,False,False,ieee14,3,2;6;9
147,3,1.8032548127255668e-09,1.108403418927299e-09,0.45611182643577153,0.39145760628005855,False,False,ieee14,3,2;6;9
148,3,2.3714498613653087e-09,1.3036993279029674e-09,0.4471253016893558,0.37564383630979425,False,False,ieee14,3,2;6;9
149,3,2.5098764368179754e-09,1.3579989731293196e-09,0.45344110025075945,0.3790948906628755,False,False,ieee14,3,2;6;9
150,3,3.351907340708145e-09,2.531797171289868e-09,0.5142824525581244,0.4145105151996329,False,False,ieee14,3,2;6;9
151,3,2.0372768732313775e-09,1.048912727209408e-09,1.3098690224422829,1.2426952169102832,False,False,ieee14,3,2;6;9
152,3,1.375475811913213e-09,7.085107484094722e-10,0.5906877136426613,0.5267196910273624,False,False,ieee14,3,2;6;9
153,3,7.498264845063382e-09,5.3668178336976565e-09,1.3958587050729143,1.3155138290198432,False,False,ieee14,3,2;6;9
154,3,2.3635714620499225e-09,1.449951759816018e-09,0.9691843306504384,0.8781596854812876,False,False,ieee14,3,2;6;9
155,3,2.7675901557424342e-09,1.935179992040813e-09,0.6058659598574835,0.5081294135813781,False,False,ieee14,3,2;6;9
156,3,2.9761608108338554e-09,2.256559154133266e-09,0.4959566468548666,0.4009252529563603,False,False,ieee14,3,2;6;9
157,3,3.029198896321516e-09,2.2580775203284546e-09,0.5158275167155761,0.4178845264622426,False,False,ieee14,3,2;6;9
158,3,2.3465678800662884e-09,1.5493492538376035e-09,0.6459841775122062,0.5523553464775546,False,False,ieee14,3,2;6;9
159,3,9.853774180575742e-13,5.144906461388753e-13,0.3238261606817926,0.2996139635311139,True,False,ieee14,3,2;6;9
160,3,6.101220875263726e-08,5.129805155330449e-08,1.0508084226938634,0.6202621743681321,False,False,ieee14,3,2;6;9
161,3,1.6807709839234583e-08,1.0418008535680865e-08,0.9831544332546716,0.4221770605211306,False,False,ieee14,3,2;6;9
162,3,2.4908580748417252e-08,1.3591392946048045e-08,0.8507231091451961,0.4333480376919267,False,False,ieee14,3,2;6;9
163,3,2.5744924027355418e-08,1.379459198145706e-08,0.8982297346462783,0.4394051024501802,False,False,ieee14,3,2;6;9
164,3,2.7499861159972158e-08,2.1235438791836477e-08,1.3663712126803431,0.6821718021568299,False,False,ieee14,3,2;6;9
165,3,4.8268965834437725e-08,3.566451995524373e-08,2.259430008076318,1.7874780301265893,False,False,ieee14,3,2;6;9
166,3,1.1804284221808672e-08,7.001687360764789e-09,1.4623955112763407,1.0478856041957174,False,False,ieee14,3,2;6;9
167,3,1.2423892904443033e-08,8.676789593216143e-09,1.0553093418507564,0.6085137478768545,False,False,ieee14,3,2;6;9
168,3,1.1097246745379718e-08,8.544157385764444e-09,0.7771243216637307,0.37998599776183783,False,False,ieee14,3,2;6;9
169,3,1.488186682529132e-08,1.1183250266527715e-08,0.9775042571286212,0.4550400431621431,False,False,ieee14,3,2;6;9
170,3,8.400670044558116e-09,5.5103762251718424e-09,0.8940400279807088,0.575747990578487,False,False,ieee14,3,2;6;9
171,3,6.101202695401034e-08,5.129783454696217e-08,1.0534907369568456,0.6205296573273618,False,False,ieee14,3,2;6;9
172,3,1.680750302487312e-08,1.0417873390558192e-08,0.9837101225227047,0.4228316394756926,False,False,ieee14,3,2;6;9
173,3,2.4909042998602252e-08,1.3591642365233808e-08,0.81043015764931,0.43335832769894916,False,False,ieee14,3,2;6;9
174,3,2.57456353344615e-08,1.3795078130199261e-08,0.8887528059814818,0.43939053634743763,False,False,ieee14,3,2;6;9
175,3,2.7500172347439323e-08,2.12356739292179e-08,1.3662407556332457,0.6821729728878938,False,False,ieee14,3,2;6;9
176,3,4.8268511935676196e-08,3.566421386961143e-08,2.260181116622075,1.7881976046822206,False,False,ieee14,3,2;6;9
177,3,1.1804386439570402e-08,7.0017410429092405e-09,1.4626467042851725,1.0481389001563204,False,False,ieee14,3,2;6;9
178,3,1.2424185716127566e-08,8.676974721623147e-09,1.055349367561053,0.6085356829554449,False,False,ieee14,3,2;6;9
179,3,1.1097441899388897e-08,8.544296411192146e-09,0.7780361216916661,0.3808809842280003,False,False,ieee14,3,2;6;9
180,3,1.4882014626308109e-08,1.1183356789376004e-08,0.977627661736733,0.4551464814673456,False,False,ieee14,3,2;6;9
181,3,8.400726786583864e-09,5.510410049663568e-09,0.8946579022688427,0.576357477077112,False,False,ieee14,3,2;6;9
182,3,8.180063762449848e-10,5.488833449916854e-10,0.32228435666118405,0.28757607129405827,False,False,ieee14,3,2;6;9
183,3,4.4558335512940515e-10,2.578752605783303e-10,0.32317388510184586,0.28668067142273634,False,False,ieee14,3,2;6;9
184,3,6.087348100518762e-10,3.7384533027553716e-10,0.32321483576037635,0.28876592514405286,False,False,ieee14,3,2;6;9
185,3,7.973251725868783e-10,4.379973885747832e-10,0.3170694351159564,0.28063323132289186,False,False,ieee14,3,2;6;9
186,3,8.458288399336299e-10,4.5613019522254126e-10,0.31985272902391537,0.2823472319316549,False,False,ieee14,3,2;6;9
187,3,1.167082765411143e-09,8.897275181650037e-10,0.35246028745013247,0.30307187533471014,False,False,ieee14,3,2;6;9
188,3,6.86449541039392e-10,3.5360989201728145e-10,0.7382488751045558,0.7052871042829578,False,False,ieee14,3,2;6;9
189,3,4.687605415114789e-10,2.4150911869735363e-10,0.40058689076113774,0.3645187829963157,False,False,ieee14,3,2;6;9
190,3,2.51737592512625e-09,1.799193989519177e-09,0.7992208992007181,0.7588260804716265,False,False,ieee14,3,2;6;9
191,3,7.943813237536286e-10,4.866480789869386e-10,0.5849943870263971,0.5389659479593951,False,False,ieee14,3,2;6;9
192,3,9.313003641069234e-10,6.5014371977195e-10,0.3961105654360265,0.34728533438646814,False,False,ieee14,3,2;6;9
193,3,1.0059450626308853e-09,7.617439193521277e-10,0.3363108947801392,0.29034896745545535,False,False,ieee14,3,2;6;9
194,3,1.0204650016795782e-09,7.594828055909369e-10,0.3506948250243652,0.30252433730751105,False,False,ieee14,3,2;6;9
195,3,7.911493716257987e-10,5.217276005700566e-10,0.41934490533618085,0.3722543847048232,False,False,ieee14,3,2;6;9
196,3,1.2863564287756343e-09,8.731740321476266e-10,0.3255897551867649,0.28475278781147084,False,False,ieee14,3,2;6;9
197,3,7.696313059285597e-10,3.9675129244435806e-10,0.32831135179488213,0.2847937645343632,False,False,ieee14,3,2;6;9
198,3,9.460485536662506e-10,5.866252763968605e-10,0.32765924173099437,0.28750334184740645,False,False,ieee14,3,2;6;9
199,3,1.248428830033571e-09,6.926055643202e-10,0.3235977124370505,0.28016931810529355,False,False,ieee14,3,2;6;9
200,3,1.322456146242707e-09,7.221681539923174e-10,0.3262314321963291,0.28145890974047516,False,False,ieee14,3,2;6;9
201,3,1.4701672348006076e-09,1.041695349116883e-09,0.35686778526265694,0.3006413031812625,False,False,ieee14,3,2;6;9
202,3,1.0641546848319888e-09,5.475378895001301e-10,0.6162632969593422,0.5747043798576699,False,False,ieee14,3,2;6;9
203,3,7.152566887363594e-10,3.686904135335562e-10,0.3981170119411238,0.3585926582010035,False,False,ieee14,3,2;6;9
204,3,4.108982883801155e-09,2.990362167752179e-09,0.6057677677794766,0.5595453935155168,False,False,ieee14,3,2;6;9
205,3,1.237144449554221e-09,7.61110767057137e-10,0.541722965457747,0.4905618645156542,False,False,ieee14,3,2;6;9
206,3,1.4580844600599921e-09,1.0241661308392423e-09,0.4041010029284786,0.34915037604482,False,False,ieee14,3,2;6;9
207,3,1.5775988257862968e-09,1.202380157152781e-09,0.3482946059042348,0.29357181522609443,False,False,ieee14,3,2;6;9
208,3,1.602479801185756e-09,1.200368225783603e-09,0.3583355300643991,0.30271465264263187,False,False,ieee14,3,2;6;9
209,3,1.2317070267445082e-09,8.171778569584964e-10,0.4236787743969922,0.37046423212817015,False,False,ieee14,3,2;6;9
210,3,1.627313241647418e-09,1.0923643085105977e-09,0.32769743684861385,0.2809051463066963,False,False,ieee14,3,2;6;9
211,3,9.379538764252943e-10,5.116360091249648e-10,0.33030358737547616,0.27998447189643993,False,False,ieee14,3,2;6;9
212,3,1.2083182698556146e-09,7.418134528483276e-10,0.3290997296659446,0.2832153901276271,False,False,ieee14,3,2;6;9
213,3,1.5857503480294266e-09,8.708893927283718e-10,0.3218232000488991,0.27156983507212606,False,False,ieee14,3,2;6;9
214,3,1.6781107517870124e-09,9.070249073254705e-10,0.325990825348474,0.2738929556936365,False,False,ieee14,3,2;6;9
215,3,2.2966877643101547e-09,1.7475250224772267e-09,0.36549288540259706,0.297567827203419,False,False,ieee14,3,2;6;9
216,3,1.362367568505335e-09,7.025819567027265e-10,0.8238867353226028,0.7764365183123365,False,False,ieee14,3,2;6;9
217,3,9.252412443284924e-10,4.77405377601955e-10,0.40592493801796714,0.36086542711802294,False,False,ieee14,3,2;6;9
218,3,5.0151037954005885e-09,3.588381530973061e-09,0.851339499066164,0.7969026499100778,False,False,ieee14,3,2;6;9
219,3,1.57954448805834e-09,9.695219320847564e-10,0.6212894728160758,0.5599243782909848,False,False,ieee14,3,2;6;9
220,3,1.851025149312994e-09,1.2942095688169636e-09,0.41601120652787427,0.34947726953675406,False,False,ieee14,3,2;6;9
221,3,1.9949499360659896e-09,1.5123349643966085e-09,0.3514007094920908,0.28582682887979693,False,False,ieee14,3,2;6;9
222,3,2.027074468066486e-09,1.5105672184096978e-09,0.3655419207245846,0.29853805167740544,False,False,ieee14,3,2;6;9
223,3,1.571314446844465e-09,1.0378798429046272e-09,0.44228612711119675,0.3784271757748936,False,False,ieee14,3,2;6;9
224,3,2.4344413368265058e-09,1.6365322271008045e-09,0.3313956704928903,0.27218916496276946,False,False,ieee14,3,2;6;9
225,3,1.4701263905379478e-09,7.614087256709607e-10,0.33582080437806483,0.2713680454796412,False,False,ieee14,3,2;6;9
226,3,1.80268604107102e-09,1.10810685509958e-09,0.33441891854801986,0.27683237915183145,False,False,ieee14,3,2;6;9
227,3,2.370870710821395e-09,1.3034028748319748e-09,0.3239061457599588,0.25955463396294487,False,False,ieee14,3,2;6;9
228,3,2.5092976611688065e-09,1.3577010421059787e-09,0.33032988133417285,0.2630551024772867,False,False,ieee14,3,2;6;9
229,3,3.351253047412845e-09,2.531448568845161e-09,0.3948353351678885,0.3012966448326888,False,False,ieee14,3,2;6;9
230,3,2.036477023185226e-09,1.0485198328563323e-09,1.1946949601408479,1.1309075894224296,False,False,ieee14,3,2;6;9
231,3,1.3748446136895848e-09,7.082077511934778e-10,0.4627395266833352,0.4059364753297472,False,False,ieee14,3,2;6;9
232,3,7.497476399341778e-09,5.36672949895052e-09,1.271479831868556,1.195813134837517,False,False,ieee14,3,2;6;9
233,3,2.3628790712980133e-09,1.449604949308063e-09,0.8489566897912144,0.7637011494993131,False,False,ieee14,3,2;6;9
234,3,2.7669382663452583e-09,1.9348525038335902e-09,0.4852444728709804,0.3935673224431637,False,False,ieee14,3,2;6;9
235,3,2.9755543614735256e-09,2.2562601004309064e-09,0.37259486384590634,0.284029998733631,False,False,ieee14,3,2;6;9
236,3,3.02858681903464e-09,2.2577744713473544e-09,0.3960701384362293,0.3043339671371681,False,False,ieee14,3,2;6;9
237,3,2.3459087958518214e-09,1.5490205560147374e-09,0.5266074212758944,0.4395087721110855,False,False,ieee14,3,2;6;9
238,3,2.5456650487351863e-12,1.312766220550159e-12,0.4773788566372782,0.44248434610122156,False,False,ieee14,3,2;6;9
239,3,6.100969941182511e-08,5.1294547697165616e-08,1.150128792451297,0.6202727794400319,False,False,ieee14,3,2;6;9
240,3,1.6809024696417615e-08,1.0418600323716554e-08,1.0736599023162092,0.5081168640041442,False,False,ieee14,3,2;6;9
241,3,2.49097603044209e-08,1.3591772790130353e-08,1.8928413235553965,1.452326044358447,False,False,ieee14,3,2;6;9
242,3,2.574607522524209e-08,1.3795053216708131e-08,0.7390300880988214,0.4394188402450197,False,False,ieee14,3,2;6;9
243,3,2.7499210767270172e-08,2.1234323694602953e-08,1.45999707327789,0.6931408946894432,False,False,ieee14,3,2;6;9
244,3,4.824882965105035e-08,3.564803603171185e-08,2.221415020936275,1.7484718405655404,False,False,ieee14,3,2;6;9
245,3,1.1802740562689778e-08,7.000735100371405e-09,1.458397308376016,1.038962743836772,False,False,ieee14,3,2;6;9
246,3,1.2424140028435808e-08,8.676712139584372e-09,1.1519116952466315,0.6957427705608474,False,False,ieee14,3,2;6;9
247,3,1.1098298529384081e-08,8.544564869736499e-09,0.9048914300392259,0.4989333532930602,False,False,ieee14,3,2;6;9
248,3,1.488260698107236e-08,1.1183452054817593e-08,1.1022943528204214,0.5701110593985752,False,False,ieee14,3,2;6;9
249,3,8.401275247832862e-09,5.510566956094533e-09,1.030565046283202,0.7030724396232679,False,False,ieee14,3,2;6;9
250,3,6.100951833030874e-08,5.129433173923663e-08,1.1503514890572095,0.6205403343754151,False,False,ieee14,3,2;6;9
251,3,1.68088173772477e-08,1.041846479044112e-08,1.0736203179991868,0.5081133534545834,False,False,ieee14,3,2;6;9
252,3,2.4910215841188326e-08,1.359202195408216e-08,1.898884545069659,1.4595665439779406,False,False,ieee14,3,2;6;9
253,3,2.5746782604643136e-08,1.3795538945313947e-08,0.7388321472923034,0.4394040081690823,False,False,ieee14,3,2;6;9
254,3,2.7499522227252224e-08,2.123455907580631e-08,1.4599190333921395,0.6931427318372537,False,False,ieee14,3,2;6;9
255,3,4.824857129975145e-08,3.564785703934753e-08,2.2216960478655654,1.7487390045126532,False,False,ieee14,3,2;6;9
256,3,1.1802844772166532e-08,7.00078940486497e-09,1.4577586409903334,1.0383583610493843,False,False,ieee14,3,2;6;9
257,3,1.242443404371172e-08,8.676898081901203e-09,1.1521628220455662,0.6959697545962906,False,False,ieee14,3,2;6;9
258,3,1.1098492698457347e-08,8.544702962338225e-09,0.9049044700056823,0.49894040189785693,False,False,ieee14,3,2;6;9
259,3,1.4882754276988081e-08,1.1183558227592322e-08,1.1022764179978546,0.5700724448387557,False,False,ieee14,3,2;6;9
260,3,8.401328779112564e-09,5.510598811498858e-09,1.0302538901680656,0.7027685259167924,False,False,ieee14,3,2;6;9
261,3,8.196191766510693e-10,5.496907124580516e-10,0.47282932662686206,0.42749096251502494,False,False,ieee14,3,2;6;9
262,3,4.4679130862583805e-10,2.586622176557263e-10,0.4745086731855923,0.42738376906070097,False,False,ieee14,3,2;6;9
263,3,6.103423269542474e-10,3.7464855608395073e-10,0.47482484186796947,0.4297380971835296,False,False,ieee14,3,2;6;9
264,3,7.989441240130914e-10,4.388053526738785e-10,0.468454747596321,0.4214258907053241,False,False,ieee14,3,2;6;9
265,3,8.474448130037842e-10,4.5693826547527927e-10,0.471635796216173,0.42348859142552464,False,False,ieee14,3,2;6;9
266,3,1.1673824303672963e-09,8.892069239555078e-10,0.5042411806831554,0.44316371328967974,False,False,ieee14,3,2;6;9
267,3,6.88328172626699e-10,3.545415444454048e-10,0.8919071408929857,0.8501229422190077,False,False,ieee14,3,2;6;9
268,3,4.704118558909942e-10,2.423219461717637e-10,0.5614209334830028,0.5140746647977255,False,False,ieee14,3,2;6;9
269,3,2.5190915630265084e-09,1.7992227072119077e-09,0.9982150602146388,0.9471476291311947,False,False,ieee14,3,2;6;9
270,3,7.960628721650191e-10,4.87485166816464e-10,0.7576938092290718,0.7000808091919046,False,False,ieee14,3,2;6;9
271,3,9.329450445148812e-10,6.509604982991477e-10,0.5547403344436774,0.4943685356479617,False,False,ieee14,3,2;6;9
272,3,1.007564763357751e-09,7.625432546990294e-10,0.49127075045705915,0.434304857003305,False,False,ieee14,3,2;6;9
273,3,1.0220900555123963e-09,7.602867640867074e-10,0.5034612737116894,0.44389229406534936,False,False,ieee14,3,2;6;9
274,3,7.927919744414656e-10,5.22541738187029e-10,0.5762348906339958,0.5175092557483323,False,False,ieee14,3,2;6;9
275,3,1.2879627664626261e-09,8.739713718270469e-10,0.47510252628373906,0.42363812683170976,False,False,ieee14,3,2;6;9
276,3,7.706326439980787e-10,3.975379175835673e-10,0.47774024813542804,0.4235988494924956,False,False,ieee14,3,2;6;9
277,3,9.476489647379744e-10,5.87418729737926e-10,0.4774645534251769,0.4266838974789027,False,False,ieee14,3,2;6;9
278,3,1.2500276255239086e-09,6.933963901715882e-10,0.4705067499910903,0.4165058030305333,False,False,ieee14,3,2;6;9
279,3,1.3240473701069733e-09,7.229582686393533e-10,0.4743621988977377,0.4189323140406003,False,False,ieee14,3,2;6;9
280,3,1.470335522225024e-09,1.0410558286716248e-09,0.5102153926846186,0.4418738335537007,False,False,ieee14,3,2;6;9
281,3,1.065780135250966e-09,5.483542142543814e-10,0.8002976268668509,0.7507855620007444,False,False,ieee14,3,2;6;9
282,3,7.168630744570412e-10,3.6948441932878935e-10,0.5684538037831133,0.5173603370489472,False,False,ieee14,3,2;6;9
283,3,4.110315837525424e-09,2.990125342789952e-09,0.85908009534359,0.8013815583872588,False,False,ieee14,3,2;6;9
284,3,1.2387283103559822e-09,7.618967796672457e-10,0.7555339718602289,0.6920085627392762,False,False,ieee14,3,2;6;9
285,3,1.4596586001805444e-09,1.0249399307920907e-09,0.5669823357712452,0.4998079175333181,False,False,ieee14,3,2;6;9
286,3,1.579177519899204e-09,1.2031516083317106e-09,0.4986850347486802,0.4327118788672524,False,False,ieee14,3,2;6;9
287,3,1.6040607250904834e-09,1.2011429537988046e-09,0.5109072252967771,0.44346341699895864,False,False,ieee14,3,2;6;9
288,3,1.2332713614406687e-09,8.179461754309922e-10,0.5910017069879727,0.5256850653983218,False,False,ieee14,3,2;6;9
289,3,1.6289568591229683e-09,1.093183210566973e-09,0.4748418009904751,0.4174565476695271,False,False,ieee14,3,2;6;9
290,3,9.387806423852401e-10,5.124369381399805e-10,0.4783656848780823,0.41744994798275736,False,False,ieee14,3,2;6;9
291,3,1.2099495375915023e-09,7.426242386032856e-10,0.47827475835624744,0.4217873645589989,False,False,ieee14,3,2;6;9
292,3,1.5873910592600572e-09,8.717007846585811e-10,0.46901208572569697,0.408201041498923,False,False,ieee14,3,2;6;9
293,3,1.679745430674262e-09,9.078362926488481e-10,0.4739478916547202,0.4112272704811546,False,False,ieee14,3,2;6;9
294,3,2.297276695488322e-09,1.7472869733277979e-09,0.5157112007279311,0.4356045706799594,False,False,ieee14,3,2;6;9
295,3,1.364143295493169e-09,7.034705859395166e-10,1.012827412792563,0.9574344224117952,False,False,ieee14,3,2;6;9
296,3,9.26903902621391e-10,4.782277105982801e-10,0.5708463480270349,0.5142287707076101,False,False,ieee14,3,2;6;9
297,3,5.01654713300367e-09,3.588171982747476e-09,1.0958441479140155,1.0300952047544278,False,False,ieee14,3,2;6;9
298,3,1.5812077720897953e-09,9.703507716331734e-10,0.817548802411666,0.7438361565318194,False,False,ieee14,3,2;6;9
299,3,1.8526716721899857e-09,1.2950268207151271e-09,0.5765005174233525,0.497895730330971,False,False,ieee14,3,2;6;9
300,3,1.9965847668665845e-09,1.5131427317756858e-09,0.5037519003316291,0.427032763104535,False,False,ieee14,3,2;6;9
301,3,2.0287111092812383e-09,1.511377386354926e-09,0.5164979273840751,0.43768853548017495,False,False,ieee14,3,2;6;9
302,3,1.572949772484801e-09,1.0386893318462733e-09,0.6033576265223798,0.5273658527422616,False,False,ieee14,3,2;6;9
303,3,2.4361206629016757e-09,1.637364039694899e-09,0.4770082655477551,0.4072195162944059,False,False,ieee14,3,2;6;9
304,3,1.4704846034240747e-09,7.622287226111468e-10,0.4822995233128703,0.4072587485840147,False,False,ieee14,3,2;6;9
305,3,1.804350515618398e-09,1.1089299787300227e-09,0.48181630773108297,0.4136422069763035,False,False,ieee14,3,2;6;9
306,3,2.3725485945508733e-09,1.3042246922860177e-09,0.4689189715998058,0.39399678892833423,False,False,ieee14,3,2;6;9
307,3,2.5109671597040028e-09,1.358523008382086e-09,0.4763404890080356,0.39844055310594273,False,False,ieee14,3,2;6;9
308,3,3.352461429152678e-09,2.5318092221978396e-09,0.5439089364141934,0.43820377412394396,False,False,ieee14,3,2;6;9
309,3,2.038363585278129e-09,1.0494661598261688e-09,1.4129085400738925,1.340140019550831,False,False,ieee14,3,2;6;9
310,3,1.3765857526617638e-09,7.090720567270858e-10,0.6278624163376291,0.5594757456134307,False,False,ieee14,3,2;6;9
311,3,7.499023427377927e-09,5.366521766971437e-09,1.4997686777815442,1.4136768356617622,False,False,ieee14,3,2;6;9
312,3,2.3646466666913114e-09,1.4504923828158062e-09,1.0395307142870092,0.9424754966365656,False,False,ieee14,3,2;6;9
313,3,2.7686632557669333e-09,1.935715270300625e-09,0.6439465462735496,0.5403247559714053,False,False,ieee14,3,2;6;9
314,3,2.9772406833135032e-09,2.257097372922263e-09,0.5233897051968085,0.42366717130811526,False,False,ieee14,3,2;6;9
315,3,3.030277782008158e-09,2.2586155765381465e-09,0.5453251564762179,0.4419319158985615,False,False,ieee14,3,2;6;9
316,3,2.347629861494945e-09,1.5498784761388597e-09,0.6866135782634678,0.5874394270325123,False,False,ieee14,3,2;6;9
317,3,2.796326409962956e-12,1.4205239752170472e-12,0.1609014244011393,0.14506080457205228,False,False,ieee14,3,2;6;9
318,3,6.100838924494648e-08,5.129254105204462e-08,0.9111774129669241,0.6202902625898595,False,False,ieee14,3,2;6;9
319,3,1.6810068450856333e-08,1.0418721791534904e-08,0.7948788754080849,0.33880867783231,False,False,ieee14,3,2;6;9
320,3,2.491011364256187e-08,1.3591640305146418e-08,0.8991712981131887,0.43340747313981504,False,False,ieee14,3,2;6;9
321,3,2.5746470861519727e-08,1.3794968230745276e-08,0.7831822114092274,0.439436734301248,False,False,ieee14,3,2;6;9
322,3,2.7499380341356824e-08,2.1233728762271465e-08,1.2100348420062894,0.6791108407300314,False,False,ieee14,3,2;6;9
323,3,4.825970450284697e-08,3.565504502348032e-08,2.2992828998638166,1.8251470881795444,False,False,ieee14,3,2;6;9
324,3,1.1805683488916514e-08,7.002222381200521e-09,1.4083551201053357,0.9926882900104835,False,False,ieee14,3,2;6;9
325,3,1.2426241306497988e-08,8.677791427475593e-09,0.9071309349968293,0.46326298827020396,False,False,ieee14,3,2;6;9
326,3,1.1099543676459239e-08,8.545146815135025e-09,0.6265358375714363,0.3053168121554429,False,False,ieee14,3,2;6;9
327,3,1.4884046830273432e-08,1.1184131788603251e-08,0.8222979663790944,0.40205748157801585,False,False,ieee14,3,2;6;9
328,3,8.403137764232565e-09,5.511509203386114e-09,0.8399951680566573,0.5226414782879001,False,False,ieee14,3,2;6;9
329,3,6.100821936914216e-08,5.129232999565995e-08,0.9055523871022784,0.6205580039941937,False,False,ieee14,3,2;6;9
330,3,1.6809870240628883e-08,1.04185909700092e-08,0.8055320000893995,0.3387737948776036,False,False,ieee14,3,2;6;9
331,3,2.4910569976352378e-08,1.359188963506419e-08,0.898237213076643,0.43341348722078116,False,False,ieee14,3,2;6;9
332,3,2.5747199613027982e-08,1.3795465171559294e-08,0.7631828776115038,0.4394218522204678,False,False,ieee14,3,2;6;9
333,3,2.7499692458689976e-08,2.1233964806588946e-08,1.2100128837429474,0.6791146541276365,False,False,ieee14,3,2;6;9
334,3,4.825944878429183e-08,3.565485358101032e-08,2.3023530793935043,1.8280468348346681,False,False,ieee14,3,2;6;9
335,3,1.1805779972901445e-08,7.002273303283176e-09,1.408789777716404,0.9931227647427737,False,False,ieee14,3,2;6;9
336,3,1.2426536006984887e-08,8.677977544369382e-09,0.9073824167641604,0.4635011580053874,False,False,ieee14,3,2;6;9
337,3,1.1099737519037444e-08,8.545284795943772e-09,0.6265451747269251,0.3053176504670673,False,False,ieee14,3,2;6;9
338,3,1.4884193957458904e-08,1.1184237813834803e-08,0.8221707808946663,0.4020727174332908,False,False,ieee14,3,2;6;9
339,3,8.403190008621012e-09,5.511540386026791e-09,0.8403174353803446,0.5229395413947897,False,False,ieee14,3,2;6;9
340,3,8.204287326281498e-10,5.496961730784465e-10,0.15915648490218237,0.1328973536057383,False,False,ieee14,3,2;6;9
341,3,4.4747085105907467e-10,2.591421287568263e-10,0.16873806547036574,0.14039588929941837,False,False,ieee14,3,2;6;9
342,3,6.111988510727041e-10,3.746847081244663e-10,0.16872763815861802,0.14237374751628784,False,False,ieee14,3,2;6;9
343,3,7.997658890540004e-10,4.3882396600054125e-10,0.16612213985717994,0.13777168432099263,False,False,ieee14,3,2;6;9
344,3,8.482675704656598e-10,4.5695724114159543e-10,0.16762187719470045,0.13823076548092095,False,False,ieee14,3,2;6;9
345,3,1.1671698460987662e-09,8.886340119405458e-10,0.19389894310920863,0.15181800561957193,False,False,ieee14,3,2;6;9
346,3,6.887588843076965e-10,3.548019869476105e-10,0.6138810423663557,0.5861022509209166,False,False,ieee14,3,2;6;9
347,3,4.712031156450901e-10,2.4276973964043127e-10,0.25452485243975087,0.22635395525986612,False,False,ieee14,3,2;6;9
348,3,2.5189105329847923e-09,1.7986695247375863e-09,0.6437021403530508,0.6104575313218712,False,False,ieee14,3,2;6;9
349,3,7.968055758521847e-10,4.878913589786585e-10,0.4344728093315209,0.3960409007540646,False,False,ieee14,3,2;6;9
350,3,9.337345759198332e-10,6.513890132127775e-10,0.24263254152783498,0.20179459270492028,False,False,ieee14,3,2;6;9
351,3,1.0083918930555564e-09,7.629960056346314e-10,0.18713361128714212,0.1489056070595669,False,False,ieee14,3,2;6;9
352,3,1.0229032250202788e-09,7.607296862424698e-10,0.1989439355403655,0.15849258809640387,False,False,ieee14,3,2;6;9
353,3,7.935796634468697e-10,5.229739032508445e-10,0.2629522636408457,0.22349997263225618,False,False,ieee14,3,2;6;9
354,3,1.288758004483167e-09,8.739664429957089e-10,0.17325004525246934,0.14052198220216527,False,False,ieee14,3,2;6;9
355,3,7.711596799020547e-10,3.980074845703105e-10,0.17599678899405358,0.14058889656127582,False,False,ieee14,3,2;6;9
356,3,9.484874103343954e-10,5.874484237435573e-10,0.17467605338080738,0.1426362572222546,False,False,ieee14,3,2;6;9
357,3,1.2508143046997647e-09,6.933989877479035e-10,0.17307131481063032,0.1377127652269905,False,False,ieee14,3,2;6;9
358,3,1.324838932040438e-09,7.22962803546772e-10,0.17567280090197201,0.13907885506310325,False,False,ieee14,3,2;6;9
359,3,1.4704053960054653e-09,1.0407523744475046e-09,0.1962494588075272,0.15051549813980714,False,False,ieee14,3,2;6;9
360,3,1.0666483025296785e-09,5.488140466723979e-10,0.363782862429443,0.3292383650404531,False,False,ieee14,3,2;6;9
361,3,7.177074626333773e-10,3.699521754543966e-10,0.2127746761866074,0.18209226739417983,False,False,ieee14,3,2;6;9
362,3,4.11056803054608e-09,2.9898437408649027e-09,0.32387239268941503,0.2867382838688688,False,False,ieee14,3,2;6;9
363,3,1.2395869246605095e-09,7.623533432791503e-10,0.2923534624434869,0.2513221789836113,False,False,ieee14,3,2;6;9
364,3,1.4605016279566117e-09,1.0253876023873433e-09,0.22445887427608358,0.179841569696628,False,False,ieee14,3,2;6;9
365,3,1.5800059798272604e-09,1.2035934922418965e-09,0.19297682415587192,0.14741423813412968,False,False,ieee14,3,2;6;9
366,3,1.6048783726722772e-09,1.201575913634364e-09,0.19852900902845871,0.152864575443038,False,False,ieee14,3,2;6;9
367,3,1.234158063243732e-09,8.184232876540597e-10,0.23648627716346504,0.19330200720064994,False,False,ieee14,3,2;6;9
368,3,1.6297238753476624e-09,1.0931646628938683e-09,0.16679187244329308,0.1284346075957623,False,False,ieee14,3,2;6;9
369,3,9.392237342572797e-10,5.129000219312742e-10,0.1782340126241997,0.13603881552139008,False,False,ieee14,3,2;6;9
370,3,1.2107875917846814e-09,7.426551611159369e-10,0.1772757099861597,0.1394560072610196,False,False,ieee14,3,2;6;9
371,3,1.588159943857808e-09,8.716962731271128e-10,0.1738887072323947,0.1316649301728925,False,False,ieee14,3,2;6;9
372,3,1.6805215886199304e-09,9.0783461715977e-10,0.17677344014383178,0.13276022570575763,False,False,ieee14,3,2;6;9
373,3,2.2972110279044227e-09,1.7468565352955641e-09,0.20646675204102638,0.14644799710796064,False,False,ieee14,3,2;6;9
374,3,1.36492802184293e-09,7.038955439298048e-10,0.6429260453413662,0.6014616974642497,False,False,ieee14,3,2;6;9
375,3,9.277321431791517e-10,4.786859231984536e-10,0.2530914777639002,0.21604136549774466,False,False,ieee14,3,2;6;9
376,3,5.016818363777785e-09,3.5879188807378068e-09,0.6527997097114762,0.6059785602590846,False,False,ieee14,3,2;6;9
377,3,1.5820608921402556e-09,9.7080710801289e-10,0.447242658500553,0.39400856592858724,False,False,ieee14,3,2;6;9
378,3,1.8535120730325968e-09,1.295473544062004e-09,0.25644653043860044,0.19846328782138833,False,False,ieee14,3,2;6;9
379,3,1.9974074856026485e-09,1.5135784586108368e-09,0.2038255468232364,0.14624729142117832,False,False,ieee14,3,2;6;9
380,3,2.029523729472795e-09,1.5118055156611811e-09,0.21387629167123323,0.15500300921010712,False,False,ieee14,3,2;6;9
381,3,1.5738123772801113e-09,1.0391538855829319e-09,0.2788565337451816,0.2231079852301363,False,False,ieee14,3,2;6;9
382,3,2.4368415503513004e-09,1.6373193229325767e-09,0.1716722915826865,0.12092458334244216,False,False,ieee14,3,2;6;9
383,3,1.4707279264197514e-09,7.626737416134124e-10,0.1845175496058531,0.12820149821493154,False,False,ieee14,3,2;6;9
384,3,1.8051662140623863e-09,1.1089533309353313e-09,0.18311182574955476,0.1336293184715609,False,False,ieee14,3,2;6;9
385,3,2.3732624927070712e-09,1.3041968543855862e-09,0.1776584822645796,0.12132580620248756,False,False,ieee14,3,2;6;9
386,3,2.511692493982603e-09,1.3584996399561001e-09,0.1829827735340862,0.12360228193775424,False,False,ieee14,3,2;6;9
387,3,3.352486382927418e-09,2.5314739011000135e-09,0.24815867529686098,0.15764356899877274,False,False,ieee14,3,2;6;9
388,3,2.0392688363059747e-09,1.049947398496081e-09,1.1061381452842902,1.044740832248349,False,False,ieee14,3,2;6;9
389,3,1.3773572446213956e-09,7.094944347850656e-10,0.3304863895553638,0.2802190297938445,False,False,ieee14,3,2;6;9
390,3,7.499310010557928e-09,5.366318698152701e-09,1.1768146706191998,1.1042086830078537,False,False,ieee14,3,2;6;9
391,3,2.365487513320347e-09,1.450933655796036e-09,0.7364035804502574,0.6544805966927716,False,False,ieee14,3,2;6;9
392,3,2.7694887996937642e-09,1.936145406961224e-09,0.350722405501958,0.2627615352554302,False,False,ieee14,3,2;6;9
393,3,2.978036039503803e-09,2.2575042431712942e-09,0.23101558277458822,0.14807208011124917,False,False,ieee14,3,2;6;9
394,3,3.0310595329970754e-09,2.2590132226271355e-09,0.2550851827620325,0.16771638702292058,False,False,ieee14,3,2;6;9
395,3,2.3484908794826525e-09,1.5503339848218776e-09,0.39085481173890724,0.30792774230412423,False,False,ieee14,3,2;6;9
396,3,2.205617567621296e-12,1.1799438565537594e-12,0.6091254888214366,0.5691718690150547,False,False,ieee14,3,2;6;9
397,3,6.101073216704422e-08,5.129613236969508e-08,1.1968485245057614,0.6202725872309691,False,False,ieee14,3,2;6;9
398,3,1.6808245553092083e-08,1.0418375267675965e-08,1.2059764057991873,0.6332713265007286,False,False,ieee14,3,2;6;9
399,3,2.4908937303356973e-08,1.3591717545493408e-08,6.405435365562139,5.287752741399931,False,False,ieee14,3,2;6;9
400,3,2.574557926669913e-08,1.3794983289240222e-08,0.8233352874656484,0.4394165600881042,False,False,ieee14,3,2;6;9
401,3,2.7500698511395916e-08,2.123607914369822e-08,1.582603311470657,0.7056373858599092,False,False,ieee14,3,2;6;9
402,3,4.825941454378791e-08,3.5657243474053835e-08,2.39136351914168,1.9140488010255614,False,False,ieee14,3,2;6;9
403,3,1.180257679503291e-08,7.000876999569399e-09,1.6536186111932154,1.2314051252311464,False,False,ieee14,3,2;6;9
404,3,1.2423842029056463e-08,8.676693603097499e-09,1.261648949957357,0.8051405957867277,False,False,ieee14,3,2;6;9
405,3,1.1097882142662419e-08,8.544450768851662e-09,1.0455311487935695,0.6346507177164582,False,False,ieee14,3,2;6;9
406,3,1.488232842764491e-08,1.1183460555467825e-08,1.2295036207129755,0.6948439298659086,False,False,ieee14,3,2;6;9
407,3,8.400795669570222e-09,5.510401880766769e-09,1.1647143345765922,0.834087541466304,False,False,ieee14,3,2;6;9
408,3,6.101055094807344e-08,5.129591624976908e-08,1.1968216467314945,0.6205401335666463,False,False,ieee14,3,2;6;9
409,3,1.6808038253662948e-08,1.0418239685679996e-08,1.2059230809062285,0.6332534364356719,False,False,ieee14,3,2;6;9
410,3,2.49093908716258e-08,1.3591966703636176e-08,6.4337681287352,5.311652728185241,False,False,ieee14,3,2;6;9
411,3,2.574628653987615e-08,1.3795468943569879e-08,0.8229702009226015,0.4394017285266761,False,False,ieee14,3,2;6;9
412,3,2.7501010278266614e-08,2.123631478529646e-08,1.5826023348859404,0.7056266471183208,False,False,ieee14,3,2;6;9
413,3,4.8259169197740927e-08,3.5657074636523234e-08,2.3915801067139677,1.9142538329713055,False,False,ieee14,3,2;6;9
414,3,1.1802678352660422e-08,7.0009302517855564e-09,1.653613324560116,1.231403659376178,False,False,ieee14,3,2;6;9
415,3,1.2424135103767665e-08,8.676878843411608e-09,1.2616096666062915,0.8050850749076977,False,False,ieee14,3,2;6;9
416,3,1.1098076368559182e-08,8.544588890755538e-09,1.0455273139008874,0.6346422022575755,False,False,ieee14,3,2;6;9
417,3,1.488247566926842e-08,1.1183566641729616e-08,1.2293893888125034,0.6947125644402357,False,False,ieee14,3,2;6;9
418,3,8.400783714078228e-09,5.510396379117736e-09,1.162642487518493,0.8321124058913996,False,False,ieee14,3,2;6;9
419,3,8.191392482724493e-10,5.495676214397322e-10,0.6036212976306338,0.5531183245855289,False,False,ieee14,3,2;6;9
420,3,4.4637436190691804e-10,2.5838225499687357e-10,0.6051429110475803,0.5528589419162164,False,False,ieee14,3,2;6;9
421,3,6.098494725082418e-10,3.745149892379585e-10,0.6055634630917827,0.5553223240161207,False,False,ieee14,3,2;6;9
422,3,7.984636202493686e-10,4.3867841500245264e-10,0.5985642445297259,0.5463219123307572,False,False,ieee14,3,2;6;9
423,3,8.469650694648582e-10,4.568112920161104e-10,0.6016882940520936,0.5484700649700072,False,False,ieee14,3,2;6;9
424,3,1.1674525613678494e-09,8.89491384922907e-10,0.628337644614066,0.5652036843022914,False,False,ieee14,3,2;6;9
425,3,6.878258338100625e-10,3.5425852204171543e-10,0.9432979907010731,0.9006175410996666,False,False,ieee14,3,2;6;9
426,3,4.699239976382269e-10,2.420458659259502e-10,0.6821854224087106,0.6306732122906828,False,False,ieee14,3,2;6;9
427,3,2.5187806042448974e-09,1.7993157774521486e-09,1.0698451734919396,1.0169642521328617,False,False,ieee14,3,2;6;9
428,3,7.955713938775722e-10,4.872080005444269e-10,0.8536503217676445,0.7941505175468377,False,False,ieee14,3,2;6;9
429,3,9.324580877176357e-10,6.506878908217389e-10,0.6715804189577657,0.6090563238652267,False,False,ieee14,3,2;6;9
430,3,1.0070787299190932e-09,7.622736157942557e-10,0.618500625563091,0.5579542586720396,False,False,ieee14,3,2;6;9
431,3,1.021605606665701e-09,7.600176876063009e-10,0.6278291976212014,0.5655947256886102,False,False,ieee14,3,2;6;9
432,3,7.923024363158099e-10,5.222666651483119e-10,0.6915720809002794,0.6302116976460839,False,False,ieee14,3,2;6;9
433,3,1.2875005105791773e-09,8.73862170304199e-10,0.6059692619045326,0.5493279549536092,False,False,ieee14,3,2;6;9
434,3,7.702843105549128e-10,3.972612885638367e-10,0.6085764303345005,0.5492573202758837,False,False,ieee14,3,2;6;9
435,3,9.471607309481417e-10,5.8728800666299e-10,0.6084236267119177,0.5524708906039923,False,False,ieee14,3,2;6;9
436,3,1.249561344596606e-09,6.93275833909989e-10,0.601050832603289,0.5418211062684255,False,False,ieee14,3,2;6;9
437,3,1.3235847018386372e-09,7.228381944491758e-10,0.6048269862710683,0.5443038780102711,False,False,ieee14,3,2;6;9
438,3,1.4703513768111215e-09,1.0412830268533896e-09,0.6334592250152465,0.5626752571573002,False,False,ieee14,3,2;6;9
439,3,1.06542192504348e-09,5.481459087400945e-10,0.8448347923676436,0.794108300456214,False,False,ieee14,3,2;6;9
440,3,7.164040708531465e-10,3.692267138324862e-10,0.6808757024463693,0.6255902975792613,False,False,ieee14,3,2;6;9
441,3,4.110251541166218e-09,2.990382551940918e-09,0.927723801079011,0.8679020179044052,False,False,ieee14,3,2;6;9
442,3,1.238314011617301e-09,7.616710746164449e-10,0.8372645688740207,0.771554505507926,False,False,ieee14,3,2;6;9
443,3,1.459232471505583e-09,1.0247150286986461e-09,0.6794030936321748,0.6097710815110797,False,False,ieee14,3,2;6;9
444,3,1.5787264770102682e-09,1.202915076964314e-09,0.6258363004825668,0.5561330565535301,False,False,ieee14,3,2;6;9
445,3,1.6036185761047678e-09,1.2009117762205049e-09,0.6344104378694159,0.5640540289220823,False,False,ieee14,3,2;6;9
446,3,1.232842130907134e-09,8.177160253211507e-10,0.7002913608763565,0.6321392976034594,False,False,ieee14,3,2;6;9
447,3,1.6284952348660959e-09,1.0930738463090252e-09,0.6055898470229296,0.5429610800669658,False,False,ieee14,3,2;6;9
448,3,9.384688654896315e-10,5.121603084261627e-10,0.6089572408140499,0.542802781884361,False,False,ieee14,3,2;6;9
449,3,1.2094605103882787e-09,7.424923117265395e-10,0.6089621620313456,0.5472476212747392,False,False,ieee14,3,2;6;9
450,3,1.5869256605813224e-09,8.715803540264126e-10,0.5992184832699784,0.5330958155471952,False,False,ieee14,3,2;6;9
451,3,1.6792828309408493e-09,9.077161677207153e-10,0.6039661897147919,0.536094476628328,False,False,ieee14,3,2;6;9
452,3,2.297358464718669e-09,1.7475823609514602e-09,0.6380937261185375,0.5562554458996083,False,False,ieee14,3,2;6;9
453,3,1.3637774712009332e-09,7.032605431039198e-10,1.041867155001619,0.9861603559234895,False,False,ieee14,3,2;6;9
454,3,9.264414458730255e-10,4.779688532339629e-10,0.6863474039544528,0.6256116361949053,False,False,ieee14,3,2;6;9
455,3,5.016468581588954e-09,3.5884245912154384e-09,1.1448982536572445,1.077734564862671,False,False,ieee14,3,2;6;9
456,3,1.5807801045344275e-09,9.70118572372282e-10,0.8986969017625129,0.8234920954670524,False,False,ieee14,3,2;6;9
457,3,1.8522331956365752e-09,1.294794632411241e-09,0.6886069894430373,0.6081710718006252,False,False,ieee14,3,2;6;9
458,3,1.996125302100893e-09,1.5129010381284415e-09,0.6302206474662903,0.5500237385921938,False,False,ieee14,3,2;6;9
459,3,2.0282600299609973e-09,1.5111407105198746e-09,0.6392858719074258,0.558055532910257,False,False,ieee14,3,2;6;9
460,3,1.5725078100089662e-09,1.0384521374967702e-09,0.7130394557449975,0.6346808285282448,False,False,ieee14,3,2;6;9
461,3,2.43567556365358e-09,1.6372645808922362e-09,0.6071376981903707,0.532028834841672,False,False,ieee14,3,2;6;9
462,3,1.4702687987491199e-09,7.619571892311937e-10,0.6123256240177449,0.5319702673357494,False,False,ieee14,3,2;6;9
463,3,1.8038674686446683e-09,1.1087996431743273e-09,0.6121072945760053,0.5386366878353432,False,False,ieee14,3,2;6;9
464,3,2.3720952954498787e-09,1.3041088524483243e-09,0.5989340129329938,0.5186067898268436,False,False,ieee14,3,2;6;9
465,3,2.5105154608740505e-09,1.3584075069395599e-09,0.6058793533327171,0.5227997306765351,False,False,ieee14,3,2;6;9
466,3,3.3524526307638805e-09,2.5320175094979923e-09,0.6625577636528911,0.556616419550505,False,False,ieee14,3,2;6;9
467,3,2.0379639592485036e-09,1.0492415223437924e-09,1.4280387577126956,1.3567508181964651,False,False,ieee14,3,2;6;9
468,3,1.376121739571888e-09,7.088151616283629e-10,0.7422824199744646,0.6699729674006447,False,False,ieee14,3,2;6;9
469,3,7.498965391060865e-09,5.36679624125414e-09,1.5223348526751763,1.436790252895622,False,False,ieee14,3,2;6;9
470,3,2.364211589938692e-09,1.4502625962963583e-09,1.105716003268077,1.0088051925498678,False,False,ieee14,3,2;6;9
471,3,2.768221476802456e-09,1.9354883262835297e-09,0.7498920728286138,0.6458707960178731,False,False,ieee14,3,2;6;9
472,3,2.97678341586088e-09,2.2568642552765397e-09,0.6476653342839401,0.545211580898346,False,False,ieee14,3,2;6;9
473,3,3.0298307735166368e-09,2.2583889348627393e-09,0.6644815376380628,0.5598532533222147,False,False,ieee14,3,2;6;9
474,3,2.347178688978471e-09,1.5496425988816812e-09,0.7895908826699264,0.68919924116874,False,False,ieee14,3,2;6;9
475,3,8.964280270318465e-13,4.597337210947881e-13,0.35039781164910144,0.32304623055875936,True,False,ieee14,3,2;6;9
476,3,6.100978586550195e-08,5.129515860865246e-08,1.0008329472443047,0.620280428807649,False,False,ieee14,3,2;6;9
477,3,1.6808165664019313e-08,1.0418064827922559e-08,0.9715053843085923,0.41203710880315736,False,False,ieee14,3,2;6;9
478,3,2.490875801063189e-08,1.359129060057528e-08,1.8269696346317814,1.3599727232693544,False,False,ieee14,3,2;6;9
479,3,2.574509367799597e-08,1.379447732674586e-08,0.7263276362755481,0.43942323361261987,False,False,ieee14,3,2;6;9
480,3,2.749855291661646e-08,2.1234265410073325e-08,1.3516161820667905,0.686781023481056,False,False,ieee14,3,2;6;9
481,3,4.825326161428195e-08,3.565282649179114e-08,2.2733930273428093,1.8003504723800814,False,False,ieee14,3,2;6;9
482,3,1.1802540667693717e-08,7.00076098977836e-09,1.4696265549373209,1.0529529323629856,False,False,ieee14,3,2;6;9
483,3,1.2422765992953607e-08,8.676026837279822e-09,0.9777245675187253,0.5287967138791405,False,False,ieee14,3,2;6;9
484,3,1.1097199668207594e-08,8.544048679372312e-09,0.7647911997359915,0.3656321718946538,False,False,ieee14,3,2;6;9
485,3,1.4881441260086282e-08,1.1182885430350497e-08,0.9521355573852885,0.42690748195275563,False,False,ieee14,3,2;6;9
486,3,8.399941499005954e-09,5.50992318062745e-09,0.8854970351564465,0.5646891640394054,False,False,ieee14,3,2;6;9
487,3,6.100960565693382e-08,5.129494368171596e-08,1.0010394625860481,0.6205479720958307,False,False,ieee14,3,2;6;9
488,3,1.6807958312162704e-08,1.0417929515213044e-08,0.971688581822132,0.4122417232462945,False,False,ieee14,3,2;6;9
489,3,2.490921585870678e-08,1.3591539893932044e-08,1.7826256282131827,1.3055318419228141,False,False,ieee14,3,2;6;9
490,3,2.574580104230348e-08,1.3794963385445683e-08,0.7262798337419814,0.4394083917295003,False,False,ieee14,3,2;6;9
491,3,2.74988690239411e-08,2.1234504608464717e-08,1.351509797925242,0.6867845793270618,False,False,ieee14,3,2;6;9
492,3,4.825441307236133e-08,3.5653668452194153e-08,2.272445691160145,1.7995863773233853,False,False,ieee14,3,2;6;9
493,3,1.1802642890912164e-08,7.000814723507965e-09,1.4709308681261675,1.0542276081918334,False,False,ieee14,3,2;6;9
494,3,1.2423061016701922e-08,8.676213407816264e-09,0.978164559283717,0.5292187981721677,False,False,ieee14,3,2;6;9
495,3,1.1097393371713478e-08,8.544186384407909e-09,0.7647371323781582,0.36556770049402254,False,False,ieee14,3,2;6;9
496,3,1.4881588613936968e-08,1.1182991651290987e-08,0.9524011693528407,0.42714065894677766,False,False,ieee14,3,2;6;9
497,3,8.39997107730236e-09,5.5099413962708636e-09,0.8838927292890595,0.5630951279492313,False,False,ieee14,3,2;6;9
498,3,8.182647767083768e-10,5.48836896735407e-10,0.34261339367279975,0.3049533816233081,False,False,ieee14,3,2;6;9
499,3,4.457381666713347e-10,2.580120285999482e-10,0.34589652181500596,0.3064046768274107,False,False,ieee14,3,2;6;9
500,3,6.089980699427584e-10,3.738016377891261e-10,0.3463991944778291,0.30892502046048653,False,False,ieee14,3,2;6;9
501,3,7.975921708305273e-10,4.3795844385567876e-10,0.33903294324823796,0.2996788697102959,False,False,ieee14,3,2;6;9
502,3,8.460923136683124e-10,4.5609093475070757e-10,0.34246014428496685,0.30192422095161775,False,False,ieee14,3,2;6;9
503,3,1.1670718621117518e-09,8.895974952986544e-10,0.37674878483144314,0.3221099624099595,False,False,ieee14,3,2;6;9
504,3,6.86856641830706e-10,3.538268916782504e-10,0.7941122047871669,0.7577424537224327,False,False,ieee14,3,2;6;9
505,3,4.69040208147554e-10,2.4166028266528406e-10,0.43101274604666273,0.3911511023735048,False,False,ieee14,3,2;6;9
506,3,2.5173616004274842e-09,1.7990360652233245e-09,0.8788552574333763,0.8339178729351133,False,False,ieee14,3,2;6;9
507,3,7.946845509988915e-10,4.868142604706321e-10,0.6357500625424733,0.5845141567672605,False,False,ieee14,3,2;6;9
508,3,9.315817090887685e-10,6.50297036813296e-10,0.42956214636716894,0.37567351728157017,False,False,ieee14,3,2;6;9
509,3,1.0062095165009027e-09,7.618863975990299e-10,0.3639782463536483,0.3139839242151281,False,False,ieee14,3,2;6;9
510,3,1.0207297028296277e-09,7.596257968630574e-10,0.3765930740380302,0.3236909692337371,False,False,ieee14,3,2;6;9
511,3,7.914311127431627e-10,5.218815242366818e-10,0.4501837692764268,0.3981932127726999,False,False,ieee14,3,2;6;9
512,3,1.2866343963309017e-09,8.731430461613566e-10,0.34404250683684223,0.30030494281526754,False,False,ieee14,3,2;6;9
513,3,7.697733608864225e-10,3.9688814392688016e-10,0.3465629126468104,0.3001488640950709,False,False,ieee14,3,2;6;9
514,3,9.46322343963831e-10,5.86587927298054e-10,0.3468919647099863,0.30381175792567205,False,False,ieee14,3,2;6;9
515,3,1.2486896822509148e-09,6.925638961726605e-10,0.33791622094901463,0.29172495480090066,False,False,ieee14,3,2;6;9
516,3,1.3227074278584189e-09,7.221238850803877e-10,0.3424899524912083,0.2947556498549695,False,False,ieee14,3,2;6;9
517,3,1.4701271906749304e-09,1.041544104810246e-09,0.38480820834058216,0.32194373795700426,False,False,ieee14,3,2;6;9
518,3,1.0642506327789948e-09,5.476082732082162e-10,0.8228079877062049,0.7779452206327555,False,False,ieee14,3,2;6;9
519,3,7.154743096208549e-10,3.688137062970816e-10,0.455721240746781,0.41163859804973146,False,False,ieee14,3,2;6;9
520,3,4.108516385822429e-09,2.9899034650221802e-09,0.8281804738394493,0.7766317345731286,False,False,ieee14,3,2;6;9
521,3,1.237334237534923e-09,7.612162811039995e-10,0.6858088674725856,0.6279326672515628,False,False,ieee14,3,2;6;9
522,3,1.4582897954381906e-09,1.0242724582699758e-09,0.4517494334414952,0.39015928816239764,False,False,ieee14,3,2;6;9
523,3,1.5778296046947078e-09,1.2024986688308017e-09,0.37017786877139414,0.3108173792052238,False,False,ieee14,3,2;6;9
524,3,1.6027049505887013e-09,1.2004836212541212e-09,0.3851855845871409,0.3236662965937167,False,False,ieee14,3,2;6;9
525,3,1.2319015513137418e-09,8.172803153950897e-10,0.4798495412613414,0.42043364800649097,False,False,ieee14,3,2;6;9
526,3,1.6276143698983525e-09,1.0923435948303684e-09,0.3418639888627977,0.2923064508109685,False,False,ieee14,3,2;6;9
527,3,9.38043632273259e-10,5.11785128524282e-10,0.34663200200220556,0.2934989130967407,False,False,ieee14,3,2;6;9
528,3,1.2086196484333776e-09,7.417912403278141e-10,0.34723164124961503,0.2984868273482557,False,False,ieee14,3,2;6;9
529,3,1.5860443178786476e-09,8.708637820273025e-10,0.3356992656359028,0.28278502080655143,False,False,ieee14,3,2;6;9
530,3,1.678395639774669e-09,9.069966560583982e-10,0.34132788167991535,0.286385759270551,False,False,ieee14,3,2;6;9
531,3,2.29662048343702e-09,1.7473289399056562e-09,0.3882182447611694,0.3139127180463648,False,False,ieee14,3,2;6;9
532,3,1.3624662401641506e-09,7.026421280905253e-10,0.9762772392450092,0.9250449398307681,False,False,ieee14,3,2;6;9
533,3,9.254863713888028e-10,4.775389450229242e-10,0.4484496565012228,0.3992407725539284,False,False,ieee14,3,2;6;9
534,3,5.014524817603772e-09,3.5878047604363536e-09,1.0232435747979194,0.9634049706435386,False,False,ieee14,3,2;6;9
535,3,1.5797508887227484e-09,9.696264908000548e-10,0.7228744329932976,0.6549895232946636,False,False,ieee14,3,2;6;9
536,3,1.85126622736282e-09,1.29432813463244e-09,0.45671416008548504,0.38399612765816005,False,False,ieee14,3,2;6;9
537,3,1.9952210782346993e-09,1.5124722980399486e-09,0.374557991716681,0.3046114404666691,False,False,ieee14,3,2;6;9
538,3,2.0273324890021666e-09,1.5106958089472823e-09,0.38922601343998475,0.3166221239522444,False,False,ieee14,3,2;6;9
539,3,1.571540061389957e-09,1.037992201484617e-09,0.4851909901175864,0.4154319524854051,False,False,ieee14,3,2;6;9
540,3,2.434786696277455e-09,1.636532988239147e-09,0.34284672283878204,0.28097317278298073,False,False,ieee14,3,2;6;9
541,3,1.4700546583100932e-09,7.615780792350865e-10,0.34958271819373743,0.2824140189613935,False,False,ieee14,3,2;6;9
542,3,1.8030356762622485e-09,1.1081101597761832e-09,0.34979943329871643,0.2894483061362798,False,False,ieee14,3,2;6;9
543,3,2.3712128899018533e-09,1.3033998490479083e-09,0.33367594032100567,0.26680743395205275,False,False,ieee14,3,2;6;9
544,3,2.5096238724530653e-09,1.357693595942258e-09,0.34188595877596784,0.27191674533402943,False,False,ieee14,3,2;6;9
545,3,3.3514535400061767e-09,2.5314930494354534e-09,0.41331670522714026,0.3139854136103768,False,False,ieee14,3,2;6;9
546,3,2.0363571291147443e-09,1.0484598963488673e-09,1.3045883488895837,1.2359108136482073,False,False,ieee14,3,2;6;9
547,3,1.3751291352815714e-09,7.083568746548788e-10,0.4882204249529013,0.42799880738249474,False,False,ieee14,3,2;6;9
548,3,7.496569883113632e-09,5.365855665388006e-09,1.3820928785643498,1.301289907344485,False,False,ieee14,3,2;6;9
549,3,2.3630818802561156e-09,1.4496908778640161e-09,0.9188870165424612,0.8279955771410128,False,False,ieee14,3,2;6;9
550,3,2.767204788793639e-09,1.934968462760671e-09,0.5163572567707002,0.4192240949658297,False,False,ieee14,3,2;6;9
551,3,2.975875430613649e-09,2.256415405106291e-09,0.3925490326124995,0.29982729658446683,False,False,ieee14,3,2;6;9
552,3,3.0288831097132835e-09,2.2579111334760726e-09,0.4149580497708808,0.3182301005681929,False,False,ieee14,3,2;6;9
553,3,2.3461618503480225e-09,1.5491329333923951e-09,0.5584112961334762,0.4661262150851795,False,False,ieee14,3,2;6;9
1,5,1.2276469039353252e-12,5.539683615509041e-13,0.46738609760509764,0.2882473093012272,False,False,ieee14,5,2;6;9;11;4
2,5,6.320618296456291e-08,5.129457241449317e-08,1.5574268604764159,0.6202765173572714,False,False,ieee14,5,2;6;9;11;4
3,5,1.8466971797889846e-08,1.0418144097624914e-08,1.6118037210351535,0.38584303052425484,False,False,ieee14,5,2;6;9;11;4
4,5,8.76231454839023e-08,6.257950151337777e-08,1.9761358608576323,0.620576967467093,False,False,ieee14,5,2;6;9;11;4
5,5,2.8218826146231464e-08,1.3794609266193461e-08,1.363899001073838,0.5463114054070538,False,False,ieee14,5,2;6;9;11;4
6,5,2.8739833665230336e-08,2.123400719531808e-08,2.154825022509348,0.6866104114553112,False,False,ieee14,5,2;6;9;11;4
7,5,4.949031950730953e-08,3.565768195464462e-08,3.3494909829886867,1.8999744864786525,False,False,ieee14,5,2;6;9;11;4
8,5,1.2777248627405778e-08,7.0016462179080915e-09,2.475739597527916,1.096020731310578,False,False,ieee14,5,2;6;9;11;4
9,5,3.9651813287050016e-08,2.6554560762733066e-08,2.1612598287155604,0.960424737135233,False,False,ieee14,5,2;6;9;11;4
10,5,1.1672343121252e-08,8.544256059527221e-09,1.23465362549135,0.3802812002129652,False,False,ieee14,5,2;6;9;11;4
11,5,1.5667467046097294e-08,1.1183242709808848e-08,1.553661877574378,0.4470968188516129,False,False,ieee14,5,2;6;9;11;4
12,5,9.018173857885091e-09,5.51061082742879e-09,1.533549572908897,0.6570768828483906,False,False,ieee14,5,2;6;9;11;4
13,5,6.320596576216236e-08,5.129435615938584e-08,1.5575372759993833,0.6205440776331586,False,False,ieee14,5,2;6;9;11;4
14,5,1.8466738632515016e-08,1.0418008487754301e-08,1.6116427621032705,0.38576555311484917,False,False,ieee14,5,2;6;9;11;4
15,5,8.76246458519311e-08,6.258054373594273e-08,1.9760583846304514,0.6205764695865431,False,False,ieee14,5,2;6;9;11;4
16,5,2.821952551519792e-08,1.379509466443258e-08,1.3635189283277884,0.5463089169424856,False,False,ieee14,5,2;6;9;11;4
17,5,2.874017232219161e-08,2.1234254302223577e-08,2.155729118094161,0.6866233103015905,False,False,ieee14,5,2;6;9;11;4
18,5,4.949006573445692e-08,3.565750783432502e-08,3.3493997807027047,1.8999082131209957,False,False,ieee14,5,2;6;9;11;4
19,5,1.2777364069127652e-08,7.001702766476709e-09,2.475654423061867,1.0959525469753295,False,False,ieee14,5,2;6;9;11;4
20,5,3.965261272116538e-08,2.655507651517687e-08,2.1624938000680363,0.9598461445441729,False,False,ieee14,5,2;6;9;11;4
21,5,1.1672546441553341e-08,8.5443946051073e-09,1.2351097969243634,0.38068896015651976,False,False,ieee14,5,2;6;9;11;4
22,5,1.5667634533655894e-08,1.1183357260042463e-08,1.5578546652340948,0.4505123242548106,False,False,ieee14,5,2;6;9;11;4
23,5,9.018235906491589e-09,5.510645579312286e-09,1.5340346206777382,0.6575058231609203,False,False,ieee14,5,2;6;9;11;4
24,5,8.435764855041189e-10,5.489278727152227e-10,0.47049784863754285,0.2771353206311764,False,False,ieee14,5,2;6;9;11;4
25,5,4.730529565889318e-10,2.5803025562856605e-10,0.4724999322782636,0.27689625076332725,False,False,ieee14,5,2;6;9;11;4
26,5,6.378426332832748e-10,3.738906258004532e-10,0.4727960672170297,0.2783593739500403,False,False,ieee14,5,2;6;9;11;4
27,5,2.7607816048489743e-09,1.9605276906704066e-09,0.4704258354328156,0.272382132050522,False,False,ieee14,5,2;6;9;11;4
28,5,8.825364976015622e-10,4.561745697707055e-10,0.4732866446513079,0.2740826531798308,False,False,ieee14,5,2;6;9;11;4
29,5,1.198997840313897e-09,8.89614006998318e-10,0.5427981909643907,0.29420000819836467,False,False,ieee14,5,2;6;9;11;4
30,5,7.264333584368915e-10,3.5379674348724386e-10,0.9884042476868686,0.7405819869894537,False,False,ieee14,5,2;6;9;11;4
31,5,4.98772874145266e-10,2.4167218814517165e-10,0.5960597435296917,0.36633692744046575,False,False,ieee14,5,2;6;9;11;4
32,5,2.559719805477515e-09,1.7990681021070994e-09,1.099488164526281,0.8005034916484508,False,False,ieee14,5,2;6;9;11;4
33,5,8.370693167138653e-10,4.868229224857323e-10,0.8825333944499983,0.5547783441067093,False,False,ieee14,5,2;6;9;11;4
34,5,2.8097565516927566e-09,1.8446926180828156e-09,0.6901278288792702,0.3442387492919421,False,False,ieee14,5,2;6;9;11;4
35,5,1.0395653209307128e-09,7.619013743008699e-10,0.49913568072721626,0.27932890700073854,False,False,ieee14,5,2;6;9;11;4
36,5,1.0547449929879684e-09,7.596400591386812e-10,0.5302491193376078,0.29494425667501556,False,False,ieee14,5,2;6;9;11;4
37,5,8.30414015795973e-10,5.218955119082458e-10,0.6302676946550109,0.37063499336866945,False,False,ieee14,5,2;6;9;11;4
38,5,1.3265931615474197e-09,8.73213243457481e-10,0.47917697538253357,0.2755048984987656,False,False,ieee14,5,2;6;9;11;4
39,5,8.12726310500067e-10,3.9690268272398567e-10,0.4828058314037432,0.27557525615716183,False,False,ieee14,5,2;6;9;11;4
40,5,9.911829477574666e-10,5.866665459256219e-10,0.48285974242163077,0.27790683787185233,False,False,ieee14,5,2;6;9;11;4
41,5,4.478862221371221e-09,3.226211283314243e-09,0.4834593051643893,0.27136331435249583,False,False,ieee14,5,2;6;9;11;4
42,5,1.3798842133519382e-09,7.222007573164246e-10,0.4858633925296927,0.2730369334559064,False,False,ieee14,5,2;6;9;11;4
43,5,1.5193804435955255e-09,1.0416026770003914e-09,0.5470029646097976,0.2930174889363968,False,False,ieee14,5,2;6;9;11;4
44,5,1.1254016978412765e-09,5.476558683997523e-10,0.8399227010399505,0.5822742731923345,False,False,ieee14,5,2;6;9;11;4
45,5,7.612892625308378e-10,3.6883632281136965e-10,0.587616586353741,0.3595811551673702,False,False,ieee14,5,2;6;9;11;4
46,5,4.173503444240033e-09,2.990056058173039e-09,0.8531182812834607,0.572033990964848,False,False,ieee14,5,2;6;9;11;4
47,5,1.3021479312328368e-09,7.612434122148334e-10,0.8016315270582602,0.4986657588285688,False,False,ieee14,5,2;6;9;11;4
48,5,4.682871780732929e-09,3.1732218576990267e-09,0.670398522349319,0.34589850656995647,False,False,ieee14,5,2;6;9;11;4
49,5,1.628771900420127e-09,1.2025137233852348e-09,0.5208449861886084,0.2847115163513019,False,False,ieee14,5,2;6;9;11;4
50,5,1.6547766396916158e-09,1.2004981857196776e-09,0.5408498989863085,0.29525117725500327,False,False,ieee14,5,2;6;9;11;4
51,5,1.2912940274865476e-09,8.17311998462252e-10,0.6308849026888625,0.3687050711680717,False,False,ieee14,5,2;6;9;11;4
52,5,1.6820860528812664e-09,1.0924141109230102e-09,0.48247804137068373,0.270517303287493,False,False,ieee14,5,2;6;9;11;4
53,5,9.964644111403844e-10,5.117951318183761e-10,0.48725346605694875,0.2706683265816163,False,False,ieee14,5,2;6;9;11;4
54,5,1.2697226472188733e-09,7.418658608353348e-10,0.4874819331250242,0.27371646726408905,False,False,ieee14,5,2;6;9;11;4
55,5,5.504428551798805e-09,3.913062403445649e-09,0.48732577541852506,0.2644445104862203,False,False,ieee14,5,2;6;9;11;4
56,5,1.7558806583079127e-09,9.07068365941207e-10,0.4905693108911344,0.2666708431159144,False,False,ieee14,5,2;6;9;11;4
57,5,2.3634670043428444e-09,1.7474709924612094e-09,0.5701757478761703,0.2895320817833724,False,False,ieee14,5,2;6;9;11;4
58,5,1.4453767334326049e-09,7.027401471364273e-10,1.100423349347694,0.8116153425563684,False,False,ieee14,5,2;6;9;11;4
59,5,9.873580473625315e-10,4.775694980863713e-10,0.610622926626811,0.36545843570094094,False,False,ieee14,5,2;6;9;11;4
60,5,5.102760671628964e-09,3.588126969499581e-09,1.1750397828612673,0.8437594305273004,False,False,ieee14,5,2;6;9;11;4
61,5,1.6675580066633007e-09,9.696884947600153e-10,0.9465785179850743,0.5799084055725718,False,False,ieee14,5,2;6;9;11;4
62,5,5.596116490281281e-09,3.67523268817561e-09,0.7431803474680163,0.34700504054179526,False,False,ieee14,5,2;6;9;11;4
63,5,2.064262646166531e-09,1.5124903243740407e-09,0.5289313776461714,0.2756625589488195,False,False,ieee14,5,2;6;9;11;4
64,5,2.09792396273509e-09,1.5107183676580928e-09,0.5600086877363158,0.29182933204341577,False,False,ieee14,5,2;6;9;11;4
65,5,1.6520156769169943e-09,1.0380470049895229e-09,0.6708857541389373,0.37814317278089593,False,False,ieee14,5,2;6;9;11;4
66,5,2.5193780480781966e-09,1.6365894007619473e-09,0.4931224752049562,0.26277419422122184,False,False,ieee14,5,2;6;9;11;4
67,5,1.5605603180050738e-09,7.615773933030454e-10,0.5001797518418337,0.2629223362367863,False,False,ieee14,5,2;6;9;11;4
68,5,1.8973728084576696e-09,1.1081704467570327e-09,0.5009901448875645,0.26806807377723674,False,False,ieee14,5,2;6;9;11;4
69,5,8.242607929826812e-09,5.863303709275314e-09,0.5001267811653404,0.2532885709874113,False,False,ieee14,5,2;6;9;11;4
70,5,2.6294979276168825e-09,1.3577500316735073e-09,0.5053698631595306,0.2566614447959139,False,False,ieee14,5,2;6;9;11;4
71,5,3.454118988922833e-09,2.531694608405902e-09,0.6445768960938996,0.2967742032769769,False,False,ieee14,5,2;6;9;11;4
72,5,2.1638098906844286e-09,1.0487386850158108e-09,1.6134947360511172,1.2184807094027326,False,False,ieee14,5,2;6;9;11;4
73,5,1.4696360797728122e-09,7.083982378865967e-10,0.7054566920224451,0.41870151461625404,False,False,ieee14,5,2;6;9;11;4
74,5,7.632070233535389e-09,5.366526517067915e-09,1.751925335511134,1.2857590424003305,False,False,ieee14,5,2;6;9;11;4
75,5,2.4976478374763917e-09,1.4498229823541985e-09,1.3194811197329979,0.8074845849128085,False,False,ieee14,5,2;6;9;11;4
76,5,8.368372349050704e-09,5.494646376690031e-09,0.9493083612392508,0.42794885235212143,False,False,ieee14,5,2;6;9;11;4
77,5,3.081402249928719e-09,2.2564389538214423e-09,0.5741159102367869,0.2758980400171096,False,False,ieee14,5,2;6;9;11;4
78,5,3.1369754398953062e-09,2.2579472257921214e-09,0.6251386542166603,0.3005367328315858,False,False,ieee14,5,2;6;9;11;4
79,5,2.4691664725190217e-09,1.5492351726444928e-09,0.8182504215295646,0.45012870811350414,False,False,ieee14,5,2;6;9;11;4
80,5,1.7700268932203212e-12,7.989754877333184e-13,0.646428629010977,0.4154462270083483,False,False,ieee14,5,2;6;9;11;4
81,5,6.320758085675003e-08,5.129635270227621e-08,1.7169890317229226,0.6202706915576761,False,False,ieee14,5,2;6;9;11;4
82,5,1.8466647018514515e-08,1.0418185950227387e-08,1.7785210614205829,0.5002451275150346,False,False,ieee14,5,2;6;9;11;4
83,5,8.762635468460647e-08,6.258287476474959e-08,2.472653007464022,0.8887847383721359,False,False,ieee14,5,2;6;9;11;4
84,5,2.8218689900710722e-08,1.3794763776120966e-08,1.319078662509442,0.5462972415408026,False,False,ieee14,5,2;6;9;11;4
85,5,2.8741159801956577e-08,2.1235463242202735e-08,2.301339180313496,0.6875049895403978,False,False,ieee14,5,2;6;9;11;4
86,5,4.949371857024492e-08,3.5660541232589106e-08,3.295748849771231,1.859691945775986,False,False,ieee14,5,2;6;9;11;4
87,5,1.277724340126902e-08,7.0017079096910065e-09,2.4540705186716494,1.0849879367853401,False,False,ieee14,5,2;6;9;11;4
88,5,3.965349483804611e-08,2.655604070574183e-08,2.276858507453392,0.9665185336070289,False,False,ieee14,5,2;6;9;11;4
89,5,1.1672331132668223e-08,8.54436336095226e-09,1.4057224865015394,0.5012081900198817,False,False,ieee14,5,2;6;9;11;4
90,5,1.566753920346614e-08,1.1183434736215216e-08,1.7160772416751375,0.5640343569065822,False,False,ieee14,5,2;6;9;11;4
91,5,9.017914458250657e-09,5.510579213076627e-09,1.662097125044797,0.7463858041146787,False,False,ieee14,5,2;6;9;11;4
92,5,6.320736373883067e-08,5.129613657690152e-08,1.7173329595457458,0.6205382394472664,False,False,ieee14,5,2;6;9;11;4
93,5,1.8466413783319775e-08,1.0418050345927113e-08,1.7786320014626789,0.5003353545614255,False,False,ieee14,5,2;6;9;11;4
94,5,8.762785589097058e-08,6.258391797970843e-08,2.482924657278305,0.8963416111199494,False,False,ieee14,5,2;6;9;11;4
95,5,2.8219390336020734e-08,1.3795249324662503e-08,1.319029696328155,0.5462948168686959,False,False,ieee14,5,2;6;9;11;4
96,5,2.874148236020549e-08,2.123569890497104e-08,2.3014874710088784,0.687508659177457,False,False,ieee14,5,2;6;9;11;4
97,5,4.949353685904243e-08,3.5660428195171486e-08,3.2937263628562183,1.8582451976858068,False,False,ieee14,5,2;6;9;11;4
98,5,1.2777348205895911e-08,7.0017594064857195e-09,2.4539189046259278,1.084820411327744,False,False,ieee14,5,2;6;9;11;4
99,5,3.9654340483708714e-08,2.6556579889554394e-08,2.276673400555798,0.9664445149984524,False,False,ieee14,5,2;6;9;11;4
100,5,1.1672534101589146e-08,8.544501578528542e-09,1.4057724635977047,0.5012581356778238,False,False,ieee14,5,2;6;9;11;4
101,5,1.5667704469724626e-08,1.1183547806786902e-08,1.7168722206183722,0.5648851045812269,False,False,ieee14,5,2;6;9;11;4
102,5,9.017971353125729e-09,5.51061115107664e-09,1.662388159136789,0.7465771385159123,False,False,ieee14,5,2;6;9;11;4
103,5,8.437095980209403e-10,5.491760538633056e-10,0.6477416832493843,0.4026704821747582,False,False,ieee14,5,2;6;9;11;4
104,5,4.731583695111783e-10,2.581229617853067e-10,0.6496654614237961,0.4023509907655851,False,False,ieee14,5,2;6;9;11;4
105,5,6.379657465117962e-10,3.741320186241779e-10,0.6505521514604947,0.4043177378252709,False,False,ieee14,5,2;6;9;11;4
106,5,2.7611166468405512e-09,1.9606444844578063e-09,0.6470788570191908,0.3973029920081934,False,False,ieee14,5,2;6;9;11;4
107,5,8.826701033159651e-10,4.564208458134526e-10,0.649725746496173,0.3990409154681924,False,False,ieee14,5,2;6;9;11;4
108,5,1.1990229429196154e-09,8.896068524485874e-10,0.7075952888607373,0.4166381857327417,False,False,ieee14,5,2;6;9;11;4
109,5,7.266172482074505e-10,3.539158368472557e-10,1.0593931153925125,0.7907240901685506,False,False,ieee14,5,2;6;9;11;4
110,5,4.989093057958251e-10,2.417702958097625e-10,0.7575211901615457,0.4817919270905222,False,False,ieee14,5,2;6;9;11;4
111,5,2.560117262278394e-09,1.7992063264037943e-09,1.200384448151759,0.8735107301684304,False,False,ieee14,5,2;6;9;11;4
112,5,8.371982376867461e-10,4.869204880153668e-10,1.0063077248691132,0.6508850989300656,False,False,ieee14,5,2;6;9;11;4
113,5,2.80994060059334e-09,1.844738026117408e-09,0.8363534741292971,0.4624626120387041,False,False,ieee14,5,2;6;9;11;4
114,5,1.039694874236267e-09,7.620016407737054e-10,0.6772281720805303,0.40816349659021767,False,False,ieee14,5,2;6;9;11;4
115,5,1.0548772933037047e-09,7.597420861176726e-10,0.6975508896471073,0.4170310774329402,False,False,ieee14,5,2;6;9;11;4
116,5,8.305379921855171e-10,5.219907325407679e-10,0.7860762703885733,0.4844047682534949,False,False,ieee14,5,2;6;9;11;4
117,5,1.3267324660879848e-09,8.734643724872893e-10,0.6561712329588785,0.40080702577134675,False,False,ieee14,5,2;6;9;11;4
118,5,8.128223635176286e-10,3.96998631683196e-10,0.6597589221699584,0.40084878640837385,False,False,ieee14,5,2;6;9;11;4
119,5,9.913066532618237e-10,5.869064974585319e-10,0.6600264371945537,0.40335755665690565,False,False,ieee14,5,2;6;9;11;4
120,5,4.479230869513339e-09,3.226352663150852e-09,0.6591415823824941,0.39548120519595553,False,False,ieee14,5,2;6;9;11;4
121,5,1.3800274566131854e-09,7.224500940803818e-10,0.6615736205672791,0.39738020524756923,False,False,ieee14,5,2;6;9;11;4
122,5,1.519326985871874e-09,1.0415147155642435e-09,0.71204656560476,0.4143934526169626,False,False,ieee14,5,2;6;9;11;4
123,5,1.1256818643983654e-09,5.478240259686702e-10,0.9194723456207868,0.6392426903105424,False,False,ieee14,5,2;6;9;11;4
124,5,7.614522010768402e-10,3.689495657510222e-10,0.7435642711522311,0.4696869593487536,False,False,ieee14,5,2;6;9;11;4
125,5,4.174093107532495e-09,2.9903210642765724e-09,0.9728620292072151,0.6582615093564164,False,False,ieee14,5,2;6;9;11;4
126,5,1.302335874414695e-09,7.613792416745159e-10,0.9291440002045959,0.59169152491627,False,False,ieee14,5,2;6;9;11;4
127,5,4.6831772084830506e-09,3.1733450133340527e-09,0.8173839723817602,0.4583834133968576,False,False,ieee14,5,2;6;9;11;4
128,5,1.6289240656619695e-09,1.2026356819660297e-09,0.6928240270438387,0.4082790822405271,False,False,ieee14,5,2;6;9;11;4
129,5,1.6549383792217313e-09,1.2006264697445286e-09,0.7077369679260461,0.416188882659013,False,False,ieee14,5,2;6;9;11;4
130,5,1.291461276131007e-09,8.174383839365594e-10,0.7835868241041187,0.47844479176206156,False,False,ieee14,5,2;6;9;11;4
131,5,1.682226355986987e-09,1.0926661199675553e-09,0.6587748379802109,0.39506515000905273,False,False,ieee14,5,2;6;9;11;4
132,5,9.965586476600488e-10,5.118909710393847e-10,0.66331189976726,0.3950003772672668,False,False,ieee14,5,2;6;9;11;4
133,5,1.2698430604389428e-09,7.421035703339247e-10,0.6641859979059116,0.39861015470338446,False,False,ieee14,5,2;6;9;11;4
134,5,5.5048106481424794e-09,3.9132171494813286e-09,0.6623097337915356,0.38771694673325907,False,False,ieee14,5,2;6;9;11;4
135,5,1.7560239036961278e-09,9.073176812887215e-10,0.6654826568028622,0.39015003503792234,False,False,ieee14,5,2;6;9;11;4
136,5,2.3635971887543914e-09,1.7475704492335743e-09,0.7320136337973621,0.4097133095807135,False,False,ieee14,5,2;6;9;11;4
137,5,1.4456661143165637e-09,7.029164505896416e-10,1.1605956642890929,0.8550319882360828,False,False,ieee14,5,2;6;9;11;4
138,5,9.875161945711995e-10,4.776820847179629e-10,0.7672635510042076,0.47669058951434895,False,False,ieee14,5,2;6;9;11;4
139,5,5.103339868556436e-09,3.5883905882222815e-09,1.2630622694977207,0.9058464488975868,False,False,ieee14,5,2;6;9;11;4
140,5,1.6677307847056849e-09,9.698193918151277e-10,1.0605685619585379,0.6679449368579449,False,False,ieee14,5,2;6;9;11;4
141,5,5.5964010824664144e-09,3.675349345417986e-09,0.8844746832848486,0.4618238634253191,False,False,ieee14,5,2;6;9;11;4
142,5,2.0644070148361305e-09,1.5126105783045357e-09,0.7051588363082096,0.40290484026905204,False,False,ieee14,5,2;6;9;11;4
143,5,2.098077553245787e-09,1.510844835002414e-09,0.724871911517129,0.4119870197727613,False,False,ieee14,5,2;6;9;11;4
144,5,1.6521668307558365e-09,1.038167180072848e-09,0.8217969643613574,0.4878352274676452,False,False,ieee14,5,2;6;9;11;4
145,5,2.519521565675946e-09,1.6368431714589309e-09,0.668303545266521,0.38614849560406306,False,False,ieee14,5,2;6;9;11;4
146,5,1.5606520823646252e-09,7.616744324255901e-10,0.6750572342176491,0.38601868766550296,False,False,ieee14,5,2;6;9;11;4
147,5,1.897488096539038e-09,1.108403418927299e-09,0.6761686495018205,0.39145760628005855,False,False,ieee14,5,2;6;9;11;4
148,5,8.243029025227425e-09,5.863495359725694e-09,0.6744362674031852,0.37564383630979425,False,False,ieee14,5,2;6;9;11;4
149,5,2.6296435452756228e-09,1.3579989731293196e-09,0.6793051092157778,0.3790948906628755,False,False,ieee14,5,2;6;9;11;4
150,5,3.4542426889496895e-09,2.531797171289868e-09,0.7980002597127406,0.4145105151996329,False,False,ieee14,5,2;6;9;11;4
151,5,2.164083780876852e-09,1.048912727209408e-09,1.6419758857455533,1.2426952169102832,False,False,ieee14,5,2;6;9;11;4
152,5,1.4697858255100386e-09,7.085107484094722e-10,0.85692956635039,0.5267196910273624,False,False,ieee14,5,2;6;9;11;4
153,5,7.6326682889331e-09,5.3668178336976565e-09,1.7902250184273085,1.3155138290198432,False,False,ieee14,5,2;6;9;11;4
154,5,2.497799701225901e-09,1.449951759816018e-09,1.399897196864757,0.8781596854812876,False,False,ieee14,5,2;6;9;11;4
155,5,8.36865086022921e-09,5.494778511211111e-09,1.06691140938441,0.5081294135813781,False,False,ieee14,5,2;6;9;11;4
156,5,3.0815323675924373e-09,2.256559154133266e-09,0.7456488988653537,0.4009252529563603,False,False,ieee14,5,2;6;9;11;4
157,5,3.1371195046582733e-09,2.2580775203284546e-09,0.7831194983856148,0.4178845264622426,False,False,ieee14,5,2;6;9;11;4
158,5,2.469291962182576e-09,1.5493492538376035e-09,0.9559444865512661,0.5523553464775546,False,False,ieee14,5,2;6;9;11;4
159,5,1.2754420874476344e-12,5.144906461388753e-13,0.4771915863095745,0.2996139635311139,False,False,ieee14,5,2;6;9;11;4
160,5,6.320889758437145e-08,5.129805155330449e-08,1.7399692433342873,0.6202621743681321,False,False,ieee14,5,2;6;9;11;4
161,5,1.8466250267478706e-08,1.0418008535680865e-08,1.6699562577253744,0.4221770605211306,False,False,ieee14,5,2;6;9;11;4
162,5,8.762906012319238e-08,6.258600505204228e-08,1.538562795310801,0.6205601862354849,False,False,ieee14,5,2;6;9;11;4
163,5,2.821825509120752e-08,1.379459198145706e-08,1.6404098940731502,0.5462938244016903,False,False,ieee14,5,2;6;9;11;4
164,5,2.874086844794513e-08,2.1235438791836477e-08,2.191868332431232,0.6821718021568299,False,False,ieee14,5,2;6;9;11;4
165,5,4.949805255490393e-08,3.566451995524373e-08,3.2015668743788273,1.7874780301265893,False,False,ieee14,5,2;6;9;11;4
166,5,1.2777020024330675e-08,7.001687360764789e-09,2.39039543259842,1.0478856041957174,False,False,ieee14,5,2;6;9;11;4
167,5,3.9653247758815307e-08,2.6556181241252633e-08,2.143459308415304,0.9323555897405125,False,False,ieee14,5,2;6;9;11;4
168,5,1.167184111068601e-08,8.544157385764444e-09,1.2335268054146806,0.37998599776183783,False,False,ieee14,5,2;6;9;11;4
169,5,1.5667079014013187e-08,1.1183250266527715e-08,1.5626770252366677,0.4550400431621431,False,False,ieee14,5,2;6;9;11;4
170,5,9.017488650893373e-09,5.5103762251718424e-09,1.4173026444443892,0.575747990578487,False,False,ieee14,5,2;6;9;11;4
171,5,6.32086799987708e-08,5.129783454696217e-08,1.7441397510231305,0.6205296573273618,False,False,ieee14,5,2;6;9;11;4
172,5,1.8466017512580784e-08,1.0417873390558192e-08,1.6703052554327438,0.4228316394756926,False,False,ieee14,5,2;6;9;11;4
173,5,8.763052126730156e-08,6.258700152159709e-08,1.477087099064634,0.6205597060061905,False,False,ieee14,5,2;6;9;11;4
174,5,2.8218960517327675e-08,1.3795078130199261e-08,1.6256513590688444,0.5462915819874177,False,False,ieee14,5,2;6;9;11;4
175,5,2.8741190534580982e-08,2.12356739292179e-08,2.191682880635141,0.6821729728878938,False,False,ieee14,5,2;6;9;11;4
176,5,4.949758946218017e-08,3.566421386961143e-08,3.2025095279662104,1.7881976046822206,False,False,ieee14,5,2;6;9;11;4
177,5,1.2777129655698083e-08,7.0017410429092405e-09,2.390699493963024,1.0481389001563204,False,False,ieee14,5,2;6;9;11;4
178,5,3.9654095670148896e-08,2.6556721801686146e-08,2.143487160669628,0.9323395346576897,False,False,ieee14,5,2;6;9;11;4
179,5,1.1672044905163529e-08,8.544296411192146e-09,1.2346077121063899,0.3808809842280003,False,False,ieee14,5,2;6;9;11;4
180,5,1.5667233810429837e-08,1.1183356789376004e-08,1.562768823500742,0.4551464814673456,False,False,ieee14,5,2;6;9;11;4
181,5,9.017549093584998e-09,5.510410049663568e-09,1.4180031237731239,0.576357477077112,False,False,ieee14,5,2;6;9;11;4
182,5,8.431342717932901e-10,5.488833449916854e-10,0.47934660415982155,0.28757607129405827,False,False,ieee14,5,2;6;9;11;4
183,5,4.727768517506208e-10,2.578752605783303e-10,0.4805587668445188,0.28668067142273634,False,False,ieee14,5,2;6;9;11;4
184,5,6.3739717408431e-10,3.7384533027553716e-10,0.48158301107327495,0.28876592514405286,False,False,ieee14,5,2;6;9;11;4
185,5,2.760610711241287e-09,1.9606866516709805e-09,0.4767902855066435,0.28063323132289186,False,False,ieee14,5,2;6;9;11;4
186,5,8.820917124045867e-10,4.5613019522254126e-10,0.4795017946567469,0.2823472319316549,False,False,ieee14,5,2;6;9;11;4
187,5,1.1988228291432936e-09,8.897275181650037e-10,0.5438308036867071,0.30307187533471014,False,False,ieee14,5,2;6;9;11;4
188,5,7.259437738350264e-10,3.5360989201728145e-10,0.9410911670310294,0.7052871042829578,False,False,ieee14,5,2;6;9;11;4
189,5,4.983160152243412e-10,2.4150911869735363e-10,0.5869395122137016,0.3645187829963157,False,False,ieee14,5,2;6;9;11;4
190,5,2.5594898672711993e-09,1.799193989519177e-09,1.0417853302867304,0.7588260804716265,False,False,ieee14,5,2;6;9;11;4
191,5,8.365897918447065e-10,4.866480789869386e-10,0.8478443994309534,0.5389659479593951,False,False,ieee14,5,2;6;9;11;4
192,5,2.809356726056024e-09,1.84474450320675e-09,0.6748234451843904,0.34728533438646814,False,False,ieee14,5,2;6;9;11;4
193,5,1.0391162090529898e-09,7.617439193521277e-10,0.5070370225612728,0.29034896745545535,False,False,ieee14,5,2;6;9;11;4
194,5,1.054296535995015e-09,7.594828055909369e-10,0.531876337005785,0.30252433730751105,False,False,ieee14,5,2;6;9;11;4
195,5,8.299471781459806e-10,5.217276005700566e-10,0.6230545271583258,0.3722543847048232,False,False,ieee14,5,2;6;9;11;4
196,5,1.3261560975005492e-09,8.731740321476266e-10,0.4865368973377504,0.28475278781147084,False,False,ieee14,5,2;6;9;11;4
197,5,8.125285334290141e-10,3.9675129244435806e-10,0.4901360624152815,0.2847937645343632,False,False,ieee14,5,2;6;9;11;4
198,5,9.90741652965698e-10,5.866252763968605e-10,0.49063989822633214,0.28750334184740645,False,False,ieee14,5,2;6;9;11;4
199,5,4.478747386332843e-09,3.226408726209554e-09,0.49038034373366046,0.28016931810529355,False,False,ieee14,5,2;6;9;11;4
200,5,1.3794569491396842e-09,7.221681539923174e-10,0.4922339061683346,0.28145890974047516,False,False,ieee14,5,2;6;9;11;4
201,5,1.5191905544603624e-09,1.041695349116883e-09,0.5496005189301106,0.3006413031812625,False,False,ieee14,5,2;6;9;11;4
202,5,1.1250468888406716e-09,5.475378895001301e-10,0.8269880848505079,0.5747043798576699,False,False,ieee14,5,2;6;9;11;4
203,5,7.608662162732294e-10,3.686904135335562e-10,0.5808072055376982,0.3585926582010035,False,False,ieee14,5,2;6;9;11;4
204,5,4.173535863975757e-09,2.990362167752179e-09,0.8313049419344223,0.5595453935155168,False,False,ieee14,5,2;6;9;11;4
205,5,1.3017385748801585e-09,7.61110767057137e-10,0.7837767128905142,0.4905618645156542,False,False,ieee14,5,2;6;9;11;4
206,5,4.6826129372611575e-09,3.1733635311197996e-09,0.664559691651046,0.34915037604482,False,False,ieee14,5,2;6;9;11;4
207,5,1.6283513989333249e-09,1.202380157152781e-09,0.5266811538350855,0.29357181522609443,False,False,ieee14,5,2;6;9;11;4
208,5,1.6543618509642408e-09,1.200368225783603e-09,0.5441855675933003,0.30271465264263187,False,False,ieee14,5,2;6;9;11;4
209,5,1.290877682780627e-09,8.171778569584964e-10,0.6266530484135668,0.37046423212817015,False,False,ieee14,5,2;6;9;11;4
210,5,1.6816281807182964e-09,1.0923643085105977e-09,0.4914302912623947,0.2809051463066963,False,False,ieee14,5,2;6;9;11;4
211,5,9.963453514379902e-10,5.116360091249648e-10,0.4949291509444501,0.27998447189643993,False,False,ieee14,5,2;6;9;11;4
212,5,1.2692604312088044e-09,7.418134528483276e-10,0.4953603242591953,0.2832153901276271,False,False,ieee14,5,2;6;9;11;4
213,5,5.504317145657942e-09,3.913284805443476e-09,0.4924960361400543,0.27156983507212606,False,False,ieee14,5,2;6;9;11;4
214,5,1.755428650307407e-09,9.070249073254705e-10,0.4957086484621841,0.2738929556936365,False,False,ieee14,5,2;6;9;11;4
215,5,2.3632218679758037e-09,1.7475250224772267e-09,0.5706417865772044,0.297567827203419,False,False,ieee14,5,2;6;9;11;4
216,5,1.4449331347483137e-09,7.025819567027265e-10,1.055495768280826,0.7764365183123365,False,False,ieee14,5,2;6;9;11;4
217,5,9.868920845952748e-10,4.77405377601955e-10,0.5982435061873389,0.36086542711802294,False,False,ieee14,5,2;6;9;11;4
218,5,5.102670583035546e-09,3.588381530973061e-09,1.1120120127898931,0.7969026499100778,False,False,ieee14,5,2;6;9;11;4
219,5,1.6670779612709002e-09,9.695219320847564e-10,0.90731945646174,0.5599243782909848,False,False,ieee14,5,2;6;9;11;4
220,5,5.595774608375773e-09,3.675353170994874e-09,0.7282117912620543,0.34947726953675406,False,False,ieee14,5,2;6;9;11;4
221,5,2.0638013750565414e-09,1.5123349643966085e-09,0.5361751051697369,0.28582682887979693,False,False,ieee14,5,2;6;9;11;4
222,5,2.097468662526904e-09,1.5105672184096978e-09,0.5608232336403027,0.29853805167740544,False,False,ieee14,5,2;6;9;11;4
223,5,1.6515347353519714e-09,1.0378798429046272e-09,0.6623080652558317,0.3784271757748936,False,False,ieee14,5,2;6;9;11;4
224,5,2.5188985029838903e-09,1.6365322271008045e-09,0.5011812408628155,0.27218916496276946,False,False,ieee14,5,2;6;9;11;4
225,5,1.5606550315317866e-09,7.614087256709607e-10,0.5070738670124905,0.2713680454796412,False,False,ieee14,5,2;6;9;11;4
226,5,1.896884257476315e-09,1.10810685509958e-09,0.5082964856143063,0.27683237915183145,False,False,ieee14,5,2;6;9;11;4
227,5,8.24254661499498e-09,5.863593536703709e-09,0.5046241984547434,0.25955463396294487,False,False,ieee14,5,2;6;9;11;4
228,5,2.6290252126192235e-09,1.3577010421059787e-09,0.5096829203214809,0.2630551024772867,False,False,ieee14,5,2;6;9;11;4
229,5,3.4535497334282664e-09,2.531448568845161e-09,0.6342888531962951,0.3012966448326888,False,False,ieee14,5,2;6;9;11;4
230,5,2.163239491767288e-09,1.0485198328563323e-09,1.4977988151341481,1.1309075894224296,False,False,ieee14,5,2;6;9;11;4
231,5,1.469106036778679e-09,7.082077511934778e-10,0.6807676223044308,0.4059364753297472,False,False,ieee14,5,2;6;9;11;4
232,5,7.631827101685708e-09,5.36672949895052e-09,1.6299006168819061,1.195813134837517,False,False,ieee14,5,2;6;9;11;4
233,5,2.4970556742587803e-09,1.449604949308063e-09,1.2394655987930967,0.7637011494993131,False,False,ieee14,5,2;6;9;11;4
234,5,8.367948963655346e-09,5.49477124775415e-09,0.9052119609291889,0.39536053958455597,False,False,ieee14,5,2;6;9;11;4
235,5,3.0808878402519154e-09,2.2562601004309064e-09,0.576609605568744,0.284029998733631,False,False,ieee14,5,2;6;9;11;4
236,5,3.1364679687806645e-09,2.2577744713473544e-09,0.6185918983596599,0.3043339671371681,False,False,ieee14,5,2;6;9;11;4
237,5,2.4685865379417785e-09,1.5490205560147374e-09,0.7910930311279466,0.4395087721110855,False,False,ieee14,5,2;6;9;11;4
238,5,2.775991808799349e-12,1.312766220550159e-12,0.6941899286918968,0.44248434610122156,False,False,ieee14,5,2;6;9;11;4
239,5,6.320643789014256e-08,5.1294547697165616e-08,1.8640925773314754,0.6202727794400319,False,False,ieee14,5,2;6;9;11;4
240,5,1.8467624154113515e-08,1.0418600323716554e-08,1.7894251737199214,0.5081168640041442,False,False,ieee14,5,2;6;9;11;4
241,5,8.762364354331672e-08,6.257939904185554e-08,3.236810276205601,1.452326044358447,False,False,ieee14,5,2;6;9;11;4
242,5,2.821943101401387e-08,1.3795053216708131e-08,1.3216049519358977,0.546299956134551,False,False,ieee14,5,2;6;9;11;4
243,5,2.874030964909576e-08,2.1234323694602953e-08,2.30773549967205,0.6931408946894432,False,False,ieee14,5,2;6;9;11;4
244,5,4.9478027876523696e-08,3.564803603171185e-08,3.164242664191332,1.7484718405655404,False,False,ieee14,5,2;6;9;11;4
245,5,1.2775562066538454e-08,7.000735100371405e-09,2.417195062111283,1.038962743836772,False,False,ieee14,5,2;6;9;11;4
246,5,3.965112569148079e-08,2.655373619054362e-08,2.301874279975515,0.9941487555703679,False,False,ieee14,5,2;6;9;11;4
247,5,1.1672978662402265e-08,8.544564869736499e-09,1.4112409106185895,0.4989333532930602,False,False,ieee14,5,2;6;9;11;4
248,5,1.566790023009242e-08,1.1183452054817593e-08,1.7359182602735932,0.5701110593985752,False,False,ieee14,5,2;6;9;11;4
249,5,9.018167699659498e-09,5.510566956094533e-09,1.607416732962193,0.7030724396232679,False,False,ieee14,5,2;6;9;11;4
250,5,6.320622093647393e-08,5.129433173923663e-08,1.8642818687349343,0.6205403343754151,False,False,ieee14,5,2;6;9;11;4
251,5,1.846739093704721e-08,1.041846479044112e-08,1.7893773448004575,0.5081133534545834,False,False,ieee14,5,2;6;9;11;4
252,5,8.762514514846308e-08,6.258044280136997e-08,3.246494867916552,1.4595665439779406,False,False,ieee14,5,2;6;9;11;4
253,5,2.8220131681298288e-08,1.3795538945313947e-08,1.3212941679636965,0.5462975339878892,False,False,ieee14,5,2;6;9;11;4
254,5,2.8740631993858397e-08,2.123455907580631e-08,2.307625178568567,0.6931427318372537,False,False,ieee14,5,2;6;9;11;4
255,5,4.947776516814575e-08,3.564785703934753e-08,3.1645850494201695,1.7487390045126532,False,False,ieee14,5,2;6;9;11;4
256,5,1.2775674538055852e-08,7.00078940486497e-09,2.4164615014276603,1.0383583610493843,False,False,ieee14,5,2;6;9;11;4
257,5,3.965197743540688e-08,2.6554279417070338e-08,2.30215787280683,0.9941773475976495,False,False,ieee14,5,2;6;9;11;4
258,5,1.167318142718338e-08,8.544702962338225e-09,1.4112569906399783,0.49894040189785693,False,False,ieee14,5,2;6;9;11;4
259,5,1.5668054399322035e-08,1.1183558227592322e-08,1.7358838793094957,0.5700724448387557,False,False,ieee14,5,2;6;9;11;4
260,5,9.018224979946823e-09,5.510598811498858e-09,1.6069815266107335,0.7027685259167924,False,False,ieee14,5,2;6;9;11;4
261,5,8.448086197144137e-10,5.496907124580516e-10,0.6925036578642431,0.42749096251502494,False,False,ieee14,5,2;6;9;11;4
262,5,4.740465613844005e-10,2.586622176557263e-10,0.6947077077913694,0.42738376906070097,False,False,ieee14,5,2;6;9;11;4
263,5,6.390659897559696e-10,3.7464855608395073e-10,0.6960734126515756,0.4297380971835296,False,False,ieee14,5,2;6;9;11;4
264,5,2.762132419141015e-09,1.9605868448048065e-09,0.6908581453677806,0.4214258907053241,False,False,ieee14,5,2;6;9;11;4
265,5,8.837709947143759e-10,4.5693826547527927e-10,0.6941192344412432,0.42348859142552464,False,False,ieee14,5,2;6;9;11;4
266,5,1.199186774429695e-09,8.892069239555078e-10,0.7606972544352011,0.44316371328967974,False,False,ieee14,5,2;6;9;11;4
267,5,7.27871211158843e-10,3.545415444454048e-10,1.1519260827061992,0.8501229422190077,False,False,ieee14,5,2;6;9;11;4
268,5,5.000362435774897e-10,2.423219461717637e-10,0.8151226273829547,0.5140746647977255,False,False,ieee14,5,2;6;9;11;4
269,5,2.5612751470531333e-09,1.7992227072119077e-09,1.3115342798186291,0.9471476291311947,False,False,ieee14,5,2;6;9;11;4
270,5,8.383443112628381e-10,4.87485166816464e-10,1.094030905169507,0.7000808091919046,False,False,ieee14,5,2;6;9;11;4
271,5,2.8110345574488257e-09,1.8447125622115434e-09,0.9066781370578394,0.4943685356479617,False,False,ieee14,5,2;6;9;11;4
272,5,1.0407997783389655e-09,7.625432546990294e-10,0.7258448440881705,0.434304857003305,False,False,ieee14,5,2;6;9;11;4
273,5,1.055986511237845e-09,7.602867640867074e-10,0.748940762602006,0.44389229406534936,False,False,ieee14,5,2;6;9;11;4
274,5,8.316595599501015e-10,5.22541738187029e-10,0.8466230473932782,0.5175092557483323,False,False,ieee14,5,2;6;9;11;4
275,5,1.3278261946775586e-09,8.739713718270469e-10,0.6986039368409813,0.42363812683170976,False,False,ieee14,5,2;6;9;11;4
276,5,8.135938210128861e-10,3.975379175835673e-10,0.7020892368915004,0.4235988494924956,False,False,ieee14,5,2;6;9;11;4
277,5,9.924052140239403e-10,5.87418729737926e-10,0.7030251860555368,0.4266838974789027,False,False,ieee14,5,2;6;9;11;4
278,5,4.480200671181231e-09,3.2262604452592494e-09,0.699264149060381,0.4165058030305333,False,False,ieee14,5,2;6;9;11;4
279,5,1.381114639952355e-09,7.229582686393533e-10,0.7026824363452434,0.4189323140406003,False,False,ieee14,5,2;6;9;11;4
280,5,1.519425050055757e-09,1.0410558286716248e-09,0.7705302106831171,0.4418738335537007,False,False,ieee14,5,2;6;9;11;4
281,5,1.1267357644034934e-09,5.483542142543814e-10,1.0673077608836028,0.7507855620007444,False,False,ieee14,5,2;6;9;11;4
282,5,7.625445172666764e-10,3.6948441932878935e-10,0.8210687294219061,0.5173603370489472,False,False,ieee14,5,2;6;9;11;4
283,5,4.1749419090182356e-09,2.990125342789952e-09,1.1657997396596267,0.8013815583872588,False,False,ieee14,5,2;6;9;11;4
284,5,1.303397406151222e-09,7.618967796672457e-10,1.079728116719298,0.6920085627392762,False,False,ieee14,5,2;6;9;11;4
285,5,4.684093930677602e-09,3.173203388249072e-09,0.9080213015614682,0.4998079175333181,False,False,ieee14,5,2;6;9;11;4
286,5,1.6299957379156054e-09,1.2031516083317106e-09,0.7407588849849462,0.4327118788672524,False,False,ieee14,5,2;6;9;11;4
287,5,1.6560096776512541e-09,1.2011429537988046e-09,0.7623691768680454,0.44346341699895864,False,False,ieee14,5,2;6;9;11;4
288,5,1.292513143465493e-09,8.179461754309922e-10,0.864112437696046,0.5256850653983218,False,False,ieee14,5,2;6;9;11;4
289,5,1.683337122645639e-09,1.093183210566973e-09,0.7005830741849565,0.4174565476695271,False,False,ieee14,5,2;6;9;11;4
290,5,9.972377713761969e-10,5.124369381399805e-10,0.7052252774461892,0.41744994798275736,False,False,ieee14,5,2;6;9;11;4
291,5,1.270956103449252e-09,7.426242386032856e-10,0.706950095835535,0.4217873645589989,False,False,ieee14,5,2;6;9;11;4
292,5,5.505789234650486e-09,3.913113194055309e-09,0.7016877950946644,0.408201041498923,False,False,ieee14,5,2;6;9;11;4
293,5,1.7571325008991092e-09,9.078362926488481e-10,0.7058688109241715,0.4112272704811546,False,False,ieee14,5,2;6;9;11;4
294,5,2.36387978143324e-09,1.7472869733277979e-09,0.7872201935678794,0.4356045706799594,False,False,ieee14,5,2;6;9;11;4
295,5,1.4467747553589366e-09,7.034705859395166e-10,1.3002354803218017,0.9574344224117952,False,False,ieee14,5,2;6;9;11;4
296,5,9.886321389442346e-10,4.782277105982801e-10,0.8322883973914537,0.5142287707076101,False,False,ieee14,5,2;6;9;11;4
297,5,5.104193480630743e-09,3.588171982747476e-09,1.4352207012359233,1.0300952047544278,False,False,ieee14,5,2;6;9;11;4
298,5,1.6688226030497279e-09,9.703507716331734e-10,1.1849239583297018,0.7438361565318194,False,False,ieee14,5,2;6;9;11;4
299,5,5.597346605593938e-09,3.6752076478756904e-09,0.9676901995286115,0.497895730330971,False,False,ieee14,5,2;6;9;11;4
300,5,2.0655042392773504e-09,1.5131427317756858e-09,0.7521441621152896,0.427032763104535,False,False,ieee14,5,2;6;9;11;4
301,5,2.099175092771287e-09,1.511377386354926e-09,0.7766930254290645,0.43768853548017495,False,False,ieee14,5,2;6;9;11;4
302,5,1.6532461269361017e-09,1.0386893318462733e-09,0.8922115630334978,0.5273658527422616,False,False,ieee14,5,2;6;9;11;4
303,5,2.5206461993528387e-09,1.637364039694899e-09,0.7085762279584156,0.4072195162944059,False,False,ieee14,5,2;6;9;11;4
304,5,1.5610821841204827e-09,7.622287226111468e-10,0.7155624870548606,0.4072587485840147,False,False,ieee14,5,2;6;9;11;4
305,5,1.898615915660876e-09,1.1089299787300227e-09,0.7178179428681376,0.4136422069763035,False,False,ieee14,5,2;6;9;11;4
306,5,8.243985788848548e-09,5.863351390292909e-09,0.7114303540441084,0.39399678892833423,False,False,ieee14,5,2;6;9;11;4
307,5,2.6307694324787354e-09,1.358523008382086e-09,0.7176913635537194,0.39844055310594273,False,False,ieee14,5,2;6;9;11;4
308,5,3.454832162939506e-09,2.5318092221978396e-09,0.84956692587862,0.43820377412394396,False,False,ieee14,5,2;6;9;11;4
309,5,2.165189642943878e-09,1.0494661598261688e-09,1.780704955808861,1.340140019550831,False,False,ieee14,5,2;6;9;11;4
310,5,1.470934839369935e-09,7.090720567270858e-10,0.9152987253802315,0.5594757456134307,False,False,ieee14,5,2;6;9;11;4
311,5,7.633466325952088e-09,5.366521766971437e-09,1.9305329317123798,1.4136768356617622,False,False,ieee14,5,2;6;9;11;4
312,5,2.4989171918676634e-09,1.4504923828158062e-09,1.5071589354295765,0.9424754966365656,False,False,ieee14,5,2;6;9;11;4
313,5,8.369579400344726e-09,5.4945976048431835e-09,1.1418525278347431,0.5403247559714053,False,False,ieee14,5,2;6;9;11;4
314,5,3.0826471941590873e-09,2.257097372922263e-09,0.7908344113606807,0.42366717130811526,False,False,ieee14,5,2;6;9;11;4
315,5,3.1382343777125266e-09,2.2586155765381465e-09,0.8323110375151226,0.4419319158985615,False,False,ieee14,5,2;6;9;11;4
316,5,2.4703934491259617e-09,1.5498784761388597e-09,1.0198422718849838,0.5874394270325123,False,False,ieee14,5,2;6;9;11;4
317,5,2.845256521575992e-12,1.4205239752170472e-12,0.2525610017476515,0.14506080457205228,False,False,ieee14,5,2;6;9;11;4
318,5,6.320533404975614e-08,5.129254105204462e-08,1.5292380524915665,0.6202902625898595,False,False,ieee14,5,2;6;9;11;4
319,5,1.8468911356113568e-08,1.0418721791534904e-08,1.407622687313065,0.3675949452104965,False,False,ieee14,5,2;6;9;11;4
320,5,8.762067670214392e-08,6.257605693950152e-08,1.5288699611685308,0.6206006864004826,False,False,ieee14,5,2;6;9;11;4
321,5,2.8220040207467545e-08,1.3794968230745276e-08,1.4766951493555984,0.5463428749060805,False,False,ieee14,5,2;6;9;11;4
322,5,2.874076204542377e-08,2.1233728762271465e-08,1.974620455575425,0.6791108407300314,False,False,ieee14,5,2;6;9;11;4
323,5,4.948907791398339e-08,3.565504502348032e-08,3.255643499391143,1.8251470881795444,False,False,ieee14,5,2;6;9;11;4
324,5,1.2778720217453013e-08,7.002222381200521e-09,2.3441652974866702,0.9926882900104835,False,False,ieee14,5,2;6;9;11;4
325,5,3.9654605569163395e-08,2.6554843674730463e-08,1.9775120463410076,0.9145058223888802,False,False,ieee14,5,2;6;9;11;4
326,5,1.1674489485347903e-08,8.545146815135025e-09,1.0223151311504783,0.3053168121554429,False,False,ieee14,5,2;6;9;11;4
327,5,1.5669620175829305e-08,1.1184131788603251e-08,1.34578577050921,0.40205748157801585,False,False,ieee14,5,2;6;9;11;4
328,5,9.020278014828632e-09,5.511509203386114e-09,1.3424875019050824,0.5226414782879001,False,False,ieee14,5,2;6;9;11;4
329,5,6.320512892523649e-08,5.129232999565995e-08,1.527083494531269,0.6205580039941937,False,False,ieee14,5,2;6;9;11;4
330,5,1.8468687523294054e-08,1.04185909700092e-08,1.4225638800215135,0.3675892087272013,False,False,ieee14,5,2;6;9;11;4
331,5,8.762217430915404e-08,6.25770958912602e-08,1.5262421653321208,0.6206001920835161,False,False,ieee14,5,2;6;9;11;4
332,5,2.8220763641438922e-08,1.3795465171559294e-08,1.4764512110098993,0.546340766792235,False,False,ieee14,5,2;6;9;11;4
333,5,2.874108499629931e-08,2.1233964806588946e-08,1.9745853963336266,0.6791146541276365,False,False,ieee14,5,2;6;9;11;4
334,5,4.948882902929567e-08,3.565485358101032e-08,3.259796451197814,1.8280468348346681,False,False,ieee14,5,2;6;9;11;4
335,5,1.2778823497319377e-08,7.002273303283176e-09,2.344665864257534,0.9931227647427737,False,False,ieee14,5,2;6;9;11;4
336,5,3.9655457125472853e-08,2.6555385741708793e-08,1.9776797931542376,0.9144181491924414,False,False,ieee14,5,2;6;9;11;4
337,5,1.1674691940344884e-08,8.545284795943772e-09,1.02230443972064,0.3053176504670673,False,False,ieee14,5,2;6;9;11;4
338,5,1.566977424130796e-08,1.1184237813834803e-08,1.3456027601474208,0.4020727174332908,False,False,ieee14,5,2;6;9;11;4
339,5,9.02033345327618e-09,5.511540386026791e-09,1.3429412172675148,0.5229395413947897,False,False,ieee14,5,2;6;9;11;4
340,5,8.458948407107618e-10,5.496961730784465e-10,0.25411126918035265,0.1328973536057383,False,False,ieee14,5,2;6;9;11;4
341,5,4.750028898379836e-10,2.591421287568263e-10,0.2668202427641462,0.14039588929941837,False,False,ieee14,5,2;6;9;11;4
342,5,6.401998538942303e-10,3.746847081244663e-10,0.2680883210965229,0.14237374751628784,False,False,ieee14,5,2;6;9;11;4
343,5,2.7626644998117943e-09,1.960270440172494e-09,0.2674751718679239,0.13777168432099263,False,False,ieee14,5,2;6;9;11;4
344,5,8.848697935406146e-10,4.5695724114159543e-10,0.26849541287706324,0.13823076548092095,False,False,ieee14,5,2;6;9;11;4
345,5,1.1992496310855172e-09,8.886340119405458e-10,0.32625950402624493,0.15181800561957193,False,False,ieee14,5,2;6;9;11;4
346,5,7.286080310355527e-10,3.548019869476105e-10,0.7750279809903318,0.5861022509209166,False,False,ieee14,5,2;6;9;11;4
347,5,5.011014044123974e-10,2.4276973964043127e-10,0.38402246648692107,0.22635395525986612,False,False,ieee14,5,2;6;9;11;4
348,5,2.5613681182540456e-09,1.7986695247375863e-09,0.831555120756889,0.6104575313218712,False,False,ieee14,5,2;6;9;11;4
349,5,8.393553650103808e-10,4.878913589786585e-10,0.6406376161943651,0.3960409007540646,False,False,ieee14,5,2;6;9;11;4
350,5,2.81196588083457e-09,1.8446085266999373e-09,0.4618602475435878,0.21140916884005856,False,False,ieee14,5,2;6;9;11;4
351,5,1.0419025098772124e-09,7.629960056346314e-10,0.30028519230672,0.1489056070595669,False,False,ieee14,5,2;6;9;11;4
352,5,1.0570742881702304e-09,7.607296862424698e-10,0.3220466640009496,0.15849258809640387,False,False,ieee14,5,2;6;9;11;4
353,5,8.327182795853869e-10,5.229739032508445e-10,0.4073799658522034,0.22349997263225618,False,False,ieee14,5,2;6;9;11;4
354,5,1.3288972323394091e-09,8.739664429957089e-10,0.2754212568814668,0.14052198220216527,False,False,ieee14,5,2;6;9;11;4
355,5,8.143966178750587e-10,3.980074845703105e-10,0.27904788394493407,0.14058889656127582,False,False,ieee14,5,2;6;9;11;4
356,5,9.935195966869261e-10,5.874484237435573e-10,0.2787081260026989,0.1426362572222546,False,False,ieee14,5,2;6;9;11;4
357,5,4.48063669574144e-09,3.2258832007402032e-09,0.2816151393871015,0.1377127652269905,False,False,ieee14,5,2;6;9;11;4
358,5,1.3821806013576719e-09,7.22962803546772e-10,0.2832191335068386,0.13907885506310325,False,False,ieee14,5,2;6;9;11;4
359,5,1.5197687688107628e-09,1.0407523744475046e-09,0.32130605487205777,0.15051549813980714,False,False,ieee14,5,2;6;9;11;4
360,5,1.1279053983531858e-09,5.488140466723979e-10,0.5098196631974036,0.3292383650404531,False,False,ieee14,5,2;6;9;11;4
361,5,7.636605654307199e-10,3.699521754543966e-10,0.32962097461539086,0.18209226739417983,False,False,ieee14,5,2;6;9;11;4
362,5,4.175466088658355e-09,2.9898437408649027e-09,0.47041899805498344,0.2867382838688688,False,False,ieee14,5,2;6;9;11;4
363,5,1.304522217945739e-09,7.623533432791503e-10,0.4507459088264263,0.2513221789836113,False,False,ieee14,5,2;6;9;11;4
364,5,4.685166645236852e-09,3.173188636160944e-09,0.3982945524690098,0.179841569696628,False,False,ieee14,5,2;6;9;11;4
365,5,1.6310982244056547e-09,1.2035934922418965e-09,0.3101490293377632,0.14741423813412968,False,False,ieee14,5,2;6;9;11;4
366,5,1.6571003065620514e-09,1.201575913634364e-09,0.32014040001361665,0.152864575443038,False,False,ieee14,5,2;6;9;11;4
367,5,1.293668785746534e-09,8.184232876540597e-10,0.3696722320807846,0.19330200720064994,False,False,ieee14,5,2;6;9;11;4
368,5,1.6843785326506674e-09,1.0931646628938683e-09,0.268998416146065,0.1284346075957623,False,False,ieee14,5,2;6;9;11;4
369,5,9.979553978018965e-10,5.129000219312742e-10,0.2842237650945617,0.13603881552139008,False,False,ieee14,5,2;6;9;11;4
370,5,1.2720694522877073e-09,7.426551611159369e-10,0.2851907957969607,0.1394560072610196,False,False,ieee14,5,2;6;9;11;4
371,5,5.5061846480013115e-09,3.912713253084272e-09,0.2871676966071087,0.1316649301728925,False,False,ieee14,5,2;6;9;11;4
372,5,1.7581817674839793e-09,9.0783461715977e-10,0.28861382877889463,0.13276022570575763,False,False,ieee14,5,2;6;9;11;4
373,5,2.3640871620458576e-09,1.7468565352955641e-09,0.35094527624382,0.14644799710796064,False,False,ieee14,5,2;6;9;11;4
374,5,1.447869681119009e-09,7.038955439298048e-10,0.8232603348422429,0.6014616974642497,False,False,ieee14,5,2;6;9;11;4
375,5,9.89732288734702e-10,4.786859231984536e-10,0.3880126530796686,0.21604136549774466,False,False,ieee14,5,2;6;9;11;4
376,5,5.104738339692771e-09,3.5879188807378068e-09,0.8529598752583558,0.6059785602590846,False,False,ieee14,5,2;6;9;11;4
377,5,1.6699429918831937e-09,9.7080710801289e-10,0.6710114334615996,0.39400856592858724,False,False,ieee14,5,2;6;9;11;4
378,5,5.598408177648252e-09,3.675184273843984e-09,0.5027017000965929,0.23011712289445363,False,False,ieee14,5,2;6;9;11;4
379,5,2.066600581517351e-09,1.5135784586108368e-09,0.3310611311549152,0.14624729142117832,False,False,ieee14,5,2;6;9;11;4
380,5,2.100260191779551e-09,1.5118055156611811e-09,0.3505092120521539,0.15500300921010712,False,False,ieee14,5,2;6;9;11;4
381,5,1.6543785090039135e-09,1.0391538855829319e-09,0.43778598605911145,0.2231079852301363,False,False,ieee14,5,2;6;9;11;4
382,5,2.521639619058256e-09,1.6373193229325767e-09,0.28024803593997605,0.12092458334244216,False,False,ieee14,5,2;6;9;11;4
383,5,1.5615983276794917e-09,7.626737416134124e-10,0.29742957845618045,0.12820149821493154,False,False,ieee14,5,2;6;9;11;4
384,5,1.8997051204681024e-09,1.1089533309353313e-09,0.2987588429024485,0.1336293184715609,False,False,ieee14,5,2;6;9;11;4
385,5,8.244259031396304e-09,5.862884489723213e-09,0.301703994194791,0.12132580620248756,False,False,ieee14,5,2;6;9;11;4
386,5,2.631765437542799e-09,1.3584996399561001e-09,0.30530666155100417,0.12360228193775424,False,False,ieee14,5,2;6;9;11;4
387,5,3.45512886760866e-09,2.5314739011000135e-09,0.4391882228398589,0.16960264352813192,False,False,ieee14,5,2;6;9;11;4
388,5,2.166422592811329e-09,1.049947398496081e-09,1.3877785917542718,1.044740832248349,False,False,ieee14,5,2;6;9;11;4
389,5,1.4719787585156572e-09,7.094944347850656e-10,0.500373266192564,0.2802190297938445,False,False,ieee14,5,2;6;9;11;4
390,5,7.634032052917511e-09,5.366318698152701e-09,1.5099368686472825,1.1042086830078537,False,False,ieee14,5,2;6;9;11;4
391,5,2.500029032484183e-09,1.450933655796036e-09,1.1013965020341412,0.6544805966927716,False,False,ieee14,5,2;6;9;11;4
392,5,8.370615955730186e-09,5.494563569477122e-09,0.7443290114436254,0.3689242383698801,False,False,ieee14,5,2;6;9;11;4
393,5,3.0837150969848128e-09,2.2575042431712942e-09,0.38157309209578016,0.14807208011124917,False,False,ieee14,5,2;6;9;11;4
394,5,3.1392878226812084e-09,2.2590132226271355e-09,0.4267128914692039,0.16771638702292058,False,False,ieee14,5,2;6;9;11;4
395,5,2.4715256323694905e-09,1.5503339848218776e-09,0.6083094159239075,0.30792774230412423,False,False,ieee14,5,2;6;9;11;4
396,5,2.489914374327453e-12,1.1799438565537594e-12,0.869595180698435,0.5691718690150547,False,False,ieee14,5,2;6;9;11;4
397,5,6.320741343438035e-08,5.129613236969508e-08,1.9071692674280936,0.6202725872309691,False,False,ieee14,5,2;6;9;11;4
398,5,1.8466786531901324e-08,1.0418375267675965e-08,1.9719869478095515,0.6332713265007286,False,False,ieee14,5,2;6;9;11;4
399,5,8.762788874333086e-08,6.258448056843176e-08,9.712092559122047,5.287752741399931,False,False,ieee14,5,2;6;9;11;4
400,5,2.8218893584798834e-08,1.3794983289240222e-08,1.4241026917936097,0.5462917845096065,False,False,ieee14,5,2;6;9;11;4
401,5,2.874173728944964e-08,2.123607914369822e-08,2.4770121944535237,0.7056373858599092,False,False,ieee14,5,2;6;9;11;4
402,5,4.948840814486476e-08,3.5657243474053835e-08,3.371745809315009,1.9140488010255614,False,False,ieee14,5,2;6;9;11;4
403,5,1.2775155873807268e-08,7.000876999569399e-09,2.634365395042302,1.2314051252311464,False,False,ieee14,5,2;6;9;11;4
404,5,3.9652454806476066e-08,2.6555439024743225e-08,2.4138651566904357,0.9964213029961854,False,False,ieee14,5,2;6;9;11;4
405,5,1.1672496945186602e-08,8.544450768851662e-09,1.6038993909604717,0.6346507177164582,False,False,ieee14,5,2;6;9;11;4
406,5,1.5667560804914698e-08,1.1183460555467825e-08,1.9095794041006293,0.6948439298659086,False,False,ieee14,5,2;6;9;11;4
407,5,9.017572454867765e-09,5.510401880766769e-09,1.7934487480051864,0.834087541466304,False,False,ieee14,5,2;6;9;11;4
408,5,6.320719635858393e-08,5.129591624976908e-08,1.9069654341309494,0.6205401335666463,False,False,ieee14,5,2;6;9;11;4
409,5,1.8466553367933327e-08,1.0418239685679996e-08,1.9719244117890784,0.6332534364356719,False,False,ieee14,5,2;6;9;11;4
410,5,8.762940172826671e-08,6.258553770645669e-08,9.752641127260206,5.311652728185241,False,False,ieee14,5,2;6;9;11;4
411,5,2.8219594151861738e-08,1.3795468943569879e-08,1.4235538549819604,0.546289362232908,False,False,ieee14,5,2;6;9;11;4
412,5,2.8742059913757007e-08,2.123631478529646e-08,2.4770132027244864,0.7056266471183208,False,False,ieee14,5,2;6;9;11;4
413,5,4.9488158784763363e-08,3.5657074636523234e-08,3.3720059595644774,1.9142538329713055,False,False,ieee14,5,2;6;9;11;4
414,5,1.2775264793404747e-08,7.0009302517855564e-09,2.6343479898137163,1.231403659376178,False,False,ieee14,5,2;6;9;11;4
415,5,3.965330299932131e-08,2.6555979529564833e-08,2.4138015151078918,0.9963930463757552,False,False,ieee14,5,2;6;9;11;4
416,5,1.1672699795671751e-08,8.544588890755538e-09,1.6038872017531638,0.6346422022575755,False,False,ieee14,5,2;6;9;11;4
417,5,1.5667714985776424e-08,1.1183566641729616e-08,1.9094155878281003,0.6947125644402357,False,False,ieee14,5,2;6;9;11;4
418,5,9.017554543466151e-09,5.510396379117736e-09,1.7913792365389012,0.8321124058913996,False,False,ieee14,5,2;6;9;11;4
419,5,8.442755039448544e-10,5.495676214397322e-10,0.8671131375532116,0.5531183245855289,False,False,ieee14,5,2;6;9;11;4
420,5,4.735765237414175e-10,2.5838225499687357e-10,0.8691137405365164,0.5528589419162164,False,False,ieee14,5,2;6;9;11;4
421,5,6.385199719277768e-10,3.745149892379585e-10,0.8705829457278367,0.5553223240161207,False,False,ieee14,5,2;6;9;11;4
422,5,2.761730090912789e-09,1.9606711753051163e-09,0.8647913822883292,0.5463219123307572,False,False,ieee14,5,2;6;9;11;4
423,5,8.832382945903588e-10,4.568112920161104e-10,0.8678273086089124,0.5484700649700072,False,False,ieee14,5,2;6;9;11;4
424,5,1.199202779561204e-09,8.89491384922907e-10,0.9212182583997519,0.5652036843022914,False,False,ieee14,5,2;6;9;11;4
425,5,7.273263513389799e-10,3.5425852204171543e-10,1.2159509136700244,0.9006175410996666,False,False,ieee14,5,2;6;9;11;4
426,5,4.994944856713183e-10,2.420458659259502e-10,0.9746161640067329,0.6306732122906828,False,False,ieee14,5,2;6;9;11;4
427,5,2.560909428902196e-09,1.7993157774521486e-09,1.40234163141418,1.0169642521328617,False,False,ieee14,5,2;6;9;11;4
428,5,8.377960426225702e-10,4.872080005444269e-10,1.2096497658065424,0.7941505175468377,False,False,ieee14,5,2;6;9;11;4
429,5,2.810546569143717e-09,1.8447604507345441e-09,1.0434717207136681,0.6090563238652267,False,False,ieee14,5,2;6;9;11;4
430,5,1.040259326592281e-09,7.622736157942557e-10,0.8942794090211332,0.5579542586720396,False,False,ieee14,5,2;6;9;11;4
431,5,1.0554474420189951e-09,7.600176876063009e-10,0.9122836553848809,0.5655947256886102,False,False,ieee14,5,2;6;9;11;4
432,5,8.31113851855257e-10,5.222666651483119e-10,0.9975283544607135,0.6302116976460839,False,False,ieee14,5,2;6;9;11;4
433,5,1.327311676348772e-09,8.73862170304199e-10,0.8733043029039105,0.5493279549536092,False,False,ieee14,5,2;6;9;11;4
434,5,8.131932742058933e-10,3.972612885638367e-10,0.8767581652461256,0.5492573202758837,False,False,ieee14,5,2;6;9;11;4
435,5,9.91864560316377e-10,5.8728800666299e-10,0.8778228322619456,0.5524708906039923,False,False,ieee14,5,2;6;9;11;4
436,5,4.479850423248603e-09,3.226382553498799e-09,0.8736841934714447,0.5418211062684255,False,False,ieee14,5,2;6;9;11;4
437,5,1.3806001802767924e-09,7.228381944491758e-10,0.8768350388436325,0.5443038780102711,False,False,ieee14,5,2;6;9;11;4
438,5,1.5193881465207329e-09,1.0412830268533896e-09,0.9296846694881653,0.5626752571573002,False,False,ieee14,5,2;6;9;11;4
439,5,1.1263402561598574e-09,5.481459087400945e-10,1.1241418098959546,0.794108300456214,False,False,ieee14,5,2;6;9;11;4
440,5,7.620340194454782e-10,3.692267138324862e-10,0.9705777514047876,0.6255902975792613,False,False,ieee14,5,2;6;9;11;4
441,5,4.17482752215101e-09,2.990382551940918e-09,1.2547463671982513,0.8679020179044052,False,False,ieee14,5,2;6;9;11;4
442,5,1.3029302479461325e-09,7.616710746164449e-10,1.1828881124584094,0.771554505507926,False,False,ieee14,5,2;6;9;11;4
443,5,4.6837738679562074e-09,3.17335608948387e-09,1.0428921889271803,0.6097710815110797,False,False,ieee14,5,2;6;9;11;4
444,5,1.629491685438919e-09,1.202915076964314e-09,0.9089208285991172,0.5561330565535301,False,False,ieee14,5,2;6;9;11;4
445,5,1.6555145199942822e-09,1.2009117762205049e-09,0.9243812472608833,0.5640540289220823,False,False,ieee14,5,2;6;9;11;4
446,5,1.2920308216064055e-09,8.177160253211507e-10,1.0078726612458802,0.6321392976034594,False,False,ieee14,5,2;6;9;11;4
447,5,1.6828235704238062e-09,1.0930738463090252e-09,0.8753419919832564,0.5429610800669658,False,False,ieee14,5,2;6;9;11;4
448,5,9.968741886693997e-10,5.121603084261627e-10,0.8797834369870939,0.542802781884361,False,False,ieee14,5,2;6;9;11;4
449,5,1.2704150803459346e-09,7.424923117265395e-10,0.8815964714443564,0.5472476212747392,False,False,ieee14,5,2;6;9;11;4
450,5,5.505450461278179e-09,3.9132458289659284e-09,0.8759419871128076,0.5330958155471952,False,False,ieee14,5,2;6;9;11;4
451,5,1.7566185996249787e-09,9.077161677207153e-10,0.8797375443860215,0.536094476628328,False,False,ieee14,5,2;6;9;11;4
452,5,2.363908873840564e-09,1.7475823609514602e-09,0.9447815866379413,0.5562554458996083,False,False,ieee14,5,2;6;9;11;4
453,5,1.4463711155261596e-09,7.032605431039198e-10,1.3356663267649371,0.9861603559234895,False,False,ieee14,5,2;6;9;11;4
454,5,9.88118174083938e-10,4.779688532339629e-10,0.98527589206296,0.6256116361949053,False,False,ieee14,5,2;6;9;11;4
455,5,5.104064091702541e-09,3.5884245912154384e-09,1.4985482221087028,1.077734564862671,False,False,ieee14,5,2;6;9;11;4
456,5,1.6683413899008424e-09,9.70118572372282e-10,1.2810087867080429,0.8234920954670524,False,False,ieee14,5,2;6;9;11;4
457,5,5.597004580252458e-09,3.675350941589619e-09,1.095521567984587,0.6081710718006252,False,False,ieee14,5,2;6;9;11;4
458,5,2.064991818335679e-09,1.5129010381284415e-09,0.9196127989020053,0.5500237385921938,False,False,ieee14,5,2;6;9;11;4
459,5,2.098670981815093e-09,1.5111407105198746e-09,0.9377233636176859,0.558055532910257,False,False,ieee14,5,2;6;9;11;4
460,5,1.6527506099933982e-09,1.0384521374967702e-09,1.0358019443324828,0.6346808285282448,False,False,ieee14,5,2;6;9;11;4
461,5,2.5201498820679074e-09,1.6372645808922362e-09,0.8827948345856669,0.532028834841672,False,False,ieee14,5,2;6;9;11;4
462,5,1.5608152592462292e-09,7.619571892311937e-10,0.8896389149596373,0.5319702673357494,False,False,ieee14,5,2;6;9;11;4
463,5,1.898081482733046e-09,1.1087996431743273e-09,0.8921660659552211,0.5386366878353432,False,False,ieee14,5,2;6;9;11;4
464,5,8.243696966997191e-09,5.863521766228236e-09,0.8856175821276234,0.5186067898268436,False,False,ieee14,5,2;6;9;11;4
465,5,2.6302670572766083e-09,1.3584075069395599e-09,0.8911164536273872,0.5227997306765351,False,False,ieee14,5,2;6;9;11;4
466,5,3.4547708464124167e-09,2.5320175094979923e-09,0.999637846013336,0.556616419550505,False,False,ieee14,5,2;6;9;11;4
467,5,2.164751012078822e-09,1.0492415223437924e-09,1.7918651107294084,1.3567508181964651,False,False,ieee14,5,2;6;9;11;4
468,5,1.4704194543268951e-09,7.088151616283629e-10,1.0661931316282627,0.6699729674006447,False,False,ieee14,5,2;6;9;11;4
469,5,7.633356252260238e-09,5.36679624125414e-09,1.9542738677240283,1.436790252895622,False,False,ieee14,5,2;6;9;11;4
470,5,2.4984273211387354e-09,1.4502625962963583e-09,1.576511456498441,1.0088051925498678,False,False,ieee14,5,2;6;9;11;4
471,5,8.369251620150308e-09,5.494759160325916e-09,1.2521786457624016,0.6458707960178731,False,False,ieee14,5,2;6;9;11;4
472,5,3.082136858651608e-09,2.2568642552765397e-09,0.954821550981801,0.545211580898346,False,False,ieee14,5,2;6;9;11;4
473,5,3.137734270284535e-09,2.2583889348627393e-09,0.9873151272417956,0.5598532533222147,False,False,ieee14,5,2;6;9;11;4
474,5,2.469887753288871e-09,1.5496425988816812e-09,1.153076077374989,0.68919924116874,False,False,ieee14,5,2;6;9;11;4
475,5,1.0017244949276316e-12,4.597337210947881e-13,0.5191622285575546,0.32304623055875936,False,False,ieee14,5,2;6;9;11;4
476,5,6.320659194097892e-08,5.129515860865246e-08,1.6388971211060892,0.620280428807649,False,False,ieee14,5,2;6;9;11;4
477,5,1.8466854273079216e-08,1.0418064827922559e-08,1.6501747414778776,0.41203710880315736,False,False,ieee14,5,2;6;9;11;4
478,5,8.762480165583426e-08,6.258155737585367e-08,3.105977323880629,1.3599727232693544,False,False,ieee14,5,2;6;9;11;4
479,5,2.821851510091237e-08,1.379447732674586e-08,1.3026546643935044,0.5463159300970503,False,False,ieee14,5,2;6;9;11;4
480,5,2.873971667176404e-08,2.1234265410073325e-08,2.163982854615444,0.686781023481056,False,False,ieee14,5,2;6;9;11;4
481,5,4.94823995674984e-08,3.565282649179114e-08,3.2221226676058388,1.8003504723800814,False,False,ieee14,5,2;6;9;11;4
482,5,1.277539185625609e-08,7.00076098977836e-09,2.4125367737853867,1.0529529323629856,False,False,ieee14,5,2;6;9;11;4
483,5,3.9649142996907465e-08,2.6553037966076537e-08,2.0811580387217345,0.9475975982513071,False,False,ieee14,5,2;6;9;11;4
484,5,1.1671978096855665e-08,8.544048679372312e-09,1.2213538803400028,0.3656321718946538,False,False,ieee14,5,2;6;9;11;4
485,5,1.5666827605014e-08,1.1182885430350497e-08,1.5319031094394004,0.42690748195275563,False,False,ieee14,5,2;6;9;11;4
486,5,9.016918836896017e-09,5.50992318062745e-09,1.4109886727219298,0.5646891640394054,False,False,ieee14,5,2;6;9;11;4
487,5,6.320637578023205e-08,5.129494368171596e-08,1.6389554162676276,0.6205479720958307,False,False,ieee14,5,2;6;9;11;4
488,5,1.8466620910177348e-08,1.0417929515213044e-08,1.6504424512769686,0.4122417232462945,False,False,ieee14,5,2;6;9;11;4
489,5,8.762629025268635e-08,6.258258577426029e-08,3.0325553665382374,1.3055318419228141,False,False,ieee14,5,2;6;9;11;4
490,5,2.8219215633161435e-08,1.3794963385445683e-08,1.3025677613694286,0.5463134817900389,False,False,ieee14,5,2;6;9;11;4
491,5,2.8740044023468754e-08,2.1234504608464717e-08,2.1634902386560317,0.6867845793270618,False,False,ieee14,5,2;6;9;11;4
492,5,4.9483576605631646e-08,3.5653668452194153e-08,3.2201848605502046,1.7995863773233853,False,False,ieee14,5,2;6;9;11;4
493,5,1.2775501384056151e-08,7.000814723507965e-09,2.413900495434521,1.0542276081918334,False,False,ieee14,5,2;6;9;11;4
494,5,3.9649998008732566e-08,2.6553583317394075e-08,2.0816139281811257,0.9476095929986658,False,False,ieee14,5,2;6;9;11;4
495,5,1.1672180278470672e-08,8.544186384407909e-09,1.221322164937829,0.36556770049402254,False,False,ieee14,5,2;6;9;11;4
496,5,1.5666981642190067e-08,1.1182991651290987e-08,1.5322727453586806,0.42714065894677766,False,False,ieee14,5,2;6;9;11;4
497,5,9.01694943524952e-09,5.5099413962708636e-09,1.4092961828573913,0.5630951279492313,False,False,ieee14,5,2;6;9;11;4
498,5,8.435778944453675e-10,5.48836896735407e-10,0.5133766042351482,0.3049533816233081,False,False,ieee14,5,2;6;9;11;4
499,5,4.731166808982973e-10,2.580120285999482e-10,0.5176046340753804,0.3064046768274107,False,False,ieee14,5,2;6;9;11;4
500,5,6.37845228178245e-10,3.738016377891261e-10,0.5192587831166355,0.30892502046048653,False,False,ieee14,5,2;6;9;11;4
501,5,2.7606790356299526e-09,1.960474804364879e-09,0.5127308263129504,0.2996788697102959,False,False,ieee14,5,2;6;9;11;4
502,5,8.825405439685392e-10,4.5609093475070757e-10,0.5163500865335313,0.30192422095161775,False,False,ieee14,5,2;6;9;11;4
503,5,1.1989987479846478e-09,8.895974952986544e-10,0.5869273475007959,0.3221099624099595,False,False,ieee14,5,2;6;9;11;4
504,5,7.265247980300197e-10,3.538268916782504e-10,1.0188769480266227,0.7577424537224327,False,False,ieee14,5,2;6;9;11;4
505,5,4.98784971451339e-10,2.4166028266528406e-10,0.63608087389094,0.3911511023735048,False,False,ieee14,5,2;6;9;11;4
506,5,2.5596651602404962e-09,1.7990360652233245e-09,1.1514574182100352,0.8339178729351133,False,False,ieee14,5,2;6;9;11;4
507,5,8.370848526323454e-10,4.868142604706321e-10,0.9309168941991921,0.5845141567672605,False,False,ieee14,5,2;6;9;11;4
508,5,2.80976322169472e-09,1.8446945142418974e-09,0.7404594943781654,0.37567351728157017,False,False,ieee14,5,2;6;9;11;4
509,5,1.0395669012360823e-09,7.618863975990299e-10,0.551086140431213,0.3139839242151281,False,False,ieee14,5,2;6;9;11;4
510,5,1.0547481459874504e-09,7.596257968630574e-10,0.5751230566442682,0.3236909692337371,False,False,ieee14,5,2;6;9;11;4
511,5,8.304190841503237e-10,5.218815242366818e-10,0.6739812890417036,0.3981932127726999,False,False,ieee14,5,2;6;9;11;4
512,5,1.3266219079580552e-09,8.731430461613566e-10,0.5182850290809825,0.30030494281526754,False,False,ieee14,5,2;6;9;11;4
513,5,8.128586273285484e-10,3.9688814392688016e-10,0.5216351353850474,0.3001488640950709,False,False,ieee14,5,2;6;9;11;4
514,5,9.91202791125054e-10,5.86587927298054e-10,0.5233767552465387,0.30381175792567205,False,False,ieee14,5,2;6;9;11;4
515,5,4.478775611175011e-09,3.2261627893690917e-09,0.5169376290198557,0.29172495480090066,False,False,ieee14,5,2;6;9;11;4
516,5,1.3798975248054147e-09,7.221238850803877e-10,0.521349069473418,0.2947556498549695,False,False,ieee14,5,2;6;9;11;4
517,5,1.5193396264455907e-09,1.041544104810246e-09,0.6028166885831149,0.32194373795700426,False,False,ieee14,5,2;6;9;11;4
518,5,1.1253109163764715e-09,5.476082732082162e-10,1.0718330520155397,0.7779452206327555,False,False,ieee14,5,2;6;9;11;4
519,5,7.612762779863584e-10,3.688137062970816e-10,0.6651309010645059,0.41163859804973146,False,False,ieee14,5,2;6;9;11;4
520,5,4.17326159961736e-09,2.9899034650221802e-09,1.1038875890831232,0.7766317345731286,False,False,ieee14,5,2;6;9;11;4
521,5,1.302123834474686e-09,7.612162811039995e-10,0.9812360522928375,0.6279326672515628,False,False,ieee14,5,2;6;9;11;4
522,5,4.68278598757698e-09,3.1731534038679063e-09,0.7655173352180752,0.39015928816239764,False,False,ieee14,5,2;6;9;11;4
523,5,1.6287705807447864e-09,1.2024986688308017e-09,0.5651347767976341,0.3108173792052238,False,False,ieee14,5,2;6;9;11;4
524,5,1.6547763281773567e-09,1.2004836212541212e-09,0.5918031807519659,0.3236662965937167,False,False,ieee14,5,2;6;9;11;4
525,5,1.291264400500839e-09,8.172803153950897e-10,0.7123450103395866,0.42043364800649097,False,False,ieee14,5,2;6;9;11;4
526,5,1.682117901124328e-09,1.0923435948303684e-09,0.5177584849874961,0.2923064508109685,False,False,ieee14,5,2;6;9;11;4
527,5,9.96623730942174e-10,5.11785128524282e-10,0.5240082429803107,0.2934989130967407,False,False,ieee14,5,2;6;9;11;4
528,5,1.2697494285304452e-09,7.417912403278141e-10,0.5266754399468737,0.2984868273482557,False,False,ieee14,5,2;6;9;11;4
529,5,5.504353032029864e-09,3.913013307320704e-09,0.5183131877533699,0.28278502080655143,False,False,ieee14,5,2;6;9;11;4
530,5,1.7559035791339857e-09,9.069966560583982e-10,0.5234909004023591,0.286385759270551,False,False,ieee14,5,2;6;9;11;4
531,5,2.363344537253064e-09,1.7473289399056562e-09,0.615422876280967,0.3139127180463648,False,False,ieee14,5,2;6;9;11;4
532,5,1.4451993126013482e-09,7.026421280905253e-10,1.24213797398098,0.9250449398307681,False,False,ieee14,5,2;6;9;11;4
533,5,9.873299759836504e-10,4.775389450229242e-10,0.663103144666332,0.3992407725539284,False,False,ieee14,5,2;6;9;11;4
534,5,5.1022833042320075e-09,3.5878047604363536e-09,1.328494389452684,0.9634049706435386,False,False,ieee14,5,2;6;9;11;4
535,5,1.6674789559895393e-09,9.696264908000548e-10,1.0569936496247498,0.6549895232946636,False,False,ieee14,5,2;6;9;11;4
536,5,5.595962399613992e-09,3.675122170059749e-09,0.8152498815351211,0.38399612765816005,False,False,ieee14,5,2;6;9;11;4
537,5,2.0642611810506355e-09,1.5124722980399486e-09,0.5752750547808433,0.3046114404666691,False,False,ieee14,5,2;6;9;11;4
538,5,2.097916382514208e-09,1.5106958089472823e-09,0.6032803072338623,0.3166221239522444,False,False,ieee14,5,2;6;9;11;4
539,5,1.6519524165271232e-09,1.037992201484617e-09,0.7303171153070418,0.4154319524854051,False,False,ieee14,5,2;6;9;11;4
540,5,2.5194331594010847e-09,1.636532988239147e-09,0.5242125848988013,0.28097317278298073,False,False,ieee14,5,2;6;9;11;4
541,5,1.5607727624664938e-09,7.615780792350865e-10,0.5330261502607377,0.2824140189613935,False,False,ieee14,5,2;6;9;11;4
542,5,1.8974221632881082e-09,1.1081101597761832e-09,0.5362462543856963,0.2894483061362798,False,False,ieee14,5,2;6;9;11;4
543,5,8.242566732757367e-09,5.863257864101037e-09,0.5254300894711051,0.26680743395205275,False,False,ieee14,5,2;6;9;11;4
544,5,2.6295428953215435e-09,1.357693595942258e-09,0.5328413929087715,0.27191674533402943,False,False,ieee14,5,2;6;9;11;4
545,5,3.4539410611837004e-09,2.5314930494354534e-09,0.6722387240544875,0.3139854136103768,False,False,ieee14,5,2;6;9;11;4
546,5,2.163284163823451e-09,1.0484598963488673e-09,1.6413222005632724,1.2359108136482073,False,False,ieee14,5,2;6;9;11;4
547,5,1.469582902760647e-09,7.083568746548788e-10,0.7228641224634961,0.42799880738249474,False,False,ieee14,5,2;6;9;11;4
548,5,7.631109724116845e-09,5.365855665388006e-09,1.7753112747249937,1.301289907344485,False,False,ieee14,5,2;6;9;11;4
549,5,2.4974506369853637e-09,1.4496908778640161e-09,1.3460703042720878,0.8279955771410128,False,False,ieee14,5,2;6;9;11;4
550,5,8.368058127757527e-09,5.494436149773271e-09,0.9727149199205916,0.43170732536041523,False,False,ieee14,5,2;6;9;11;4
551,5,3.0813984843069938e-09,2.256415405106291e-09,0.6116268965293542,0.29982729658446683,False,False,ieee14,5,2;6;9;11;4
552,5,3.1369546566822523e-09,2.2579111334760726e-09,0.6541442076570905,0.3182301005681929,False,False,ieee14,5,2;6;9;11;4
553,5,2.4690306498642645e-09,1.5491329333923951e-09,0.8434123654498752,0.4661262150851795,False,False,ieee14,5,2;6;9;11;4
1,14,6.61335699203229e-05,6.6133567775295e-05,1.5033440582654025,0.3497180628773644,False,False,ieee14,14,1;2;3;4;5;6;7;8;9;10;11;12;13;14
2,14,0.01183543974053033,0.011835337076158164,3.744038382406611,0.6202765173572714,False,False,ieee14,14,1;2;3;4;5;6;7;8;9;10;11;12;13;14
3,14,0.035390251734701575,0.035390184010297865,4.715274901778691,0.6203897811289573,False,False,ieee14,14,1;2;3;4;5;6;7;8;9;10;11;12;13;14
4,14,0.038824041074060935,0.03882391845205366,5.300315887984685,0.7594323436045682,False,False,ieee14,14,1;2;3;4;5;6;7;8;9;10;11;12;13;14
5,14,0.03497911222322884,0.03497898781350048,3.443660418207277,0.6261293784558086,False,False,ieee14,14,1;2;3;4;5;6;7;8;9;10;11;12;13;14
6,14,0.5421188047192181,0.5421187610325744,5.821612260432508,0.6866104114553112,False,False,ieee14,14,1;2;3;4;5;6;7;8;9;10;11;12;13;14
7,14,1.54091907723316,1.5409190096329173,8.763750324284567,1.8999744864786525,False,False,ieee14,14,1;2;3;4;5;6;7;8;9;10;11;12;13;14
8,14,1.0278070889015962,1.0278070355324134,7.147326694201055,1.483507141588913,False,False,ieee14,14,1;2;3;4;5;6;7;8;9;10;11;12;13;14
9,14,0.6107874788303539,0.6107874304151686,5.295177261305207,0.960424737135233,False,False,ieee14,14,1;2;3;4;5;6;7;8;9;10;11;12;13;14
10,14,0.2786522736739491,0.2786522353625972,4.0076926090901015,0.7057372982212003,False,False,ieee14,14,1;2;3;4;5;6;7;8;9;10;11;12;13;14
11,14,0.4326683275912484,0.432668275728207,4.894853079712044,0.7313298104574224,False,False,ieee14,14,1;2;3;4;5;6;7;8;9;10;11;12;13;14
12,14,0.574593881201809,0.5745938467329572,5.161465890496737,1.1246584992999558,False,False,ieee14,14,1;2;3;4;5;6;7;8;9;10;11;12;13;14
13,14,0.01183185380020821,0.011831751136084812,3.7435265435745073,0.6205440776331586,False,False,ieee14,14,1;2;3;4;5;6;7;8;9;10;11;12;13;14
14,14,0.03538909026001212,0.03538902253649337,4.714918044859246,0.6204928454845358,False,False,ieee14,14,1;2;3;4;5;6;7;8;9;10;11;12;13;14
15,14,0.038822533092806685,0.038822410468726226,5.300044678594897,0.7593465674639477,False,False,ieee14,14,1;2;3;4;5;6;7;8;9;10;11;12;13;14
16,14,0.0349763145808267,0.03497619016747505,3.4460170192644513,0.6261511988552606,False,False,ieee14,14,1;2;3;4;5;6;7;8;9;10;11;12;13;14
17,14,0.5421248373789188,0.5421247936917487,5.825332219020233,0.6866233103015905,False,False,ieee14,14,1;2;3;4;5;6;7;8;9;10;11;12;13;14
18,14,1.540908905362397,1.540908837762556,8.76316804302195,1.8999082131209957,False,False,ieee14,14,1;2;3;4;5;6;7;8;9;10;11;12;13;14
19,14,1.0278148007888033,1.0278147474191863,7.146937966322885,1.4835506453114904,False,False,ieee14,14,1;2;3;4;5;6;7;8;9;10;11;12;13;14
20,14,0.6107998635379687,0.610799815121753,5.303217241394322,0.9598461445441729,False,False,ieee14,14,1;2;3;4;5;6;7;8;9;10;11;12;13;14
21,14,0.27865698962885116,0.27865695131691703,4.009727981991968,0.7057238234948722,False,False,ieee14,14,1;2;3;4;5;6;7;8;9;10;11;12;13;14
22,14,0.4326721715310838,0.43267211966745944,4.911427695993799,0.7312041629440801,False,False,ieee14,14,1;2;3;4;5;6;7;8;9;10;11;12;13;14
23,14,0.5745976526218302,0.5745976181527431,5.163637602547931,1.1246963985509144,False,False,ieee14,14,1;2;3;4;5;6;7;8;9;10;11;12;13;14
24,14,0.0008540507931660656,0.0008540487821976084,1.4963054468794839,0.33010589285422665,False,False,ieee14,14,1;2;3;4;5;6;7;8;9;10;11;12;13;14
25,14,0.0006821131886403386,0.0006821116628777657,1.4954563582784355,0.32965553140771586,False,False,ieee14,14,1;2;3;4;5;6;7;8;9;10;11;12;13;14
26,14,0.0001119372395043712,0.0001119349192579,1.504490058696423,0.3316903124812671,False,False,ieee14,14,1;2;3;4;5;6;7;8;9;10;11;12;13;14
27,14,0.0005320384089937443,0.0005320345829390449,1.4830610017167816,0.3219196758716918,False,False,ieee14,14,1;2;3;4;5;6;7;8;9;10;11;12;13;14
28,14,0.001992424880260286,0.0019924209596240694,1.4950877043634854,0.32433853530828394,False,False,ieee14,14,1;2;3;4;5;6;7;8;9;10;11;12;13;14
29,14,0.02207516691349074,0.022075164949870302,1.6693051977946776,0.33551637020191594,False,False,ieee14,14,1;2;3;4;5;6;7;8;9;10;11;12;13;14
30,14,0.11468033140893244,0.11468032946652146,3.7727686580590825,1.4950648681494771,False,False,ieee14,14,1;2;3;4;5;6;7;8;9;10;11;12;13;14
31,14,0.02812127291691995,0.02812127127743763,2.1728041624552183,0.4843875504630222,False,False,ieee14,14,1;2;3;4;5;6;7;8;9;10;11;12;13;14
32,14,0.0774113366869748,0.07741133304206255,3.0527485073648615,0.8005034916484508,False,False,ieee14,14,1;2;3;4;5;6;7;8;9;10;11;12;13;14
33,14,0.06575694256327637,0.06575693893635531,2.6228220769421062,0.6190577692188913,False,False,ieee14,14,1;2;3;4;5;6;7;8;9;10;11;12;13;14
34,14,0.04377387900288254,0.04377387532747132,1.9528615285654323,0.3782939899842839,False,False,ieee14,14,1;2;3;4;5;6;7;8;9;10;11;12;13;14
35,14,0.023616058793938258,0.023616055276132225,1.5978212654617217,0.32231368783893766,False,False,ieee14,14,1;2;3;4;5;6;7;8;9;10;11;12;13;14
36,14,0.02839704060301893,0.028397036974535245,1.6934529877801672,0.33580340863196545,False,False,ieee14,14,1;2;3;4;5;6;7;8;9;10;11;12;13;14
37,14,0.050918461378627926,0.05091845805642778,2.0557995946850376,0.42330716670845425,False,False,ieee14,14,1;2;3;4;5;6;7;8;9;10;11;12;13;14
38,14,0.0013887885159993372,0.0013887854101100328,1.51473108058691,0.32483396237543083,False,False,ieee14,14,1;2;3;4;5;6;7;8;9;10;11;12;13;14
39,14,0.0011253110786509,0.0011253086554846858,1.5156539813107524,0.3247397669567289,False,False,ieee14,14,1;2;3;4;5;6;7;8;9;10;11;12;13;14
40,14,8.332909977686236e-05,8.332543378306023e-05,1.5290911805643226,0.32860505735455847,False,False,ieee14,14,1;2;3;4;5;6;7;8;9;10;11;12;13;14
41,14,0.0006941645806889343,0.0006941584745378815,1.5092745363409545,0.31627609093014364,False,False,ieee14,14,1;2;3;4;5;6;7;8;9;10;11;12;13;14
42,14,0.003114295976078973,0.0031142895753427657,1.521875759797805,0.3189076128251238,False,False,ieee14,14,1;2;3;4;5;6;7;8;9;10;11;12;13;14
43,14,0.03394103633117636,0.03394103366411258,1.6762875711292389,0.3313487281695573,False,False,ieee14,14,1;2;3;4;5;6;7;8;9;10;11;12;13;14
44,14,0.18584107221271234,0.18584106923895968,2.9753300185106735,0.9743570115121152,False,False,ieee14,14,1;2;3;4;5;6;7;8;9;10;11;12;13;14
45,14,0.04134009070948609,0.04134008828947677,2.067187996767084,0.5000258965897153,False,False,ieee14,14,1;2;3;4;5;6;7;8;9;10;11;12;13;14
46,14,0.12431714824291537,0.12431714243036626,2.6380882251138265,0.6730181721384594,False,False,ieee14,14,1;2;3;4;5;6;7;8;9;10;11;12;13;14
47,14,0.10510100653918,0.1051010006732511,2.379049968370216,0.4986657588285688,False,False,ieee14,14,1;2;3;4;5;6;7;8;9;10;11;12;13;14
48,14,0.0689621025938027,0.06896209660854571,1.9347097922786438,0.36693937371431384,False,False,ieee14,14,1;2;3;4;5;6;7;8;9;10;11;12;13;14
49,14,0.036484333248053814,0.03648432753301781,1.6660482186628598,0.32859698137359006,False,False,ieee14,14,1;2;3;4;5;6;7;8;9;10;11;12;13;14
50,14,0.044112318600082474,0.0441123127350663,1.7177477822445706,0.33277231364464965,False,False,ieee14,14,1;2;3;4;5;6;7;8;9;10;11;12;13;14
51,14,0.0808137466889004,0.08081374134019129,2.0056095348935954,0.37278084397082845,False,False,ieee14,14,1;2;3;4;5;6;7;8;9;10;11;12;13;14
52,14,0.0017528783313969095,0.0017528743161790705,1.5176473881053103,0.31734809582282786,False,False,ieee14,14,1;2;3;4;5;6;7;8;9;10;11;12;13;14
53,14,0.001419724906765978,0.0014197218079188278,1.5190352571135322,0.31758346434512896,False,False,ieee14,14,1;2;3;4;5;6;7;8;9;10;11;12;13;14
54,14,0.00015547396188198597,0.00015546935879662271,1.5368242974982214,0.32205503884424713,False,False,ieee14,14,1;2;3;4;5;6;7;8;9;10;11;12;13;14
55,14,0.0010034828173809045,0.0010034751872329273,1.508380268895756,0.30603505083796945,False,False,ieee14,14,1;2;3;4;5;6;7;8;9;10;11;12;13;14
56,14,0.00405780801624327,0.004057800187723587,1.5252065708602558,0.3095105583189355,False,False,ieee14,14,1;2;3;4;5;6;7;8;9;10;11;12;13;14
57,14,0.04410219677713953,0.044102192888596764,1.7253584963102089,0.3235728339872641,False,False,ieee14,14,1;2;3;4;5;6;7;8;9;10;11;12;13;14
58,14,0.22819301560852634,0.22819301174112677,4.215700898798303,1.6850617501791025,False,False,ieee14,14,1;2;3;4;5;6;7;8;9;10;11;12;13;14
59,14,0.055827128655356446,0.05582712541467627,2.2341900407282713,0.49206682130299617,False,False,ieee14,14,1;2;3;4;5;6;7;8;9;10;11;12;13;14
60,14,0.1542340528166711,0.15423404555077075,3.2498152988366464,0.8437594305273004,False,False,ieee14,14,1;2;3;4;5;6;7;8;9;10;11;12;13;14
61,14,0.13105320813012733,0.13105320090048034,2.775277544308886,0.6507233796556627,False,False,ieee14,14,1;2;3;4;5;6;7;8;9;10;11;12;13;14
62,14,0.08727567669680443,0.08727566937507794,2.0531728848918602,0.39001606855803317,False,False,ieee14,14,1;2;3;4;5;6;7;8;9;10;11;12;13;14
63,14,0.04713071987501145,0.04713071287992507,1.6896254250272034,0.31191237622924284,False,False,ieee14,14,1;2;3;4;5;6;7;8;9;10;11;12;13;14
64,14,0.05667022913808544,0.0566702219137534,1.7784444403196868,0.324564709530931,False,False,ieee14,14,1;2;3;4;5;6;7;8;9;10;11;12;13;14
65,14,0.10154141460187027,0.1015414079871991,2.1801942075453717,0.4589680612122474,False,False,ieee14,14,1;2;3;4;5;6;7;8;9;10;11;12;13;14
66,14,0.002453413137713235,0.0024534071565363025,1.5354553001906044,0.3048456020408805,False,False,ieee14,14,1;2;3;4;5;6;7;8;9;10;11;12;13;14
67,14,0.00198154640882036,0.0019815417044673767,1.537234147675869,0.3049246855381229,False,False,ieee14,14,1;2;3;4;5;6;7;8;9;10;11;12;13;14
68,14,0.0003282105344600928,0.0003282036712983494,1.5664410391272048,0.31277591967147655,False,False,ieee14,14,1;2;3;4;5;6;7;8;9;10;11;12;13;14
69,14,0.0016919649951499455,0.001691953569837673,1.5206646350223938,0.2875251707716946,False,False,ieee14,14,1;2;3;4;5;6;7;8;9;10;11;12;13;14
70,14,0.0059380764585906095,0.005938064729001186,1.5467105287480556,0.2924317160210048,False,False,ieee14,14,1;2;3;4;5;6;7;8;9;10;11;12;13;14
71,14,0.06583276393890912,0.0658327582091501,1.8967811110224309,0.3153471848233389,False,False,ieee14,14,1;2;3;4;5;6;7;8;9;10;11;12;13;14
72,14,0.34055158437108585,0.34055157858495066,6.311569011594926,2.6348476721070555,False,False,ieee14,14,1;2;3;4;5;6;7;8;9;10;11;12;13;14
73,14,0.08289564209148736,0.08289563733784211,2.7434244899157805,0.6106051228291607,False,False,ieee14,14,1;2;3;4;5;6;7;8;9;10;11;12;13;14
74,14,0.2297371087734262,0.2297370979100361,4.6404227649205785,1.2857590424003305,False,False,ieee14,14,1;2;3;4;5;6;7;8;9;10;11;12;13;14
75,14,0.19506304450344242,0.19506303369432043,3.756746085541838,0.950720397588958,False,False,ieee14,14,1;2;3;4;5;6;7;8;9;10;11;12;13;14
76,14,0.1298503238102366,0.1298503128691563,2.4827838409075693,0.48732283821389144,False,False,ieee14,14,1;2;3;4;5;6;7;8;9;10;11;12;13;14
77,14,0.0701608790991001,0.07016086866446794,1.8345039138844907,0.3033335471804879,False,False,ieee14,14,1;2;3;4;5;6;7;8;9;10;11;12;13;14
78,14,0.08436882295887259,0.08436881217021305,1.9790689950039608,0.31734324135809056,False,False,ieee14,14,1;2;3;4;5;6;7;8;9;10;11;12;13;14
79,14,0.1509448548824319,0.15094484501119812,2.679039154595467,0.6411360248361292,False,False,ieee14,14,1;2;3;4;5;6;7;8;9;10;11;12;13;14
80,14,0.00010386119292310748,0.00010386118975749814,2.155584630907391,0.5735520754201948,False,False,ieee14,14,1;2;3;4;5;6;7;8;9;10;11;12;13;14
81,14,0.012012773393710968,0.012012670728805186,4.32558615441941,0.6202706915576761,False,False,ieee14,14,1;2;3;4;5;6;7;8;9;10;11;12;13;14
82,14,0.035507732552292476,0.035507664828074964,5.3185003006250255,0.6407791309327542,False,False,ieee14,14,1;2;3;4;5;6;7;8;9;10;11;12;13;14
83,14,0.0391766568861632,0.03917653426203277,7.053462654291021,1.3135295838324672,False,False,ieee14,14,1;2;3;4;5;6;7;8;9;10;11;12;13;14
84,14,0.03475369929545012,0.03475357488455491,3.395442091531947,0.6261325150448035,False,False,ieee14,14,1;2;3;4;5;6;7;8;9;10;11;12;13;14
85,14,0.5420068549118849,0.5420068112246443,6.371273307053449,0.6900897019438554,False,False,ieee14,14,1;2;3;4;5;6;7;8;9;10;11;12;13;14
86,14,1.5409691964560586,1.5409691288515466,8.647739307744596,1.859691945775986,False,False,ieee14,14,1;2;3;4;5;6;7;8;9;10;11;12;13;14
87,14,1.0277945277704121,1.0277944744001695,7.089921923476855,1.4623403161151383,False,False,ieee14,14,1;2;3;4;5;6;7;8;9;10;11;12;13;14
88,14,0.6107130090319032,0.6107129606154592,5.81564613422313,0.9665185336070289,False,False,ieee14,14,1;2;3;4;5;6;7;8;9;10;11;12;13;14
89,14,0.27857921119066725,0.27857917287889733,4.623465915654797,0.7067095624833216,False,False,ieee14,14,1;2;3;4;5;6;7;8;9;10;11;12;13;14
90,14,0.43258410702826194,0.43258405516476817,5.480099900635466,0.7335234893464228,False,False,ieee14,14,1;2;3;4;5;6;7;8;9;10;11;12;13;14
91,14,0.5745068717421675,0.574506837273669,5.586817681457233,1.1386128066995624,False,False,ieee14,14,1;2;3;4;5;6;7;8;9;10;11;12;13;14
92,14,0.012009198493508748,0.012009095828851762,4.325769453220692,0.6205382394472664,False,False,ieee14,14,1;2;3;4;5;6;7;8;9;10;11;12;13;14
93,14,0.03550658233359492,0.03550651461026244,5.3190052687428695,0.640849312445674,False,False,ieee14,14,1;2;3;4;5;6;7;8;9;10;11;12;13;14
94,14,0.0391752262331452,0.03917510360694104,7.091772617951596,1.324979037436154,False,False,ieee14,14,1;2;3;4;5;6;7;8;9;10;11;12;13;14
95,14,0.03475123805000729,0.03475111363548908,3.394966378335014,0.6261542795067536,False,False,ieee14,14,1;2;3;4;5;6;7;8;9;10;11;12;13;14
96,14,0.5420126682933232,0.5420126246055823,6.3716468998912745,0.6901173848406756,False,False,ieee14,14,1;2;3;4;5;6;7;8;9;10;11;12;13;14
97,14,1.540959634193321,1.5409595665891236,8.641356767843023,1.8582451976858068,False,False,ieee14,14,1;2;3;4;5;6;7;8;9;10;11;12;13;14
98,14,1.0278013681107527,1.0278013147401182,7.088969103191569,1.4624651324804834,False,False,ieee14,14,1;2;3;4;5;6;7;8;9;10;11;12;13;14
99,14,0.6107266867451141,0.6107266383275758,5.815026368722401,0.9664445149984524,False,False,ieee14,14,1;2;3;4;5;6;7;8;9;10;11;12;13;14
100,14,0.278583985586663,0.27858394727431246,4.623737148282575,0.7066925394352989,False,False,ieee14,14,1;2;3;4;5;6;7;8;9;10;11;12;13;14
101,14,0.4325881476344833,0.432588095770415,5.48400121777324,0.7332617315755134,False,False,ieee14,14,1;2;3;4;5;6;7;8;9;10;11;12;13;14
102,14,0.5745103241403067,0.5745102896715922,5.587764775826106,1.1387004771071412,False,False,ieee14,14,1;2;3;4;5;6;7;8;9;10;11;12;13;14
103,14,0.0008157668736214157,0.0008157648629600334,2.141598313891803,0.5509120383234558,False,False,ieee14,14,1;2;3;4;5;6;7;8;9;10;11;12;13;14
104,14,0.0006437428653577293,0.0006437413397271385,2.1403822202300296,0.5502428599133369,False,False,ieee14,14,1;2;3;4;5;6;7;8;9;10;11;12;13;14
105,14,0.00015061728141461738,0.00015061496118295992,2.151776194876951,0.5533483824766972,False,False,ieee14,14,1;2;3;4;5;6;7;8;9;10;11;12;13;14
106,14,0.0005710779517235822,0.000571074125571891,2.126029819484086,0.5416566386318147,False,False,ieee14,14,1;2;3;4;5;6;7;8;9;10;11;12;13;14
107,14,0.001953789386625474,0.001953785466036473,2.137562546859117,0.5441286893435544,False,False,ieee14,14,1;2;3;4;5;6;7;8;9;10;11;12;13;14
108,14,0.022040789635292955,0.02204078767186804,2.2823195817235593,0.5544638230003591,False,False,ieee14,14,1;2;3;4;5;6;7;8;9;10;11;12;13;14
109,14,0.11465762531038681,0.11465762336796773,4.0311552572026565,1.5816549274755964,False,False,ieee14,14,1;2;3;4;5;6;7;8;9;10;11;12;13;14
110,14,0.028167889910359165,0.028167888270493657,2.7411333695765845,0.6873997427042537,False,False,ieee14,14,1;2;3;4;5;6;7;8;9;10;11;12;13;14
111,14,0.07738086719598983,0.07738086355089804,3.4929137391701714,0.8735107301684304,False,False,ieee14,14,1;2;3;4;5;6;7;8;9;10;11;12;13;14
112,14,0.06572472161557963,0.06572471798864951,3.1174764880282972,0.6748249562933657,False,False,ieee14,14,1;2;3;4;5;6;7;8;9;10;11;12;13;14
113,14,0.04373998970559093,0.04373998603021881,2.536349546445993,0.5707155299375888,False,False,ieee14,14,1;2;3;4;5;6;7;8;9;10;11;12;13;14
114,14,0.023580400569788856,0.02358039705202808,2.2480082396129273,0.5517755885369322,False,False,ieee14,14,1;2;3;4;5;6;7;8;9;10;11;12;13;14
115,14,0.028362199202639122,0.028362195574167498,2.304568137508292,0.554113458350936,False,False,ieee14,14,1;2;3;4;5;6;7;8;9;10;11;12;13;14
116,14,0.050883966748908424,0.050883963426685774,2.619362436458416,0.5832128492678561,False,False,ieee14,14,1;2;3;4;5;6;7;8;9;10;11;12;13;14
117,14,0.0013503176210502485,0.0013503145155309426,2.1589625741087923,0.5450888136711161,False,False,ieee14,14,1;2;3;4;5;6;7;8;9;10;11;12;13;14
118,14,0.001086713319729781,0.0010867108966824413,2.159746225011206,0.5449663466338275,False,False,ieee14,14,1;2;3;4;5;6;7;8;9;10;11;12;13;14
119,14,0.00012216442898592232,0.00012216076300408663,2.173906251816146,0.5490540365076071,False,False,ieee14,14,1;2;3;4;5;6;7;8;9;10;11;12;13;14
120,14,0.0007334532103281323,0.000733447104013768,2.1482409590252214,0.5341477943534101,False,False,ieee14,14,1;2;3;4;5;6;7;8;9;10;11;12;13;14
121,14,0.0030754282718422517,0.00307542187108914,2.161387391038155,0.5373500377682037,False,False,ieee14,14,1;2;3;4;5;6;7;8;9;10;11;12;13;14
122,14,0.03390920129179954,0.03390919862498759,2.2890892215325556,0.5489512119270148,False,False,ieee14,14,1;2;3;4;5;6;7;8;9;10;11;12;13;14
123,14,0.1858408021585524,0.1858407991845058,3.2603142086032326,1.0697601466643332,False,False,ieee14,14,1;2;3;4;5;6;7;8;9;10;11;12;13;14
124,14,0.04138815010528292,0.04138814768489782,2.621875043308851,0.6925515896329357,False,False,ieee14,14,1;2;3;4;5;6;7;8;9;10;11;12;13;14
125,14,0.12429846084113012,0.12429845502809728,3.0973813059221147,0.839838654472473,False,False,ieee14,14,1;2;3;4;5;6;7;8;9;10;11;12;13;14
126,14,0.10507760586195396,0.10507759999575811,2.8849232467995964,0.6682889747038256,False,False,ieee14,14,1;2;3;4;5;6;7;8;9;10;11;12;13;14
127,14,0.06893295501901245,0.06893294903362351,2.505466852676028,0.5693415132294497,False,False,ieee14,14,1;2;3;4;5;6;7;8;9;10;11;12;13;14
128,14,0.03645083734633032,0.03645083163125251,2.293541074288766,0.54780357730339,False,False,ieee14,14,1;2;3;4;5;6;7;8;9;10;11;12;13;14
129,14,0.04408019724408647,0.04408019137897695,2.3284791862527614,0.5494604198511737,False,False,ieee14,14,1;2;3;4;5;6;7;8;9;10;11;12;13;14
130,14,0.08078460178142108,0.08078459643250174,2.5699078996544165,0.5813098685812461,False,False,ieee14,14,1;2;3;4;5;6;7;8;9;10;11;12;13;14
131,14,0.0017139027882566468,0.001713898773309852,2.1590624848679547,0.5362316645251051,False,False,ieee14,14,1;2;3;4;5;6;7;8;9;10;11;12;13;14
132,14,0.0013806527163784492,0.0013806496176946847,2.159407729500624,0.5359181073907777,False,False,ieee14,14,1;2;3;4;5;6;7;8;9;10;11;12;13;14
133,14,0.0001949311156870582,0.0001949265126066635,2.1796979260283855,0.5414695362421473,False,False,ieee14,14,1;2;3;4;5;6;7;8;9;10;11;12;13;14
134,14,0.0010438027013459558,0.0010437950710716626,2.1444259649345088,0.5223594877628006,False,False,ieee14,14,1;2;3;4;5;6;7;8;9;10;11;12;13;14
135,14,0.004018134048390662,0.0040181262198873136,2.1615192915283177,0.5263980720443189,False,False,ieee14,14,1;2;3;4;5;6;7;8;9;10;11;12;13;14
136,14,0.04407114209274976,0.04407113820428546,2.328030929364406,0.5386607494385371,False,False,ieee14,14,1;2;3;4;5;6;7;8;9;10;11;12;13;14
137,14,0.22819380340195355,0.22819379953426747,4.438027201135716,1.7635769864536281,False,False,ieee14,14,1;2;3;4;5;6;7;8;9;10;11;12;13;14
138,14,0.05588346967262198,0.05588346643139305,2.7817044140695173,0.6872436967667297,False,False,ieee14,14,1;2;3;4;5;6;7;8;9;10;11;12;13;14
139,14,0.15421365255291652,0.15421364528657241,3.649886377935919,0.9058464488975868,False,False,ieee14,14,1;2;3;4;5;6;7;8;9;10;11;12;13;14
140,14,0.1310279825567431,0.13102797532687613,3.2407215024442535,0.699718043744595,False,False,ieee14,14,1;2;3;4;5;6;7;8;9;10;11;12;13;14
141,14,0.08724556911275985,0.08724556179094209,2.6218154543436865,0.5568686237756246,False,False,ieee14,14,1;2;3;4;5;6;7;8;9;10;11;12;13;14
142,14,0.04709704298548069,0.047097035990368685,2.3326660205230985,0.5385288568776376,False,False,ieee14,14,1;2;3;4;5;6;7;8;9;10;11;12;13;14
143,14,0.05663788142280589,0.056637874198400634,2.3806885975497063,0.539908058499341,False,False,ieee14,14,1;2;3;4;5;6;7;8;9;10;11;12;13;14
144,14,0.10151053730981967,0.10151053069497601,2.7269255525718408,0.5716723140269533,False,False,ieee14,14,1;2;3;4;5;6;7;8;9;10;11;12;13;14
145,14,0.002413262594910498,0.002413256613991388,2.172394798200226,0.5215889203999513,False,False,ieee14,14,1;2;3;4;5;6;7;8;9;10;11;12;13;14
146,14,0.0019412736828589873,0.0019412689786966197,2.1728295367162382,0.520947718128904,False,False,ieee14,14,1;2;3;4;5;6;7;8;9;10;11;12;13;14
147,14,0.0003687644909354988,0.0003687576277773552,2.2030511870543728,0.5291301766841605,False,False,ieee14,14,1;2;3;4;5;6;7;8;9;10;11;12;13;14
148,14,0.0017344776993391332,0.0017344662738858485,2.154085767387829,0.5025090531142311,False,False,ieee14,14,1;2;3;4;5;6;7;8;9;10;11;12;13;14
149,14,0.005896722593637961,0.005896710864052329,2.1792973029727674,0.5075748938547231,False,False,ieee14,14,1;2;3;4;5;6;7;8;9;10;11;12;13;14
150,14,0.06580355624026232,0.06580355051059902,2.477452276231034,0.5290471245756168,False,False,ieee14,14,1;2;3;4;5;6;7;8;9;10;11;12;13;14
151,14,0.34056018215697764,0.340560176370603,6.431254189824021,2.6902246673291006,False,False,ieee14,14,1;2;3;4;5;6;7;8;9;10;11;12;13;14
152,14,0.08296192620921998,0.08296192145498385,3.2605361634157286,0.7756839948361547,False,False,ieee14,14,1;2;3;4;5;6;7;8;9;10;11;12;13;14
153,14,0.2297194290785386,0.22971941821471112,4.9215666063263335,1.3155138290198432,False,False,ieee14,14,1;2;3;4;5;6;7;8;9;10;11;12;13;14
154,14,0.1950388333269345,0.19503882251761692,4.134060296277171,0.9723870312583737,False,False,ieee14,14,1;2;3;4;5;6;7;8;9;10;11;12;13;14
155,14,0.12982070702622991,0.12982069608509014,3.001008302623201,0.5628555171150076,False,False,ieee14,14,1;2;3;4;5;6;7;8;9;10;11;12;13;14
156,14,0.07012784894115505,0.07012783850650545,2.4603247212830444,0.5272771300033123,False,False,ieee14,14,1;2;3;4;5;6;7;8;9;10;11;12;13;14
157,14,0.08433737489405413,0.08433736410532525,2.5572360522430317,0.5304180677193666,False,False,ieee14,14,1;2;3;4;5;6;7;8;9;10;11;12;13;14
158,14,0.15091350567213754,0.15091349580076002,3.1751237362615,0.6548801948383046,False,False,ieee14,14,1;2;3;4;5;6;7;8;9;10;11;12;13;14
159,14,0.00016051916473589433,0.00016051916178008718,1.5521968654481657,0.3778458937327942,False,False,ieee14,14,1;2;3;4;5;6;7;8;9;10;11;12;13;14
160,14,0.012264371011973835,0.01226426834670269,4.32978303429686,0.6202621743681321,False,False,ieee14,14,1;2;3;4;5;6;7;8;9;10;11;12;13;14
161,14,0.03566381212828205,0.035663744404379416,4.906861432568055,0.6203828973356802,False,False,ieee14,14,1;2;3;4;5;6;7;8;9;10;11;12;13;14
162,14,0.03965348847765695,0.03965336585185808,3.7543312485313254,0.6205601862354849,False,False,ieee14,14,1;2;3;4;5;6;7;8;9;10;11;12;13;14
163,14,0.03446928667871219,0.03446916226708427,4.203116261206323,0.6260427015832816,False,False,ieee14,14,1;2;3;4;5;6;7;8;9;10;11;12;13;14
164,14,0.5419217966002848,0.5419217529137196,5.951384421590235,0.6821718021568299,False,False,ieee14,14,1;2;3;4;5;6;7;8;9;10;11;12;13;14
165,14,1.5409869718473874,1.5409869042379207,8.42120005214584,1.7874780301265893,False,False,ieee14,14,1;2;3;4;5;6;7;8;9;10;11;12;13;14
166,14,1.0277686199386906,1.02776856656756,6.898018109007635,1.4056480924487802,False,False,ieee14,14,1;2;3;4;5;6;7;8;9;10;11;12;13;14
167,14,0.6106778429678237,0.6106777945518226,5.326929651212344,0.9323555897405125,False,False,ieee14,14,1;2;3;4;5;6;7;8;9;10;11;12;13;14
168,14,0.27851641226909885,0.2785163739586769,4.00046577810318,0.7008681993739939,False,False,ieee14,14,1;2;3;4;5;6;7;8;9;10;11;12;13;14
169,14,0.43252926527750923,0.43252921341482764,4.920007194721078,0.7231810959028366,False,False,ieee14,14,1;2;3;4;5;6;7;8;9;10;11;12;13;14
170,14,0.5745161002365309,0.5745160657685544,4.729121903653008,1.0724830399429421,False,False,ieee14,14,1;2;3;4;5;6;7;8;9;10;11;12;13;14
171,14,0.012260653918413834,0.012260551253391178,4.3421898931472285,0.6205296573273618,False,False,ieee14,14,1;2;3;4;5;6;7;8;9;10;11;12;13;14
172,14,0.03566247391218453,0.035662406189165,4.910005632070434,0.6204859775178423,False,False,ieee14,14,1;2;3;4;5;6;7;8;9;10;11;12;13;14
173,14,0.03964784835448239,0.03964772572663269,3.594449280701203,0.6205597060061905,False,False,ieee14,14,1;2;3;4;5;6;7;8;9;10;11;12;13;14
174,14,0.03446770245804493,0.034467578042789965,4.155158259066969,0.6260684186348734,False,False,ieee14,14,1;2;3;4;5;6;7;8;9;10;11;12;13;14
175,14,0.541927647800152,0.5419276041130865,5.9506301013853715,0.6821729728878938,False,False,ieee14,14,1;2;3;4;5;6;7;8;9;10;11;12;13;14
176,14,1.5409672045214022,1.5409671369126727,8.429271134476569,1.7881976046822206,False,False,ieee14,14,1;2;3;4;5;6;7;8;9;10;11;12;13;14
177,14,1.0277757327666335,1.027775679395093,6.899212443413949,1.4057981882877952,False,False,ieee14,14,1;2;3;4;5;6;7;8;9;10;11;12;13;14
178,14,0.6106915228635039,0.6106914744464059,5.327049591478501,0.9323395346576897,False,False,ieee14,14,1;2;3;4;5;6;7;8;9;10;11;12;13;14
179,14,0.2785210266010303,0.2785209882900238,4.004883785594359,0.7008587511454845,False,False,ieee14,14,1;2;3;4;5;6;7;8;9;10;11;12;13;14
180,14,0.43253283719294,0.4325327853297223,4.920512139230985,0.7231423492467938,False,False,ieee14,14,1;2;3;4;5;6;7;8;9;10;11;12;13;14
181,14,0.5745197232761204,0.5745196888079157,4.732020682142775,1.0725292601439769,False,False,ieee14,14,1;2;3;4;5;6;7;8;9;10;11;12;13;14
182,14,0.0007574886479951618,0.0007574866383328327,1.5412738400001138,0.3562275855766197,False,False,ieee14,14,1;2;3;4;5;6;7;8;9;10;11;12;13;14
183,14,0.0005850922714017572,0.0005850907468293309,1.5373847549666864,0.3546146303438382,False,False,ieee14,14,1;2;3;4;5;6;7;8;9;10;11;12;13;14
184,14,0.00020929429624057334,0.00020929197687194478,1.5493879300132654,0.35804858048279176,False,False,ieee14,14,1;2;3;4;5;6;7;8;9;10;11;12;13;14
185,14,0.0006308827642417981,0.0006308789392803771,1.517781505350106,0.3433108370163218,False,False,ieee14,14,1;2;3;4;5;6;7;8;9;10;11;12;13;14
186,14,0.0018940507195413384,0.0018940468001960586,1.5294742097284684,0.3457796892490359,False,False,ieee14,14,1;2;3;4;5;6;7;8;9;10;11;12;13;14
187,14,0.02197690704566221,0.021976905083158388,1.6948832326540142,0.3608981534961071,False,False,ieee14,14,1;2;3;4;5;6;7;8;9;10;11;12;13;14
188,14,0.11457294605575286,0.11457294411497407,3.592751265591337,1.4260385434351008,False,False,ieee14,14,1;2;3;4;5;6;7;8;9;10;11;12;13;14
189,14,0.028220546510160083,0.0282205448712608,2.130956219651605,0.4893557530220827,False,False,ieee14,14,1;2;3;4;5;6;7;8;9;10;11;12;13;14
190,14,0.07731141717216122,0.07731141352851548,2.9272255593131518,0.7588260804716265,False,False,ieee14,14,1;2;3;4;5;6;7;8;9;10;11;12;13;14
191,14,0.06565797334296114,0.06565796971742305,2.5438146217709123,0.5861020701569407,False,False,ieee14,14,1;2;3;4;5;6;7;8;9;10;11;12;13;14
192,14,0.04367536547500328,0.043675361800964346,1.944091066475877,0.37279246814934996,False,False,ieee14,14,1;2;3;4;5;6;7;8;9;10;11;12;13;14
193,14,0.02351730913651374,0.023517305620046697,1.6388945900529488,0.34941492229494076,False,False,ieee14,14,1;2;3;4;5;6;7;8;9;10;11;12;13;14
194,14,0.028298990366720973,0.028298986739544313,1.7136997248041168,0.3592296687948888,False,False,ieee14,14,1;2;3;4;5;6;7;8;9;10;11;12;13;14
195,14,0.05081990950029615,0.050819906179405516,2.040406573047546,0.4005251715621917,False,False,ieee14,14,1;2;3;4;5;6;7;8;9;10;11;12;13;14
196,14,0.0012913797305175512,0.001291376625998708,1.5541178421264366,0.3488884563353176,False,False,ieee14,14,1;2;3;4;5;6;7;8;9;10;11;12;13;14
197,14,0.001027520421336833,0.0010275179992752514,1.5549139180867795,0.3487270443826507,False,False,ieee14,14,1;2;3;4;5;6;7;8;9;10;11;12;13;14
198,14,0.00018141773815712913,0.0001814140730305447,1.570088446293092,0.3533272108835286,False,False,ieee14,14,1;2;3;4;5;6;7;8;9;10;11;12;13;14
199,14,0.0007941654117492009,0.0007941593066232155,1.5469609786174674,0.33963135433483593,False,False,ieee14,14,1;2;3;4;5;6;7;8;9;10;11;12;13;14
200,14,0.003015060135543293,0.003015053736026896,1.5573805063949164,0.3412602816047947,False,False,ieee14,14,1;2;3;4;5;6;7;8;9;10;11;12;13;14
201,14,0.033842445441128625,0.03384244277518425,1.7033238644702648,0.3542718213099145,False,False,ieee14,14,1;2;3;4;5;6;7;8;9;10;11;12;13;14
202,14,0.18575637774851297,0.18575637477602422,2.9302236366282335,0.9635995997962783,False,False,ieee14,14,1;2;3;4;5;6;7;8;9;10;11;12;13;14
203,14,0.041442747215498114,0.04144274479587298,2.044619009582841,0.5051624316509171,False,False,ieee14,14,1;2;3;4;5;6;7;8;9;10;11;12;13;14
204,14,0.12422743803140751,0.12422743221974789,2.581140941187794,0.6654554438216911,False,False,ieee14,14,1;2;3;4;5;6;7;8;9;10;11;12;13;14
205,14,0.1050090808480987,0.1050090749832581,2.348465063589483,0.4905618645156542,False,False,ieee14,14,1;2;3;4;5;6;7;8;9;10;11;12;13;14
206,14,0.06886635992860429,0.0688663539445383,1.9417826272292706,0.3783786723165061,False,False,ieee14,14,1;2;3;4;5;6;7;8;9;10;11;12;13;14
207,14,0.036385415901102766,0.03638541018732036,1.700694181574614,0.3527652815732054,False,False,ieee14,14,1;2;3;4;5;6;7;8;9;10;11;12;13;14
208,14,0.04401452840020096,0.04401452253638946,1.7442387773716177,0.35520242271603264,False,False,ieee14,14,1;2;3;4;5;6;7;8;9;10;11;12;13;14
209,14,0.08071902015668968,0.08071901480909174,2.0097645243754148,0.39145694604766845,False,False,ieee14,14,1;2;3;4;5;6;7;8;9;10;11;12;13;14
210,14,0.0016533603917986042,0.0016533563780239402,1.5631413675442887,0.3438365227720519,False,False,ieee14,14,1;2;3;4;5;6;7;8;9;10;11;12;13;14
211,14,0.0013197445896108437,0.001319741491812465,1.559420206135123,0.3418549051434887,False,False,ieee14,14,1;2;3;4;5;6;7;8;9;10;11;12;13;14
212,14,0.0002555447160996976,0.00025554011388989606,1.5779147810940548,0.346539578780928,False,False,ieee14,14,1;2;3;4;5;6;7;8;9;10;11;12;13;14
213,14,0.0011066732960860683,0.0011066656669869446,1.5384616092664236,0.32552448173640425,False,False,ieee14,14,1;2;3;4;5;6;7;8;9;10;11;12;13;14
214,14,0.003955478813365926,0.003955470986100357,1.555328601697124,0.32912023039528826,False,False,ieee14,14,1;2;3;4;5;6;7;8;9;10;11;12;13;14
215,14,0.04399983832854388,0.04399983444121422,1.7480599476302956,0.3473305476249622,False,False,ieee14,14,1;2;3;4;5;6;7;8;9;10;11;12;13;14
216,14,0.2280908146546466,0.2280908107887968,4.034976199269052,1.6067978718716536,False,False,ieee14,14,1;2;3;4;5;6;7;8;9;10;11;12;13;14
217,14,0.055930310691545956,0.05593030745155381,2.1792341844012513,0.49227572700605693,False,False,ieee14,14,1;2;3;4;5;6;7;8;9;10;11;12;13;14
218,14,0.15413188862953311,0.15413188136477265,3.108371761498619,0.7969026499100778,False,False,ieee14,14,1;2;3;4;5;6;7;8;9;10;11;12;13;14
219,14,0.13095053681597257,0.13095052958761783,2.6812055195267694,0.6148597260770207,False,False,ieee14,14,1;2;3;4;5;6;7;8;9;10;11;12;13;14
220,14,0.08717196024219956,0.08717195292182248,2.0428566935639974,0.3847208364601846,False,False,ieee14,14,1;2;3;4;5;6;7;8;9;10;11;12;13;14
221,14,0.047027014862381686,0.04702700786862937,1.7275773840637423,0.33709437641902484,False,False,ieee14,14,1;2;3;4;5;6;7;8;9;10;11;12;13;14
222,14,0.05656737565453337,0.05656736843148932,1.7953710625942736,0.34639622311599894,False,False,ieee14,14,1;2;3;4;5;6;7;8;9;10;11;12;13;14
223,14,0.1014373790940767,0.10143737248068047,2.1597559977947616,0.4362350965063676,False,False,ieee14,14,1;2;3;4;5;6;7;8;9;10;11;12;13;14
224,14,0.002350240463219364,0.002350234483682989,1.5771327500441945,0.3293716956283701,False,False,ieee14,14,1;2;3;4;5;6;7;8;9;10;11;12;13;14
225,14,0.0018776661722139899,0.0018776614687120718,1.5742867506627083,0.32748638963705146,False,False,ieee14,14,1;2;3;4;5;6;7;8;9;10;11;12;13;14
226,14,0.0004319287053750189,0.00043192184310594794,1.6048015147439312,0.3355940492862466,False,False,ieee14,14,1;2;3;4;5;6;7;8;9;10;11;12;13;14
227,14,0.001801112501595653,0.0018011010773031355,1.5477466386982206,0.3053526282831185,False,False,ieee14,14,1;2;3;4;5;6;7;8;9;10;11;12;13;14
228,14,0.005830381584458256,0.00583036985611049,1.5735552373858477,0.3105315767529895,False,False,ieee14,14,1;2;3;4;5;6;7;8;9;10;11;12;13;14
229,14,0.065723967632479,0.06572396190431093,1.890207982068611,0.33569768483982854,False,False,ieee14,14,1;2;3;4;5;6;7;8;9;10;11;12;13;14
230,14,0.34043141334054433,0.3404314075563588,5.866225646806634,2.4592658563266685,False,False,ieee14,14,1;2;3;4;5;6;7;8;9;10;11;12;13;14
231,14,0.08299688985178681,0.08299688509934866,2.62726831107451,0.5722586443782332,False,False,ieee14,14,1;2;3;4;5;6;7;8;9;10;11;12;13;14
232,14,0.2296192979920451,0.22961928713014976,4.347499448818702,1.195813134837517,False,False,ieee14,14,1;2;3;4;5;6;7;8;9;10;11;12;13;14
233,14,0.19494562172948818,0.19494561092195084,3.549209667815385,0.8806703140920565,False,False,ieee14,14,1;2;3;4;5;6;7;8;9;10;11;12;13;14
234,14,0.12973539062258216,0.12973537968304508,2.4082843946908756,0.4678297984951503,False,False,ieee14,14,1;2;3;4;5;6;7;8;9;10;11;12;13;14
235,14,0.07004929059058038,0.07004928015736964,1.8550527270099115,0.32607266060650986,False,False,ieee14,14,1;2;3;4;5;6;7;8;9;10;11;12;13;14
236,14,0.08425769609319597,0.08425768530591868,1.970651485670941,0.33686333328295737,False,False,ieee14,14,1;2;3;4;5;6;7;8;9;10;11;12;13;14
237,14,0.1508275505617069,0.15082754069197374,2.5885929740712093,0.5932344687782648,False,False,ieee14,14,1;2;3;4;5;6;7;8;9;10;11;12;13;14
238,14,1.93228978698578e-05,1.9322893347911707e-05,2.303563285962052,0.5986441772992976,False,False,ieee14,14,1;2;3;4;5;6;7;8;9;10;11;12;13;14
239,14,0.011756386049342774,0.011756283383886151,4.807787419685981,0.6202727794400319,False,False,ieee14,14,1;2;3;4;5;6;7;8;9;10;11;12;13;14
240,14,0.03531807615318278,0.03531800842756505,5.353650675043271,0.6494000807651958,False,False,ieee14,14,1;2;3;4;5;6;7;8;9;10;11;12;13;14
241,14,0.0388190973734919,0.03881897475048124,10.156861803659702,2.171145100011802,False,False,ieee14,14,1;2;3;4;5;6;7;8;9;10;11;12;13;14
242,14,0.03502363336770687,0.035023508957120114,3.454349753092842,0.6262028357101355,False,False,ieee14,14,1;2;3;4;5;6;7;8;9;10;11;12;13;14
243,14,0.5421445749000959,0.5421445312128677,6.382781704298242,0.6931408946894432,False,False,ieee14,14,1;2;3;4;5;6;7;8;9;10;11;12;13;14
244,14,1.5408049433518065,1.540804875766755,8.266057435963688,1.7484718405655404,False,False,ieee14,14,1;2;3;4;5;6;7;8;9;10;11;12;13;14
245,14,1.0277416417878409,1.0277415884275252,6.853338953512106,1.4652768877744122,False,False,ieee14,14,1;2;3;4;5;6;7;8;9;10;11;12;13;14
246,14,0.6107858067151077,0.6107857583006729,5.815671398248026,0.9941487555703679,False,False,ieee14,14,1;2;3;4;5;6;7;8;9;10;11;12;13;14
247,14,0.2787029457681388,0.27870290745507864,4.6239160631540805,0.7139548343949256,False,False,ieee14,14,1;2;3;4;5;6;7;8;9;10;11;12;13;14
248,14,0.43269332135050487,0.4326932694870671,5.531037459360067,0.7449884494986257,False,False,ieee14,14,1;2;3;4;5;6;7;8;9;10;11;12;13;14
249,14,0.5745979703748851,0.5745979359074105,5.403412316988791,1.1601790736654254,False,False,ieee14,14,1;2;3;4;5;6;7;8;9;10;11;12;13;14
250,14,0.011752816432363014,0.011752713767154949,4.807550006181534,0.6205403343754151,False,False,ieee14,14,1;2;3;4;5;6;7;8;9;10;11;12;13;14
251,14,0.03531693484036485,0.035316867115632034,5.353691053183023,0.6493985037039725,False,False,ieee14,14,1;2;3;4;5;6;7;8;9;10;11;12;13;14
252,14,0.03881784284522067,0.03881772022013605,10.196525773838037,2.1827603585709365,False,False,ieee14,14,1;2;3;4;5;6;7;8;9;10;11;12;13;14
253,14,0.03502115082002181,0.035021026405811534,3.4539764189545705,0.6262247166063596,False,False,ieee14,14,1;2;3;4;5;6;7;8;9;10;11;12;13;14
254,14,0.5421504165373228,0.5421503728495942,6.382317930007405,0.6931427318372537,False,False,ieee14,14,1;2;3;4;5;6;7;8;9;10;11;12;13;14
255,14,1.5407940493153565,1.5407939817307241,8.266337099562495,1.7487390045126532,False,False,ieee14,14,1;2;3;4;5;6;7;8;9;10;11;12;13;14
256,14,1.027749254093335,1.0277492007326043,6.850342939096691,1.4651003915656944,False,False,ieee14,14,1;2;3;4;5;6;7;8;9;10;11;12;13;14
257,14,0.6107993981087353,0.6107993496931998,5.816814114861886,0.9941773475976495,False,False,ieee14,14,1;2;3;4;5;6;7;8;9;10;11;12;13;14
258,14,0.27870771107442494,0.2787076727607847,4.623972474760552,0.7139387860208375,False,False,ieee14,14,1;2;3;4;5;6;7;8;9;10;11;12;13;14
259,14,0.4326968713293747,0.4326968194654027,5.530863050355012,0.7449547771640698,False,False,ieee14,14,1;2;3;4;5;6;7;8;9;10;11;12;13;14
260,14,0.574601778611946,0.574601744144254,5.401884341522335,1.1600877482830099,False,False,ieee14,14,1;2;3;4;5;6;7;8;9;10;11;12;13;14
261,14,0.0009404964884212316,0.0009404944756855049,2.2776455085192158,0.5709583456749447,False,False,ieee14,14,1;2;3;4;5;6;7;8;9;10;11;12;13;14
262,14,0.0007686171550785617,0.0007686156268345012,2.277497864737861,0.5707145956945721,False,False,ieee14,14,1;2;3;4;5;6;7;8;9;10;11;12;13;14
263,14,2.5874407736427402e-05,2.5872085316291926e-05,2.290895863024627,0.5747864319429383,False,False,ieee14,14,1;2;3;4;5;6;7;8;9;10;11;12;13;14
264,14,0.0004452449038648981,0.00044524107496468623,2.2580402210260893,0.5599340170348652,False,False,ieee14,14,1;2;3;4;5;6;7;8;9;10;11;12;13;14
265,14,0.0020792224685100037,0.0020792185451188605,2.2717214787307602,0.5630902627944212,False,False,ieee14,14,1;2;3;4;5;6;7;8;9;10;11;12;13;14
266,14,0.02216841438003032,0.022168412414671573,2.438887891109309,0.5747752104254058,False,False,ieee14,14,1;2;3;4;5;6;7;8;9;10;11;12;13;14
267,14,0.11480535008418656,0.11480534813845272,4.347729231494279,1.6668273606288742,False,False,ieee14,14,1;2;3;4;5;6;7;8;9;10;11;12;13;14
268,14,0.02804901797570904,0.02804901633456411,2.941504756047001,0.717877245876474,False,False,ieee14,14,1;2;3;4;5;6;7;8;9;10;11;12;13;14
269,14,0.07751228652672021,0.07751228287859677,3.799940190484875,0.9471476291311947,False,False,ieee14,14,1;2;3;4;5;6;7;8;9;10;11;12;13;14
270,14,0.06585428040019603,0.06585427677030117,3.3733293868763004,0.7373723280571829,False,False,ieee14,14,1;2;3;4;5;6;7;8;9;10;11;12;13;14
271,14,0.04386789982082017,0.04386789614255718,2.7262943298875335,0.5943777612856187,False,False,ieee14,14,1;2;3;4;5;6;7;8;9;10;11;12;13;14
272,14,0.023707317792672298,0.02370731427206299,2.3978041069571945,0.5732027881795343,False,False,ieee14,14,1;2;3;4;5;6;7;8;9;10;11;12;13;14
273,14,0.02848936843524735,0.028489364803922196,2.4628044815442696,0.5750502638868893,False,False,ieee14,14,1;2;3;4;5;6;7;8;9;10;11;12;13;14
274,14,0.051011539743387575,0.05101153641828157,2.81417457937452,0.6060852810138959,False,False,ieee14,14,1;2;3;4;5;6;7;8;9;10;11;12;13;14
275,14,0.0014761025720807913,0.0014760994644611447,2.2857594541995505,0.5608741354894766,False,False,ieee14,14,1;2;3;4;5;6;7;8;9;10;11;12;13;14
276,14,0.0012127721647602488,0.001212769739212527,2.2861534791387186,0.5605867735817851,False,False,ieee14,14,1;2;3;4;5;6;7;8;9;10;11;12;13;14
277,14,3.712405222717503e-06,3.7087370608479553e-06,2.303196789778017,0.5661536772453322,False,False,ieee14,14,1;2;3;4;5;6;7;8;9;10;11;12;13;14
278,14,0.0006058795263353217,0.0006058734173081115,2.265928842009166,0.5459655963292698,False,False,ieee14,14,1;2;3;4;5;6;7;8;9;10;11;12;13;14
279,14,0.0032023734702177663,0.0032023670667046256,2.2823153233283318,0.5500719735953634,False,False,ieee14,14,1;2;3;4;5;6;7;8;9;10;11;12;13;14
280,14,0.03403911095119541,0.034039108282519354,2.455259020399913,0.5657108293786317,False,False,ieee14,14,1;2;3;4;5;6;7;8;9;10;11;12;13;14
281,14,0.1859765860376496,0.1859765830606717,3.8245718743805432,1.2911717738328723,False,False,ieee14,14,1;2;3;4;5;6;7;8;9;10;11;12;13;14
282,14,0.041265238660079064,0.04126523623869463,2.9109295460925715,0.7426951125805203,False,False,ieee14,14,1;2;3;4;5;6;7;8;9;10;11;12;13;14
283,14,0.12442476311575286,0.12442475730008654,3.6204662294966283,0.9439778835209331,False,False,ieee14,14,1;2;3;4;5;6;7;8;9;10;11;12;13;14
284,14,0.10520280433698821,0.10520279846817196,3.2845804491865374,0.7146679880714633,False,False,ieee14,14,1;2;3;4;5;6;7;8;9;10;11;12;13;14
285,14,0.06906057317280229,0.06906056718473666,2.7394895039086204,0.5901728470305732,False,False,ieee14,14,1;2;3;4;5;6;7;8;9;10;11;12;13;14
286,14,0.03657947589363537,0.0365794701758049,2.438310525954029,0.5638498131044818,False,False,ieee14,14,1;2;3;4;5;6;7;8;9;10;11;12;13;14
287,14,0.0442088504027113,0.04420884453486432,2.4937785358327877,0.5658487592383303,False,False,ieee14,14,1;2;3;4;5;6;7;8;9;10;11;12;13;14
288,14,0.08090966805381979,0.08090966270227859,2.8181454798379493,0.6047380744481234,False,False,ieee14,14,1;2;3;4;5;6;7;8;9;10;11;12;13;14
289,14,0.0018407449693322905,0.0018407409521583595,2.282787318910152,0.5503164850268782,False,False,ieee14,14,1;2;3;4;5;6;7;8;9;10;11;12;13;14
290,14,0.0015078418312575966,0.001507838730184563,2.283470041189301,0.5500572272933457,False,False,ieee14,14,1;2;3;4;5;6;7;8;9;10;11;12;13;14
291,14,6.81228659167071e-05,6.811826065250548e-05,2.307533897449119,0.5576046698264161,False,False,ieee14,14,1;2;3;4;5;6;7;8;9;10;11;12;13;14
292,14,0.0009145401114313892,0.0009145324784538555,2.2581759809911905,0.5318193350897946,False,False,ieee14,14,1;2;3;4;5;6;7;8;9;10;11;12;13;14
293,14,0.004146664997868112,0.004146657166605727,2.2787941840447212,0.5370432873004365,False,False,ieee14,14,1;2;3;4;5;6;7;8;9;10;11;12;13;14
294,14,0.0442040987986072,0.04420409490807767,2.48417179197382,0.5530479065592866,False,False,ieee14,14,1;2;3;4;5;6;7;8;9;10;11;12;13;14
295,14,0.2283395490156191,0.22833954514489957,4.961785290674978,1.960224674916478,False,False,ieee14,14,1;2;3;4;5;6;7;8;9;10;11;12;13;14
296,14,0.05576572525342359,0.055765722010743674,3.0236852085984656,0.7225476230636083,False,False,ieee14,14,1;2;3;4;5;6;7;8;9;10;11;12;13;14
297,14,0.15434722921574207,0.15434722194672615,4.097444815424891,1.0300952047544278,False,False,ieee14,14,1;2;3;4;5;6;7;8;9;10;11;12;13;14
298,14,0.13115989811565856,0.1311598908831129,3.583886649240957,0.7926181221364378,False,False,ieee14,14,1;2;3;4;5;6;7;8;9;10;11;12;13;14
299,14,0.08737801511992252,0.08737800779537216,2.8325892169544318,0.5747475061359775,False,False,ieee14,14,1;2;3;4;5;6;7;8;9;10;11;12;13;14
300,14,0.047228715779229144,0.04722870878132271,2.4740551902141212,0.5537517072221099,False,False,ieee14,14,1;2;3;4;5;6;7;8;9;10;11;12;13;14
301,14,0.05677007799556534,0.056770070768379394,2.5360630476773856,0.5538518866700595,False,False,ieee14,14,1;2;3;4;5;6;7;8;9;10;11;12;13;14
302,14,0.10164094148082263,0.10164093486330453,2.948505365829362,0.5900226097124355,False,False,ieee14,14,1;2;3;4;5;6;7;8;9;10;11;12;13;14
303,14,0.0025424163873458885,0.0025424104040046303,2.288646426868815,0.5312968487751548,False,False,ieee14,14,1;2;3;4;5;6;7;8;9;10;11;12;13;14
304,14,0.002070807442043514,0.002070802735758298,2.2899583384723625,0.5309849444454553,False,False,ieee14,14,1;2;3;4;5;6;7;8;9;10;11;12;13;14
305,14,0.00023985113421692007,0.00023984426886963783,2.3252513369278667,0.5417860466137592,False,False,ieee14,14,1;2;3;4;5;6;7;8;9;10;11;12;13;14
306,14,0.0016014220514150657,0.001601410623288002,2.2559467925107164,0.50480816594101,False,False,ieee14,14,1;2;3;4;5;6;7;8;9;10;11;12;13;14
307,14,0.0060285954203277235,0.006028583688005851,2.2867149002590503,0.5123789714914899,False,False,ieee14,14,1;2;3;4;5;6;7;8;9;10;11;12;13;14
308,14,0.06594258971953668,0.06594258398747163,2.6197463308196838,0.5372934582448781,False,False,ieee14,14,1;2;3;4;5;6;7;8;9;10;11;12;13;14
309,14,0.3407113917872755,0.3407113859979233,6.93569262056707,2.8651248625802044,False,False,ieee14,14,1;2;3;4;5;6;7;8;9;10;11;12;13;14
310,14,0.08285016037634574,0.08285015562026365,3.464551092403709,0.7993324550062915,False,False,ieee14,14,1;2;3;4;5;6;7;8;9;10;11;12;13;14
311,14,0.22986174989235594,0.22986173902587934,5.294427097264982,1.4136768356617622,False,False,ieee14,14,1;2;3;4;5;6;7;8;9;10;11;12;13;14
312,14,0.1951794527069678,0.19517944189496175,4.423830698389696,1.049837587120139,False,False,ieee14,14,1;2;3;4;5;6;7;8;9;10;11;12;13;14
313,14,0.12996067465186212,0.12996066370796475,3.187382624010339,0.6000520460300975,False,False,ieee14,14,1;2;3;4;5;6;7;8;9;10;11;12;13;14
314,14,0.0702649871318912,0.07026497669442425,2.593346855188699,0.5379826369316683,False,False,ieee14,14,1;2;3;4;5;6;7;8;9;10;11;12;13;14
315,14,0.08447540014643785,0.08447538935490848,2.7015918841099427,0.5396852653420741,False,False,ieee14,14,1;2;3;4;5;6;7;8;9;10;11;12;13;14
316,14,0.1510510574921329,0.1510510476180623,3.369870778708442,0.7078378929479493,False,False,ieee14,14,1;2;3;4;5;6;7;8;9;10;11;12;13;14
317,14,0.00033402037949095654,0.00033402037259180895,0.7702934659941892,0.14910299141396854,False,False,ieee14,14,1;2;3;4;5;6;7;8;9;10;11;12;13;14
318,14,0.011449132667006428,0.011449030001140309,3.845444912109012,0.6202902625898595,False,False,ieee14,14,1;2;3;4;5;6;7;8;9;10;11;12;13;14
319,14,0.03497207324288554,0.03497200551574775,3.9895475326359193,0.6204045833538827,False,False,ieee14,14,1;2;3;4;5;6;7;8;9;10;11;12;13;14
320,14,0.038372830679976586,0.03837270805877824,3.952599952837563,0.6206006864004826,False,False,ieee14,14,1;2;3;4;5;6;7;8;9;10;11;12;13;14
321,14,0.03531460289154928,0.03531447848102243,3.844178185382095,0.626070393430701,False,False,ieee14,14,1;2;3;4;5;6;7;8;9;10;11;12;13;14
322,14,0.5424963582206385,0.5424963145300813,5.165357721324919,0.6791108407300314,False,False,ieee14,14,1;2;3;4;5;6;7;8;9;10;11;12;13;14
323,14,1.5411714232505327,1.5411713556492748,8.452817853644781,1.8251470881795444,False,False,ieee14,14,1;2;3;4;5;6;7;8;9;10;11;12;13;14
324,14,1.028052734302952,1.0280526809323054,6.623140456582709,1.4198070836209467,False,False,ieee14,14,1;2;3;4;5;6;7;8;9;10;11;12;13;14
325,14,0.6111473231579051,0.6111472747366393,4.63053897106752,0.9145058223888802,False,False,ieee14,14,1;2;3;4;5;6;7;8;9;10;11;12;13;14
326,14,0.27903256622107186,0.279032527904446,3.2752568583779453,0.6976357196094708,False,False,ieee14,14,1;2;3;4;5;6;7;8;9;10;11;12;13;14
327,14,0.4330379688643131,0.4330379169965366,4.172087872704692,0.7166720863263295,False,False,ieee14,14,1;2;3;4;5;6;7;8;9;10;11;12;13;14
328,14,0.5749224328892547,0.5749223984162471,4.488455348415232,1.0698581120566497,False,False,ieee14,14,1;2;3;4;5;6;7;8;9;10;11;12;13;14
329,14,0.011443917459760315,0.011443814794118934,3.850623767733263,0.6205580039941937,False,False,ieee14,14,1;2;3;4;5;6;7;8;9;10;11;12;13;14
330,14,0.03496900658256615,0.034968938856295484,4.042936009341343,0.6205077046683111,False,False,ieee14,14,1;2;3;4;5;6;7;8;9;10;11;12;13;14
331,14,0.038371012014180104,0.03837088939091007,3.947205839389987,0.6206001920835161,False,False,ieee14,14,1;2;3;4;5;6;7;8;9;10;11;12;13;14
332,14,0.03531397738859771,0.03531385297437878,3.8943322671783314,0.6260892694902178,False,False,ieee14,14,1;2;3;4;5;6;7;8;9;10;11;12;13;14
333,14,0.5425021463899633,0.5425021026989055,5.16512759839905,0.6791146541276365,False,False,ieee14,14,1;2;3;4;5;6;7;8;9;10;11;12;13;14
334,14,1.541162994533136,1.5411629269322507,8.441196649625073,1.8280468348346681,False,False,ieee14,14,1;2;3;4;5;6;7;8;9;10;11;12;13;14
335,14,1.028059288740994,1.0280592353699607,6.625276754941711,1.419991419609764,False,False,ieee14,14,1;2;3;4;5;6;7;8;9;10;11;12;13;14
336,14,0.6111613133552621,0.6111612649328921,4.631514403643229,0.9144181491924414,False,False,ieee14,14,1;2;3;4;5;6;7;8;9;10;11;12;13;14
337,14,0.27903727034678805,0.27903723202958264,3.275354205214896,0.6976193382109045,False,False,ieee14,14,1;2;3;4;5;6;7;8;9;10;11;12;13;14
338,14,0.43304156198553484,0.4330415101172248,4.171400773724105,0.7166307085095223,False,False,ieee14,14,1;2;3;4;5;6;7;8;9;10;11;12;13;14
339,14,0.5749257443640058,0.574925709890788,4.489932219968443,1.0700220804848872,False,False,ieee14,14,1;2;3;4;5;6;7;8;9;10;11;12;13;14
340,14,0.0012502087288713357,0.001250206712669566,0.7574734331516243,0.13984057902423608,False,False,ieee14,14,1;2;3;4;5;6;7;8;9;10;11;12;13;14
341,14,0.0010801948844423267,0.0010801933523727492,0.798136635795576,0.14550336676727715,False,False,ieee14,14,1;2;3;4;5;6;7;8;9;10;11;12;13;14
342,14,0.0002872139714477824,0.00028721164660491794,0.8089249229652256,0.14740769669955012,False,False,ieee14,14,1;2;3;4;5;6;7;8;9;10;11;12;13;14
343,14,0.00013424153383642017,0.00013423770154716297,0.7960532977851013,0.14355709073774547,False,False,ieee14,14,1;2;3;4;5;6;7;8;9;10;11;12;13;14
344,14,0.002390119497568893,0.002390115570358453,0.8012981524204705,0.14420007238974097,False,False,ieee14,14,1;2;3;4;5;6;7;8;9;10;11;12;13;14
345,14,0.022471881007427166,0.022471879039178494,0.9347185339233823,0.16573905191757232,False,False,ieee14,14,1;2;3;4;5;6;7;8;9;10;11;12;13;14
346,14,0.11504592044263993,0.11504591849405857,3.0042741744950137,1.236494834055167,False,False,ieee14,14,1;2;3;4;5;6;7;8;9;10;11;12;13;14
347,14,0.027725786470911475,0.027725784829056993,1.4248111629225408,0.28677202766669696,False,False,ieee14,14,1;2;3;4;5;6;7;8;9;10;11;12;13;14
348,14,0.07780133004408882,0.07780132639327347,2.233355680494695,0.6104575313218712,False,False,ieee14,14,1;2;3;4;5;6;7;8;9;10;11;12;13;14
349,14,0.06614987144520713,0.06614986781192314,1.830007622389655,0.46444114670046643,False,False,ieee14,14,1;2;3;4;5;6;7;8;9;10;11;12;13;14
350,14,0.04416963875167637,0.04416963506969271,1.2101561084746955,0.2513182636525748,False,False,ieee14,14,1;2;3;4;5;6;7;8;9;10;11;12;13;14
351,14,0.024013988500981027,0.02401398497652754,0.9259187356504875,0.1559584597562469,False,False,ieee14,14,1;2;3;4;5;6;7;8;9;10;11;12;13;14
352,14,0.028794680234376112,0.028794676599340457,0.9886914597292714,0.16833447000563206,False,False,ieee14,14,1;2;3;4;5;6;7;8;9;10;11;12;13;14
353,14,0.05131212654149618,0.051312123212880395,1.2936183741466578,0.31917474273702795,False,False,ieee14,14,1;2;3;4;5;6;7;8;9;10;11;12;13;14
354,14,0.0017865086854417954,0.0017865055741989322,0.8249379689140971,0.14595467481572455,False,False,ieee14,14,1;2;3;4;5;6;7;8;9;10;11;12;13;14
355,14,0.0015233852756542164,0.001523382846487259,0.8258325477819065,0.14606189315647922,False,False,ieee14,14,1;2;3;4;5;6;7;8;9;10;11;12;13;14
356,14,0.0003150080869069276,0.00031500441636081455,0.8376217418438666,0.14767933282757872,False,False,ieee14,14,1;2;3;4;5;6;7;8;9;10;11;12;13;14
357,14,0.00029618314688427156,0.0002961770346386061,0.8267850487346604,0.1440342564674737,False,False,ieee14,14,1;2;3;4;5;6;7;8;9;10;11;12;13;14
358,14,0.00351160558035037,0.0035115991731700102,0.8371720383415623,0.14533510411418948,False,False,ieee14,14,1;2;3;4;5;6;7;8;9;10;11;12;13;14
359,14,0.034339839827811226,0.03433983715597272,0.9325169240421545,0.1603615463025181,False,False,ieee14,14,1;2;3;4;5;6;7;8;9;10;11;12;13;14
360,14,0.18623129080014558,0.18623128781950204,1.71352449109447,0.4746922922382968,False,False,ieee14,14,1;2;3;4;5;6;7;8;9;10;11;12;13;14
361,14,0.04095162404000914,0.040951621617346695,1.1087107712876387,0.22002784863249802,False,False,ieee14,14,1;2;3;4;5;6;7;8;9;10;11;12;13;14
362,14,0.12471291710470346,0.1247129112857992,1.404043523981592,0.2936112761459069,False,False,ieee14,14,1;2;3;4;5;6;7;8;9;10;11;12;13;14
363,14,0.10549798417067435,0.10549797829806079,1.3020012496091002,0.26381774808140945,False,False,ieee14,14,1;2;3;4;5;6;7;8;9;10;11;12;13;14
364,14,0.0693588799117197,0.0693588739197668,1.0878274033706437,0.20664368572069391,False,False,ieee14,14,1;2;3;4;5;6;7;8;9;10;11;12;13;14
365,14,0.036882669588422214,0.03688266386676137,0.9540012912424215,0.1548501813710701,False,False,ieee14,14,1;2;3;4;5;6;7;8;9;10;11;12;13;14
366,14,0.04451024657111511,0.04451024069954845,0.9747478016216959,0.15996727590685533,False,False,ieee14,14,1;2;3;4;5;6;7;8;9;10;11;12;13;14
367,14,0.08121037823575127,0.08121037288038807,1.1389477156154164,0.22479062116996873,False,False,ieee14,14,1;2;3;4;5;6;7;8;9;10;11;12;13;14
368,14,0.0021483651706136297,0.0021483611499454602,0.7905807929198293,0.1367453923957893,False,False,ieee14,14,1;2;3;4;5;6;7;8;9;10;11;12;13;14
369,14,0.00181731710032584,0.0018173139957152473,0.8320882187428782,0.14257362480479685,False,False,ieee14,14,1;2;3;4;5;6;7;8;9;10;11;12;13;14
370,14,0.00024349218294078296,0.0002434875753228316,0.8507480616768385,0.14562496593745577,False,False,ieee14,14,1;2;3;4;5;6;7;8;9;10;11;12;13;14
371,14,0.0006061146835339977,0.0006061070473726005,0.8316332222015267,0.13954095068103944,False,False,ieee14,14,1;2;3;4;5;6;7;8;9;10;11;12;13;14
372,14,0.004454794061364155,0.004454786226463198,0.8422367840057452,0.14075477601984554,False,False,ieee14,14,1;2;3;4;5;6;7;8;9;10;11;12;13;14
373,14,0.044501074570192624,0.04450107067666173,0.9868758449814251,0.16312870396565105,False,False,ieee14,14,1;2;3;4;5;6;7;8;9;10;11;12;13;14
374,14,0.22859390783085068,0.22859390395652315,3.1489099622272003,1.260374219897707,False,False,ieee14,14,1;2;3;4;5;6;7;8;9;10;11;12;13;14
375,14,0.05544454963191027,0.05544454638831969,1.4253410588406883,0.28138301156682677,False,False,ieee14,14,1;2;3;4;5;6;7;8;9;10;11;12;13;14
376,14,0.15463638064654217,0.1546363733742402,2.2811945300321246,0.6059785602590846,False,False,ieee14,14,1;2;3;4;5;6;7;8;9;10;11;12;13;14
377,14,0.13145533664205386,0.13145532940569962,1.8924346376610246,0.4708539498987466,False,False,ieee14,14,1;2;3;4;5;6;7;8;9;10;11;12;13;14
378,14,0.08767563663194998,0.08767562930352055,1.2841667717440293,0.25481863415517925,False,False,ieee14,14,1;2;3;4;5;6;7;8;9;10;11;12;13;14
379,14,0.04753062715052326,0.04753062014881179,1.0227031599474548,0.1558226293004341,False,False,ieee14,14,1;2;3;4;5;6;7;8;9;10;11;12;13;14
380,14,0.05707014440303937,0.05707013717215484,1.0714140075135548,0.17666317231573225,False,False,ieee14,14,1;2;3;4;5;6;7;8;9;10;11;12;13;14
381,14,0.10194003806996364,0.10194003144869493,1.3879463192474653,0.34427034740474294,False,False,ieee14,14,1;2;3;4;5;6;7;8;9;10;11;12;13;14
382,14,0.0028483497477708648,0.0028483437609220785,0.8104864581396065,0.13120772239270972,False,False,ieee14,14,1;2;3;4;5;6;7;8;9;10;11;12;13;14
383,14,0.0023787353033057437,0.002378730593719902,0.8506814309260974,0.1369181749435151,False,False,ieee14,14,1;2;3;4;5;6;7;8;9;10;11;12;13;14
384,14,7.051834611822785e-05,7.051147847769723e-05,0.8803520663025935,0.14150094808892866,False,False,ieee14,14,1;2;3;4;5;6;7;8;9;10;11;12;13;14
385,14,0.0012957642420963263,0.0012957528109645011,0.8490773407997245,0.13212052191312829,False,False,ieee14,14,1;2;3;4;5;6;7;8;9;10;11;12;13;14
386,14,0.006333884694095278,0.006333872958296488,0.869495471799976,0.13451378758646793,False,False,ieee14,14,1;2;3;4;5;6;7;8;9;10;11;12;13;14
387,14,0.06623153598546885,0.0662315302503518,1.1960202662434383,0.1841738256906731,False,False,ieee14,14,1;2;3;4;5;6;7;8;9;10;11;12;13;14
388,14,0.34097044695751494,0.34097044116404973,5.432296608609525,2.274161719172439,False,False,ieee14,14,1;2;3;4;5;6;7;8;9;10;11;12;13;14
389,14,0.08252267667642643,0.08252267191947588,2.0153259386204456,0.5236493235234159,False,False,ieee14,14,1;2;3;4;5;6;7;8;9;10;11;12;13;14
390,14,0.23013817632732475,0.2301381654575269,3.879710121923559,1.1042086830078537,False,False,ieee14,14,1;2;3;4;5;6;7;8;9;10;11;12;13;14
391,14,0.195464212783008,0.19546420196719075,3.0326592829578445,0.8167186634387192,False,False,ieee14,14,1;2;3;4;5;6;7;8;9;10;11;12;13;14
392,14,0.1302492148367436,0.13024920388901653,1.7929533299767382,0.36936841455057867,False,False,ieee14,14,1;2;3;4;5;6;7;8;9;10;11;12;13;14
393,14,0.07056019367011573,0.07056018322894428,1.1865477352882228,0.16506001005689142,False,False,ieee14,14,1;2;3;4;5;6;7;8;9;10;11;12;13;14
394,14,0.08476795916514877,0.08476794837001786,1.3101286969277424,0.22644233861388097,False,False,ieee14,14,1;2;3;4;5;6;7;8;9;10;11;12;13;14
395,14,0.15134267914026003,0.15134266926245707,1.9731135730780731,0.5579474447446712,False,False,ieee14,14,1;2;3;4;5;6;7;8;9;10;11;12;13;14
396,14,8.626011720391024e-05,8.626011316384408e-05,2.9453415768346436,0.8224403225626205,False,False,ieee14,14,1;2;3;4;5;6;7;8;9;10;11;12;13;14
397,14,0.011965506656519848,0.011965403991672813,5.023272656534778,0.6202725872309691,False,False,ieee14,14,1;2;3;4;5;6;7;8;9;10;11;12;13;14
398,14,0.0354790103373986,0.03547894261308013,6.008725531348885,0.8641881299328169,False,False,ieee14,14,1;2;3;4;5;6;7;8;9;10;11;12;13;14
399,14,0.039231843295130395,0.03923172067015762,32.65018447073814,8.305782569218263,False,False,ieee14,14,1;2;3;4;5;6;7;8;9;10;11;12;13;14
400,14,0.03477843903887984,0.03477831462812514,3.7901803577369644,0.6262002283038285,False,False,ieee14,14,1;2;3;4;5;6;7;8;9;10;11;12;13;14
401,14,0.5419891174005718,0.5419890737134253,7.007460671844477,0.9026133487902652,False,False,ieee14,14,1;2;3;4;5;6;7;8;9;10;11;12;13;14
402,14,1.5407025730342272,1.5407025054383228,9.199304889587852,1.9140488010255614,False,False,ieee14,14,1;2;3;4;5;6;7;8;9;10;11;12;13;14
403,14,1.0275635600210926,1.0275635066577695,7.816637562242573,1.5316781454060162,False,False,ieee14,14,1;2;3;4;5;6;7;8;9;10;11;12;13;14
404,14,0.6106490005537881,0.6106489521393461,6.333246979571276,0.9964213029961854,False,False,ieee14,14,1;2;3;4;5;6;7;8;9;10;11;12;13;14
405,14,0.27857396010018787,0.27857392178779017,5.311782109566897,0.8394874834218373,False,False,ieee14,14,1;2;3;4;5;6;7;8;9;10;11;12;13;14
406,14,0.43255662782094834,0.43255657595794705,6.1500794597466815,0.8873965847703298,False,False,ieee14,14,1;2;3;4;5;6;7;8;9;10;11;12;13;14
407,14,0.5744487482794659,0.5744487138126231,6.0283739330187815,1.1752516896281036,False,False,ieee14,14,1;2;3;4;5;6;7;8;9;10;11;12;13;14
408,14,0.011961931710761637,0.011961829046163247,5.021773872690493,0.6205401335666463,False,False,ieee14,14,1;2;3;4;5;6;7;8;9;10;11;12;13;14
409,14,0.035477852706110195,0.035477784982676674,6.008690437351723,0.8641442164382012,False,False,ieee14,14,1;2;3;4;5;6;7;8;9;10;11;12;13;14
410,14,0.03923115312312702,0.03923103049607421,32.79083832145175,8.344206399144818,False,False,ieee14,14,1;2;3;4;5;6;7;8;9;10;11;12;13;14
411,14,0.03477594736542612,0.03477582295104825,3.7883523225819733,0.6262220553521026,False,False,ieee14,14,1;2;3;4;5;6;7;8;9;10;11;12;13;14
412,14,0.5419949423270617,0.541994898639415,7.007384932019017,0.9025588839069245,False,False,ieee14,14,1;2;3;4;5;6;7;8;9;10;11;12;13;14
413,14,1.5406919252503024,1.5406918576547994,9.200898946093785,1.9142538329713055,False,False,ieee14,14,1;2;3;4;5;6;7;8;9;10;11;12;13;14
414,14,1.0275711522927113,1.02757109892898,7.816561303423226,1.531642081530508,False,False,ieee14,14,1;2;3;4;5;6;7;8;9;10;11;12;13;14
415,14,0.6106627436385752,0.6106626952230356,6.33299567059991,0.9963930463757552,False,False,ieee14,14,1;2;3;4;5;6;7;8;9;10;11;12;13;14
416,14,0.27857874090066886,0.27857870258769113,5.3117548286648715,0.839490402966748,False,False,ieee14,14,1;2;3;4;5;6;7;8;9;10;11;12;13;14
417,14,0.4325602357154443,0.4325601838519091,6.149438221051181,0.8872015860227127,False,False,ieee14,14,1;2;3;4;5;6;7;8;9;10;11;12;13;14
418,14,0.5744459726322829,0.5744459381654781,6.0180492450078855,1.1741099848845094,False,False,ieee14,14,1;2;3;4;5;6;7;8;9;10;11;12;13;14
419,14,0.0008344317100695603,0.0008344296987691235,2.9159372122963783,0.7928129498703398,False,False,ieee14,14,1;2;3;4;5;6;7;8;9;10;11;12;13;14
420,14,0.0006626580160680038,0.0006626564896420883,2.915052872819532,0.7923140075037653,False,False,ieee14,14,1;2;3;4;5;6;7;8;9;10;11;12;13;14
421,14,0.00013179990586927157,0.00013179758491477234,2.9288341637392383,0.7965287936654111,False,False,ieee14,14,1;2;3;4;5;6;7;8;9;10;11;12;13;14
422,14,0.0005513189689766307,0.0005513151418258255,2.893569140790107,0.780466570482738,False,False,ieee14,14,1;2;3;4;5;6;7;8;9;10;11;12;13;14
423,14,0.0019731397783064484,0.0019731358567521284,2.906881948568755,0.7838784494324047,False,False,ieee14,14,1;2;3;4;5;6;7;8;9;10;11;12;13;14
424,14,0.022066166943283266,0.022066164979254427,3.040643046209968,0.7944421013788858,False,False,ieee14,14,1;2;3;4;5;6;7;8;9;10;11;12;13;14
425,14,0.11470822923069483,0.11470822728686506,4.598239435190415,1.7684561741628333,False,False,ieee14,14,1;2;3;4;5;6;7;8;9;10;11;12;13;14
426,14,0.02815779088202342,0.02815778924115772,3.5051845882230483,0.9248045735696899,False,False,ieee14,14,1;2;3;4;5;6;7;8;9;10;11;12;13;14
427,14,0.07741182571889316,0.07741182207248992,4.215778395209202,1.0767746640472828,False,False,ieee14,14,1;2;3;4;5;6;7;8;9;10;11;12;13;14
428,14,0.06575273337291898,0.06575272974484028,3.8479911197989445,0.8985117928959094,False,False,ieee14,14,1;2;3;4;5;6;7;8;9;10;11;12;13;14
429,14,0.043765434778560375,0.04376543110213374,3.282858457746712,0.809477266444333,False,False,ieee14,14,1;2;3;4;5;6;7;8;9;10;11;12;13;14
430,14,0.0236042197238095,0.023604216205040468,3.0144604362063507,0.7936498775202097,False,False,ieee14,14,1;2;3;4;5;6;7;8;9;10;11;12;13;14
431,14,0.028386495148030846,0.028386491518524293,3.062688850749562,0.7943253818913258,False,False,ieee14,14,1;2;3;4;5;6;7;8;9;10;11;12;13;14
432,14,0.05090871084364173,0.050908707520328,3.36220919738419,0.8202800714273408,False,False,ieee14,14,1;2;3;4;5;6;7;8;9;10;11;12;13;14
433,14,0.001369634481405563,0.0013696313752841471,2.924305965237835,0.782802204057528,False,False,ieee14,14,1;2;3;4;5;6;7;8;9;10;11;12;13;14
434,14,0.001106441989728381,0.0011064395658995918,2.9245669950593802,0.7824497665280101,False,False,ieee14,14,1;2;3;4;5;6;7;8;9;10;11;12;13;14
435,14,0.0001026220776066994,0.0001026184109030881,2.9420813803196686,0.7881951506991989,False,False,ieee14,14,1;2;3;4;5;6;7;8;9;10;11;12;13;14
436,14,0.0007126711551866703,0.0007126650478266605,2.9032748872792613,0.7673368156049971,False,False,ieee14,14,1;2;3;4;5;6;7;8;9;10;11;12;13;14
437,14,0.0030959297117520174,0.003095923309993004,2.919205509453919,0.771690452087618,False,False,ieee14,14,1;2;3;4;5;6;7;8;9;10;11;12;13;14
438,14,0.03393919306792904,0.033939190400607555,3.0533265704181973,0.7846347695414702,False,False,ieee14,14,1;2;3;4;5;6;7;8;9;10;11;12;13;14
439,14,0.18590230222556722,0.18590229925011936,4.0329115667672175,1.3661850784397478,False,False,ieee14,14,1;2;3;4;5;6;7;8;9;10;11;12;13;14
440,14,0.04137539135993647,0.041375388938787366,3.440592731988596,0.9365955777059014,False,False,ieee14,14,1;2;3;4;5;6;7;8;9;10;11;12;13;14
441,14,0.12433613251680338,0.12433612670247074,4.004026751758254,1.1052108359863295,False,False,ieee14,14,1;2;3;4;5;6;7;8;9;10;11;12;13;14
442,14,0.10511026604842988,0.10511026018109121,3.7316269791874177,0.9068242034757725,False,False,ieee14,14,1;2;3;4;5;6;7;8;9;10;11;12;13;14
443,14,0.06896283956107702,0.06896283357461508,3.2837478754855027,0.8024002100087859,False,False,ieee14,14,1;2;3;4;5;6;7;8;9;10;11;12;13;14
444,14,0.03647847361573149,0.03647846789961956,3.0550055538073586,0.7843716247625472,False,False,ieee14,14,1;2;3;4;5;6;7;8;9;10;11;12;13;14
445,14,0.04410854568932049,0.04410853982314661,3.0906859592900684,0.784646355235691,False,False,ieee14,14,1;2;3;4;5;6;7;8;9;10;11;12;13;14
446,14,0.08081254247741779,0.08081253712741404,3.3537727774660375,0.8149569876696137,False,False,ieee14,14,1;2;3;4;5;6;7;8;9;10;11;12;13;14
447,14,0.00173406998906735,0.0017340659733369734,2.9214675640321754,0.7721565176835847,False,False,ieee14,14,1;2;3;4;5;6;7;8;9;10;11;12;13;14
448,14,0.0014013379760104139,0.0014013348766376,2.921413194132518,0.7716335116192048,False,False,ieee14,14,1;2;3;4;5;6;7;8;9;10;11;12;13;14
449,14,0.00017459500499632396,0.00017459040117426272,2.9457189444550664,0.7791946307373179,False,False,ieee14,14,1;2;3;4;5;6;7;8;9;10;11;12;13;14
450,14,0.001021591679984871,0.0010215840486834937,2.8948656617702704,0.7528300001086015,False,False,ieee14,14,1;2;3;4;5;6;7;8;9;10;11;12;13;14
451,14,0.004039977427922054,0.004039969598425092,2.9144987720353406,0.7580014079296342,False,False,ieee14,14,1;2;3;4;5;6;7;8;9;10;11;12;13;14
452,14,0.04410464180382631,0.04410463791459465,3.078247447313715,0.7719825836048138,False,False,ieee14,14,1;2;3;4;5;6;7;8;9;10;11;12;13;14
453,14,0.22826360960330952,0.22826360573414858,5.105870774977908,2.021952126129901,False,False,ieee14,14,1;2;3;4;5;6;7;8;9;10;11;12;13;14
454,14,0.055879379241397346,0.05587937599895898,3.557374943796476,0.9215968355550235,False,False,ieee14,14,1;2;3;4;5;6;7;8;9;10;11;12;13;14
455,14,0.15425657914215127,0.1542565718745102,4.437108202695861,1.1096562384310333,False,False,ieee14,14,1;2;3;4;5;6;7;8;9;10;11;12;13;14
456,14,0.13106565726940025,0.13106565003838042,4.005543250488051,0.8919011566928723,False,False,ieee14,14,1;2;3;4;5;6;7;8;9;10;11;12;13;14
457,14,0.08727968761720757,0.08727968029429803,3.3677260848168316,0.7872977607713509,False,False,ieee14,14,1;2;3;4;5;6;7;8;9;10;11;12;13;14
458,14,0.04712795686491842,0.04712794986874888,3.0873432169705697,0.773673578691449,False,False,ieee14,14,1;2;3;4;5;6;7;8;9;10;11;12;13;14
459,14,0.05666982275166104,0.05666981552616984,3.1284758975782494,0.7724659553652997,False,False,ieee14,14,1;2;3;4;5;6;7;8;9;10;11;12;13;14
460,14,0.10154268532875055,0.10154267871280703,3.472446653700785,0.8011522975368988,False,False,ieee14,14,1;2;3;4;5;6;7;8;9;10;11;12;13;14
461,14,0.0024354104055710154,0.0024354044236878925,2.9252929258238254,0.7523102471645746,False,False,ieee14,14,1;2;3;4;5;6;7;8;9;10;11;12;13;14
462,14,0.001963946658135015,0.00196394195344915,2.92613373250713,0.7518859286764084,False,False,ieee14,14,1;2;3;4;5;6;7;8;9;10;11;12;13;14
463,14,0.00034678232323506124,0.00034677545931091625,2.9623508787309283,0.7629697920002716,False,False,ieee14,14,1;2;3;4;5;6;7;8;9;10;11;12;13;14
464,14,0.0017093717424551678,0.0017093603159505089,2.8929711525243604,0.7265108222183714,False,False,ieee14,14,1;2;3;4;5;6;7;8;9;10;11;12;13;14
465,14,0.0059211102747817835,0.005921098544180187,2.921316587239474,0.7333989896741739,False,False,ieee14,14,1;2;3;4;5;6;7;8;9;10;11;12;13;14
466,14,0.06584578736120276,0.06584578163052937,3.194519598292018,0.7554989254746847,False,False,ieee14,14,1;2;3;4;5;6;7;8;9;10;11;12;13;14
467,14,0.34063745001608775,0.34063744422838105,7.010864780472081,2.921668697195644,False,False,ieee14,14,1;2;3;4;5;6;7;8;9;10;11;12;13;14
468,14,0.08296965813725893,0.08296965338148005,3.9839283242158077,0.9992440977317716,False,False,ieee14,14,1;2;3;4;5;6;7;8;9;10;11;12;13;14
469,14,0.22977480945774204,0.22977479859263733,5.541566798055697,1.436790252895622,False,False,ieee14,14,1;2;3;4;5;6;7;8;9;10;11;12;13;14
470,14,0.19508805273867946,0.19508804192820786,4.778519944830904,1.0636011418122937,False,False,ieee14,14,1;2;3;4;5;6;7;8;9;10;11;12;13;14
471,14,0.1298647624864607,0.12986475154420488,3.687488527987393,0.7853262086201163,False,False,ieee14,14,1;2;3;4;5;6;7;8;9;10;11;12;13;14
472,14,0.07016645075348335,0.07016644031773964,3.1945280965364664,0.7572082229841848,False,False,ieee14,14,1;2;3;4;5;6;7;8;9;10;11;12;13;14
473,14,0.08437764913084497,0.08437763834099615,3.2734570576446553,0.7571182970295398,False,False,ieee14,14,1;2;3;4;5;6;7;8;9;10;11;12;13;14
474,14,0.15095486318124895,0.15095485330876296,3.8555301593306432,0.807972780949858,False,False,ieee14,14,1;2;3;4;5;6;7;8;9;10;11;12;13;14
475,14,5.596531023912997e-05,5.596530859158788e-05,1.6782207298980916,0.3945116214958482,False,False,ieee14,14,1;2;3;4;5;6;7;8;9;10;11;12;13;14
476,14,0.012000148437403073,0.01200004577307709,4.0651560221194245,0.620280428807649,False,False,ieee14,14,1;2;3;4;5;6;7;8;9;10;11;12;13;14
477,14,0.03545460127328797,0.035454533548919476,4.8445230305865685,0.6203961787529558,False,False,ieee14,14,1;2;3;4;5;6;7;8;9;10;11;12;13;14
478,14,0.039145781653105116,0.03914565903016268,9.61397781343657,2.0529053923663443,False,False,ieee14,14,1;2;3;4;5;6;7;8;9;10;11;12;13;14
479,14,0.03475140557856333,0.03475128116900522,3.3535003115236113,0.6261276401620701,False,False,ieee14,14,1;2;3;4;5;6;7;8;9;10;11;12;13;14
480,14,0.5420775343825486,0.5420774906969988,5.851449950996797,0.686781023481056,False,False,ieee14,14,1;2;3;4;5;6;7;8;9;10;11;12;13;14
481,14,1.5406546372275924,1.540654569638818,8.52474301715032,1.8003504723800814,False,False,ieee14,14,1;2;3;4;5;6;7;8;9;10;11;12;13;14
482,14,1.0276933737409881,1.0276933203776226,6.911456008962175,1.4416183165800178,False,False,ieee14,14,1;2;3;4;5;6;7;8;9;10;11;12;13;14
483,14,0.6107523816512613,0.6107523332394749,4.970677361494861,0.9475975982513071,False,False,ieee14,14,1;2;3;4;5;6;7;8;9;10;11;12;13;14
484,14,0.27864900144155685,0.2786489631308834,3.941088030540395,0.7068662280336544,False,False,ieee14,14,1;2;3;4;5;6;7;8;9;10;11;12;13;14
485,14,0.43264869846197934,0.43264864660071545,4.799346859696545,0.7318928961925554,False,False,ieee14,14,1;2;3;4;5;6;7;8;9;10;11;12;13;14
486,14,0.5745547680844041,0.5745547336193697,4.704257684447793,1.10423923714036,False,False,ieee14,14,1;2;3;4;5;6;7;8;9;10;11;12;13;14
487,14,0.01199664325923429,0.011996540595156674,4.064780007908336,0.6205479720958307,False,False,ieee14,14,1;2;3;4;5;6;7;8;9;10;11;12;13;14
488,14,0.03545352660790063,0.03545345888441723,4.845662714570142,0.6204992255862435,False,False,ieee14,14,1;2;3;4;5;6;7;8;9;10;11;12;13;14
489,14,0.03914353394121953,0.03914341131621063,9.312006654845964,1.969060993051793,False,False,ieee14,14,1;2;3;4;5;6;7;8;9;10;11;12;13;14
490,14,0.03474871185397475,0.03474858744079287,3.3535820755667953,0.6261495976473612,False,False,ieee14,14,1;2;3;4;5;6;7;8;9;10;11;12;13;14
491,14,0.5420833654267813,0.5420833217407237,5.85032095329674,0.6867845793270618,False,False,ieee14,14,1;2;3;4;5;6;7;8;9;10;11;12;13;14
492,14,1.5406836847905503,1.5406836172001428,8.543838578533698,1.7995863773233853,False,False,ieee14,14,1;2;3;4;5;6;7;8;9;10;11;12;13;14
493,14,1.027700775119943,1.027700721756167,6.917386264730176,1.4416945871171292,False,False,ieee14,14,1;2;3;4;5;6;7;8;9;10;11;12;13;14
494,14,0.6107660000500098,0.6107659516371189,4.972645366811467,0.9476095929986658,False,False,ieee14,14,1;2;3;4;5;6;7;8;9;10;11;12;13;14
495,14,0.2786537341251798,0.2786536958139283,3.9408594361198466,0.7068504264587294,False,False,ieee14,14,1;2;3;4;5;6;7;8;9;10;11;12;13;14
496,14,0.43265211870332687,0.43265206684153035,4.8005494640049555,0.7318752779219048,False,False,ieee14,14,1;2;3;4;5;6;7;8;9;10;11;12;13;14
497,14,0.5745569622130969,0.574556927747932,4.6967865440044525,1.1038311856869971,False,False,ieee14,14,1;2;3;4;5;6;7;8;9;10;11;12;13;14
498,14,0.0008639548144194082,0.0008639528031862409,1.6365892786160459,0.3605301020303453,False,False,ieee14,14,1;2;3;4;5;6;7;8;9;10;11;12;13;14
499,14,0.0006921699186952352,0.000692168392692899,1.6441157487290294,0.36331398407847404,False,False,ieee14,14,1;2;3;4;5;6;7;8;9;10;11;12;13;14
500,14,0.00010158195086370894,0.00010157963035081763,1.6584909922143896,0.36761263088217966,False,False,ieee14,14,1;2;3;4;5;6;7;8;9;10;11;12;13;14
501,14,0.0005209510621001453,0.0005209472359616607,1.620621362897954,0.35076577980869983,False,False,ieee14,14,1;2;3;4;5;6;7;8;9;10;11;12;13;14
502,14,0.0020019827393996073,0.0020019788185989817,1.6355223674343273,0.3542946293146003,False,False,ieee14,14,1;2;3;4;5;6;7;8;9;10;11;12;13;14
503,14,0.02208593438768898,0.022085932423884513,1.8124663705499038,0.3656778584299012,False,False,ieee14,14,1;2;3;4;5;6;7;8;9;10;11;12;13;14
504,14,0.11469691019698175,0.11469690825418147,3.8639897461071584,1.503752902987525,False,False,ieee14,14,1;2;3;4;5;6;7;8;9;10;11;12;13;14
505,14,0.02810598180959869,0.02810598017040078,2.3042475849823134,0.5073927024085223,False,False,ieee14,14,1;2;3;4;5;6;7;8;9;10;11;12;13;14
506,14,0.07742060313858055,0.07742059949350627,3.2106072977274795,0.8339178729351133,False,False,ieee14,14,1;2;3;4;5;6;7;8;9;10;11;12;13;14
507,14,0.06576579160136292,0.06576578797423646,2.774232699558153,0.6500585435102882,False,False,ieee14,14,1;2;3;4;5;6;7;8;9;10;11;12;13;14
508,14,0.04378297173363578,0.0437829680580267,2.1141639838639734,0.407607419761582,False,False,ieee14,14,1;2;3;4;5;6;7;8;9;10;11;12;13;14
509,14,0.0236260672209638,0.023626063702981537,1.7727272206424711,0.3660316248792075,False,False,ieee14,14,1;2;3;4;5;6;7;8;9;10;11;12;13;14
510,14,0.028406912901172258,0.02840690927251724,1.8407379482321846,0.3673676462734572,False,False,ieee14,14,1;2;3;4;5;6;7;8;9;10;11;12;13;14
511,14,0.05092719466873809,0.05092719134637155,2.1989895690230012,0.4466683575388889,False,False,ieee14,14,1;2;3;4;5;6;7;8;9;10;11;12;13;14
512,14,0.001398850959719181,0.0013988478535717774,1.6409956333626685,0.34973837380637285,False,False,ieee14,14,1;2;3;4;5;6;7;8;9;10;11;12;13;14
513,14,0.0011361222778126468,0.0011361198543179407,1.6408533798601714,0.34920297334087635,False,False,ieee14,14,1;2;3;4;5;6;7;8;9;10;11;12;13;14
514,14,7.218570446736706e-05,7.21820381983096e-05,1.6608468085041181,0.35579828339093167,False,False,ieee14,14,1;2;3;4;5;6;7;8;9;10;11;12;13;14
515,14,0.0006819198381310413,0.0006819137318631041,1.6139347625888902,0.3323006419639616,False,False,ieee14,14,1;2;3;4;5;6;7;8;9;10;11;12;13;14
516,14,0.003124847731640438,0.0031248413307199407,1.6336927649578206,0.33749307590496436,False,False,ieee14,14,1;2;3;4;5;6;7;8;9;10;11;12;13;14
517,14,0.03395365967702395,0.033953657009807264,1.8416547765581615,0.35550844749272636,False,False,ieee14,14,1;2;3;4;5;6;7;8;9;10;11;12;13;14
518,14,0.18585023096957506,0.1858502279956973,3.9329258839906136,1.4220536326198268,False,False,ieee14,14,1;2;3;4;5;6;7;8;9;10;11;12;13;14
519,14,0.04132278347511799,0.04132278105547818,2.387832337741604,0.5567934183120449,False,False,ieee14,14,1;2;3;4;5;6;7;8;9;10;11;12;13;14
520,14,0.12432293831756067,0.12432293250505835,3.276411468259716,0.7982922955684741,False,False,ieee14,14,1;2;3;4;5;6;7;8;9;10;11;12;13;14
521,14,0.1051071245098183,0.10510711864386449,2.8541247673179875,0.6279326672515628,False,False,ieee14,14,1;2;3;4;5;6;7;8;9;10;11;12;13;14
522,14,0.06897142317164717,0.06897141718629021,2.179628442082029,0.4273536195868215,False,False,ieee14,14,1;2;3;4;5;6;7;8;9;10;11;12;13;14
523,14,0.036496242385988684,0.03649623667079846,1.8093685043360273,0.3533931539879567,False,False,ieee14,14,1;2;3;4;5;6;7;8;9;10;11;12;13;14
524,14,0.04412366675467386,0.044123660889515276,1.8809712075897442,0.3560004957225247,False,False,ieee14,14,1;2;3;4;5;6;7;8;9;10;11;12;13;14
525,14,0.08082092914685725,0.08082092379813652,2.2716132192154945,0.4397610273528648,False,False,ieee14,14,1;2;3;4;5;6;7;8;9;10;11;12;13;14
526,14,0.0017635796587606423,0.001763575643297266,1.6283369277941417,0.3353225015522332,False,False,ieee14,14,1;2;3;4;5;6;7;8;9;10;11;12;13;14
527,14,0.0014312031708341654,0.0014312000716174833,1.6350306899196685,0.337311494191777,False,False,ieee14,14,1;2;3;4;5;6;7;8;9;10;11;12;13;14
528,14,0.00014389882278544652,0.00014389421941282676,1.662540818214473,0.34602981834730917,False,False,ieee14,14,1;2;3;4;5;6;7;8;9;10;11;12;13;14
529,14,0.0009902730395953453,0.0009902654093001673,1.6020072843331459,0.3165022255777572,False,False,ieee14,14,1;2;3;4;5;6;7;8;9;10;11;12;13;14
530,14,0.004068895651125903,0.004068887822402584,1.6259344262693505,0.32263641023551903,False,False,ieee14,14,1;2;3;4;5;6;7;8;9;10;11;12;13;14
531,14,0.04411520732624012,0.04411520343763331,1.8583904171925245,0.3401794938180913,False,False,ieee14,14,1;2;3;4;5;6;7;8;9;10;11;12;13;14
532,14,0.2281837732407896,0.22818376937364745,4.780366486793987,1.9281890655521068,False,False,ieee14,14,1;2;3;4;5;6;7;8;9;10;11;12;13;14
533,14,0.05580411751353066,0.055804114273348804,2.4407203740493575,0.5251333494679664,False,False,ieee14,14,1;2;3;4;5;6;7;8;9;10;11;12;13;14
534,14,0.15423415669981566,0.15423414943434227,3.6434109220687834,0.9634049706435386,False,False,ieee14,14,1;2;3;4;5;6;7;8;9;10;11;12;13;14
535,14,0.13105617783910425,0.13105617060968125,3.075877829656399,0.7351529764167584,False,False,ieee14,14,1;2;3;4;5;6;7;8;9;10;11;12;13;14
536,14,0.08728431881130513,0.0872843114895919,2.246563470167836,0.4346120153101467,False,False,ieee14,14,1;2;3;4;5;6;7;8;9;10;11;12;13;14
537,14,0.047142829510906176,0.04714282251568541,1.8406022051669755,0.342055978769936,False,False,ieee14,14,1;2;3;4;5;6;7;8;9;10;11;12;13;14
538,14,0.05668176021858905,0.05668175299415626,1.9135138674734096,0.34223372274938946,False,False,ieee14,14,1;2;3;4;5;6;7;8;9;10;11;12;13;14
539,14,0.1015472705512897,0.10154726393675331,2.3671640688816598,0.5080500122325563,False,False,ieee14,14,1;2;3;4;5;6;7;8;9;10;11;12;13;14
540,14,0.0024652182532107748,0.00246521227177654,1.6280933607277652,0.3136742844392848,False,False,ieee14,14,1;2;3;4;5;6;7;8;9;10;11;12;13;14
541,14,0.0019940659623769994,0.001994061257584695,1.6363424006802365,0.31608189527069763,False,False,ieee14,14,1;2;3;4;5;6;7;8;9;10;11;12;13;14
542,14,0.0003156195988097377,0.00031561273533348144,1.6751908190398113,0.32812531463019745,False,False,ieee14,14,1;2;3;4;5;6;7;8;9;10;11;12;13;14
543,14,0.0016767491093241523,0.001676737683808216,1.5898234606728145,0.28569894785769234,False,False,ieee14,14,1;2;3;4;5;6;7;8;9;10;11;12;13;14
544,14,0.005950227390951024,0.0059502156611237755,1.6244465763067428,0.29429836100727025,False,False,ieee14,14,1;2;3;4;5;6;7;8;9;10;11;12;13;14
545,14,0.0658475699805192,0.06584756425076571,1.9775849493652178,0.32033455272458244,False,False,ieee14,14,1;2;3;4;5;6;7;8;9;10;11;12;13;14
546,14,0.34049211321369954,0.3404921074289471,6.405509629772175,2.6635125715442842,False,False,ieee14,14,1;2;3;4;5;6;7;8;9;10;11;12;13;14
547,14,0.08286667046123593,0.08286666570844478,2.777207810188623,0.6119711474976098,False,False,ieee14,14,1;2;3;4;5;6;7;8;9;10;11;12;13;14
548,14,0.22972644696066197,0.22972643609848786,4.696515078702946,1.301289907344485,False,False,ieee14,14,1;2;3;4;5;6;7;8;9;10;11;12;13;14
549,14,0.19506093600434776,0.19506092519597842,3.8089076572141036,0.9626868857705527,False,False,ieee14,14,1;2;3;4;5;6;7;8;9;10;11;12;13;14
550,14,0.12985906200162023,0.12985905106080056,2.558708040505108,0.5071069199614451,False,False,ieee14,14,1;2;3;4;5;6;7;8;9;10;11;12;13;14
551,14,0.07017471799438031,0.07017470755965732,1.9513431836595903,0.3232212494187632,False,False,ieee14,14,1;2;3;4;5;6;7;8;9;10;11;12;13;14
552,14,0.08438199079321618,0.0843819800045377,2.062535348908674,0.32338874812623564,False,False,ieee14,14,1;2;3;4;5;6;7;8;9;10;11;12;13;14
553,14,0.15094917821406065,0.1509491683432708,2.737177924391342,0.6485107856778873,False,False,ieee14,14,1;2;3;4;5;6;7;8;9;10;11;12;13;14
1,3,3.400408342357081e-05,1.9737227439142746e-05,0.0015731766905555666,0.001226732292856303,False,False,ieee30,3,6;1;2
2,3,0.020439116279047063,0.013647224622958226,0.004742277270344597,0.002811054511029254,False,False,ieee30,3,6;1;2
3,3,0.0014012851095259252,0.0005704296667660702,0.0021428583239023746,0.001582027041313494,False,False,ieee30,3,6;1;2
4,3,0.004069463909602451,0.0015983567168983137,0.0026472394868538585,0.0019523762709187098,False,False,ieee30,3,6;1;2
5,3,0.017714124227378752,0.009609435038956171,0.0034898122288565814,0.002179528487770699,False,False,ieee30,3,6;1;2
6,3,0.018497787831804974,0.007262600015743553,0.0076987839667689295,0.0050128657196935045,False,False,ieee30,3,6;1;2
7,3,0.0022493099865536284,0.000844072520945538,0.0027486550109989683,0.0020948104246220067,False,False,ieee30,3,6;1;2
8,3,0.0033461185024871096,0.0013138712530794128,0.003030103597404743,0.002252222692053274,False,False,ieee30,3,6;1;2
9,3,0.001904314591524514,0.000730992852198048,0.0025033215729978187,0.0019044524859874734,False,False,ieee30,3,6;1;2
10,3,0.0029207530697459017,0.001133686939378875,0.003111456946766733,0.002401369615655846,False,False,ieee30,3,6;1;2
11,3,0.0009622671424585477,0.0003704078906155428,0.0025441556612059157,0.0019715485561783153,False,False,ieee30,3,6;1;2
12,3,0.0035721280679517145,0.0013785892001865752,0.003205587948278521,0.0023179132070014763,False,False,ieee30,3,6;1;2
13,3,0.0011175920155651886,0.0004240421556590823,0.002162314517399566,0.0016406007485153529,False,False,ieee30,3,6;1;2
14,3,0.003433808475892128,0.001316239200739644,0.0031240907246563587,0.0023618106652919524,False,False,ieee30,3,6;1;2
15,3,0.0007803076446446441,0.0002914905746244367,0.002220055855705394,0.0017202011146499885,False,False,ieee30,3,6;1;2
16,3,0.00689047337874997,0.002675390188821569,0.003868822881053169,0.0026433382795201243,False,False,ieee30,3,6;1;2
17,3,0.0011685854432769219,0.00045051240357910083,0.0028418160343172127,0.002200768747815385,False,False,ieee30,3,6;1;2
18,3,0.003453374038953634,0.001349515053335193,0.00347081962424034,0.002468751449240636,False,False,ieee30,3,6;1;2
19,3,0.0014374551466749888,0.000542439690193186,0.0064302949713178625,0.005061594958187587,False,False,ieee30,3,6;1;2
20,3,0.00222424481610653,0.0008915638766147371,0.09778208781627551,0.07752710780129157,False,False,ieee30,3,6;1;2
21,3,0.004146990522586887,0.0015808018743277141,0.0053003536970605,0.004091435233829377,False,False,ieee30,3,6;1;2
22,3,0.007674533953993805,0.006400811772492548,0.017836129239062304,0.00993174197200375,False,False,ieee30,3,6;1;2
23,3,0.0002152579945438743,9.455989248002838e-05,0.001656811904509059,0.0008342143268422753,False,False,ieee30,3,6;1;2
24,3,0.0002709326346152924,0.00011856373751822913,0.0019551369113288697,0.0009272068072886386,False,False,ieee30,3,6;1;2
25,3,0.005602216372050051,0.004558409864742263,0.0017998428005410183,0.0006757475902353649,False,False,ieee30,3,6;1;2
26,3,0.00509582023860429,0.0023615034016142983,0.007815479441821371,0.00471740656288,False,False,ieee30,3,6;1;2
27,3,0.00014801024006715763,7.307014515312016e-05,0.0017457385029933103,0.0015568798388997385,False,False,ieee30,3,6;1;2
28,3,0.0006187075889177718,0.00027897305623919566,0.0014159734812119185,0.0013533281028201838,False,False,ieee30,3,6;1;2
29,3,0.00016227362166378045,7.711109646324488e-05,0.0021249637207222394,0.0017460373619844205,False,False,ieee30,3,6;1;2
30,3,0.0001665257973815712,8.464846464439901e-05,0.0013361993714400278,0.001279668850712623,False,False,ieee30,3,6;1;2
31,3,0.0001627062972898996,7.739477466631173e-05,0.0021461874321577756,0.0017765392325548301,False,False,ieee30,3,6;1;2
32,3,0.000366166214534884,0.00019164854856734692,0.0008944798588826908,0.0008348529893299483,False,False,ieee30,3,6;1;2
33,3,7.605786572698753e-05,4.050794032128824e-05,0.002099751974740771,0.0018373872066860253,False,False,ieee30,3,6;1;2
34,3,0.00022954441344361087,0.000106133425289201,0.0018862456600360344,0.0016583985434851511,False,False,ieee30,3,6;1;2
35,3,6.525944475518908e-05,3.563390373845232e-05,0.002131507298627766,0.0017896847296956508,False,False,ieee30,3,6;1;2
36,3,0.0006222286039336833,0.00034134152336229295,0.0024161356866891914,0.002320272935248835,False,False,ieee30,3,6;1;2
37,3,0.00012576361976056327,6.0092408133288755e-05,0.004947187052345092,0.004097817785606139,False,False,ieee30,3,6;1;2
38,3,0.0004230261459198942,0.0002049822820331948,0.0039504568897302805,0.0034884031585903363,False,False,ieee30,3,6;1;2
39,3,0.00018545325519955108,7.440171620998193e-05,0.002867798776495123,0.0022763989803125106,False,False,ieee30,3,6;1;2
40,3,0.0001346591877293274,8.674140560457899e-05,0.0027332907128142514,0.002220059629668203,False,False,ieee30,3,6;1;2
41,3,0.0001473114781068291,5.2935197804582224e-05,0.00017589586275701397,9.084793111013845e-05,False,False,ieee30,3,6;1;2
42,3,0.11599414368089687,0.05397202913519383,0.003993994634370113,0.0028253540484840522,False,False,ieee30,3,6;1;2
43,3,0.07759031545805603,0.04776265805202401,0.004939524309233945,0.002686212848625802,False,False,ieee30,3,6;1;2
44,3,0.09897737054790212,0.04604120912226292,0.0072549335505178725,0.0040644779213769855,False,False,ieee30,3,6;1;2
45,3,0.08730394696352578,0.04327827931805581,0.04919606409026722,0.04613315948939678,False,False,ieee30,3,6;1;2
46,3,0.09587257567837915,0.03877057488421944,0.008780996833012922,0.006858168960877764,False,False,ieee30,3,6;1;2
47,3,0.2097615609869791,0.13291965156070204,0.006541554505596903,0.002515509483813849,False,False,ieee30,3,6;1;2
48,3,0.16349442710070616,0.09513193589688387,0.012208811667602015,0.009093721636223906,False,False,ieee30,3,6;1;2
49,3,0.07970382496333653,0.04079799129015105,0.014647780790453147,0.008282232755544183,False,False,ieee30,3,6;1;2
50,3,0.0622237050404516,0.030206499264267217,0.0030981273093773076,0.0015929417242647181,False,False,ieee30,3,6;1;2
51,3,0.06287981924424282,0.030365870064707506,0.0037754495688768763,0.0014210829060179453,False,False,ieee30,3,6;1;2
52,3,0.04081421130927774,0.015193507744413831,0.005833750505418234,0.004347415332905391,False,False,ieee30,3,6;1;2
53,3,0.05414799203799378,0.02136278827232216,0.006029086348623203,0.004141868380623137,False,False,ieee30,3,6;1;2
54,3,0.03281253828476105,0.012606885306855192,0.0064088481910792305,0.0051970253071804695,False,False,ieee30,3,6;1;2
55,3,0.04654514725550929,0.017996905042195394,0.018678559662589245,0.010094764311743276,False,False,ieee30,3,6;1;2
56,3,0.0656651556143507,0.02897865998909352,0.006107445700037295,0.00271480002060287,False,False,ieee30,3,6;1;2
57,3,0.047462293484747745,0.019109335992502474,0.005192474514704948,0.0022519797186332235,False,False,ieee30,3,6;1;2
58,3,0.060320163172421615,0.029278363659172968,0.0060899937526566195,0.0022277075074202957,False,False,ieee30,3,6;1;2
59,3,0.060126961165447,0.027139523856744424,0.02487726156031067,0.01371881882546111,False,False,ieee30,3,6;1;2
60,3,0.058951271583438054,0.026782908051379894,0.02858942110996665,0.02160480780249796,False,False,ieee30,3,6;1;2
61,3,0.059714262981667175,0.02761860774303554,0.012011360244901792,0.007274670322249377,False,False,ieee30,3,6;1;2
62,3,0.06105817935689956,0.029235068614878817,0.015277265984267152,0.011744004406097575,False,False,ieee30,3,6;1;2
63,3,0.061118456813407336,0.02924801934092336,0.007058373181646038,0.003177396227366125,False,False,ieee30,3,6;1;2
64,3,0.06066159482847604,0.027318096223400784,0.004251571175213242,0.0020583766475168463,False,False,ieee30,3,6;1;2
65,3,0.05982894940424776,0.028087532525573666,0.005613567820759502,0.0020139550182142196,False,False,ieee30,3,6;1;2
66,3,0.058855642625602556,0.029342484130342406,0.013147425502856747,0.006165869411454916,False,False,ieee30,3,6;1;2
67,3,0.044401090799352436,0.02082674618097355,0.013718725426888456,0.0054972990140077505,False,False,ieee30,3,6;1;2
68,3,0.0609518241986439,0.032060915996227374,0.012525328833663418,0.008719602321081155,False,False,ieee30,3,6;1;2
69,3,0.07456409508750406,0.0389297910173923,0.017071908780939782,0.010574495209733747,False,False,ieee30,3,6;1;2
70,3,0.048038417995349324,0.024095564023102062,0.012509132297949921,0.009202792224849543,False,False,ieee30,3,6;1;2
71,3,0.04407803296942908,0.02190080109139514,0.01599845545197154,0.013551182127116146,False,False,ieee30,3,6;1;2
72,3,0.1984564724101317,0.10211469593537886,0.011989336087280922,0.005230020414263903,False,False,ieee30,3,6;1;2
73,3,0.13081143736976047,0.07397310083505615,0.011401080471207248,0.005617282692413794,False,False,ieee30,3,6;1;2
74,3,0.15379812993077144,0.07254544989476794,0.019252598131993204,0.013216063608394113,False,False,ieee30,3,6;1;2
75,3,0.1411111052437669,0.07210300006070444,0.021185967939542638,0.015590744824746205,False,False,ieee30,3,6;1;2
76,3,0.15373207819619097,0.06471773285242649,0.023641549161716235,0.02057606534928269,False,False,ieee30,3,6;1;2
77,3,0.36415463092638356,0.23993480742687434,0.024966093256261868,0.02026930573297847,False,False,ieee30,3,6;1;2
78,3,0.26947252218680695,0.16232423401119525,0.025379610133739905,0.020622325701801558,False,False,ieee30,3,6;1;2
79,3,0.12539196269991965,0.0646097335577824,0.051162291787503644,0.045604032861285226,False,False,ieee30,3,6;1;2
80,3,0.09878432979830136,0.04926749041953396,0.020063580641166867,0.01558695237196428,False,False,ieee30,3,6;1;2
81,3,0.0961519596675639,0.04597454552185373,0.021853526849345384,0.015762686710214746,False,False,ieee30,3,6;1;2
82,3,0.058982369378663614,0.02349621199646254,0.010788783158152793,0.00863987171885916,False,False,ieee30,3,6;1;2
83,3,0.07872878864519349,0.03327129822319694,0.009997625781903219,0.007035203380101995,False,False,ieee30,3,6;1;2
84,3,0.04866774045536932,0.019429060969688966,0.006937597575973231,0.005327627994365924,False,False,ieee30,3,6;1;2
85,3,0.0849950597145468,0.03638876688805362,0.012106268272427556,0.007791795625693765,False,False,ieee30,3,6;1;2
86,3,0.0998550185667241,0.044864971774206425,0.014992088246942425,0.009768795111735229,False,False,ieee30,3,6;1;2
87,3,0.07078140678591752,0.02949364217458758,0.010660403649093375,0.006728083475485258,False,False,ieee30,3,6;1;2
88,3,0.09515113605608372,0.04516524294766752,0.02068614546568137,0.01464045797179303,False,False,ieee30,3,6;1;2
89,3,0.09555872363914611,0.042802181351184715,0.017855029451752102,0.011482553862344425,False,False,ieee30,3,6;1;2
90,3,0.09347068714234918,0.04201541684971996,0.018564668333307055,0.012430149713039351,False,False,ieee30,3,6;1;2
91,3,0.09372749367976652,0.04261482501385025,0.019350352885565414,0.013097045465703228,False,False,ieee30,3,6;1;2
92,3,0.09722860886545005,0.046766819938900056,0.021053033644425123,0.014602329489769805,False,False,ieee30,3,6;1;2
93,3,0.09601886495140272,0.04558461383859011,0.01001588455422009,0.004364734291508854,False,False,ieee30,3,6;1;2
94,3,0.09593906328884527,0.043057341960852674,0.014224392443728862,0.008141894693109775,False,False,ieee30,3,6;1;2
95,3,0.09454732701127412,0.043715835589121316,0.011728861010456004,0.005991474530561591,False,False,ieee30,3,6;1;2
96,3,0.09342767634916974,0.04523675232999527,0.012597933018619334,0.005477406961305387,False,False,ieee30,3,6;1;2
97,3,0.07221209824729685,0.03247169050458251,0.00815545204098811,0.0032212653331678,False,False,ieee30,3,6;1;2
98,3,0.09784169803433188,0.05056928463282448,0.016559459647863206,0.008312748899556133,False,False,ieee30,3,6;1;2
99,3,0.12502428443367733,0.06449129174821647,0.025866745770757427,0.02013845363737843,False,False,ieee30,3,6;1;2
100,3,0.07758168955421402,0.03754803002543347,0.010231764006038313,0.003776930505046794,False,False,ieee30,3,6;1;2
101,3,0.07062092846943709,0.033988429690469196,0.014959379133186013,0.011702929958150365,False,False,ieee30,3,6;1;2
102,3,0.2334269931692754,0.10819487792321825,0.011088684609921406,0.0060593313134336135,False,False,ieee30,3,6;1;2
103,3,0.15642611982826224,0.09551571663684327,0.009817957473612582,0.0049688984914318945,False,False,ieee30,3,6;1;2
104,3,0.19762728187247175,0.09182753065617547,0.01906505668437164,0.011838634287648309,False,False,ieee30,3,6;1;2
105,3,0.178172432634928,0.08930761040608196,0.04102411361246561,0.03377292613101435,False,False,ieee30,3,6;1;2
106,3,0.19243148066127108,0.07788491564648461,0.02593454741678758,0.02191492254695948,False,False,ieee30,3,6;1;2
107,3,0.4224393994321674,0.26949191899014185,0.01120413580068036,0.004703190989732042,False,False,ieee30,3,6;1;2
108,3,0.32746267499757775,0.19058725064755577,0.011807528962458513,0.005413535053179763,False,False,ieee30,3,6;1;2
109,3,0.1594236871247429,0.08150001898639081,0.02746627064810747,0.018989915236292343,False,False,ieee30,3,6;1;2
110,3,0.1252193929395708,0.061306447972718225,0.015231809549884678,0.008137755620037712,False,False,ieee30,3,6;1;2
111,3,0.12622996930205882,0.0615322657485651,0.008908308978817892,0.0038294436937014176,False,False,ieee30,3,6;1;2
112,3,0.08140366969719304,0.0303110484188214,0.008927757975924155,0.006540504279192061,False,False,ieee30,3,6;1;2
113,3,0.10841533684121771,0.042763659617476774,0.013842981067707538,0.009955979587251695,False,False,ieee30,3,6;1;2
114,3,0.06577145511283969,0.02522591605839339,0.006538826293149724,0.004719927148397085,False,False,ieee30,3,6;1;2
115,3,0.10377889501979415,0.04146393989335559,0.028307318990019592,0.01964682508359228,False,False,ieee30,3,6;1;2
116,3,0.13114912700470235,0.05813447432260585,0.010240254365850077,0.004068228228752302,False,False,ieee30,3,6;1;2
117,3,0.094400031931728,0.03802211083102902,0.008880895928270571,0.0038654535725098915,False,False,ieee30,3,6;1;2
118,3,0.1198244432085013,0.05789801742221645,0.01440914678258276,0.006092158037617534,False,False,ieee30,3,6;1;2
119,3,0.12019990728601126,0.05421085664440736,0.020786342331660768,0.01317390412004571,False,False,ieee30,3,6;1;2
120,3,0.11760287289443577,0.05360399468532001,0.017552075988889193,0.00851932696664115,False,False,ieee30,3,6;1;2
121,3,0.11872228501535326,0.0550094576329308,0.020463218375634695,0.012863655518810302,False,False,ieee30,3,6;1;2
122,3,0.1217096187879683,0.05811916288996136,0.023630182126811228,0.01607165397307364,False,False,ieee30,3,6;1;2
123,3,0.12207380340551595,0.05847304557758959,0.011794650875918022,0.004262427864216933,False,False,ieee30,3,6;1;2
124,3,0.11997172347475099,0.05431694462120493,0.012170815650624167,0.004210829225027357,False,False,ieee30,3,6;1;2
125,3,0.11876488621534981,0.055359454140894826,0.01199323278160036,0.004435202305752672,False,False,ieee30,3,6;1;2
126,3,0.11535272195993235,0.0574951764722928,0.023940865243401555,0.014087430986090332,False,False,ieee30,3,6;1;2
127,3,0.08714497956549733,0.04134302724657543,0.02517990800247849,0.01645727379467743,False,False,ieee30,3,6;1;2
128,3,0.12014790459533206,0.06339726023914963,0.013723510534412564,0.005798316770795897,False,False,ieee30,3,6;1;2
129,3,0.1546047047175273,0.0797338404108785,0.011025395196369914,0.005362525096418769,False,False,ieee30,3,6;1;2
130,3,0.09283990509881812,0.04741195043310645,0.013154884604995365,0.004782137491331828,False,False,ieee30,3,6;1;2
131,3,0.08365288484958558,0.042651415736439546,0.029731923761949552,0.024933524433136678,False,False,ieee30,3,6;1;2
132,3,0.35224194699852496,0.16307352720051677,0.01827902280238969,0.009867082505989,False,False,ieee30,3,6;1;2
133,3,0.23373183734612415,0.14355866472398737,0.012639125522991734,0.007803755342901897,False,False,ieee30,3,6;1;2
134,3,0.29662763374302203,0.13792430643177603,0.02001549669799385,0.007565987566423793,False,False,ieee30,3,6;1;2
135,3,0.2695170429826152,0.13573139491092698,0.039282427963906685,0.029856829226163617,False,False,ieee30,3,6;1;2
136,3,0.2896239142708137,0.11734180889724724,0.025299706777148323,0.01877586774555917,False,False,ieee30,3,6;1;2
137,3,0.6322623073169779,0.4047630912984922,0.015102230057266852,0.011379055655335257,False,False,ieee30,3,6;1;2
138,3,0.4918792979838853,0.28659795203031135,0.012134955383942936,0.005607146298608812,False,False,ieee30,3,6;1;2
139,3,0.2387743806703018,0.12191735164808187,0.04558351351488188,0.030861947960071023,False,False,ieee30,3,6;1;2
140,3,0.18925225092869283,0.09330687697829204,0.024867213928934206,0.014237697921388737,False,False,ieee30,3,6;1;2
141,3,0.19142793787372256,0.09447855843989342,0.021709792506221515,0.009460375214351946,False,False,ieee30,3,6;1;2
142,3,0.12191048995689113,0.04528738282595282,0.009902098282051686,0.006016072798594063,False,False,ieee30,3,6;1;2
143,3,0.16265763827958327,0.0640736924915031,0.01238352847216162,0.006440770383673411,False,False,ieee30,3,6;1;2
144,3,0.09875706429119231,0.037804161539010256,0.00583467238998614,0.0031781179551034766,False,False,ieee30,3,6;1;2
145,3,0.1605173522681701,0.06476202028907654,0.004874573464700882,0.0033378824395101647,False,False,ieee30,3,6;1;2
146,3,0.19617539873510936,0.0866250211442843,0.018569515094569944,0.007532712932704966,False,False,ieee30,3,6;1;2
147,3,0.14087993645649846,0.05665410814824706,0.01157999824888889,0.004162709967569178,False,False,ieee30,3,6;1;2
148,3,0.17879930235735808,0.08600257179585152,0.015179142141081736,0.006288904734626954,False,False,ieee30,3,6;1;2
149,3,0.1783614710356298,0.08019048167933288,0.01063925415104816,0.004723076673444515,False,False,ieee30,3,6;1;2
150,3,0.1752505720898508,0.07975939091226242,0.01133324914035172,0.006681746787554843,False,False,ieee30,3,6;1;2
151,3,0.17690412845804915,0.08173520818690411,0.02074835596734692,0.011296195694211808,False,False,ieee30,3,6;1;2
152,3,0.18236797548133846,0.08705524859395494,0.030614361232961795,0.018589723217534382,False,False,ieee30,3,6;1;2
153,3,0.18237035911862648,0.08701961876409459,0.013713504811674881,0.006154860400059525,False,False,ieee30,3,6;1;2
154,3,0.1802640684053589,0.08118922912424456,0.013536991575575419,0.00575889764318771,False,False,ieee30,3,6;1;2
155,3,0.17716641908985725,0.08252669967168186,0.02157314384371345,0.009506813718992757,False,False,ieee30,3,6;1;2
156,3,0.16580762839969013,0.08184947395096165,0.035420143174862084,0.019035247762129393,False,False,ieee30,3,6;1;2
157,3,0.12819728591355617,0.0608715343220321,0.01974793059444424,0.012038063217625239,False,False,ieee30,3,6;1;2
158,3,0.17788576286395705,0.0933588442544486,0.04159647354657925,0.020958156294707764,False,False,ieee30,3,6;1;2
159,3,0.23817079271373537,0.12166667786647645,0.030778926070307855,0.018563482670446718,False,False,ieee30,3,6;1;2
160,3,0.13416440705890287,0.06884264671440968,0.033689798244936786,0.01556481545761057,False,False,ieee30,3,6;1;2
161,3,0.11712074483594594,0.06029945293293265,0.032278540583093984,0.012765337412499633,False,False,ieee30,3,6;1;2
162,3,3.0332033903353317e-05,1.806940057427764e-05,0.0010141385569177874,0.0007818413617151077,False,False,ieee30,3,6;1;2
163,3,0.020439515397570593,0.013645169880103503,0.004219395403853965,0.0023869467257652266,False,False,ieee30,3,6;1;2
164,3,0.0014053039058217545,0.0005678879206966192,0.0019312929930561662,0.0014155855432427256,False,False,ieee30,3,6;1;2
165,3,0.004074242851277388,0.0016005485484901771,0.0021946518249700286,0.001591703755167373,False,False,ieee30,3,6;1;2
166,3,0.017709841816611532,0.00960567882184371,0.003018799761860591,0.0017974893671837133,False,False,ieee30,3,6;1;2
167,3,0.018509912525696566,0.007267727265001495,0.007323090957653489,0.004699312621293306,False,False,ieee30,3,6;1;2
168,3,0.0022531760861116273,0.0008457284156953015,0.0021624901132044627,0.0016121231387474788,False,False,ieee30,3,6;1;2
169,3,0.0033499627960939943,0.0013154550948608623,0.0025042474301671946,0.0018297245839192788,False,False,ieee30,3,6;1;2
170,3,0.0019082658531432567,0.0007326849324253426,0.0019804812309183184,0.0014833738011907904,False,False,ieee30,3,6;1;2
171,3,0.00292653781172246,0.0011361241573256964,0.002727857762962027,0.0020864002282654504,False,False,ieee30,3,6;1;2
172,3,0.0009660477746866181,0.00037205034412793325,0.002024321318085387,0.0015511306775082279,False,False,ieee30,3,6;1;2
173,3,0.0035761746028101435,0.0013802580322379576,0.002695030779427121,0.001907068400182732,False,False,ieee30,3,6;1;2
174,3,0.0011213894566429808,0.0004257710320921537,0.0019239032051532323,0.001454465479240774,False,False,ieee30,3,6;1;2
175,3,0.00343952174418561,0.0013186288737234708,0.002724108458910357,0.0020318569398865005,False,False,ieee30,3,6;1;2
176,3,0.0007840894934925541,0.00029321728539408176,0.001975249354160713,0.0015276501223692174,False,False,ieee30,3,6;1;2
177,3,0.006897243173610623,0.002678236950348134,0.0031813225831872627,0.0020822650836344048,False,False,ieee30,3,6;1;2
178,3,0.0011702865869044343,0.0004512553491510807,0.002078328068598645,0.001578138425396336,False,False,ieee30,3,6;1;2
179,3,0.003449069097792079,0.0013527634395084365,0.00338246238411799,0.00242211896852218,False,False,ieee30,3,6;1;2
180,3,0.0014191570635525425,0.0005485609042571171,0.004260614136604501,0.0033194961302620563,False,False,ieee30,3,6;1;2
181,3,0.0009795523766571723,0.0003709218270255832,0.0017667469181230633,0.0013255577528655804,False,False,ieee30,3,6;1;2
182,3,0.004215200497668242,0.0016049634088834697,0.008295922074599948,0.00639110969084733,False,False,ieee30,3,6;1;2
183,3,0.007672421651308332,0.00640098608744416,0.018166621490834367,0.009965307726381156,False,False,ieee30,3,6;1;2
184,3,0.00020868025769540943,9.420028557594051e-05,0.0012158925729999215,0.0005489028798830731,False,False,ieee30,3,6;1;2
185,3,0.0002614336148220875,0.00012020547117119751,0.0016653186753170512,0.0006206599883192832,False,False,ieee30,3,6;1;2
186,3,0.005593261353725801,0.004550604609018669,0.002450506384808704,0.0010810405995725914,False,False,ieee30,3,6;1;2
187,3,0.005092836078088116,0.0023583306643282023,0.008924745558087643,0.005640421748625446,False,False,ieee30,3,6;1;2
188,3,0.00014424507829555178,6.894958079967095e-05,0.0020072741167566077,0.00176322117283767,False,False,ieee30,3,6;1;2
189,3,0.0006122038522682616,0.00028104775901610646,0.0011204625910159471,0.0009962257678501896,False,False,ieee30,3,6;1;2
190,3,0.0001559047386952006,7.425974567568105e-05,0.001428867369313136,0.0011774823813455182,False,False,ieee30,3,6;1;2
191,3,0.000162635902548669,8.64152528841089e-05,0.0009412088890143888,0.0008645181729671769,False,False,ieee30,3,6;1;2
192,3,0.00013031718676936171,6.537016876273505e-05,0.0037108792350099007,0.003016202544123603,False,False,ieee30,3,6;1;2
193,3,0.00037086377800669285,0.00019371559539677063,0.0004163537171979481,0.0003532986383760761,False,False,ieee30,3,6;1;2
194,3,7.993469546978965e-05,3.6271155336720096e-05,0.0015484004256557382,0.001381353619908987,False,False,ieee30,3,6;1;2
195,3,0.00023279195417138382,0.00010766526713551494,0.001449682802437513,0.0013175080476747203,False,False,ieee30,3,6;1;2
196,3,6.866221574966525e-05,3.083886165597405e-05,0.0017012681065405877,0.0014419872289178626,False,False,ieee30,3,6;1;2
197,3,0.000625753822333007,0.0003448212359782321,0.0015015025571406548,0.0013165029205121082,False,False,ieee30,3,6;1;2
198,3,0.00012671687061851372,6.0321257223161506e-05,0.001812728299798394,0.001532068799705466,False,False,ieee30,3,6;1;2
199,3,0.00041964861994781694,0.00020655749946535407,0.0010752479846810603,0.0010218701804683983,False,False,ieee30,3,6;1;2
200,3,0.00019193905558295699,7.589734276464144e-05,0.001063844193187724,0.0008731950357443452,False,False,ieee30,3,6;1;2
201,3,7.341114358874745e-05,5.5786149184472444e-05,0.035303960819143554,0.02867718903849925,False,False,ieee30,3,6;1;2
202,3,0.00014878436523701327,5.9680762622464634e-05,0.00013008093340127758,4.691754821140037e-05,False,False,ieee30,3,6;1;2
203,3,0.11600155777554963,0.05396827757936107,0.005351236835175022,0.00274008611369847,False,False,ieee30,3,6;1;2
204,3,0.07758310026294131,0.04775991186218348,0.0036046345044431494,0.0017561319176547796,False,False,ieee30,3,6;1;2
205,3,0.09898942264722341,0.04604322920242385,0.0067578251576462245,0.0036407251620156345,False,False,ieee30,3,6;1;2
206,3,0.08731580842384436,0.04328061201692704,0.049187092397937615,0.04614233352187325,False,False,ieee30,3,6;1;2
207,3,0.09586665688631256,0.03876631066936394,0.010171519883297675,0.008689778809258586,False,False,ieee30,3,6;1;2
208,3,0.2097560733446618,0.1329155491809119,0.007228347494634524,0.0032325781361116634,False,False,ieee30,3,6;1;2
209,3,0.1634888508510348,0.09512764041791119,0.012902708226160797,0.0099902350028096,False,False,ieee30,3,6;1;2
210,3,0.07969142544811043,0.04080008353849443,0.014820492118801876,0.008444938824216375,False,False,ieee30,3,6;1;2
211,3,0.062235956959299094,0.030208498980874826,0.0031410717188472548,0.0015217513347288714,False,False,ieee30,3,6;1;2
212,3,0.06289251527247845,0.030367918131604693,0.004261185477268614,0.0018616169028048413,False,False,ieee30,3,6;1;2
213,3,0.04082225057425937,0.015196287878817272,0.0038116382291785156,0.00269725570488466,False,False,ieee30,3,6;1;2
214,3,0.054161412781871504,0.021364683882198393,0.004259038268069948,0.0026943360157767327,False,False,ieee30,3,6;1;2
215,3,0.032818585949574534,0.012608840883657574,0.004685991400554257,0.0037928890099726553,False,False,ieee30,3,6;1;2
216,3,0.046553946644228926,0.017999292038825082,0.020446972209376968,0.00997480086408542,False,False,ieee30,3,6;1;2
217,3,0.06567826660775623,0.028980770983471044,0.005464755269217525,0.002167815109546334,False,False,ieee30,3,6;1;2
218,3,0.047474579033323104,0.01911144462494388,0.002912448665253864,0.0013037413151000266,False,False,ieee30,3,6;1;2
219,3,0.060333284918148204,0.029280556998657142,0.005923807586385776,0.002126305242012183,False,False,ieee30,3,6;1;2
220,3,0.060139028217880086,0.027141767520294374,0.023986625704531472,0.013637681361973741,False,False,ieee30,3,6;1;2
221,3,0.05896320743372963,0.026785031447598695,0.02749948472438568,0.02170184497359029,False,False,ieee30,3,6;1;2
222,3,0.05972740283448527,0.027621094464583912,0.011874400390996631,0.007275500092827514,False,False,ieee30,3,6;1;2
223,3,0.06107090686232649,0.02923693475962491,0.014453882469933066,0.01107200659479668,False,False,ieee30,3,6;1;2
224,3,0.061131363122396615,0.029249932173879473,0.007489388842790379,0.0037379567813027315,False,False,ieee30,3,6;1;2
225,3,0.060674866435632774,0.02732006632570369,0.004507841055823247,0.0020319046029007026,False,False,ieee30,3,6;1;2
226,3,0.05984055193444965,0.028088668710737508,0.006935125298881628,0.0037816175930407425,False,False,ieee30,3,6;1;2
227,3,0.058869727411218306,0.029344116360402128,0.015093862624173227,0.007039773014452688,False,False,ieee30,3,6;1;2
228,3,0.04441159439757572,0.020827637518720715,0.011205853980134073,0.005167168153315527,False,False,ieee30,3,6;1;2
229,3,0.060972329375202854,0.03206468230554607,0.01601584467971162,0.013470570244865199,False,False,ieee30,3,6;1;2
230,3,0.07455044592282517,0.038931144987876226,0.015386480709896566,0.010721757110306873,False,False,ieee30,3,6;1;2
231,3,0.04804501862634962,0.024094376652103566,0.014668130295755755,0.012177689563467986,False,False,ieee30,3,6;1;2
232,3,0.04410184785511431,0.021905212808848523,0.018998062883721523,0.01761803087242786,False,False,ieee30,3,6;1;2
233,3,0.19846201001512964,0.10211415518034284,0.009567760666530756,0.004078820680848527,False,False,ieee30,3,6;1;2
234,3,0.1308022917594821,0.07396949329457997,0.008931643258951127,0.004000813618116106,False,False,ieee30,3,6;1;2
235,3,0.15380654774324806,0.07254632156280805,0.016075149557363666,0.010663132448606838,False,False,ieee30,3,6;1;2
236,3,0.14112068162707864,0.07210407145966652,0.01791176452501564,0.012976717481795186,False,False,ieee30,3,6;1;2
237,3,0.15372552131420605,0.06471466746135493,0.025041032456538215,0.022373002723235724,False,False,ieee30,3,6;1;2
238,3,0.36414988518491787,0.23993235684396022,0.021271029898432436,0.017349992393303038,False,False,ieee30,3,6;1;2
239,3,0.2694662324636542,0.16232162059280017,0.02722205128998867,0.023116752921470862,False,False,ieee30,3,6;1;2
240,3,0.1253755664744001,0.06461063031777298,0.047127754495842944,0.04240980973960573,False,False,ieee30,3,6;1;2
241,3,0.09879290262231846,0.049268356939280555,0.015779804566097178,0.012214484320166363,False,False,ieee30,3,6;1;2
242,3,0.0961609528212324,0.045975295958194606,0.01755960293715253,0.012383856670152626,False,False,ieee30,3,6;1;2
243,3,0.05898266601042425,0.02349676383135174,0.008651073620307037,0.006943070757444714,False,False,ieee30,3,6;1;2
244,3,0.07873222423327285,0.03327156993251962,0.007248046186916102,0.004854334965215923,False,False,ieee30,3,6;1;2
245,3,0.048671327861401076,0.01943010818937485,0.004722686441779977,0.003534837191201179,False,False,ieee30,3,6;1;2
246,3,0.08499881585062515,0.03638915456131259,0.00929899032044157,0.00556151589903664,False,False,ieee30,3,6;1;2
247,3,0.09986005964177506,0.044865719309375274,0.011185522423357686,0.006743273007836725,False,False,ieee30,3,6;1;2
248,3,0.07078503614907865,0.029493990347374488,0.008489325538842074,0.0049908167002589154,False,False,ieee30,3,6;1;2
249,3,0.0951601265084104,0.04516600363576001,0.016262740694358735,0.011151640298006527,False,False,ieee30,3,6;1;2
250,3,0.09556493993260085,0.042802610504658334,0.014306001049566253,0.008671471279639853,False,False,ieee30,3,6;1;2
251,3,0.09347706001276954,0.04201583217326321,0.014789114510478485,0.009445976181813642,False,False,ieee30,3,6;1;2
252,3,0.09373443015522305,0.04261514927247684,0.015492141006075322,0.010047507569587055,False,False,ieee30,3,6;1;2
253,3,0.09723856921808266,0.046767595384068994,0.015690618419962554,0.010378725157777824,False,False,ieee30,3,6;1;2
254,3,0.09602828590120399,0.04558563889233924,0.004506852624599822,0.002534512981743342,False,False,ieee30,3,6;1;2
255,3,0.09594683260127566,0.04305817621515784,0.009185825110234025,0.004144261109398251,False,False,ieee30,3,6;1;2
256,3,0.09456090955109882,0.043718116929853446,0.004530618521715324,0.002318737089316736,False,False,ieee30,3,6;1;2
257,3,0.09345868872542892,0.04524343927973329,0.006436650996294757,0.0027567427892666307,False,False,ieee30,3,6;1;2
258,3,0.07222532870666498,0.03247126780839654,0.006818452602197378,0.002568206316712618,False,False,ieee30,3,6;1;2
259,3,0.09788844364887575,0.05058379257577866,0.008452451355536517,0.003444799689547473,False,False,ieee30,3,6;1;2
260,3,0.12500820742610683,0.06449278861782165,0.02100906310111883,0.01633314692053678,False,False,ieee30,3,6;1;2
261,3,0.07762097378257893,0.037555212866670684,0.0072431322642714235,0.002943349241625981,False,False,ieee30,3,6;1;2
262,3,0.0701930075256847,0.03382608628784478,0.009656974738345037,0.0037582004065147556,False,False,ieee30,3,6;1;2
263,3,0.23343261641247118,0.10819314799659047,0.008851751632320659,0.005905288153811972,False,False,ieee30,3,6;1;2
264,3,0.1564154354078178,0.09551204359365628,0.006749098323651448,0.004719526642739558,False,False,ieee30,3,6;1;2
265,3,0.19764400595122006,0.09182850129176282,0.015264144665857127,0.00864439590054189,False,False,ieee30,3,6;1;2
266,3,0.17818879722395692,0.0893087020624754,0.043990097708633935,0.03737732046293141,False,False,ieee30,3,6;1;2
267,3,0.19242544724610727,0.0778832081564517,0.02759194840882917,0.02404310160351053,False,False,ieee30,3,6;1;2
268,3,0.42243432174186457,0.26948927968830877,0.008321143132475783,0.004987690624224217,False,False,ieee30,3,6;1;2
269,3,0.3274576439719907,0.19058576649879605,0.013825133654067567,0.008129107627143806,False,False,ieee30,3,6;1;2
270,3,0.15940400296612,0.0815016888502195,0.02414449650414019,0.01640260748424005,False,False,ieee30,3,6;1;2
271,3,0.12523723678228613,0.06130765424084003,0.009666434872825369,0.003639924785574067,False,False,ieee30,3,6;1;2
272,3,0.12625075491391524,0.061534517776324044,0.008098673229967157,0.003109491608734305,False,False,ieee30,3,6;1;2
273,3,0.08140861368305685,0.03031139026620311,0.006362769475096619,0.004489112796656314,False,False,ieee30,3,6;1;2
274,3,0.10843256867294196,0.04276395090606003,0.010212063089480417,0.0070271785602831205,False,False,ieee30,3,6;1;2
275,3,0.06577430016943167,0.02522625253932778,0.004353972155171859,0.0029580747973286803,False,False,ieee30,3,6;1;2
276,3,0.1037900568732136,0.04146435455819661,0.030788201706128393,0.022233776616903844,False,False,ieee30,3,6;1;2
277,3,0.13116816442153406,0.0581354305834125,0.007452051750920452,0.0035115074942309032,False,False,ieee30,3,6;1;2
278,3,0.09441361043904416,0.03802264500877958,0.006882466044338176,0.002385667100261113,False,False,ieee30,3,6;1;2
279,3,0.11984523737006392,0.05789960366962668,0.008494923814535316,0.0036753560799973606,False,False,ieee30,3,6;1;2
280,3,0.12021865481041366,0.054211756448029585,0.018243084799503317,0.010970794982277265,False,False,ieee30,3,6;1;2
281,3,0.11762181683724648,0.053604993846447624,0.02124732160454401,0.011322415361265659,False,False,ieee30,3,6;1;2
282,3,0.11874128506184858,0.05501048315974552,0.01832689199874371,0.010835900651622321,False,False,ieee30,3,6;1;2
283,3,0.12173153776522358,0.05812121886126892,0.017438329075551207,0.011174076188256943,False,False,ieee30,3,6;1;2
284,3,0.12209638702965103,0.05847535797053918,0.008511176112381724,0.003448936684742554,False,False,ieee30,3,6;1;2
285,3,0.11999375655659895,0.05431864383960064,0.007776467946218779,0.003699992727346446,False,False,ieee30,3,6;1;2
286,3,0.11879221082276475,0.05536289643148623,0.01633353931699988,0.010411150366241184,False,False,ieee30,3,6;1;2
287,3,0.11540282987186307,0.057506705528496294,0.015237391190438765,0.007988195283201827,False,False,ieee30,3,6;1;2
288,3,0.08716198720479296,0.04134246560718888,0.020875418159316483,0.013143466951702765,False,False,ieee30,3,6;1;2
289,3,0.1202191740389023,0.06341923810545894,0.01259607197257584,0.005185447500446805,False,False,ieee30,3,6;1;2
290,3,0.15458608129073365,0.07973629415611663,0.008308344044123062,0.0031040011287170044,False,False,ieee30,3,6;1;2
291,3,0.09287469866075677,0.04741667993176246,0.015958087692509726,0.007416777701181765,False,False,ieee30,3,6;1;2
292,3,0.08733647039925387,0.044188706936880845,0.04041588438642163,0.039506043840695115,False,False,ieee30,3,6;1;2
293,3,0.3522478838637446,0.16306941444790782,0.02041790828808865,0.009826684949468811,False,False,ieee30,3,6;1;2
294,3,0.23371764656333135,0.14355631692247056,0.014621431312690558,0.007747033151172644,False,False,ieee30,3,6;1;2
295,3,0.29665581869976804,0.13792748119067264,0.01776946017732839,0.006539009332542256,False,False,ieee30,3,6;1;2
296,3,0.2695449302990738,0.1357353867837003,0.04054211311712319,0.03126207942765191,False,False,ieee30,3,6;1;2
297,3,0.2896191393498445,0.11733964706093603,0.027060654279762564,0.02099818872458825,False,False,ieee30,3,6;1;2
298,3,0.632262996304072,0.40476114305370353,0.014564796187293894,0.010942959025812105,False,False,ieee30,3,6;1;2
299,3,0.49187827207208457,0.2865964099134417,0.014167233160550352,0.00525052415717342,False,False,ieee30,3,6;1;2
300,3,0.23875308354617022,0.12192147289102137,0.044470240812818695,0.030008145615238124,False,False,ieee30,3,6;1;2
301,3,0.18928372774793165,0.09331075565644234,0.02109855335079347,0.011231873310839968,False,False,ieee30,3,6;1;2
302,3,0.19146355803212617,0.0944839556220404,0.01652960673696735,0.00611840138872255,False,False,ieee30,3,6;1;2
303,3,0.12192315212240087,0.04528845484112909,0.0069073875727964085,0.003649520213443558,False,False,ieee30,3,6;1;2
304,3,0.16268953847915257,0.06407533258537415,0.008293442099295834,0.0031575756787830533,False,False,ieee30,3,6;1;2
305,3,0.09876324954590518,0.037805047638449635,0.0034943375480441796,0.0012943555586223399,False,False,ieee30,3,6;1;2
306,3,0.16054599652044405,0.06476344690147398,0.009054216238766344,0.005285505661368761,False,False,ieee30,3,6;1;2
307,3,0.19621060955691355,0.08662791592453209,0.014389811160316901,0.005257508042631809,False,False,ieee30,3,6;1;2
308,3,0.14090308861164988,0.056654867351983856,0.009688097460227696,0.0035529941204408555,False,False,ieee30,3,6;1;2
309,3,0.178832849575288,0.08600507270473337,0.01217827096097912,0.005934762836249163,False,False,ieee30,3,6;1;2
310,3,0.17838947818859655,0.08019081179417278,0.00803619666948574,0.0037179352994020087,False,False,ieee30,3,6;1;2
311,3,0.17528436835617225,0.0797615585089943,0.013624182404953333,0.006208191321850798,False,False,ieee30,3,6;1;2
312,3,0.17693222991617805,0.08173556950487046,0.01937489483098176,0.009254983450815546,False,False,ieee30,3,6;1;2
313,3,0.1824058031328063,0.08706031565374345,0.02556711537637968,0.014605911343421707,False,False,ieee30,3,6;1;2
314,3,0.18240950412498247,0.08702555651947644,0.01305606553634897,0.0054785746867700436,False,False,ieee30,3,6;1;2
315,3,0.1803019599300111,0.08119281270958764,0.011497834843539056,0.005460096223099287,False,False,ieee30,3,6;1;2
316,3,0.1772141884385261,0.08253551292627853,0.024386555170733626,0.013362754422868717,False,False,ieee30,3,6;1;2
317,3,0.16589625639369177,0.08187509932228704,0.029336165904521594,0.014021530471195254,False,False,ieee30,3,6;1;2
318,3,0.1282311278717949,0.06087261190631307,0.016471994465957818,0.0073488944708680615,False,False,ieee30,3,6;1;2
319,3,0.17794359667542473,0.09336902576912967,0.04106212773432838,0.020525575523643536,False,False,ieee30,3,6;1;2
320,3,0.23815156964915674,0.12167171857480943,0.030193538022823985,0.018102478882195627,False,False,ieee30,3,6;1;2
321,3,0.13428171211971696,0.06887893060938394,0.030949038255062344,0.013358783136784513,False,False,ieee30,3,6;1;2
322,3,0.11717392661129622,0.060306634168496714,0.03175640710585992,0.01234495653521639,False,False,ieee30,3,6;1;2
323,3,3.998391868161033e-05,2.287902465003544e-05,0.002249181669128686,0.0017346033519586301,False,False,ieee30,3,6;1;2
324,3,0.02044000782301094,0.013648106481356559,0.005337955407501926,0.0033047115603275223,False,False,ieee30,3,6;1;2
325,3,0.0014047959554202571,0.0005628889979954477,0.0034824213893689393,0.0026592175769258874,False,False,ieee30,3,6;1;2
326,3,0.004060464969228933,0.0015927872629729334,0.001865841684035141,0.001337492856611,False,False,ieee30,3,6;1;2
327,3,0.017686374908679504,0.00960744663888747,0.0023774821418810488,0.0012957226986454184,False,False,ieee30,3,6;1;2
328,3,0.018499680455832702,0.007260253688257418,0.007439996285146799,0.004795590600885857,False,False,ieee30,3,6;1;2
329,3,0.002274159964208128,0.0008505513905733009,0.005261848566966432,0.004102683733174128,False,False,ieee30,3,6;1;2
330,3,0.0033514289296325897,0.001314138603580317,0.004179290092134691,0.0036016808654497634,False,False,ieee30,3,6;1;2
331,3,0.0019253262946373334,0.0007376500968497013,0.0038453051077173006,0.0029779554312757694,False,False,ieee30,3,6;1;2
332,3,0.002903278974172689,0.0011243905108750674,0.0020093987540975577,0.001515983041598945,False,False,ieee30,3,6;1;2
333,3,0.0009874539177195801,0.00037851607513705865,0.0038961936569804623,0.003050743887578644,False,False,ieee30,3,6;1;2
334,3,0.0035732086101801647,0.0013778740611574691,0.003934501547066316,0.002939191001333219,False,False,ieee30,3,6;1;2
335,3,0.0011393025861531486,0.00043097349600118573,0.003543433873707702,0.0027551820570586028,False,False,ieee30,3,6;1;2
336,3,0.0034164844160373617,0.0013072976572471307,0.0019417209583195705,0.0014157773696484854,False,False,ieee30,3,6;1;2
337,3,0.0007953993558039371,0.0002960648851412784,0.0035293681679914313,0.0027819058422339227,False,False,ieee30,3,6;1;2
338,3,0.006908947849469667,0.00267887387613,0.005987060259457722,0.004351288886302984,False,False,ieee30,3,6;1;2
339,3,0.0011939864810806416,0.0004581757067099179,0.0034029682277245676,0.002646843841011881,False,False,ieee30,3,6;1;2
340,3,0.003450205106919957,0.0013517800141402692,0.0029921425022044756,0.002096538750441468,False,False,ieee30,3,6;1;2
341,3,0.001366533292761235,0.0005266559292763096,0.0010184059586081373,0.0007128558827480536,False,False,ieee30,3,6;1;2
342,3,0.0010008227084456617,0.00037423670464237224,0.005730183487798413,0.004470408886874222,False,False,ieee30,3,6;1;2
343,3,0.004130996891099574,0.0015810409476892384,0.0030076226724231603,0.002666919078108787,False,False,ieee30,3,6;1;2
344,3,0.007671917223401624,0.006388455886590871,0.017645655036707786,0.009912880260423473,False,False,ieee30,3,6;1;2
345,3,0.00022853342784043967,0.00010641733319105562,0.0011580557680351822,0.0005983005992594714,False,False,ieee30,3,6;1;2
346,3,0.00024119583153770635,0.0001179327483746273,0.002677918192059092,0.0017933251188743116,False,False,ieee30,3,6;1;2
347,3,0.005611974052737126,0.004545317818885494,0.003064703582456141,0.0015582311984198016,False,False,ieee30,3,6;1;2
348,3,0.005089317913315891,0.002355202719126967,0.007441896800486347,0.004441591728157057,False,False,ieee30,3,6;1;2
349,3,0.00015027506030787507,6.834075931799743e-05,0.0024665855261273295,0.0021143440932342994,False,False,ieee30,3,6;1;2
350,3,0.0006359916320935952,0.0002929891847114896,0.001367282027856409,0.0012932150397824138,False,False,ieee30,3,6;1;2
351,3,0.00017867655408358718,8.709149793290072e-05,0.0009221642824784881,0.0008183251900288901,False,False,ieee30,3,6;1;2
352,3,0.00019195253770021986,0.00010194357584336622,0.0005984860780233747,0.00037758452929670394,False,False,ieee30,3,6;1;2
353,3,0.00018803188036677077,8.977937701615257e-05,0.0024362517425284835,0.0020296201359663035,False,False,ieee30,3,6;1;2
354,3,0.00039708277508367085,0.00020745077105738252,0.0002702698969567763,0.00011597363627802171,False,False,ieee30,3,6;1;2
355,3,0.0001048025452700177,4.796737344264779e-05,0.001716850686300453,0.001466804006843847,False,False,ieee30,3,6;1;2
356,3,0.00024125716547809817,0.00010697325984820871,0.0029237888678809165,0.002565171701672586,False,False,ieee30,3,6;1;2
357,3,9.496007982679605e-05,4.294589009362637e-05,0.0012077101723950712,0.0010387363621094936,False,False,ieee30,3,6;1;2
358,3,0.0006285400783329897,0.00034204645130619937,0.0028077556475819554,0.0026519498976705913,False,False,ieee30,3,6;1;2
359,3,0.00013353883352038715,6.394417383376316e-05,0.0031606687878856787,0.0025908354379625687,False,False,ieee30,3,6;1;2
360,3,0.00042484167659545546,0.00020464074592402293,0.0021937142953185607,0.002009443392461674,False,False,ieee30,3,6;1;2
361,3,0.00020264166850059162,7.829573777345944e-05,0.0031694606020649108,0.002533524904554274,False,False,ieee30,3,6;1;2
362,3,9.211531309386012e-05,3.536803289161394e-05,0.0032798639816770114,0.00266439427952192,False,False,ieee30,3,6;1;2
363,3,0.000172129471543922,6.150044329100712e-05,0.00013932186634857402,4.98779019856288e-05,False,False,ieee30,3,6;1;2
364,3,0.1160131348676135,0.053965175772152096,0.004501700719936941,0.0029190899820826788,False,False,ieee30,3,6;1;2
365,3,0.07758147151755834,0.047758776274728076,0.006375396924465204,0.003814508619224055,False,False,ieee30,3,6;1;2
366,3,0.09900279577577449,0.046042937505332976,0.009528767055172915,0.005930511669848371,False,False,ieee30,3,6;1;2
367,3,0.08732051118118009,0.04327614717397768,0.04775232960382769,0.04444282020009971,False,False,ieee30,3,6;1;2
368,3,0.09585921481094548,0.03875993553739738,0.009116320999997929,0.007200561922756199,False,False,ieee30,3,6;1;2
369,3,0.209741892568096,0.1329126255945496,0.005010345049145548,0.0021501407271161677,False,False,ieee30,3,6;1;2
370,3,0.1634791928538842,0.09512310250744418,0.011213899764082269,0.007766914892628374,False,False,ieee30,3,6;1;2
371,3,0.079671117458648,0.040800535755266626,0.012507410764640015,0.0062030490029194585,False,False,ieee30,3,6;1;2
372,3,0.06225066781579792,0.030208913036720186,0.006488175723749601,0.0030129346690912495,False,False,ieee30,3,6;1;2
373,3,0.06289912094349728,0.030364273446477574,0.003593840187536612,0.00165602383182184,False,False,ieee30,3,6;1;2
374,3,0.04082524738917018,0.015195189970325151,0.00620561132018449,0.004655493265554367,False,False,ieee30,3,6;1;2
375,3,0.054184809108321644,0.02136763769417338,0.00752846976282151,0.005342081392844089,False,False,ieee30,3,6;1;2
376,3,0.03282799708844794,0.01261037691568384,0.006504710176409745,0.005251126817944374,False,False,ieee30,3,6;1;2
377,3,0.04656829509552721,0.018002013746190315,0.01743080095332017,0.010177507946927733,False,False,ieee30,3,6;1;2
378,3,0.0656963770655114,0.02898258749387586,0.009292026586733337,0.005295585948129622,False,False,ieee30,3,6;1;2
379,3,0.04747635736722684,0.01910722473604623,0.005640643304884008,0.0026427856545804262,False,False,ieee30,3,6;1;2
380,3,0.06034280697678755,0.029278348208491317,0.009548237401804771,0.0050189208134732155,False,False,ieee30,3,6;1;2
381,3,0.060143739697688346,0.027135501253216787,0.024863492962794664,0.0137924620647496,False,False,ieee30,3,6;1;2
382,3,0.05899299343065947,0.02679189215137398,0.030163540106498354,0.021424592605632786,False,False,ieee30,3,6;1;2
383,3,0.059730677392574316,0.027615930013848627,0.014191694158653734,0.007510065818855272,False,False,ieee30,3,6;1;2
384,3,0.06106701461947582,0.029227660834211827,0.01579594481301505,0.012178318931663323,False,False,ieee30,3,6;1;2
385,3,0.061142052441267976,0.02924821296272878,0.004964243577352034,0.002603709004634247,False,False,ieee30,3,6;1;2
386,3,0.06057111601565546,0.027276334802746216,0.006240491460514308,0.0030554919965141147,False,False,ieee30,3,6;1;2
387,3,0.05985392915293633,0.028087889916129177,0.005366660406607937,0.0023132703388338838,False,False,ieee30,3,6;1;2
388,3,0.058868864165327585,0.02933679434252509,0.010390474773054548,0.00683813143305656,False,False,ieee30,3,6;1;2
389,3,0.04441475668295288,0.020823837588506783,0.01836183241183753,0.0073044244390393365,False,False,ieee30,3,6;1;2
390,3,0.06097312208215701,0.03205938014000945,0.006616961313675396,0.0030120775561743862,False,False,ieee30,3,6;1;2
391,3,0.07453033427649418,0.0389318951950022,0.019303284834523482,0.010335594032822915,False,False,ieee30,3,6;1;2
392,3,0.048044657795888596,0.024087636940039764,0.006742853765651979,0.0027547543727133306,False,False,ieee30,3,6;1;2
393,3,0.04409358162747578,0.021894654688945053,0.012613427215567241,0.009016191667187479,False,False,ieee30,3,6;1;2
394,3,0.19847064814856683,0.10211098046659617,0.013256082536871272,0.006250658606209991,False,False,ieee30,3,6;1;2
395,3,0.13079096449171057,0.07396599888031852,0.012527014852928842,0.00653976883452112,False,False,ieee30,3,6;1;2
396,3,0.15382106710151253,0.07254595844093178,0.020632213347335226,0.014332869790637415,False,False,ieee30,3,6;1;2
397,3,0.14113594216447556,0.07210365142286854,0.02242471240725652,0.01658832982513392,False,False,ieee30,3,6;1;2
398,3,0.15371502142461824,0.06470918199508788,0.023298809825212596,0.01995530507529153,False,False,ieee30,3,6;1;2
399,3,0.3641436687613295,0.23993187238803218,0.025838691386133372,0.020963728642439117,False,False,ieee30,3,6;1;2
400,3,0.26945703004765603,0.16231850090105845,0.024675237705096165,0.01962793560541698,False,False,ieee30,3,6;1;2
401,3,0.12534674383811178,0.06460966449381686,0.05227476186197244,0.04649010555768496,False,False,ieee30,3,6;1;2
402,3,0.09880617539852898,0.04926744020892862,0.021545661092381985,0.016775598111578027,False,False,ieee30,3,6;1;2
403,3,0.09617276707762543,0.04597399646198877,0.023916441119745557,0.01741176552595558,False,False,ieee30,3,6;1;2
404,3,0.05898546093486387,0.023496610993654826,0.012086321552612134,0.009667433954989368,False,False,ieee30,3,6;1;2
405,3,0.07873992055838824,0.03327079878920833,0.011711136373474429,0.008390207194198585,False,False,ieee30,3,6;1;2
406,3,0.04867334994760975,0.01942926796679359,0.007535047185210586,0.005756771290316265,False,False,ieee30,3,6;1;2
407,3,0.08500570073194254,0.036388233925539276,0.014126384534391079,0.009382063169672161,False,False,ieee30,3,6;1;2
408,3,0.09986792913040753,0.044865064575844577,0.016863864578696597,0.011254559274197273,False,False,ieee30,3,6;1;2
409,3,0.07079119568283757,0.029492896528883344,0.01254540218757394,0.008195533015771916,False,False,ieee30,3,6;1;2
410,3,0.09517218790114321,0.045164633057935694,0.023252468305335228,0.01668238654681875,False,False,ieee30,3,6;1;2
411,3,0.09557361204365954,0.04280159527976343,0.02010467499642321,0.013261432368056658,False,False,ieee30,3,6;1;2
412,3,0.09348639093524208,0.04201493505008955,0.02079771958602694,0.014201724012437023,False,False,ieee30,3,6;1;2
413,3,0.09374524198653114,0.042614208515324964,0.02173215620399449,0.014985237410612973,False,False,ieee30,3,6;1;2
414,3,0.09725060268246494,0.04676597804061308,0.02309065355998907,0.01622648116865011,False,False,ieee30,3,6;1;2
415,3,0.09603916067866174,0.04558413363895178,0.011895700636559647,0.005837937693871087,False,False,ieee30,3,6;1;2
416,3,0.09595426034300847,0.04305659439776874,0.016928093720691595,0.0102792555012996,False,False,ieee30,3,6;1;2
417,3,0.09456637260324433,0.043714877392215995,0.01359940997387199,0.007475227161225506,False,False,ieee30,3,6;1;2
418,3,0.09345605936894535,0.04523663896222049,0.014705107914050775,0.007148250003042089,False,False,ieee30,3,6;1;2
419,3,0.07223247712311662,0.03246909047427002,0.01329414724439093,0.006171491434014742,False,False,ieee30,3,6;1;2
420,3,0.09788645175319334,0.050577160109908065,0.0172442846735974,0.00887703321413369,False,False,ieee30,3,6;1;2
421,3,0.12497730429469556,0.06449083181650347,0.026751427112817083,0.020844420520501394,False,False,ieee30,3,6;1;2
422,3,0.07762761528157505,0.03754956564282716,0.009916702640006658,0.0037377208061984968,False,False,ieee30,3,6;1;2
423,3,0.07034448558260552,0.033868665816064986,0.00678785327026743,0.00322593615524569,False,False,ieee30,3,6;1;2
424,3,0.23343622290236696,0.10818171130082954,0.01325371899015948,0.006198041268618559,False,False,ieee30,3,6;1;2
425,3,0.1564014955780113,0.09551059471647227,0.011647704436766548,0.005148102607137828,False,False,ieee30,3,6;1;2
426,3,0.19767010149266456,0.09182786524412775,0.020997547959635487,0.013436382023369497,False,False,ieee30,3,6;1;2
427,3,0.17820951612494806,0.0893057923981074,0.04029689023965777,0.032855630256959145,False,False,ieee30,3,6;1;2
428,3,0.1924190082511521,0.07787822102840833,0.025113349508428473,0.020676366727601758,False,False,ieee30,3,6;1;2
429,3,0.4224239561761044,0.26949139540429323,0.011978309977544899,0.004643454472915587,False,False,ieee30,3,6;1;2
430,3,0.3274509063398514,0.19058529913335068,0.010641205453294944,0.003890942053231372,False,False,ieee30,3,6;1;2
431,3,0.1593718320881307,0.08150185288486292,0.02992946480865888,0.020962477308269056,False,False,ieee30,3,6;1;2
432,3,0.12526208516538626,0.06130778144330257,0.018892468688083253,0.011166122286314861,False,False,ieee30,3,6;1;2
433,3,0.12627121587962634,0.06153132389542798,0.011333796839856025,0.004258635192502913,False,False,ieee30,3,6;1;2
434,3,0.0814165475801383,0.030310954209549212,0.010744188948393907,0.008032635089193607,False,False,ieee30,3,6;1;2
435,3,0.1084663496619909,0.04276655233273158,0.01709133855788514,0.012586873377160579,False,False,ieee30,3,6;1;2
436,3,0.06578680896235724,0.02522816821576429,0.008446417806189932,0.00626388500495112,False,False,ieee30,3,6;1;2
437,3,0.10381319042628634,0.04146671792456774,0.024626459241957832,0.01577265055463095,False,False,ieee30,3,6;1;2
438,3,0.13119620743809463,0.05813698238135148,0.013509367602883238,0.00550002448404463,False,False,ieee30,3,6;1;2
439,3,0.09442472825417807,0.038017817362242606,0.011368095634499364,0.005945318576867753,False,False,ieee30,3,6;1;2
440,3,0.11986586045981064,0.057896762324013945,0.017767483824814967,0.008829435603137648,False,False,ieee30,3,6;1;2
441,3,0.12023119386493902,0.05420256953137331,0.021176298187546738,0.013342641587588577,False,False,ieee30,3,6;1;2
442,3,0.11766134780948002,0.053611955339389644,0.014246026638709441,0.006602647978417697,False,False,ieee30,3,6;1;2
443,3,0.11876025284542925,0.05500545153620348,0.021698562039891067,0.014049281903669053,False,False,ieee30,3,6;1;2
444,3,0.12174194156504378,0.05811085061873364,0.020845914184988934,0.013876416474797537,False,False,ieee30,3,6;1;2
445,3,0.12211680082669417,0.05847263616730508,0.014706325842866907,0.005881761558737764,False,False,ieee30,3,6;1;2
446,3,0.11990161723888287,0.054270285688035824,0.008316284402108187,0.0036042424644344706,False,False,ieee30,3,6;1;2
447,3,0.11881206734368709,0.055360075358884736,0.009759662679467151,0.004465023661446299,False,False,ieee30,3,6;1;2
448,3,0.11540284691097302,0.05749393797725913,0.024079968178698508,0.014269561496126792,False,False,ieee30,3,6;1;2
449,3,0.08717656501489573,0.041339527107815216,0.034153188606102614,0.023301876714918235,False,False,ieee30,3,6;1;2
450,3,0.12015771757837912,0.0633827223616891,0.023496977012394615,0.010568332642000411,False,False,ieee30,3,6;1;2
451,3,0.15455263472237143,0.07973597203187963,0.012992543696251913,0.007226826942128506,False,False,ieee30,3,6;1;2
452,3,0.09287539961306188,0.04740638927728866,0.011272135072436074,0.005202830309320561,False,False,ieee30,3,6;1;2
453,3,0.0834057953828499,0.0425287694317035,0.013656593504677295,0.005424535385278428,False,False,ieee30,3,6;1;2
454,3,0.3522460503172946,0.16305225128943207,0.016014298750898437,0.009971308640692844,False,False,ieee30,3,6;1;2
455,3,0.23369053756055413,0.14355463407203228,0.013521636808003223,0.007960614305124403,False,False,ieee30,3,6;1;2
456,3,0.2966960102319017,0.13792592436773063,0.022310824746946678,0.00953847374405592,False,False,ieee30,3,6;1;2
457,3,0.2695822243494688,0.135733437191536,0.03789297537851133,0.028232400100249855,False,False,ieee30,3,6;1;2
458,3,0.289613123264334,0.11733778248347329,0.02390712954465357,0.016844139472409148,False,False,ieee30,3,6;1;2
459,3,0.6322563748343545,0.4047682303866529,0.016355729785124118,0.01242009462366378,False,False,ieee30,3,6;1;2
460,3,0.49187353777081333,0.28660068472238376,0.010768902190514629,0.005866250233698911,False,False,ieee30,3,6;1;2
461,3,0.23870370581172146,0.1219208928239924,0.04730495324716344,0.0322365309208591,False,False,ieee30,3,6;1;2
462,3,0.18932150120178767,0.09330841801964374,0.03074057305406408,0.019005278063675357,False,False,ieee30,3,6;1;2
463,3,0.19150462103985155,0.09448186929591323,0.025191773205311074,0.01232983538630239,False,False,ieee30,3,6;1;2
464,3,0.12193309213517536,0.04528630678431367,0.012577379526691468,0.008196665110921653,False,False,ieee30,3,6;1;2
465,3,0.1627339683281064,0.06407668495003926,0.016915697425443632,0.01012681282615202,False,False,ieee30,3,6;1;2
466,3,0.09877326444211583,0.03780529211416661,0.008702505990413112,0.0054885878017872924,False,False,ieee30,3,6;1;2
467,3,0.160581803742723,0.06476412741382342,0.007621732332447784,0.003823176243558768,False,False,ieee30,3,6;1;2
468,3,0.19625205564445822,0.08662766599074631,0.02292404583682217,0.011114460684183425,False,False,ieee30,3,6;1;2
469,3,0.14092406129918883,0.0566485246904572,0.01553269322553974,0.007382258187860202,False,False,ieee30,3,6;1;2
470,3,0.178868098797809,0.08599972505341427,0.023243184010717344,0.009410227480188382,False,False,ieee30,3,6;1;2
471,3,0.1784221565107424,0.0801803497437068,0.006679021004980301,0.003917679838941424,False,False,ieee30,3,6;1;2
472,3,0.17533568357232215,0.0797669467975041,0.015152839121723605,0.007347630773942515,False,False,ieee30,3,6;1;2
473,3,0.17697110169528277,0.08172955676040836,0.018093279031188514,0.00786982958383875,False,False,ieee30,3,6;1;2
474,3,0.18243816241863992,0.08704859467245726,0.02705294290840643,0.01581024769089523,False,False,ieee30,3,6;1;2
475,3,0.1824444980183229,0.08702029386894827,0.01842012079166555,0.00669725319165837,False,False,ieee30,3,6;1;2
476,3,0.18022732290589302,0.08113652635186897,0.01238285755855606,0.005369275426200915,False,False,ieee30,3,6;1;2
477,3,0.17725081894161165,0.08253076530551687,0.01767179201693203,0.006985334631479434,False,False,ieee30,3,6;1;2
478,3,0.16591427871111675,0.0818569510253804,0.03230767800998624,0.016533896941482662,False,False,ieee30,3,6;1;2
479,3,0.1282558932205443,0.060865472896148715,0.02190268374226345,0.009535347973925523,False,False,ieee30,3,6;1;2
480,3,0.17799143899416314,0.09336776715826325,0.04292934185260944,0.02205148399618806,False,False,ieee30,3,6;1;2
481,3,0.23809709201933782,0.12166970260280155,0.031986257850313615,0.019514561313539902,False,False,ieee30,3,6;1;2
482,3,0.13431316896728382,0.06886637351139582,0.036901088118783676,0.01813316583650426,False,False,ieee30,3,6;1;2
483,3,0.11729612818181082,0.060330815871492055,0.033484656694349524,0.01376290356323251,False,False,ieee30,3,6;1;2
484,3,0.00012327044475484578,4.398469606198274e-05,0.0022337798903674377,0.0017333381233120004,False,False,ieee30,3,6;1;2
485,3,0.020488241228308453,0.013570950945201082,0.0066484206518891975,0.004318902527352675,False,False,ieee30,3,6;1;2
486,3,0.0016051570405988744,0.0006355539845467884,0.005320131429293107,0.004151353959388038,False,False,ieee30,3,6;1;2
487,3,0.0042701843013251695,0.0016745865010777405,0.006037712770886272,0.004646816724260816,False,False,ieee30,3,6;1;2
488,3,0.0177906542308821,0.009546426592723138,0.0024295974196014702,0.0013142982499348976,False,False,ieee30,3,6;1;2
489,3,0.018691960693605875,0.007337998713276839,0.011039122532009116,0.007673226488489782,False,False,ieee30,3,6;1;2
490,3,0.00245262471325685,0.0009208500184073598,0.004945684918639004,0.0038169135882546446,False,False,ieee30,3,6;1;2
491,3,0.0035491984215681033,0.0013905898568957742,0.005241873791580476,0.004007542086547966,False,False,ieee30,3,6;1;2
492,3,0.002108006465567455,0.0008077987544695686,0.004817806593870988,0.0037447528659971807,False,False,ieee30,3,6;1;2
493,3,0.0031235001483843755,0.001210367362027981,0.005472315176861864,0.004266005840209419,False,False,ieee30,3,6;1;2
494,3,0.0011658763593530436,0.00044729404302440434,0.005201093625141651,0.004091429836850735,False,False,ieee30,3,6;1;2
495,3,0.0037752323636897622,0.0014553441939485767,0.005420173688168828,0.004072377393072757,False,False,ieee30,3,6;1;2
496,3,0.001321361434798135,0.0005011225497895677,0.0051787847291627775,0.004062418878312157,False,False,ieee30,3,6;1;2
497,3,0.0036363770161050857,0.0013928673424851157,0.005434508072962307,0.004202534491275944,False,False,ieee30,3,6;1;2
498,3,0.000984144573173383,0.0003685978212086827,0.005178375416810099,0.004067417312744737,False,False,ieee30,3,6;1;2
499,3,0.007092614031099169,0.002751725315434911,0.004533213013128701,0.003157381309124574,False,False,ieee30,3,6;1;2
500,3,0.001368829546104497,0.0005263429298205391,0.005593028083834106,0.004366626638605875,False,False,ieee30,3,6;1;2
501,3,0.0036445998101361163,0.001426243842434144,0.0032953277602539854,0.0023159261687919486,False,False,ieee30,3,6;1;2
502,3,0.001537605542081981,0.0005938412973850449,0.008626195325020403,0.006794534090871274,False,False,ieee30,3,6;1;2
503,3,0.001136850509547295,0.0004319021471014539,0.007640237570873398,0.005980128037546328,False,False,ieee30,3,6;1;2
504,3,0.004274436033551925,0.0016198945145360355,0.0003783415912133048,0.00015823030185480036,False,False,ieee30,3,6;1;2
505,3,0.007627557868848486,0.006477509485232069,0.015398918879971246,0.009422160738952412,False,False,ieee30,3,6;1;2
506,3,7.808108340556091e-05,3.154922175609837e-05,0.004637316974813233,0.00433999393339396,False,False,ieee30,3,6;1;2
507,3,0.00011428911578634932,5.485140013106182e-05,0.004551892853997486,0.004275219438303224,False,False,ieee30,3,6;1;2
508,3,0.00540743980605235,0.004505422068902809,0.0025633541262699566,0.0019969986134489304,False,False,ieee30,3,6;1;2
509,3,0.004890203685256653,0.002305366731886929,0.004889621289403845,0.0024705753300736655,False,False,ieee30,3,6;1;2
510,3,8.556797480218509e-05,6.727198902106019e-05,0.0052044405194655585,0.00431370920715457,False,False,ieee30,3,6;1;2
511,3,0.0004144242876553267,0.0002140497656978324,0.0043304849078741325,0.003758032680006851,False,False,ieee30,3,6;1;2
512,3,5.581753613897317e-05,4.628246423523524e-05,0.007099119645039731,0.00588240724036837,False,False,ieee30,3,6;1;2
513,3,7.933697984451038e-05,5.40426197884053e-05,0.005394453570769175,0.00452581691079601,False,False,ieee30,3,6;1;2
514,3,5.4073370703656976e-05,4.7028265529637514e-05,0.005693962560743171,0.004612359184710368,False,False,ieee30,3,6;1;2
515,3,0.0002861135077881702,0.00012685147750607362,0.004087000661499585,0.0033981075740848743,False,False,ieee30,3,6;1;2
516,3,0.00011887570405513803,5.821671947717211e-05,0.006328564049413954,0.0050386322944713235,False,False,ieee30,3,6;1;2
517,3,0.00014899884732066937,9.143868463393212e-05,0.006018063476203261,0.005004567773948754,False,False,ieee30,3,6;1;2
518,3,0.00014022083885376763,6.22772121075324e-05,0.006029917447699096,0.004901751009812938,False,False,ieee30,3,6;1;2
519,3,0.0005360147109189015,0.0002752396140174862,0.003896386589607448,0.0034848746169727773,False,False,ieee30,3,6;1;2
520,3,6.363285366094151e-05,5.252946079216392e-05,0.0024635487192644634,0.0020307776003043454,False,False,ieee30,3,6;1;2
521,3,0.0003590404369668218,0.0001589706324012785,0.0006495513744892989,0.00046476733540101733,False,False,ieee30,3,6;1;2
522,3,0.00013130110038617887,9.1295770697504e-05,0.0063495326689145815,0.004990898545537692,False,False,ieee30,3,6;1;2
523,3,0.00012387024028952948,6.778436678116923e-05,5.332526892609657e-05,3.425396391187885e-05,False,False,ieee30,3,6;1;2
524,3,0.0001276430711141599,0.00010318113914743049,0.00010477901063299377,3.737786474100613e-05,False,False,ieee30,3,6;1;2
525,3,0.1160869034054449,0.05392501178306064,0.005103072206614212,0.0028582534400438675,False,False,ieee30,3,6;1;2
526,3,0.07767321268315527,0.0478279290507545,0.002826668148975142,0.0017801528941139289,False,False,ieee30,3,6;1;2
527,3,0.09915583532949601,0.046118934834704944,0.007662382268887602,0.004306695227675128,False,False,ieee30,3,6;1;2
528,3,0.08748372979694588,0.043356445544297545,0.049141223129184564,0.04596997312900464,False,False,ieee30,3,6;1;2
529,3,0.09595062003932225,0.03870801033742121,0.010587246253158544,0.009163302743050994,False,False,ieee30,3,6;1;2
530,3,0.20984668970327774,0.13285692597960005,0.006064268457192212,0.002030989704818076,False,False,ieee30,3,6;1;2
531,3,0.1635778763640654,0.09506276349571055,0.016890745086920567,0.01539130692259183,False,False,ieee30,3,6;1;2
532,3,0.07981395833188665,0.04087691034912849,0.014446948288979633,0.008090764060774913,False,False,ieee30,3,6;1;2
533,3,0.06240699031342042,0.030285366791536178,0.003055974928378835,0.0016028679535401436,False,False,ieee30,3,6;1;2
534,3,0.06306494431523682,0.03044490045248799,0.0036781583856424493,0.0013964085721581698,False,False,ieee30,3,6;1;2
535,3,0.041016579716692585,0.015270855221190038,0.003946366236998955,0.0028147220880899715,False,False,ieee30,3,6;1;2
536,3,0.05435294817898183,0.021441472485997565,0.0019116280892176318,0.0013484405869833571,False,False,ieee30,3,6;1;2
537,3,0.033015478870681465,0.012683275777666064,0.003924398775405291,0.003173127187123148,False,False,ieee30,3,6;1;2
538,3,0.04674838016541858,0.018073549953091378,0.018286956931604093,0.010050267219439246,False,False,ieee30,3,6;1;2
539,3,0.06584952456811324,0.02905655256452236,0.0061473312450904816,0.002746960214085936,False,False,ieee30,3,6;1;2
540,3,0.04766460255850792,0.019186482830248403,0.002949636207416395,0.0011851482975837602,False,False,ieee30,3,6;1;2
541,3,0.06050552882872341,0.02935665139381946,0.005627250056488564,0.0020811481924650765,False,False,ieee30,3,6;1;2
542,3,0.06030768752429522,0.02721538679445465,0.023321234972778382,0.013562953165583647,False,False,ieee30,3,6;1;2
543,3,0.05913268397786396,0.026859350258667952,0.028668372155773447,0.021651672882075923,False,False,ieee30,3,6;1;2
544,3,0.05989492422158274,0.027694261227692113,0.009132310433082491,0.0068883763438731815,False,False,ieee30,3,6;1;2
545,3,0.061246133725154736,0.029314345601649694,0.015626872018599136,0.011978917883946116,False,False,ieee30,3,6;1;2
546,3,0.06130724165924181,0.02932756208724474,0.007318952662862532,0.00351508618996621,False,False,ieee30,3,6;1;2
547,3,0.060852644937999856,0.02739715618275132,0.00427457255201269,0.0021127858282034007,False,False,ieee30,3,6;1;2
548,3,0.060021429513996236,0.02816765710968347,0.006100469404422437,0.002564687059896764,False,False,ieee30,3,6;1;2
549,3,0.05905282141971155,0.0294224529273745,0.012293240723634025,0.006195761037796954,False,False,ieee30,3,6;1;2
550,3,0.04460088926807419,0.020905067233122965,0.012185832074877667,0.005378702989734974,False,False,ieee30,3,6;1;2
551,3,0.06115208020264164,0.03214146189519329,0.012503347223045025,0.008410423242604659,False,False,ieee30,3,6;1;2
552,3,0.07467429023353428,0.03900935626379437,0.01624454103373063,0.010613002730719856,False,False,ieee30,3,6;1;2
553,3,0.04822903880935259,0.024169661785473806,0.012871550445734403,0.009371267890788126,False,False,ieee30,3,6;1;2
554,3,0.0442609978354026,0.021971520286632656,0.014265163688615745,0.010973481292703813,False,False,ieee30,3,6;1;2
555,3,0.1985425297284122,0.1020679080805687,0.011298146783584984,0.004460961018601606,False,False,ieee30,3,6;1;2
556,3,0.13091275386160697,0.07403849568050264,0.010895730792236158,0.004992859073790434,False,False,ieee30,3,6;1;2
557,3,0.15396760847475982,0.07262249680353822,0.018357356301443528,0.012401482102403993,False,False,ieee30,3,6;1;2
558,3,0.14127716619605724,0.0721801930999309,0.02055765183345981,0.015039781593392365,False,False,ieee30,3,6;1;2
559,3,0.15381063980990492,0.06465578557518784,0.024378983111653763,0.021403815997786957,False,False,ieee30,3,6;1;2
560,3,0.36422356160802627,0.23986221648990122,0.02400731178328852,0.019521254119830744,False,False,ieee30,3,6;1;2
561,3,0.2695485459399697,0.1622576442377129,0.025897791981252194,0.021316140465471922,False,False,ieee30,3,6;1;2
562,3,0.12551454053766933,0.06468649564925283,0.04998792129414664,0.044665817123934026,False,False,ieee30,3,6;1;2
563,3,0.09895316833296974,0.04934505179237553,0.018054636056283435,0.014007106984503581,False,False,ieee30,3,6;1;2
564,3,0.09632345391197661,0.04605258899616932,0.020122591342783824,0.014398742398809339,False,False,ieee30,3,6;1;2
565,3,0.059177700164888186,0.023572935942821116,0.00990446206551876,0.007946672990936432,False,False,ieee30,3,6;1;2
566,3,0.07892378207440523,0.033348909943349214,0.008100012469983264,0.005520255317582268,False,False,ieee30,3,6;1;2
567,3,0.048862682073451194,0.019503209574429303,0.002087128139879435,0.0014440146556934375,False,False,ieee30,3,6;1;2
568,3,0.08518928890876931,0.036466472093030555,0.0101369015434285,0.006211639122485457,False,False,ieee30,3,6;1;2
569,3,0.10003690152530867,0.04494220630381546,0.013150911495336759,0.008273014724397898,False,False,ieee30,3,6;1;2
570,3,0.07097903514882951,0.029570295910602784,0.009708614805266302,0.005975816596211048,False,False,ieee30,3,6;1;2
571,3,0.0953233777910312,0.045243369656892074,0.01828350663332967,0.012735426003802508,False,False,ieee30,3,6;1;2
572,3,0.09573957586227103,0.04287995030892805,0.01565664354190599,0.009721095063739527,False,False,ieee30,3,6;1;2
573,3,0.09364920946671457,0.04209289570227265,0.016438473347489824,0.010732965173180897,False,False,ieee30,3,6;1;2
574,3,0.09390383777129126,0.042692517703774635,0.017276022151848314,0.011440953989656388,False,False,ieee30,3,6;1;2
575,3,0.09739976196409567,0.04684461707682136,0.01863942303576116,0.012691779016374194,False,False,ieee30,3,6;1;2
576,3,0.09619167122122896,0.04566205886209668,0.007357514337813065,0.002893176189913138,False,False,ieee30,3,6;1;2
577,3,0.09612134663966396,0.04313503916716627,0.01241968317834552,0.006687156854359277,False,False,ieee30,3,6;1;2
578,3,0.09472668963015685,0.04379357671986572,0.008713127918371977,0.0035875968785786805,False,False,ieee30,3,6;1;2
579,3,0.09360673875257627,0.045313014361941795,0.009906282156971313,0.003573623082016253,False,False,ieee30,3,6;1;2
580,3,0.07239958079456629,0.0325445499216776,0.007101064664968848,0.0031006009527839717,False,False,ieee30,3,6;1;2
581,3,0.09803006337581802,0.05064854351044756,0.016026381015926572,0.00787139568615769,False,False,ieee30,3,6;1;2
582,3,0.12514628220525298,0.06456853608876251,0.023853640787376174,0.018546447312529968,False,False,ieee30,3,6;1;2
583,3,0.0777593547850301,0.03761655899767952,0.012082127724170943,0.004496069111986634,False,False,ieee30,3,6;1;2
584,3,0.07037772332253647,0.03389870716398696,0.019863954485981994,0.01050667578816511,False,False,ieee30,3,6;1;2
585,3,0.2335399443428266,0.10816897289626848,0.009615098849531378,0.006179022097999587,False,False,ieee30,3,6;1;2
586,3,0.1565453648642112,0.09558276589888692,0.008996074153723832,0.00512401324467171,False,False,ieee30,3,6;1;2
587,3,0.19778167419168916,0.09190753200137344,0.017885453630178794,0.01060205216182819,False,False,ieee30,3,6;1;2
588,3,0.17832793595701885,0.08938781008587446,0.042585721211506944,0.035319754549494986,False,False,ieee30,3,6;1;2
589,3,0.1925108828831597,0.0778214117044862,0.02767634709952771,0.024048612377977507,False,False,ieee30,3,6;1;2
590,3,0.4225213543854387,0.2694234150529716,0.011017055886886173,0.00470152344372321,False,False,ieee30,3,6;1;2
591,3,0.3275412188209622,0.19051842407819777,0.012249531514833656,0.005970220583373376,False,False,ieee30,3,6;1;2
592,3,0.15956606331551768,0.08158086767270895,0.026789952475744117,0.01838567173132999,False,False,ieee30,3,6;1;2
593,3,0.12537853350030453,0.061386864237016975,0.012523149307958614,0.005811097725767267,False,False,ieee30,3,6;1;2
594,3,0.1263930464214682,0.06161381247000591,0.006776632915485137,0.0035657422051795784,False,False,ieee30,3,6;1;2
595,3,0.08160438233760572,0.03038857476802298,0.00623352553280998,0.004399758416319233,False,False,ieee30,3,6;1;2
596,3,0.10861273778476407,0.04284308426448416,0.010560838189050403,0.007270583280114096,False,False,ieee30,3,6;1;2
597,3,0.0659739471707895,0.025301929483484614,0.004607004627679379,0.003185713571585702,False,False,ieee30,3,6;1;2
598,3,0.10397557099174014,0.041542742116640524,0.029197396893929195,0.02062115418818078,False,False,ieee30,3,6;1;2
599,3,0.13131694068092675,0.058214736864275834,0.00761881755041971,0.003781880550006944,False,False,ieee30,3,6;1;2
600,3,0.0945954543750757,0.03809891698877574,0.00679264798470014,0.002368376217695478,False,False,ieee30,3,6;1;2
601,3,0.1199957492482274,0.05797978985015381,0.010215182783277932,0.003915449657699077,False,False,ieee30,3,6;1;2
602,3,0.12037428746627685,0.05429135356872969,0.014246549849386558,0.007212860528574061,False,False,ieee30,3,6;1;2
603,3,0.11777721621959034,0.05368459387460714,0.020091779143444732,0.010330392690551471,False,False,ieee30,3,6;1;2
604,3,0.11889352036787507,0.05508952731674868,0.018223211270850248,0.010759742805079742,False,False,ieee30,3,6;1;2
605,3,0.12187683099601988,0.05820044918885109,0.0207998840104745,0.013744349133152589,False,False,ieee30,3,6;1;2
606,3,0.12224181417882087,0.05855467501214201,0.009117837461621647,0.003980123479239817,False,False,ieee30,3,6;1;2
607,3,0.12015057209078953,0.054398798859791736,0.008917771204378755,0.003990854478539085,False,False,ieee30,3,6;1;2
608,3,0.11894262752651433,0.05544301023312884,0.013922280792930342,0.006913193230300596,False,False,ieee30,3,6;1;2
609,3,0.11553556446947699,0.057578504802759556,0.02415211146044738,0.014243841571349392,False,False,ieee30,3,6;1;2
610,3,0.08733750727217343,0.041423347917359465,0.025801900265435718,0.016827147609832616,False,False,ieee30,3,6;1;2
611,3,0.12035696803673741,0.06349385125341528,0.017257049184672635,0.006135329963361524,False,False,ieee30,3,6;1;2
612,3,0.15474973157252395,0.07981630704171305,0.010973530965790124,0.005359343013222606,False,False,ieee30,3,6;1;2
613,3,0.09302490329476361,0.04749274290048178,0.011831504938116022,0.005314246550089052,False,False,ieee30,3,6;1;2
614,3,0.08344864241232411,0.042576308354278364,0.015897646675766097,0.006326016285234548,False,False,ieee30,3,6;1;2
615,3,0.35238569015885596,0.16307176025576456,0.021028264349101433,0.010220570814998386,False,False,ieee30,3,6;1;2
616,3,0.2338958204821876,0.14363081246969084,0.014337677070888621,0.00829151045605303,False,False,ieee30,3,6;1;2
617,3,0.29676419781705776,0.13801158977308017,0.02056637752107837,0.007568523717252917,False,False,ieee30,3,6;1;2
618,3,0.2696546526794316,0.1358192279545359,0.03834504926993143,0.028151293788447385,False,False,ieee30,3,6;1;2
619,3,0.2897076065465011,0.11727569237504293,0.027577825966302094,0.021488987819560768,False,False,ieee30,3,6;1;2
620,3,0.6323605878471107,0.404696073284792,0.019290042374283778,0.014735761728328023,False,False,ieee30,3,6;1;2
621,3,0.4919694085903277,0.28652766544489594,0.012657611973938665,0.005617972883760647,False,False,ieee30,3,6;1;2
622,3,0.23896549668121914,0.12200616400176145,0.04823810840965648,0.03288847896065539,False,False,ieee30,3,6;1;2
623,3,0.18939534735130065,0.09339467196382725,0.02402679013701925,0.013465258652927803,False,False,ieee30,3,6;1;2
624,3,0.19157567308455975,0.09456696872368969,0.021089493486420974,0.008952670908987326,False,False,ieee30,3,6;1;2
625,3,0.12211649364247722,0.045367054729209044,0.005433341344619258,0.002496044472436898,False,False,ieee30,3,6;1;2
626,3,0.16286098163864962,0.06415721509255098,0.008432052080679542,0.0031819307958717014,False,False,ieee30,3,6;1;2
627,3,0.09896732755379285,0.03788274602376937,0.0021519817778281602,0.0009744200918631041,False,False,ieee30,3,6;1;2
628,3,0.16071228494294726,0.06484435512267708,0.004641020307286858,0.003071778169901007,False,False,ieee30,3,6;1;2
629,3,0.19633535674784852,0.08671206210859675,0.015497669734336417,0.0054338244636635835,False,False,ieee30,3,6;1;2
630,3,0.14107713867799193,0.0567326126268449,0.008939514548463645,0.003466435862866213,False,False,ieee30,3,6;1;2
631,3,0.17895153461892893,0.08608719871232992,0.016329955846001387,0.006494466888389505,False,False,ieee30,3,6;1;2
632,3,0.17851726386469383,0.08027157377760255,0.006255300657648566,0.003967036692194004,False,False,ieee30,3,6;1;2
633,3,0.17541044205097794,0.07984237293425925,0.0119052152053295,0.006634415901034307,False,False,ieee30,3,6;1;2
634,3,0.1770593939082065,0.08181765224463547,0.0196201983058073,0.009271974658204174,False,False,ieee30,3,6;1;2
635,3,0.1825247761953624,0.08714454136541921,0.02906682439535946,0.01725420349614759,False,False,ieee30,3,6;1;2
636,3,0.1825269170878719,0.08710870829306633,0.012933145010980307,0.006125152517053367,False,False,ieee30,3,6;1;2
637,3,0.1804346048322624,0.08127705927594983,0.013388414923184655,0.00586445718780737,False,False,ieee30,3,6;1;2
638,3,0.17733360131950548,0.0826180467397121,0.02070985069050535,0.008082717263597994,False,False,ieee30,3,6;1;2
639,3,0.1660152443341516,0.08196109207870733,0.03649632601972208,0.01951656253125389,False,False,ieee30,3,6;1;2
640,3,0.1283815733328871,0.06095278434353313,0.013048535865573307,0.0076897278870523555,False,False,ieee30,3,6;1;2
641,3,0.17810894707721558,0.09348600404161628,0.04570163525218973,0.02420865031854047,False,False,ieee30,3,6;1;2
642,3,0.23836982395559445,0.12175834258311435,0.035102265449410974,0.022064514767176302,False,False,ieee30,3,6;1;2
643,3,0.13438764872876208,0.06896280901385082,0.04006927428817586,0.020524913238210152,False,False,ieee30,3,6;1;2
644,3,0.11725292393602169,0.060372335207599076,0.036352719456985594,0.015974964788687207,False,False,ieee30,3,6;1;2
645,3,0.0004165413657031755,0.0001514303144961593,0.0006557779296405553,0.00048620230635543216,False,False,ieee30,3,6;1;2
646,3,0.020548217333586832,0.013474884649767704,0.0023538095100610334,0.0008950738309966288,False,False,ieee30,3,6;1;2
647,3,0.0018560096442368917,0.0007269484150415617,0.0009842454616393326,0.0006388442714532205,False,False,ieee30,3,6;1;2
648,3,0.004523703858339424,0.0017705162324497536,0.0007015077011488513,0.00038331354350129576,False,False,ieee30,3,6;1;2
649,3,0.01789143451918894,0.009470052050870162,0.001091477058788315,0.0004569286883557844,False,False,ieee30,3,6;1;2
650,3,0.018945118299000342,0.007434613536668494,0.006130274837819694,0.0037173819819674714,False,False,ieee30,3,6;1;2
651,3,0.002701756894393205,0.0010157203068802412,0.0005928272715445271,0.000589709156370466,False,False,ieee30,3,6;1;2
652,3,0.003796411979284285,0.0014849329570464642,0.001625443871452359,0.0014966658119685006,False,False,ieee30,3,6;1;2
653,3,0.002358066773790475,0.0009029826551320563,0.0006122780314042897,0.00037635650454637126,False,False,ieee30,3,6;1;2
654,3,0.003374717321451809,0.001305741435271901,0.0008606345663741966,0.0005679870673134246,False,False,ieee30,3,6;1;2
655,3,0.0014164318297993986,0.000542633011582444,0.001104099671468406,0.0007952332311220722,False,False,ieee30,3,6;1;2
656,3,0.004025785512484073,0.001550643091567161,0.0008331934610993352,0.00038113549395213386,False,False,ieee30,3,6;1;2
657,3,0.001574717170402029,0.0005971444838578366,0.0003949237444049736,0.00021332567516518797,False,False,ieee30,3,6;1;2
658,3,0.003887169768169871,0.0014881409009954993,0.0008347617743829083,0.0004922216526186407,False,False,ieee30,3,6;1;2
659,3,0.0012370442512114471,0.00046450941359973963,0.0006729210437456112,0.00047496979626049374,False,False,ieee30,3,6;1;2
660,3,0.00734300604579928,0.0028472523231714564,0.0008810874854754402,0.00034574153410082964,False,False,ieee30,3,6;1;2
661,3,0.0016240628193128978,0.0006223797144056797,0.0006749122526306106,0.00043700709582639163,False,False,ieee30,3,6;1;2
662,3,0.003916458370332901,0.001530030224163037,0.000435295074751596,0.00020613298084815046,False,False,ieee30,3,6;1;2
663,3,0.0018619948254541552,0.0007152066014240455,0.0002327809042987905,0.00010823978746787866,False,False,ieee30,3,6;1;2
664,3,0.0013828728735616885,0.0005224808180312734,0.006882853541315015,0.005380518431378767,False,False,ieee30,3,6;1;2
665,3,0.004572285520568882,0.0017372157007575217,0.0037564528069183867,0.0033181507004083066,False,False,ieee30,3,6;1;2
666,3,0.007561854361443694,0.0065699032815958736,0.018613946836565143,0.01001187568551587,False,False,ieee30,3,6;1;2
667,3,0.0002383455986259067,0.00010746063131442801,0.0010894548170369833,0.0005822238554062942,False,False,ieee30,3,6;1;2
668,3,0.00018608815220610975,9.869628950123777e-05,0.0012871048592053569,0.0006383476327386228,False,False,ieee30,3,6;1;2
669,3,0.0051567677978844526,0.004430405191384372,0.0028356374500717596,0.0014057892902349378,False,False,ieee30,3,6;1;2
670,3,0.004633948892121813,0.0022244998614001296,0.009755651292210787,0.0063282762875011,False,False,ieee30,3,6;1;2
671,3,0.0003220784391030629,0.0001427151896040979,0.0006524295129811675,0.000630861368645319,False,False,ieee30,3,6;1;2
672,3,0.00027045109746109963,0.0001333930463083277,0.0008754757359580312,0.0006960266413996719,False,False,ieee30,3,6;1;2
673,3,0.00029163621209855883,0.0001230474028704881,0.0010568889079072274,0.0008799051844882166,False,False,ieee30,3,6;1;2
674,3,0.0002896685679265251,0.00013292453745516325,0.0007178751906052883,0.0005959421519959873,False,False,ieee30,3,6;1;2
675,3,0.000291580486103199,0.00012217666302716257,0.001333979005967545,0.0011036706833617016,False,False,ieee30,3,6;1;2
676,3,0.0002328127540153213,0.00016263837559826744,0.0001518359975040129,7.220120975770516e-05,False,False,ieee30,3,6;1;2
677,3,0.00038230586108303766,0.00013806201017099728,0.0012463240811746434,0.0011299707887869603,False,False,ieee30,3,6;1;2
678,3,0.00029076275520167894,0.000168721808122968,0.00104641880047196,0.0009964995854921943,False,False,ieee30,3,6;1;2
679,3,0.00039653453853175785,0.00013918215901929237,0.0013846314018065575,0.0011704739237915485,False,False,ieee30,3,6;1;2
680,3,0.0004345493638881273,0.0001946348676259424,0.00047562839625270303,0.00023259464104696814,False,False,ieee30,3,6;1;2
681,3,0.0003537434003539966,0.0001423181216230543,0.0023773205362113137,0.001981092575554344,False,False,ieee30,3,6;1;2
682,3,0.0002746773721537185,0.0001982074565085798,0.0010486008138839154,0.0009964755787581492,False,False,ieee30,3,6;1;2
683,3,0.0003865286773171023,0.0001848504592682626,0.000504168159612628,0.0004151001611084615,False,False,ieee30,3,6;1;2
684,3,0.0004033554878851639,0.0001535160655166054,0.00013743400894505875,0.00012644427315888773,False,False,ieee30,3,6;1;2
685,3,0.00041926551686737035,0.00018962947730120916,0.00043099853555728096,0.00037608833572966294,False,False,ieee30,3,6;1;2
686,3,0.11618240225628508,0.053855580874191344,0.006671028790955602,0.003540857718971613,False,False,ieee30,3,6;1;2
687,3,0.07775585318083689,0.04790747970068865,0.002125100350723108,0.001510296501124997,False,False,ieee30,3,6;1;2
688,3,0.09937601954800257,0.04621269062654426,0.004480773176147368,0.001810783817645878,False,False,ieee30,3,6;1;2
689,3,0.08770258794546214,0.04345019843295095,0.05122964608569902,0.04874847603383514,False,False,ieee30,3,6;1;2
690,3,0.09605139420629212,0.03863376124285196,0.01128448661760817,0.010114573106328129,False,False,ieee30,3,6;1;2
691,3,0.2099434607646547,0.13278172722763337,0.008932336371232918,0.00501578246626222,False,False,ieee30,3,6;1;2
692,3,0.1636694189321841,0.09499066425227459,0.01408956583660026,0.01161602566450759,False,False,ieee30,3,6;1;2
693,3,0.07993989061726342,0.04096943885403578,0.01725450274513196,0.010774239621852422,False,False,ieee30,3,6;1;2
694,3,0.0626238910777383,0.030379067477397215,0.004661136232655072,0.0024175740306239257,False,False,ieee30,3,6;1;2
695,3,0.06328029656111206,0.03053787322604193,0.006586204971723686,0.004984512814309228,False,False,ieee30,3,6;1;2
696,3,0.04126172443596761,0.015366039532829862,0.0017280117026824415,0.0010485914607392122,False,False,ieee30,3,6;1;2
697,3,0.05459109330539669,0.021534755641207354,0.0016097368536528434,0.0006464204855659572,False,False,ieee30,3,6;1;2
698,3,0.03326580090576962,0.012778665209520174,0.0036629034637365443,0.0029581298380660925,False,False,ieee30,3,6;1;2
699,3,0.046995328506045334,0.018168093267992125,0.02181205235268102,0.011622791851034653,False,False,ieee30,3,6;1;2
700,3,0.06607253660868549,0.02915136594048187,0.002995912084741148,0.0015594807630782137,False,False,ieee30,3,6;1;2
701,3,0.04790392819186177,0.019280830091040785,0.0035348179816787617,0.0014280612073859222,False,False,ieee30,3,6;1;2
702,3,0.060726094248261406,0.02945102292825566,0.0038458785611160673,0.0016987027598782678,False,False,ieee30,3,6;1;2
703,3,0.060538164937778,0.02731182322982245,0.02261554353715267,0.013463267381242261,False,False,ieee30,3,6;1;2
704,3,0.05936168393073473,0.02695531117963934,0.02611938371014999,0.021921270933025094,False,False,ieee30,3,6;1;2
705,3,0.06012231453763306,0.027790993626006816,0.008803109617209981,0.006851155844656676,False,False,ieee30,3,6;1;2
706,3,0.06146182147943704,0.029407289262285752,0.011264574806961747,0.008566407065077164,False,False,ieee30,3,6;1;2
707,3,0.061522166184114664,0.029420213955640345,0.009514368950196861,0.006540777296375921,False,False,ieee30,3,6;1;2
708,3,0.0610721464150254,0.027490259860334737,0.006739382648721981,0.0037387343918064975,False,False,ieee30,3,6;1;2
709,3,0.060237680198885264,0.028260000022206216,0.009637702427663819,0.007475684964596829,False,False,ieee30,3,6;1;2
710,3,0.05928139352264793,0.02951990933727494,0.02057984672052815,0.014907679614134084,False,False,ieee30,3,6;1;2
711,3,0.04483450297995693,0.021001344240547365,0.011838176976004089,0.004159892989998415,False,False,ieee30,3,6;1;2
712,3,0.061380629783168,0.03224092655686936,0.01899119194108001,0.017425328883881264,False,False,ieee30,3,6;1;2
713,3,0.07479811065545344,0.039101325851197466,0.012538232822877471,0.011067885942461775,False,False,ieee30,3,6;1;2
714,3,0.04847881366678312,0.024273393399875692,0.024236459291783197,0.02357360732116076,False,False,ieee30,3,6;1;2
715,3,0.044508313207018514,0.022075224538860183,0.02134217777465519,0.020749267923290127,False,False,ieee30,3,6;1;2
716,3,0.19863685741567602,0.10200194586475386,0.007375391856975666,0.003954115577772033,False,False,ieee30,3,6;1;2
717,3,0.13101578807358186,0.07411752398523602,0.00647288539807922,0.0037908345633116403,False,False,ieee30,3,6;1;2
718,3,0.1541816192736901,0.0727161335710074,0.01152589790679337,0.006958791532547859,False,False,ieee30,3,6;1;2
719,3,0.14148793972233775,0.07227464154920679,0.013881701670190205,0.009742853831231635,False,False,ieee30,3,6;1;2
720,3,0.1539119616531171,0.06458303055857627,0.026121616459539476,0.023807767037167804,False,False,ieee30,3,6;1;2
721,3,0.36432058615999396,0.23978606184756335,0.018980981214289594,0.015586205799468345,False,False,ieee30,3,6;1;2
722,3,0.26964816007709524,0.16218416018873677,0.02912045346660541,0.02574410485895673,False,False,ieee30,3,6;1;2
723,3,0.12565980391167608,0.06478168266823661,0.04396416243744916,0.03992998884797028,False,False,ieee30,3,6;1;2
724,3,0.09916523014422701,0.049440131161874096,0.011260497565736327,0.00865005549927822,False,False,ieee30,3,6;1;2
725,3,0.09653712576632581,0.04614858717435602,0.010877924641210512,0.007113136428767541,False,False,ieee30,3,6;1;2
726,3,0.059419400798100215,0.023667660595601298,0.00657856277878055,0.00531258514327293,False,False,ieee30,3,6;1;2
727,3,0.07915800087054731,0.03344210052357746,0.0040198608728542196,0.002306075868190205,False,False,ieee30,3,6;1;2
728,3,0.049114278640390696,0.01960034569682248,0.003534540530260477,0.002607751971121175,False,False,ieee30,3,6;1;2
729,3,0.08542212361297183,0.03655985572105416,0.006214948297122436,0.0031279429902686395,False,False,ieee30,3,6;1;2
730,3,0.10026135507644651,0.045036693046306336,0.006542360523603463,0.0030595068584624574,False,False,ieee30,3,6;1;2
731,3,0.0712206375303441,0.029664670427532985,0.006653078720224248,0.003550795628145531,False,False,ieee30,3,6;1;2
732,3,0.09553395446128207,0.04533803621114721,0.010028772448307133,0.006230677638562998,False,False,ieee30,3,6;1;2
733,3,0.09595820647540407,0.04297404399726415,0.010220362305087605,0.0054437939715616945,False,False,ieee30,3,6;1;2
734,3,0.09386584302409773,0.04218688277528723,0.010605310012668845,0.006141398995724745,False,False,ieee30,3,6;1;2
735,3,0.09411761320988618,0.04278676850305921,0.011245776432068033,0.006693397053816108,False,False,ieee30,3,6;1;2
736,3,0.09761365902020208,0.04694135607722974,0.008164386575045035,0.004442243448770977,False,False,ieee30,3,6;1;2
737,3,0.096407651165929,0.04575861767761383,0.0075780364811699474,0.00424892613592609,False,False,ieee30,3,6;1;2
738,3,0.09634660949203158,0.0432317480536685,0.006372944074165887,0.0032978759436554927,False,False,ieee30,3,6;1;2
739,3,0.09494514544740704,0.043891609002507465,0.006114880493068964,0.0027420075524020593,False,False,ieee30,3,6;1;2
740,3,0.09381777141891293,0.04541595235516813,0.0075345260456045615,0.0027925942417775795,False,False,ieee30,3,6;1;2
741,3,0.07264169335396964,0.03264803615326342,0.019263765433697788,0.01874156949895467,False,False,ieee30,3,6;1;2
742,3,0.09824799007600948,0.05075819603357759,0.006303455644356859,0.0031522448037697437,False,False,ieee30,3,6;1;2
743,3,0.1252920401893225,0.06466367974922463,0.0195640744618526,0.015232587880909643,False,False,ieee30,3,6;1;2
744,3,0.07800368062202187,0.03773134152601029,0.00994881567017003,0.0053315988773974254,False,False,ieee30,3,6;1;2
745,3,0.07074241949001828,0.03405790626840802,0.00982379890668783,0.0045344422308840615,False,False,ieee30,3,6;1;2
746,3,0.23364332951679112,0.10811084584877967,0.011186615219675344,0.005788549260028142,False,False,ieee30,3,6;1;2
747,3,0.15665401209690283,0.09566063278860015,0.008444687362820336,0.00450933616843574,False,False,ieee30,3,6;1;2
748,3,0.19797149154435467,0.09199985963258989,0.009107133543338919,0.0034395088550757125,False,False,ieee30,3,6;1;2
749,3,0.17851861896400206,0.08948100637819106,0.048776523524412085,0.04247300506690066,False,False,ieee30,3,6;1;2
750,3,0.19260874439365822,0.0777469487158049,0.029176301580968844,0.026136360392171043,False,False,ieee30,3,6;1;2
751,3,0.42261663187735443,0.26934444154391723,0.010444313340090883,0.005286010384174089,False,False,ieee30,3,6;1;2
752,3,0.3276327156745138,0.19044128047962983,0.01590564482838175,0.010948850228725715,False,False,ieee30,3,6;1;2
753,3,0.1597209700780623,0.08167476254438458,0.018756002129877047,0.012184427908731865,False,False,ieee30,3,6;1;2
754,3,0.1255704678957556,0.061481232773037964,0.007800426880709699,0.003412383087767923,False,False,ieee30,3,6;1;2
755,3,0.12658677223004822,0.06170901745784871,0.01297305560627482,0.00905607511733797,False,False,ieee30,3,6;1;2
756,3,0.08183756429786516,0.03048218315915005,0.00337705514333142,0.0021489533403791228,False,False,ieee30,3,6;1;2
757,3,0.10883320192437881,0.04293460970651894,0.0059182455577697635,0.0036041295385744743,False,False,ieee30,3,6;1;2
758,3,0.06622177558806719,0.02539691982512024,0.0019696946591145625,0.001061092149718501,False,False,ieee30,3,6;1;2
759,3,0.10419807466275524,0.04163459677665393,0.03456588588334031,0.02617314579611163,False,False,ieee30,3,6;1;2
760,3,0.13150913131389985,0.05830771862515824,0.010900812058260434,0.005523894527557527,False,False,ieee30,3,6;1;2
761,3,0.0948254402267043,0.038193357289887125,0.004400221747942634,0.002095236539763845,False,False,ieee30,3,6;1;2
762,3,0.12017896653821313,0.058070005337816005,0.009196202514140106,0.0032805662351690357,False,False,ieee30,3,6;1;2
763,3,0.12057003337150562,0.05438437963827192,0.011819200709726196,0.005616878034834016,False,False,ieee30,3,6;1;2
764,3,0.11796782362655361,0.053776004920636944,0.026300299176018616,0.015307601255806214,False,False,ieee30,3,6;1;2
765,3,0.11908229789347732,0.055181150128032014,0.011406831450490373,0.00486926664988474,False,False,ieee30,3,6;1;2
766,3,0.1220725672765319,0.05829558560873577,0.0075329267243587905,0.0032618509381145966,False,False,ieee30,3,6;1;2
767,3,0.12243813233506337,0.05864997775448269,0.014162538254896995,0.009276881636572254,False,False,ieee30,3,6;1;2
768,3,0.12034810592066744,0.054492272594046404,0.014394931860127302,0.009578844116521212,False,False,ieee30,3,6;1;2
769,3,0.11914582999506272,0.055540401192549355,0.0206303973830525,0.016230875773743936,False,False,ieee30,3,6;1;2
770,3,0.11575221114475608,0.05768356523875234,0.013734854738580271,0.007686284585919356,False,False,ieee30,3,6;1;2
771,3,0.08756293613676767,0.041522352553101854,0.008198866340956679,0.004785691547330551,False,False,ieee30,3,6;1;2
772,3,0.1205503833710315,0.06359170450781368,0.01296608804550381,0.0050958544921366755,False,False,ieee30,3,6;1;2
773,3,0.15490212763241043,0.07990937966304085,0.006025197295675633,0.0027059820866947026,False,False,ieee30,3,6;1;2
774,3,0.09328801328304293,0.0476087422167463,0.024712599190859552,0.01897821414200518,False,False,ieee30,3,6;1;2
775,3,0.08384301680204279,0.042754261302981045,0.028853953926745723,0.023746150523819565,False,False,ieee30,3,6;1;2
776,3,0.3524865269570499,0.16301895626577365,0.024157069157023314,0.00998672755427954,False,False,ieee30,3,6;1;2
777,3,0.23401770222865625,0.14370530888689542,0.018186618916230746,0.007717313927310676,False,False,ieee30,3,6;1;2
778,3,0.2969163250346735,0.13809513304992027,0.013822604636919755,0.006449962129631115,False,False,ieee30,3,6;1;2
779,3,0.26980607217470626,0.13590166446423746,0.04215924341169275,0.03298958146399955,False,False,ieee30,3,6;1;2
780,3,0.28980177988008937,0.11719985103093497,0.03135451165680536,0.026535887140368475,False,False,ieee30,3,6;1;2
781,3,0.6324332652515905,0.40460756321952956,0.014201937427851363,0.010634125234359915,False,False,ieee30,3,6;1;2
782,3,0.4920454638857149,0.28644757732647846,0.016198839433974155,0.007428824859427308,False,False,ieee30,3,6;1;2
783,3,0.23911668986658546,0.12208688683400801,0.04297292614000614,0.02885185678071933,False,False,ieee30,3,6;1;2
784,3,0.18954509165560943,0.09347896685361617,0.015344814544135166,0.006613197170338925,False,False,ieee30,3,6;1;2
785,3,0.19172315593852324,0.09465001307089718,0.009984839073846064,0.005355937839176206,False,False,ieee30,3,6;1;2
786,3,0.12233970402715856,0.04545956757456923,0.0025173499678851075,0.0012861321722079655,False,False,ieee30,3,6;1;2
787,3,0.16306278938134514,0.06424658639882316,0.005581302360952445,0.0021174785221007575,False,False,ieee30,3,6;1;2
788,3,0.09921015340081427,0.03797605578260657,0.003362478214393061,0.002012413821356196,False,False,ieee30,3,6;1;2
789,3,0.16091043647806627,0.06493415019475968,0.014179047507895892,0.010623394670323472,False,False,ieee30,3,6;1;2
790,3,0.19648940561678496,0.08679827338118565,0.01034284127831453,0.004498202701531451,False,False,ieee30,3,6;1;2
791,3,0.14129496805160488,0.05682590949407437,0.007253025084543285,0.0031103683337383448,False,False,ieee30,3,6;1;2
792,3,0.17910300347242156,0.08617222490563584,0.014882832725287343,0.0051445910631582326,False,False,ieee30,3,6;1;2
793,3,0.17869468089729684,0.08036622015826939,0.01680017663986566,0.01107679812635698,False,False,ieee30,3,6;1;2
794,3,0.17556840054091305,0.0799287096779926,0.01560461005510494,0.006916489298326001,False,False,ieee30,3,6;1;2
795,3,0.17722157276176453,0.08190723141890657,0.02662927806413795,0.019132765561952647,False,False,ieee30,3,6;1;2
796,3,0.18266844479177746,0.0872254864241464,0.01931991770396868,0.009641164348250575,False,False,ieee30,3,6;1;2
797,3,0.18267024871449036,0.08718938133452067,0.016328816504863952,0.006765412520975289,False,False,ieee30,3,6;1;2
798,3,0.18057785688247244,0.08135671564096356,0.015368952981225315,0.005846294278222697,False,False,ieee30,3,6;1;2
799,3,0.1774644936809892,0.08269051008211245,0.026779703741947936,0.01657128936165908,False,False,ieee30,3,6;1;2
800,3,0.1661175991711083,0.08201790642500972,0.028377791567811506,0.013156664081838021,False,False,ieee30,3,6;1;2
801,3,0.1288324644783756,0.061122073937685234,0.07287743312517259,0.06419216211444456,False,False,ieee30,3,6;1;2
802,3,0.17823814851173464,0.0935618722767145,0.04076062757694865,0.020257724993826387,False,False,ieee30,3,6;1;2
803,3,0.23851564714781162,0.12183683064528977,0.02977387651527652,0.017775600502972,False,False,ieee30,3,6;1;2
804,3,0.1344510593437784,0.06898703368617495,0.034377501832951296,0.016052645783874553,False,False,ieee30,3,6;1;2
805,3,0.11743608318678894,0.06046564718330927,0.03144634341982111,0.01206353575522856,False,False,ieee30,3,6;1;2
806,3,4.5949904486516924e-05,2.460133284962196e-05,0.002981804308022973,0.0023954491841655656,False,False,ieee30,3,6;1;2
807,3,0.020435318920662013,0.013653092580688725,0.006351044493873803,0.004148226943849975,False,False,ieee30,3,6;1;2
808,3,0.0013917354885878627,0.0005652800729956664,0.005554376017226081,0.004394126362292083,False,False,ieee30,3,6;1;2
809,3,0.0040541798751500685,0.0015943313272247517,0.0034459144647968065,0.0025988016942102288,False,False,ieee30,3,6;1;2
810,3,0.01770856531952627,0.009613254303331202,0.00392619568203334,0.002540599484505357,False,False,ieee30,3,6;1;2
811,3,0.018487946891512043,0.007261672611663744,0.00797172384202205,0.005244244348395211,False,False,ieee30,3,6;1;2
812,3,0.0022386552909932564,0.0008391274652918002,0.004955859551114661,0.00395612797356415,False,False,ieee30,3,6;1;2
813,3,0.0033341524511488127,0.0013089243773512504,0.004168727270876471,0.003187830077868603,False,False,ieee30,3,6;1;2
814,3,0.0018913960774564614,0.0007257056239192705,0.0044518676692274495,0.0035216057518477895,False,False,ieee30,3,6;1;2
815,3,0.002903745220785743,0.0011280316187423367,0.0033467250995335984,0.002600013611808394,False,False,ieee30,3,6;1;2
816,3,0.0009514396012676452,0.0003653072617921804,0.005233927307482067,0.004203632530314971,False,False,ieee30,3,6;1;2
817,3,0.003560396061287427,0.0013736654195809772,0.0041768210729071775,0.003089742282540997,False,False,ieee30,3,6;1;2
818,3,0.0011051606963248459,0.0004181029391478186,0.003194947268737258,0.002510643777863697,False,False,ieee30,3,6;1;2
819,3,0.003419231698781222,0.0013113176858348952,0.0037196671588394237,0.0028663538980117087,False,False,ieee30,3,6;1;2
820,3,0.000761509167516293,0.00028287945489649524,0.002314900821804633,0.001782829828099075,False,False,ieee30,3,6;1;2
821,3,0.006878715242577091,0.0026731623205496213,0.0035827608341149064,0.00240607648137825,False,False,ieee30,3,6;1;2
822,3,0.0011525624019741096,0.00044494101075837067,0.003795779399015098,0.002997203959398842,False,False,ieee30,3,6;1;2
823,3,0.003442063528019887,0.0013484336030153699,0.00515536627082136,0.0038891012101186506,False,False,ieee30,3,6;1;2
824,3,0.0013913290566082495,0.0005371339200428982,0.004550239087412922,0.003599078034447256,False,False,ieee30,3,6;1;2
825,3,0.0009879777060833317,0.00036425851282745336,0.00429123605102133,0.003373191711342427,False,False,ieee30,3,6;1;2
826,3,0.004209065995413062,0.0016036635304375602,0.004758475077811908,0.0035510725241238994,False,False,ieee30,3,6;1;2
827,3,0.007682315968718469,0.006394701849777029,0.018041329348923885,0.009947119708242247,False,False,ieee30,3,6;1;2
828,3,0.00022616920293819232,9.778937484244965e-05,0.0014990746922655118,0.000635071224416417,False,False,ieee30,3,6;1;2
829,3,0.00028055306496897053,0.00012395648767626888,0.0021569488414195925,0.0011720062517605045,False,False,ieee30,3,6;1;2
830,3,0.005613712211414032,0.004562159068095942,0.002043604339093563,0.0007539749485176994,False,False,ieee30,3,6;1;2
831,3,0.00506804535774473,0.002344828441833993,0.002710264055961753,0.0011838713705207837,False,False,ieee30,3,6;1;2
832,3,0.00015174131088680626,7.891905912377206e-05,0.0013625437088289338,0.0012524792643200389,False,False,ieee30,3,6;1;2
833,3,0.0006323067495867529,0.00028514033541621187,0.0016777587083620649,0.0016052966599660046,False,False,ieee30,3,6;1;2
834,3,0.00017417498531084596,7.942709222286126e-05,0.0018220519325203854,0.0014951953337086765,False,False,ieee30,3,6;1;2
835,3,0.00017652469543641414,9.018268219973535e-05,0.0014975651144860658,0.001434805872390199,False,False,ieee30,3,6;1;2
836,3,0.00017678372496003625,8.08194207647106e-05,0.0028162033073815262,0.0023231972401046574,False,False,ieee30,3,6;1;2
837,3,0.0003707394780739781,0.00019751950078505942,0.0007249346270274959,0.0006978135961688281,False,False,ieee30,3,6;1;2
838,3,8.216267285511558e-05,4.157225751089122e-05,0.002226095799128802,0.001943960897469954,False,False,ieee30,3,6;1;2
839,3,0.0002325409114439722,0.0001116418941318198,0.002034574018769386,0.0017744772250365415,False,False,ieee30,3,6;1;2
840,3,7.030312593309107e-05,3.6544160310153506e-05,0.0024461478777215717,0.0020539832328547725,False,False,ieee30,3,6;1;2
841,3,0.0006285339890330227,0.0003397309686339889,0.006772596103494233,0.0057920479840223305,False,False,ieee30,3,6;1;2
842,3,0.00012098096803467989,6.111717494983182e-05,0.0018575675117957768,0.0015573629338598849,False,False,ieee30,3,6;1;2
843,3,0.00041414621122103784,0.0002069743266671642,0.0017107314354537495,0.0016264989248717665,False,False,ieee30,3,6;1;2
844,3,0.00018023095688148721,7.06078384901665e-05,0.005575657211033036,0.0043699836358174204,False,False,ieee30,3,6;1;2
845,3,7.835628524890947e-05,3.412425522986151e-05,0.00012192324208848415,0.00011601221158008546,False,False,ieee30,3,6;1;2
846,3,0.0001829120241838636,0.00010026072851673784,0.002133271956102245,0.0017379961089752927,False,False,ieee30,3,6;1;2
847,3,0.11598863710464338,0.05397797047610925,0.0057862348454299495,0.002969203637618545,False,False,ieee30,3,6;1;2
848,3,0.07758836087484827,0.04775711499551438,0.00657393539226947,0.004044854459905767,False,False,ieee30,3,6;1;2
849,3,0.09896562287897823,0.04603654860932288,0.008718128788986923,0.005303103129173703,False,False,ieee30,3,6;1;2
850,3,0.08729403407571634,0.04327374392014963,0.04805518708854728,0.044748450822318264,False,False,ieee30,3,6;1;2
851,3,0.09586281473755365,0.038771584061612664,0.009094532953084933,0.0073472728035990365,False,False,ieee30,3,6;1;2
852,3,0.20975235191459843,0.13292138883861476,0.005697753016536855,0.0020572514945595977,False,False,ieee30,3,6;1;2
853,3,0.16348504067291322,0.09513302386534228,0.011419778670087144,0.008149014125706011,False,False,ieee30,3,6;1;2
854,3,0.07969148815615595,0.040792866891500246,0.013945994187051891,0.007611749610836438,False,False,ieee30,3,6;1;2
855,3,0.062215787590347904,0.030202034963691393,0.004900113261164019,0.001774243517226437,False,False,ieee30,3,6;1;2
856,3,0.06286995664544559,0.030360672815785195,0.003367866788048679,0.0014814097649545888,False,False,ieee30,3,6;1;2
857,3,0.040804071909208706,0.015189310935666361,0.007124768252304237,0.005403026793078802,False,False,ieee30,3,6;1;2
858,3,0.054127762446468275,0.021357906102448032,0.007209392135814063,0.00515065793823688,False,False,ieee30,3,6;1;2
859,3,0.03279789663759937,0.012601540084218238,0.005858473892132787,0.004803741044233756,False,False,ieee30,3,6;1;2
860,3,0.04652853166137453,0.01799170991117552,0.01864238205941593,0.010208796008345566,False,False,ieee30,3,6;1;2
861,3,0.06565520140424325,0.028973881172058957,0.007954566551651054,0.004227070780446929,False,False,ieee30,3,6;1;2
862,3,0.04744624124058479,0.01910386702352826,0.003907907278638434,0.0013310156353250058,False,False,ieee30,3,6;1;2
863,3,0.060311432548064085,0.02927353962631432,0.008335036882588076,0.004077407480321371,False,False,ieee30,3,6;1;2
864,3,0.06011807141483601,0.02713470584569108,0.02562490716685617,0.013756187308161194,False,False,ieee30,3,6;1;2
865,3,0.058943317494145005,0.026778273213518666,0.028570853453873446,0.021557012961536448,False,False,ieee30,3,6;1;2
866,3,0.05970541546561267,0.027613844845596702,0.014392198810719625,0.00751305134495639,False,False,ieee30,3,6;1;2
867,3,0.061049057924656897,0.02923015136648796,0.01574855319934121,0.012171283749764839,False,False,ieee30,3,6;1;2
868,3,0.06110895617890272,0.029242948154343085,0.006759809156833607,0.0028708638555025034,False,False,ieee30,3,6;1;2
869,3,0.06065222521742093,0.027312953555170216,0.004293483205429327,0.001988747514332867,False,False,ieee30,3,6;1;2
870,3,0.059816853266794555,0.028081796097426615,0.005420539576755701,0.001870998312507255,False,False,ieee30,3,6;1;2
871,3,0.058844734681037784,0.029337522956678214,0.010103783801958088,0.006899079185364587,False,False,ieee30,3,6;1;2
872,3,0.04443777713203277,0.020866501639076634,0.03145667727946588,0.017788939001307957,False,False,ieee30,3,6;1;2
873,3,0.06093918036989422,0.03205518119394496,0.013015919519975938,0.009519987667835128,False,False,ieee30,3,6;1;2
874,3,0.07455211599523072,0.03892455235501771,0.01804815922435865,0.010529833680743339,False,False,ieee30,3,6;1;2
875,3,0.04802198164910915,0.024088613122878244,0.012298492955152507,0.008993256333230448,False,False,ieee30,3,6;1;2
876,3,0.04407502452622468,0.021898438795111497,0.015830707699004742,0.013401627494629476,False,False,ieee30,3,6;1;2
877,3,0.1984610212507534,0.10212894470856576,0.012857318104482096,0.006029381443462434,False,False,ieee30,3,6;1;2
878,3,0.13080916442920842,0.0739677751691431,0.01224434710895006,0.006382967124124561,False,False,ieee30,3,6;1;2
879,3,0.15378663658187683,0.07254034125835457,0.01967922947772549,0.013622178412873165,False,False,ieee30,3,6;1;2
880,3,0.1411017488218907,0.07209740780184631,0.02160250743661485,0.015982592571531118,False,False,ieee30,3,6;1;2
881,3,0.1537229164019025,0.06471662953368779,0.022454571377682364,0.019149937811401063,False,False,ieee30,3,6;1;2
882,3,0.36414478382386706,0.23993623893350968,0.02516889857837623,0.02048361473801452,False,False,ieee30,3,6;1;2
883,3,0.2694627588956182,0.1623251286331139,0.02497279356575499,0.020185454616005183,False,False,ieee30,3,6;1;2
884,3,0.12537556223247381,0.06460394924043794,0.05121971083078858,0.0457007139435851,False,False,ieee30,3,6;1;2
885,3,0.09877529069386974,0.049261591778841485,0.02020610720084437,0.01577060966337207,False,False,ieee30,3,6;1;2
886,3,0.09614216884033244,0.045968272864645554,0.02197826038287176,0.01593228961749471,False,False,ieee30,3,6;1;2
887,3,0.058970553203207515,0.023491113891623616,0.012242366653254622,0.00988281758004017,False,False,ieee30,3,6;1;2
888,3,0.0787137956212085,0.03326637486619216,0.010776525984420027,0.007726520059448516,False,False,ieee30,3,6;1;2
889,3,0.04865245515301426,0.019423988829488315,0.008461085298351323,0.006585743871966865,False,False,ieee30,3,6;1;2
890,3,0.08497969690436695,0.036383349331705284,0.012888625088324668,0.008481335165274273,False,False,ieee30,3,6;1;2
891,3,0.09984229209874457,0.04485888773863822,0.015355302061640597,0.010123344829239045,False,False,ieee30,3,6;1;2
892,3,0.07076520918720738,0.029488662095755902,0.012548200621978922,0.008313780886344047,False,False,ieee30,3,6;1;2
893,3,0.09514180415961163,0.04515938972941941,0.02070725362789294,0.014728173456517668,False,False,ieee30,3,6;1;2
894,3,0.09554522863397412,0.042795863943462464,0.018133217593853335,0.011773537193093153,False,False,ieee30,3,6;1;2
895,3,0.09345759517131191,0.042009060188888114,0.018632454401001475,0.012557799444450346,False,False,ieee30,3,6;1;2
896,3,0.0937155164702958,0.04260857214382335,0.019476473559937868,0.013268457047652116,False,False,ieee30,3,6;1;2
897,3,0.09721828453940043,0.04676030925934466,0.020225645578649254,0.01402406091586128,False,False,ieee30,3,6;1;2
898,3,0.09600872179719189,0.04557835104742097,0.009775587816618247,0.00423590579451405,False,False,ieee30,3,6;1;2
899,3,0.09592624858511119,0.04305107588283463,0.013630058478399154,0.007733354006676518,False,False,ieee30,3,6;1;2
900,3,0.09453586238488562,0.04370925017816357,0.011512971263292093,0.005881718494069599,False,False,ieee30,3,6;1;2
901,3,0.09341736056256196,0.04522926738723826,0.011485634372510822,0.004683703460428346,False,False,ieee30,3,6;1;2
902,3,0.07220353998831822,0.03246566719298788,0.006126086929160057,0.002915590417322478,False,False,ieee30,3,6;1;2
903,3,0.09783520738353257,0.050563396700040175,0.015017668313001664,0.007174433304945382,False,False,ieee30,3,6;1;2
904,3,0.12500833383563253,0.06448568287514017,0.025782046038930417,0.020125652060607457,False,False,ieee30,3,6;1;2
905,3,0.07758457249692396,0.037544912060038016,0.009195623081981075,0.0035695980672948435,False,False,ieee30,3,6;1;2
906,3,0.07103546427315488,0.034148728986423904,0.036605723637314846,0.03357917828892287,False,False,ieee30,3,6;1;2
907,3,0.2334187832924701,0.10820362617227208,0.011570258217962204,0.006084341910718938,False,False,ieee30,3,6;1;2
908,3,0.15641871769292717,0.09550955405366945,0.009670820508961508,0.004954647150355318,False,False,ieee30,3,6;1;2
909,3,0.1976158196438721,0.0918218411520853,0.018432659678939034,0.011304930553669434,False,False,ieee30,3,6;1;2
910,3,0.17816316308411434,0.08930132820205192,0.04160842960384281,0.03446543845552941,False,False,ieee30,3,6;1;2
911,3,0.19242207367798636,0.0778853311559757,0.025480894366977647,0.021399462901460997,False,False,ieee30,3,6;1;2
912,3,0.42242743539988725,0.26949272784051403,0.010987891001931427,0.0047419084719176885,False,False,ieee30,3,6;1;2
913,3,0.32745233476021984,0.19058850236539526,0.011766469427817783,0.0054705792857170366,False,False,ieee30,3,6;1;2
914,3,0.15940560945988594,0.0814939992207423,0.027143917502400194,0.018758135922318675,False,False,ieee30,3,6;1;2
915,3,0.12521153973999333,0.061300376071207585,0.013492514183009008,0.006778574088311173,False,False,ieee30,3,6;1;2
916,3,0.1262221700172641,0.061526258485130825,0.008475736626436636,0.003770484167986976,False,False,ieee30,3,6;1;2
917,3,0.0813876834035511,0.030305364500481352,0.009283586764014973,0.006849005060898472,False,False,ieee30,3,6;1;2
918,3,0.10838750698933206,0.04275801542947416,0.013566456723076659,0.009782880979660291,False,False,ieee30,3,6;1;2
919,3,0.06575450337533256,0.025220577628432966,0.007482110554446697,0.005544795632159816,False,False,ieee30,3,6;1;2
920,3,0.10375703073400937,0.04145805664965893,0.028775180362950237,0.02014881646357869,False,False,ieee30,3,6;1;2
921,3,0.13113693444399682,0.05812801674963669,0.008978889659523426,0.0039042239439750492,False,False,ieee30,3,6;1;2
922,3,0.09438135445065621,0.038017243092962255,0.009950506616866805,0.0047482147455747414,False,False,ieee30,3,6;1;2
923,3,0.11981597706212987,0.05789211626467236,0.01296511589171756,0.005003082180433993,False,False,ieee30,3,6;1;2
924,3,0.12018909565519678,0.05420472786216937,0.01836314683188589,0.011010401176782314,False,False,ieee30,3,6;1;2
925,3,0.1175925063265014,0.0535979150171465,0.018653099545420493,0.009392912274542642,False,False,ieee30,3,6;1;2
926,3,0.11871143150687889,0.05500296484863415,0.019518708801838258,0.011962560259861532,False,False,ieee30,3,6;1;2
927,3,0.12170243321070251,0.05811351327823086,0.021288780575582367,0.014271721997446862,False,False,ieee30,3,6;1;2
928,3,0.12206690759005323,0.058467459651681375,0.00915489046949991,0.003916137093857852,False,False,ieee30,3,6;1;2
929,3,0.1199612226870202,0.05431079987180132,0.010225465087859709,0.0040169033633780105,False,False,ieee30,3,6;1;2
930,3,0.1187600429247139,0.055354722220670116,0.013621022947103656,0.006779739971635612,False,False,ieee30,3,6;1;2
931,3,0.11532835432298436,0.05748345337706831,0.030710356524059845,0.019260605499645478,False,False,ieee30,3,6;1;2
932,3,0.08702904211718332,0.041337010305890404,0.03264179797922673,0.022541414151350136,False,False,ieee30,3,6;1;2
933,3,0.1201664841885205,0.06340109802692134,0.011275148840204752,0.005552187300784883,False,False,ieee30,3,6;1;2
934,3,0.1545869116715199,0.07972778005706802,0.011621989010043965,0.00596789659871666,False,False,ieee30,3,6;1;2
935,3,0.0928356529092382,0.04740756121807976,0.014061687342526885,0.0049216038272632545,False,False,ieee30,3,6;1;2
936,3,0.08356668417085225,0.04261664135312776,0.027435215953918846,0.021953700148376165,False,False,ieee30,3,6;1;2
937,3,0.3522312779987928,0.16308143267348502,0.018411426343453274,0.009944564801269595,False,False,ieee30,3,6;1;2
938,3,0.2337237386482923,0.14355267890261963,0.012840961401440532,0.00792598410303691,False,False,ieee30,3,6;1;2
939,3,0.2966197715642609,0.13792030430122476,0.019544960539804146,0.007061069251422136,False,False,ieee30,3,6;1;2
940,3,0.269512151589034,0.1357272459067975,0.03918427838991745,0.029601365975582827,False,False,ieee30,3,6;1;2
941,3,0.2896140246311735,0.11734132096985003,0.025287043237005147,0.01876816904566503,False,False,ieee30,3,6;1;2
942,3,0.6322503522960636,0.4047609665960378,0.01628270816472077,0.012360736362081681,False,False,ieee30,3,6;1;2
943,3,0.49186838787894704,0.28659753211619754,0.012215826889416581,0.0055602813341142365,False,False,ieee30,3,6;1;2
944,3,0.2387592826307016,0.12191365552560796,0.046016465024438014,0.031253055093249604,False,False,ieee30,3,6;1;2
945,3,0.18924652908922607,0.09330115269709904,0.024744919771745644,0.01419907483657934,False,False,ieee30,3,6;1;2
946,3,0.19142615717473016,0.09447548516639537,0.018300284547735912,0.006739745239594086,False,False,ieee30,3,6;1;2
947,3,0.12189281139773311,0.045281772913251556,0.00976796505189026,0.005955091577925842,False,False,ieee30,3,6;1;2
948,3,0.16262754254148182,0.06406822612447377,0.011149067020710057,0.00551762747208262,False,False,ieee30,3,6;1;2
949,3,0.09873787068785662,0.037798466441361284,0.005278454971626267,0.0028027802207686303,False,False,ieee30,3,6;1;2
950,3,0.16049492966858356,0.06475631105739463,0.006125263893605348,0.0031544514741321805,False,False,ieee30,3,6;1;2
951,3,0.1961649787654669,0.08661925863674363,0.01711475625627179,0.006382443040727659,False,False,ieee30,3,6;1;2
952,3,0.14085774228335135,0.05664878285245725,0.012490678863983473,0.004943799000562521,False,False,ieee30,3,6;1;2
953,3,0.17878984422622107,0.08599549773197959,0.016293309800055944,0.00639244512077719,False,False,ieee30,3,6;1;2
954,3,0.1783543062288902,0.08018513955405318,0.010338281353237999,0.00442765088665753,False,False,ieee30,3,6;1;2
955,3,0.17524437601615858,0.07975418373594384,0.01313698618532555,0.006546977085220895,False,False,ieee30,3,6;1;2
956,3,0.17689813999371587,0.08172970797101103,0.020830780089977963,0.011559435480202218,False,False,ieee30,3,6;1;2
957,3,0.18236275998286644,0.0870506278481292,0.028631704851111772,0.017077087979831762,False,False,ieee30,3,6;1;2
958,3,0.18236337991169982,0.08701403682951386,0.012330773873129641,0.005956323264177277,False,False,ieee30,3,6;1;2
959,3,0.18025004011880166,0.08118141896575909,0.013936388940659405,0.005759826599997631,False,False,ieee30,3,6;1;2
960,3,0.17715815021077355,0.08252158577304786,0.022075411638649678,0.010300814446965845,False,False,ieee30,3,6;1;2
961,3,0.16577974379772809,0.08183763340769082,0.0392008703164346,0.0219654257583608,False,False,ieee30,3,6;1;2
962,3,0.128124813250029,0.06088341938795802,0.028396910896517746,0.024955821875008333,False,False,ieee30,3,6;1;2
963,3,0.17787902546364132,0.09335055216211324,0.04284551362444977,0.022003271220595533,False,False,ieee30,3,6;1;2
964,3,0.23815483193329823,0.12166250425932237,0.03230773621027283,0.01991268862428608,False,False,ieee30,3,6;1;2
965,3,0.13423115836628668,0.06887174361967535,0.03156886937705672,0.01385871071374567,False,False,ieee30,3,6;1;2
966,3,0.11712233661262766,0.06029839649233659,0.03345512839297071,0.013744330241376002,False,False,ieee30,3,6;1;2
967,3,5.297359875111596e-05,2.0235690735448397e-05,0.002647699028628936,0.0020345869071424216,False,False,ieee30,3,6;1;2
968,3,0.02041495331304393,0.013644865572435633,0.006438240688716679,0.004164579439112082,False,False,ieee30,3,6;1;2
969,3,0.0013439323169756254,0.0005444573616841808,0.0029758953941984023,0.0022777491849076403,False,False,ieee30,3,6;1;2
970,3,0.004052826967150182,0.0016019233009341716,0.004512142187126367,0.0034406061095684226,False,False,ieee30,3,6;1;2
971,3,0.017712298996059937,0.009615157211549367,0.0052894384079512635,0.003616925813136107,False,False,ieee30,3,6;1;2
972,3,0.01847793219246891,0.007265833288430806,0.009843160641413662,0.00674687545943764,False,False,ieee30,3,6;1;2
973,3,0.0022241784088958896,0.000842873534794758,0.0024649462479919837,0.0018519716245203321,False,False,ieee30,3,6;1;2
974,3,0.0032988561012577966,0.0013063345249592073,0.004347602332192335,0.0033095566078851224,False,False,ieee30,3,6;1;2
975,3,0.001874181865256834,0.0007298433703946117,0.00412725172433448,0.0032040285275398706,False,False,ieee30,3,6;1;2
976,3,0.0028986958265742394,0.0011354817831945585,0.004823088031183587,0.003772834179019302,False,False,ieee30,3,6;1;2
977,3,0.000915945258621903,0.0003631070321826746,0.0037134595674214177,0.00292023144007858,False,False,ieee30,3,6;1;2
978,3,0.0035224607445907344,0.0013700214842727598,0.0042514670464837145,0.003149871872250909,False,False,ieee30,3,6;1;2
979,3,0.001101260576227031,0.00042618501557797894,0.0022648133313795116,0.0017144741945022135,False,False,ieee30,3,6;1;2
980,3,0.00342022933388067,0.001321058648129786,0.00492282467946159,0.0038101537822204934,False,False,ieee30,3,6;1;2
981,3,0.0007644228094932232,0.00029379697133546934,0.002313827127536028,0.0017845672394858347,False,False,ieee30,3,6;1;2
982,3,0.006881316160847986,0.00268162799709204,0.005479712095014189,0.003927715484027261,False,False,ieee30,3,6;1;2
983,3,0.001113715107517406,0.0004386557068587482,0.00573673776296979,0.004545100707301075,False,False,ieee30,3,6;1;2
984,3,0.003454846086264167,0.0013635824114748007,0.0019948254537629495,0.0012580563662805133,False,False,ieee30,3,6;1;2
985,3,0.0014378432982291023,0.0005630365912803748,0.0029013919162212964,0.002158652978939135,False,False,ieee30,3,6;1;2
986,3,0.0009436977628201684,0.0003567993019804039,0.0038505882003938563,0.002981462200650209,False,False,ieee30,3,6;1;2
987,3,0.004109601390143658,0.0015674683034116454,0.0033562586532389638,0.0024411640229560216,False,False,ieee30,3,6;1;2
988,3,0.007694006841908789,0.006408454149068321,0.015795508122748214,0.009685419940643425,False,False,ieee30,3,6;1;2
989,3,0.00024615313407932993,0.00010970108341901152,0.001302003181147815,0.0005374476684514295,False,False,ieee30,3,6;1;2
990,3,0.0002881491616581744,0.0001319315084740702,0.0015981988159795568,0.0006060005694719095,False,False,ieee30,3,6;1;2
991,3,0.0056404287904917375,0.004570118112407297,0.002255210973045041,0.0009226496039226317,False,False,ieee30,3,6;1;2
992,3,0.005107776531568534,0.0023647385196915033,0.009425369074283485,0.0060556428258411454,False,False,ieee30,3,6;1;2
993,3,0.0001513897772738304,8.584094631275407e-05,0.0009414048154972043,0.0008985666934719916,False,False,ieee30,3,6;1;2
994,3,0.0006228226837389564,0.0002869474837338126,0.0032229729722917932,0.0028837255715802312,False,False,ieee30,3,6;1;2
995,3,0.00015431697369080316,7.600604549629075e-05,0.004034534368436038,0.0032949645250400783,False,False,ieee30,3,6;1;2
996,3,0.00020448160318755487,0.00010389867730936642,0.003049382677152379,0.0026777696002644458,False,False,ieee30,3,6;1;2
997,3,0.00017200696845168228,8.079768958152433e-05,0.003986192792383325,0.00324950356974818,False,False,ieee30,3,6;1;2
998,3,0.000364728857870672,0.00020165010512190884,0.002501573228400833,0.002117034502780335,False,False,ieee30,3,6;1;2
999,3,9.32880376379383e-05,4.8119913325095354e-05,0.0016003292844460892,0.0014182142839597178,False,False,ieee30,3,6;1;2
1000,3,0.00023701419099510929,0.00012485631868019986,0.0038085078124030503,0.003231923329875097,False,False,ieee30,3,6;1;2
1001,3,7.733244880808038e-05,4.0483760974097116e-05,0.001729518585379175,0.001446304150539257,False,False,ieee30,3,6;1;2
1002,3,0.0006222550808485383,0.0003532099920545151,0.000761263164633208,0.0003923990444880676,False,False,ieee30,3,6;1;2
1003,3,0.00012111173460405134,6.701070685372068e-05,0.0014262419200039567,0.0011948631816401933,False,False,ieee30,3,6;1;2
1004,3,0.0004085208919581279,0.00020680978345144485,0.0022592653275981256,0.0020314996888948222,False,False,ieee30,3,6;1;2
1005,3,0.0001931346190900407,8.737408214254394e-05,0.0010316722059215966,0.0008412231750551946,False,False,ieee30,3,6;1;2
1006,3,0.00010052299822533445,5.131834465871288e-05,0.002039296339220842,0.0016543373101132186,False,False,ieee30,3,6;1;2
1007,3,0.00014891641023932756,6.50357922056255e-05,0.0003545596144653995,0.0003251681403808604,False,False,ieee30,3,6;1;2
1008,3,0.11598481995913429,0.053982519026879894,0.004071922073463519,0.0029136302784452672,False,False,ieee30,3,6;1;2
1009,3,0.07754934166188002,0.04774673519065675,0.004954080537714511,0.0025727028360096327,False,False,ieee30,3,6;1;2
1010,3,0.09896193008605897,0.046043536458030776,0.008567927369829142,0.005089232792770293,False,False,ieee30,3,6;1;2
1011,3,0.08728772454174522,0.04327883659904597,0.04860112952475515,0.04536098968191915,False,False,ieee30,3,6;1;2
1012,3,0.09586613199781266,0.0387809397544898,0.007106252649890288,0.00462099257335935,False,False,ieee30,3,6;1;2
1013,3,0.20975306265571755,0.13292547581534314,0.006012126768131454,0.002022378837087002,False,False,ieee30,3,6;1;2
1014,3,0.1634907276722326,0.0951374667563851,0.011926408463315386,0.008695048777309644,False,False,ieee30,3,6;1;2
1015,3,0.07969358616203459,0.040801433646006385,0.013881268228235988,0.007543589185449284,False,False,ieee30,3,6;1;2
1016,3,0.06219672697618543,0.03020018303266389,0.00356706266244744,0.001625291512870941,False,False,ieee30,3,6;1;2
1017,3,0.06285438559995382,0.030359789877101168,0.002983821522537622,0.0015766713167291169,False,False,ieee30,3,6;1;2
1018,3,0.04080331226370995,0.015198649613599041,0.006209504045570191,0.004601868144948118,False,False,ieee30,3,6;1;2
1019,3,0.05409362803349038,0.02135576465652325,0.005317381375803287,0.0035823229220969255,False,False,ieee30,3,6;1;2
1020,3,0.03279967418147011,0.012612652246163564,0.007645528630125242,0.006175691130945182,False,False,ieee30,3,6;1;2
1021,3,0.046525625751934994,0.01800110135541569,0.01829017678029954,0.010175647119517905,False,False,ieee30,3,6;1;2
1022,3,0.06565594627390565,0.02898281071390743,0.00788238025210386,0.0041063357920991805,False,False,ieee30,3,6;1;2
1023,3,0.04743069697701681,0.01910887014970561,0.004484827033961358,0.0016417357387307208,False,False,ieee30,3,6;1;2
1024,3,0.06030562470714416,0.02927922384354703,0.006818990799216329,0.00279549980188476,False,False,ieee30,3,6;1;2
1025,3,0.06011117636236184,0.027141582015581006,0.02435126571070545,0.013700997912638901,False,False,ieee30,3,6;1;2
1026,3,0.0589100394876957,0.026772591226204262,0.027203027166358473,0.02177764481458344,False,False,ieee30,3,6;1;2
1027,3,0.059705933984043696,0.027623054851864032,0.01324063803360509,0.0074283580806056015,False,False,ieee30,3,6;1;2
1028,3,0.06105137409195499,0.02923896647798188,0.015925657306432583,0.0122518293708328,False,False,ieee30,3,6;1;2
1029,3,0.06111427001203499,0.02925312044917802,0.006576051077994194,0.0025227862806880275,False,False,ieee30,3,6;1;2
1030,3,0.060644079410526325,0.0273184126445796,0.0043360912534521345,0.002044054601456402,False,False,ieee30,3,6;1;2
1031,3,0.059825001882797484,0.028093110058740628,0.005029634685368989,0.0019797527305875917,False,False,ieee30,3,6;1;2
1032,3,0.05886126853715402,0.02935103365659361,0.015281138355474067,0.007457410375291795,False,False,ieee30,3,6;1;2
1033,3,0.04439826585530393,0.020833029943858383,0.011948244574131128,0.005269778016935622,False,False,ieee30,3,6;1;2
1034,3,0.060966936906596686,0.03207399915537268,0.01660323473471015,0.014264026599068003,False,False,ieee30,3,6;1;2
1035,3,0.07454895815105697,0.0389306826427189,0.01742660568520149,0.010527041770567958,False,False,ieee30,3,6;1;2
1036,3,0.04804523670745123,0.024106516606623968,0.014372652901793681,0.01183355837660438,False,False,ieee30,3,6;1;2
1037,3,0.04410685501958789,0.02192017222749207,0.0178341187293638,0.016077564837646774,False,False,ieee30,3,6;1;2
1038,3,0.19847645661536703,0.10215166226631983,0.011776577174328895,0.005003067566369923,False,False,ieee30,3,6;1;2
1039,3,0.13078300154737016,0.07396246099224113,0.010904287925789569,0.005162835858194881,False,False,ieee30,3,6;1;2
1040,3,0.15378989211344274,0.07254934611977845,0.017994279162401594,0.012173550643239328,False,False,ieee30,3,6;1;2
1041,3,0.14110858192498932,0.07210636541328372,0.020016835597771787,0.014644642768709693,False,False,ieee30,3,6;1;2
1042,3,0.15372930150252045,0.06471963311917218,0.023901671093183974,0.02080951677088838,False,False,ieee30,3,6;1;2
1043,3,0.36415524489009354,0.23994250259736455,0.023420913753716577,0.019050769929573996,False,False,ieee30,3,6;1;2
1044,3,0.26947038929904743,0.16232854668264962,0.026023818804789323,0.021487006597009528,False,False,ieee30,3,6;1;2
1045,3,0.12537431683093683,0.06461372082638919,0.04926925472259602,0.04410518391848017,False,False,ieee30,3,6;1;2
1046,3,0.0987862347795884,0.04927146222096443,0.01772271443185436,0.013753635346334891,False,False,ieee30,3,6;1;2
1047,3,0.09615446213593837,0.04597863247662268,0.019801354992849074,0.0141568659579695,False,False,ieee30,3,6;1;2
1048,3,0.058969423570904504,0.023499519083312798,0.010872552382509726,0.00869625501290383,False,False,ieee30,3,6;1;2
1049,3,0.07871106905918482,0.03327542590968721,0.009137647921190317,0.006345686168420461,False,False,ieee30,3,6;1;2
1050,3,0.04864989462904411,0.01943293286889855,0.006654353437341776,0.005060209106869995,False,False,ieee30,3,6;1;2
1051,3,0.0849808317751749,0.03639319477490191,0.01135160935332824,0.007181793926114954,False,False,ieee30,3,6;1;2
1052,3,0.09984980493718618,0.04486909054913765,0.013263886213593423,0.008385628307348791,False,False,ieee30,3,6;1;2
1053,3,0.07076328551549677,0.02949824963467848,0.010466359121270141,0.006551471251592722,False,False,ieee30,3,6;1;2
1054,3,0.09515428314541421,0.045169830322815935,0.018379373890450745,0.012824921030862635,False,False,ieee30,3,6;1;2
1055,3,0.09555584073010034,0.0428065518478252,0.0162174003567086,0.010181096397481104,False,False,ieee30,3,6;1;2
1056,3,0.09346910236320186,0.042019829908031964,0.016695096236211127,0.010951648953496207,False,False,ieee30,3,6;1;2
1057,3,0.09372790257489605,0.042619460215827604,0.017420067102554615,0.011570480995008903,False,False,ieee30,3,6;1;2
1058,3,0.09723294929100085,0.046771707690550474,0.017667454700986962,0.01194421350851993,False,False,ieee30,3,6;1;2
1059,3,0.09602309345046053,0.045589876139936564,0.006822626313921609,0.00282304895809804,False,False,ieee30,3,6;1;2
1060,3,0.09594004134618597,0.043063155902568456,0.010952004138522708,0.0055435339649314574,False,False,ieee30,3,6;1;2
1061,3,0.09455530139242327,0.0437233479534723,0.0073480541742123595,0.0026675695333502336,False,False,ieee30,3,6;1;2
1062,3,0.09346017320499325,0.04525527072466359,0.006142003458141532,0.0030377986917691224,False,False,ieee30,3,6;1;2
1063,3,0.072229989855932,0.03248442415361982,0.006537814902695116,0.002609396729065794,False,False,ieee30,3,6;1;2
1064,3,0.09789647633971979,0.05060083338048735,0.010795611948327455,0.003910347269007963,False,False,ieee30,3,6;1;2
1065,3,0.12500753913916418,0.06449610011776183,0.023548905989945967,0.018330149357899894,False,False,ieee30,3,6;1;2
1066,3,0.0776480711370377,0.037583516412034806,0.00817512584695912,0.0029337198983631074,False,False,ieee30,3,6;1;2
1067,3,0.0703672596351122,0.033906750975309125,0.006943612787623121,0.0032113469861240196,False,False,ieee30,3,6;1;2
1068,3,0.23340836980332436,0.10820952321590649,0.010713896969270387,0.00609774487193071,False,False,ieee30,3,6;1;2
1069,3,0.15637696178024724,0.09550037444773168,0.008057480010016604,0.004920476996316592,False,False,ieee30,3,6;1;2
1070,3,0.19762169821294143,0.0918297967836561,0.018059684022203704,0.010913195237122197,False,False,ieee30,3,6;1;2
1071,3,0.17817041705382458,0.089308210877308,0.04258658905154333,0.035564243222619085,False,False,ieee30,3,6;1;2
1072,3,0.19242280510846985,0.07789462954322465,0.024278195325904695,0.01969755923776828,False,False,ieee30,3,6;1;2
1073,3,0.4224342253805309,0.26949955238413226,0.010196266733659698,0.004806848923890272,False,False,ieee30,3,6;1;2
1074,3,0.32746004134224027,0.19059193880883463,0.01256438639554125,0.006441550756098535,False,False,ieee30,3,6;1;2
1075,3,0.1594034843959857,0.08150426901363753,0.026460055854060194,0.018195783537748977,False,False,ieee30,3,6;1;2
1076,3,0.1252070500645914,0.06129939344533061,0.011075078650843895,0.004834821121418753,False,False,ieee30,3,6;1;2
1077,3,0.12621769954032755,0.061525276377837085,0.006087151096597521,0.0034514312591307217,False,False,ieee30,3,6;1;2
1078,3,0.08138683363678466,0.030314603214436103,0.008380560798117775,0.006098811291610162,False,False,ieee30,3,6;1;2
1079,3,0.10834880180980341,0.04275594061334628,0.010624251669870799,0.007398281793002948,False,False,ieee30,3,6;1;2
1080,3,0.06575570728655064,0.0252318521086147,0.006847574241708232,0.004954880552259122,False,False,ieee30,3,6;1;2
1081,3,0.10375383399217683,0.041468047340560116,0.02781538514649906,0.01915211974293729,False,False,ieee30,3,6;1;2
1082,3,0.1311460078843641,0.05813792281876104,0.00972455613293377,0.0040020735233632365,False,False,ieee30,3,6;1;2
1083,3,0.09436238838273708,0.03802197831459361,0.00773704285673793,0.0029748681222711015,False,False,ieee30,3,6;1;2
1084,3,0.11982441148997588,0.05789996687392157,0.009288914878493926,0.003759134169567191,False,False,ieee30,3,6;1;2
1085,3,0.12019570689503462,0.05421405983099478,0.01466905550341746,0.007696087718881528,False,False,ieee30,3,6;1;2
1086,3,0.11757522599395402,0.053593287561869735,0.022484445700304168,0.01238654289224117,False,False,ieee30,3,6;1;2
1087,3,0.11872308127773819,0.0550141639542345,0.01917699442352294,0.01166303696664539,False,False,ieee30,3,6;1;2
1088,3,0.12171860790259388,0.05812522561975983,0.018819001377786138,0.012279328563091219,False,False,ieee30,3,6;1;2
1089,3,0.12208340484100022,0.0584796601427828,0.008597533561710335,0.003874307020957146,False,False,ieee30,3,6;1;2
1090,3,0.11997164159831944,0.05432019498942972,0.007516342854319791,0.003722101532647737,False,False,ieee30,3,6;1;2
1091,3,0.11877681840090584,0.05536783825714417,0.01349447076398469,0.006467406672513665,False,False,ieee30,3,6;1;2
1092,3,0.11540509282220987,0.05751972275258618,0.014614057408427028,0.007818841554816935,False,False,ieee30,3,6;1;2
1093,3,0.08716967522900171,0.04135666423172635,0.007376536568025949,0.004615746456314018,False,False,ieee30,3,6;1;2
1094,3,0.12020863699001402,0.06342902119205435,0.010675098004710448,0.005533984499444644,False,False,ieee30,3,6;1;2
1095,3,0.15458082685356614,0.07973697335213822,0.010186735587964901,0.0045815527722403715,False,False,ieee30,3,6;1;2
1096,3,0.0929136184719501,0.04744928025864156,0.017315124410357763,0.009248392441826847,False,False,ieee30,3,6;1;2
1097,3,0.08344405921854754,0.042573891724165674,0.014046789030954465,0.005396494727180401,False,False,ieee30,3,6;1;2
1098,3,0.352220412488608,0.1630868575230968,0.018967989100594496,0.010010510416555873,False,False,ieee30,3,6;1;2
1099,3,0.23368114216201608,0.14354550471394328,0.014647960654313952,0.007998883381415633,False,False,ieee30,3,6;1;2
1100,3,0.29663147944787094,0.13792925049400329,0.020104411136712907,0.00745845637116993,False,False,ieee30,3,6;1;2
1101,3,0.2695273599501571,0.1357360948167124,0.03926817785489878,0.029566459176229687,False,False,ieee30,3,6;1;2
1102,3,0.2896118316043958,0.11735010325672324,0.02431275686085732,0.017363052604141282,False,False,ieee30,3,6;1;2
1103,3,0.6322582771355649,0.4047656620898661,0.016824287666693638,0.012772040104018889,False,False,ieee30,3,6;1;2
1104,3,0.49187850688562207,0.28659786892476563,0.01303602373030388,0.005479474314462496,False,False,ieee30,3,6;1;2
1105,3,0.23875783815052054,0.12192576932795449,0.046463064569352786,0.03157347306503555,False,False,ieee30,3,6;1;2
1106,3,0.1892526331366497,0.09330161199359274,0.022320631932164492,0.012266520713334783,False,False,ieee30,3,6;1;2
1107,3,0.19142823663616595,0.09447353538887823,0.01890637505132975,0.007259785047998957,False,False,ieee30,3,6;1;2
1108,3,0.12189335770553122,0.04529263541329767,0.008924357615941125,0.005252876042472598,False,False,ieee30,3,6;1;2
1109,3,0.16258744927216662,0.06406717769392081,0.007918313707539926,0.002896140657209445,False,False,ieee30,3,6;1;2
1110,3,0.09874255513340353,0.03781138036997697,0.005989476189957266,0.0032923806255736876,False,False,ieee30,3,6;1;2
1111,3,0.16049135142800786,0.06476800292481269,0.004789918710987884,0.003247876221098789,False,False,ieee30,3,6;1;2
1112,3,0.19617680020268213,0.08663091178853707,0.018808495193284758,0.0077127613183973764,False,False,ieee30,3,6;1;2
1113,3,0.14084193395096944,0.05665578168562416,0.010247622609452667,0.00359876586931529,False,False,ieee30,3,6;1;2
1114,3,0.1788068142226682,0.08600760444584027,0.011546197143415649,0.005845098185928044,False,False,ieee30,3,6;1;2
1115,3,0.17836224549030522,0.08019634570571585,0.012957350514567811,0.007125998637516173,False,False,ieee30,3,6;1;2
1116,3,0.17523047559758795,0.0797493307581684,0.014493069380181578,0.006175855654191875,False,False,ieee30,3,6;1;2
1117,3,0.17690848261818942,0.08174194815361155,0.019957790042194223,0.01013968910684182,False,False,ieee30,3,6;1;2
1118,3,0.1823877373975463,0.08706689795926328,0.02644287963203651,0.01531007738738921,False,False,ieee30,3,6;1;2
1119,3,0.18238883701396028,0.08703088457878591,0.012034073459536332,0.0059435843273263345,False,False,ieee30,3,6;1;2
1120,3,0.1802691111335766,0.08119542029564539,0.012581364915457915,0.0053147991519113535,False,False,ieee30,3,6;1;2
1121,3,0.17718810726459522,0.08254068220045788,0.021739243158793387,0.009707406849722267,False,False,ieee30,3,6;1;2
1122,3,0.16589279444693683,0.08189218488618419,0.028597830269831315,0.013370073919747316,False,False,ieee30,3,6;1;2
1123,3,0.1281947308416072,0.0608761535865488,0.0126961558796852,0.007664343307996591,False,False,ieee30,3,6;1;2
1124,3,0.17794307050803215,0.09339131781206678,0.04326935519279618,0.022303262528238554,False,False,ieee30,3,6;1;2
1125,3,0.23815165068064678,0.12167431977360135,0.0324145068238092,0.019901162544521123,False,False,ieee30,3,6;1;2
1126,3,0.13431308061999955,0.06891615173831891,0.033995143411478135,0.015834690646232885,False,False,ieee30,3,6;1;2
1127,3,0.1171999090999358,0.060342835503204156,0.033935559248744696,0.014094313525535695,False,False,ieee30,3,6;1;2
1,5,3.404145909003016e-05,1.9737227439142746e-05,0.003327257623783275,0.001226732292856303,False,False,ieee30,5,6;1;2;3;4
2,5,0.020497387754311674,0.013647224622958226,0.008321966407731418,0.002811054511029254,False,False,ieee30,5,6;1;2;3;4
3,5,0.0035964211617445143,0.0021869115466646005,0.004546409200289037,0.001582027041313494,False,False,ieee30,5,6;1;2;3;4
4,5,0.010413047458704448,0.006337956430187031,0.005458626740157291,0.0019523762709187098,False,False,ieee30,5,6;1;2;3;4
5,5,0.017782320459589093,0.009609435038956171,0.007163310756721719,0.002179528487770699,False,False,ieee30,5,6;1;2;3;4
6,5,0.01868180274211934,0.007262600015743553,0.013446502988588072,0.0050128657196935045,False,False,ieee30,5,6;1;2;3;4
7,5,0.0022651177758669233,0.000844072520945538,0.00548473793707871,0.0020948104246220067,False,False,ieee30,5,6;1;2;3;4
8,5,0.0033769654885477795,0.0013138712530794128,0.0060732613388473355,0.002252222692053274,False,False,ieee30,5,6;1;2;3;4
9,5,0.0019168610251923852,0.000730992852198048,0.005179091386845358,0.0019044524859874734,False,False,ieee30,5,6;1;2;3;4
10,5,0.002943187458281104,0.001133686939378875,0.005956256544015437,0.002401369615655846,False,False,ieee30,5,6;1;2;3;4
11,5,0.0009704172980584264,0.0003704078906155428,0.005122181659808045,0.0019715485561783153,False,False,ieee30,5,6;1;2;3;4
12,5,0.003605594343646684,0.0013785892001865752,0.006260628935981116,0.0023179132070014763,False,False,ieee30,5,6;1;2;3;4
13,5,0.0011259998257570486,0.0004240421556590823,0.004486359566713949,0.0016406007485153529,False,False,ieee30,5,6;1;2;3;4
14,5,0.003460771851662825,0.001316239200739644,0.0060750888793302815,0.0023618106652919524,False,False,ieee30,5,6;1;2;3;4
15,5,0.0007862874538972862,0.0002914905746244367,0.004501219580248295,0.0017202011146499885,False,False,ieee30,5,6;1;2;3;4
16,5,0.006955467692832238,0.002675390188821569,0.007675384317547995,0.0026433382795201243,False,False,ieee30,5,6;1;2;3;4
17,5,0.00117957746738789,0.00045051240357910083,0.005687262695425632,0.002200768747815385,False,False,ieee30,5,6;1;2;3;4
18,5,0.0034905912184358366,0.001349515053335193,0.00687733930888923,0.002468751449240636,False,False,ieee30,5,6;1;2;3;4
19,5,0.0014513564568580661,0.000542439690193186,0.012337383457631468,0.005061594958187587,False,False,ieee30,5,6;1;2;3;4
20,5,0.002235672186251597,0.0008915638766147371,0.18925588041145158,0.07752710780129157,False,False,ieee30,5,6;1;2;3;4
21,5,0.004180855292535797,0.0015808018743277141,0.009975287950207412,0.004091435233829377,False,False,ieee30,5,6;1;2;3;4
22,5,0.007731658324014136,0.006400811772492548,0.024922946065348395,0.00993174197200375,False,False,ieee30,5,6;1;2;3;4
23,5,0.00215331097940878,0.001932161317415899,0.004483492195318073,0.002371326657771178,False,False,ieee30,5,6;1;2;3;4
24,5,0.001269669636332604,0.0009962514196074773,0.004820939430842497,0.0017549304787614073,False,False,ieee30,5,6;1;2;3;4
25,5,0.005649750183667316,0.004558409864742263,0.0025782906884934675,0.0006757475902353649,False,False,ieee30,5,6;1;2;3;4
26,5,0.0052644107237100266,0.0023615034016142983,0.012352317824571024,0.00471740656288,False,False,ieee30,5,6;1;2;3;4
27,5,0.00015556996749378944,7.307014515312016e-05,0.0034799556418046995,0.0015568798388997385,False,False,ieee30,5,6;1;2;3;4
28,5,0.000642809458887842,0.00027897305623919566,0.0024379674243735217,0.0013533281028201838,False,False,ieee30,5,6;1;2;3;4
29,5,0.00016803264677541646,7.711109646324488e-05,0.004026754582294401,0.0017460373619844205,False,False,ieee30,5,6;1;2;3;4
30,5,0.00017654782243653293,8.464846464439901e-05,0.0022978041409540406,0.001279668850712623,False,False,ieee30,5,6;1;2;3;4
31,5,0.00016809630434506256,7.739477466631173e-05,0.004247869046701935,0.0017765392325548301,False,False,ieee30,5,6;1;2;3;4
32,5,0.00038782017086325636,0.00019164854856734692,0.0026401457823957974,0.0008941068581387324,False,False,ieee30,5,6;1;2;3;4
33,5,7.929364559322409e-05,4.050794032128824e-05,0.004468316185670895,0.0018373872066860253,False,False,ieee30,5,6;1;2;3;4
34,5,0.00024190476370671357,0.000106133425289201,0.0037324820219435395,0.0016583985434851511,False,False,ieee30,5,6;1;2;3;4
35,5,6.771617621236306e-05,3.563390373845232e-05,0.004636279151777889,0.0017896847296956508,False,False,ieee30,5,6;1;2;3;4
36,5,0.0006639949957501536,0.00034134152336229295,0.004891187328226909,0.002320272935248835,False,False,ieee30,5,6;1;2;3;4
37,5,0.00013202440753226977,6.0092408133288755e-05,0.009679578709994141,0.004097817785606139,False,False,ieee30,5,6;1;2;3;4
38,5,0.00044811901149969385,0.0002049822820331948,0.0076192739730580605,0.0034884031585903363,False,False,ieee30,5,6;1;2;3;4
39,5,0.0001939232794716094,7.440171620998193e-05,0.005927382060035402,0.0022763989803125106,False,False,ieee30,5,6;1;2;3;4
40,5,0.00013767470571668383,8.674140560457899e-05,0.005350693782126492,0.002220059629668203,False,False,ieee30,5,6;1;2;3;4
41,5,0.00015356857712655637,5.2935197804582224e-05,0.00029984578608333035,9.084793111013845e-05,False,False,ieee30,5,6;1;2;3;4
42,5,0.11609697582406635,0.05397202913519383,0.007656339448604443,0.0028253540484840522,False,False,ieee30,5,6;1;2;3;4
43,5,0.07770116492122958,0.04776265805202401,0.009091321486679016,0.002686212848625802,False,False,ieee30,5,6;1;2;3;4
44,5,0.2772889166799306,0.17804216296593015,0.016057639113125743,0.005608827402596939,False,False,ieee30,5,6;1;2;3;4
45,5,0.2573247097193778,0.16991937899631976,0.05912840286614296,0.04613315948939678,False,False,ieee30,5,6;1;2;3;4
46,5,0.09598297533184619,0.03877057488421944,0.013547258012961194,0.006858168960877764,False,False,ieee30,5,6;1;2;3;4
47,5,0.21014454841838362,0.13291965156070204,0.03555349901290317,0.019811008654393114,False,False,ieee30,5,6;1;2;3;4
48,5,0.1637617811522678,0.09513193589688387,0.017194688495258292,0.009093721636223906,False,False,ieee30,5,6;1;2;3;4
49,5,0.0800520811505542,0.04079799129015105,0.025695386557149758,0.008999542459685816,False,False,ieee30,5,6;1;2;3;4
50,5,0.06254101436324411,0.030206499264267217,0.007831708646015567,0.0025812299391511084,False,False,ieee30,5,6;1;2;3;4
51,5,0.06321372724784285,0.030365870064707506,0.008670662499223325,0.0026753748536215705,False,False,ieee30,5,6;1;2;3;4
52,5,0.04095042816106385,0.015193507744413831,0.010346745030296645,0.004347415332905391,False,False,ieee30,5,6;1;2;3;4
53,5,0.054371158147672356,0.02136278827232216,0.010750567738251005,0.004141868380623137,False,False,ieee30,5,6;1;2;3;4
54,5,0.03292534812279582,0.012606885306855192,0.010801719311333002,0.0051970253071804695,False,False,ieee30,5,6;1;2;3;4
55,5,0.046713822591358714,0.017996905042195394,0.02478780311903639,0.010094764311743276,False,False,ieee30,5,6;1;2;3;4
56,5,0.0660560911988603,0.02897865998909352,0.012239907098308467,0.003210173252703896,False,False,ieee30,5,6;1;2;3;4
57,5,0.04775056852185043,0.019109335992502474,0.011965427126800265,0.0037299169035683866,False,False,ieee30,5,6;1;2;3;4
58,5,0.06075229273915137,0.029278363659172968,0.012369441182382257,0.0032223679340716016,False,False,ieee30,5,6;1;2;3;4
59,5,0.06056356421139231,0.027139523856744424,0.05894007505833476,0.017062207517097416,False,False,ieee30,5,6;1;2;3;4
60,5,0.05936620083249659,0.026782908051379894,0.05007193724919501,0.02160480780249796,False,False,ieee30,5,6;1;2;3;4
61,5,0.06013231828508324,0.02761860774303554,0.03296900527243585,0.019600366415779558,False,False,ieee30,5,6;1;2;3;4
62,5,0.06145173852174933,0.029235068614878817,0.020370441017199092,0.011744004406097575,False,False,ieee30,5,6;1;2;3;4
63,5,0.0615133904846429,0.02924801934092336,0.01174933396270117,0.003177396227366125,False,False,ieee30,5,6;1;2;3;4
64,5,0.06109043357519414,0.027318096223400784,0.00984156269687575,0.002941552802055103,False,False,ieee30,5,6;1;2;3;4
65,5,0.060254140153415056,0.028087532525573666,0.009655578137115262,0.0022165718754875163,False,False,ieee30,5,6;1;2;3;4
66,5,0.05936639927845422,0.029342484130342406,0.01879578031980822,0.006165869411454916,False,False,ieee30,5,6;1;2;3;4
67,5,0.04485658782963774,0.02082674618097355,0.028438563531152705,0.009133207031810198,False,False,ieee30,5,6;1;2;3;4
68,5,0.0615286456873614,0.032060915996227374,0.013935705050787561,0.008719602321081155,False,False,ieee30,5,6;1;2;3;4
69,5,0.07490781584340622,0.0389297910173923,0.03433398073977634,0.015321983882139678,False,False,ieee30,5,6;1;2;3;4
70,5,0.048593842509957096,0.024095564023102062,0.014005582501678049,0.009202792224849543,False,False,ieee30,5,6;1;2;3;4
71,5,0.04462562804807045,0.02190080109139514,0.021584912727243832,0.013551182127116146,False,False,ieee30,5,6;1;2;3;4
72,5,0.1986232585172285,0.10211469593537886,0.015846012953061983,0.005230020414263903,False,False,ieee30,5,6;1;2;3;4
73,5,0.13098346487117107,0.07397310083505615,0.015416914589454489,0.005617282692413794,False,False,ieee30,5,6;1;2;3;4
74,5,0.4616863706398021,0.30746722643754687,0.03371422634963084,0.013216063608394113,False,False,ieee30,5,6;1;2;3;4
75,5,0.45059874037481357,0.309341520470039,0.03441754595471469,0.015590744824746205,False,False,ieee30,5,6;1;2;3;4
76,5,0.153903241379122,0.06471773285242649,0.027330303271015155,0.02057606534928269,False,False,ieee30,5,6;1;2;3;4
77,5,0.36461448675190955,0.23993480742687434,0.03477304540603354,0.02026930573297847,False,False,ieee30,5,6;1;2;3;4
78,5,0.26988399006794317,0.16232423401119525,0.03328887916595524,0.020622325701801558,False,False,ieee30,5,6;1;2;3;4
79,5,0.12592848059277317,0.0646097335577824,0.061837473657884945,0.045604032861285226,False,False,ieee30,5,6;1;2;3;4
80,5,0.09924682303786149,0.04926749041953396,0.02762251185960718,0.01558695237196428,False,False,ieee30,5,6;1;2;3;4
81,5,0.09675166922073139,0.04597454552185373,0.03168675479552696,0.015762686710214746,False,False,ieee30,5,6;1;2;3;4
82,5,0.05919297418866757,0.02349621199646254,0.015059225376575114,0.00863987171885916,False,False,ieee30,5,6;1;2;3;4
83,5,0.07908467054535355,0.03327129822319694,0.01603779652915205,0.007035203380101995,False,False,ieee30,5,6;1;2;3;4
84,5,0.048842428051185244,0.019429060969688966,0.011185977526815716,0.005327627994365924,False,False,ieee30,5,6;1;2;3;4
85,5,0.08548521984895682,0.03638876688805362,0.020187366632918646,0.007791795625693765,False,False,ieee30,5,6;1;2;3;4
86,5,0.10043830505386044,0.044864971774206425,0.025111003124431597,0.009768795111735229,False,False,ieee30,5,6;1;2;3;4
87,5,0.07121528189899015,0.02949364217458758,0.01807329864483176,0.006728083475485258,False,False,ieee30,5,6;1;2;3;4
88,5,0.095764033986909,0.04516524294766752,0.029743890644885584,0.01464045797179303,False,False,ieee30,5,6;1;2;3;4
89,5,0.09622674010186721,0.042802181351184715,0.028691125123384342,0.011482553862344425,False,False,ieee30,5,6;1;2;3;4
90,5,0.09410246139595718,0.04201541684971996,0.028669216108644036,0.012430149713039351,False,False,ieee30,5,6;1;2;3;4
91,5,0.09436636524036238,0.04261482501385025,0.0293927346687739,0.013097045465703228,False,False,ieee30,5,6;1;2;3;4
92,5,0.09787234902326605,0.046766819938900056,0.03110197475747234,0.014602329489769805,False,False,ieee30,5,6;1;2;3;4
93,5,0.09659800647952155,0.04558461383859011,0.01875264724601655,0.004559159516315803,False,False,ieee30,5,6;1;2;3;4
94,5,0.09660403994149858,0.043057341960852674,0.02400253293156318,0.008141894693109775,False,False,ieee30,5,6;1;2;3;4
95,5,0.09516594400350231,0.043715835589121316,0.019979068522211985,0.005991474530561591,False,False,ieee30,5,6;1;2;3;4
96,5,0.09420187409236253,0.04523675232999527,0.020542699548312338,0.005477406961305387,False,False,ieee30,5,6;1;2;3;4
97,5,0.07289916779716993,0.03247169050458251,0.013351920846043974,0.0032212653331678,False,False,ieee30,5,6;1;2;3;4
98,5,0.0987131507841709,0.05056928463282448,0.02577934171250784,0.008312748899556133,False,False,ieee30,5,6;1;2;3;4
99,5,0.12557719159599195,0.06449129174821647,0.03662811992415982,0.02013845363737843,False,False,ieee30,5,6;1;2;3;4
100,5,0.07841784376971114,0.03754803002543347,0.014848024553590244,0.003776930505046794,False,False,ieee30,5,6;1;2;3;4
101,5,0.07143864805159435,0.033988429690469196,0.027743237662882114,0.011702929958150365,False,False,ieee30,5,6;1;2;3;4
102,5,0.233671009662649,0.10819487792321825,0.015740534591738853,0.0060593313134336135,False,False,ieee30,5,6;1;2;3;4
103,5,0.15668812544879265,0.09551571663684327,0.016202650892082393,0.0049688984914318945,False,False,ieee30,5,6;1;2;3;4
104,5,0.5543731360109183,0.35617246462602714,0.0386233878374892,0.011954915717542258,False,False,ieee30,5,6;1;2;3;4
105,5,0.5306868020374046,0.35230748200616496,0.06147036059911826,0.03377292613101435,False,False,ieee30,5,6;1;2;3;4
106,5,0.1926784631060914,0.07788491564648461,0.030252304001963215,0.02191492254695948,False,False,ieee30,5,6;1;2;3;4
107,5,0.4231013063446933,0.26949191899014185,0.03206283579367841,0.019010054851414937,False,False,ieee30,5,6;1;2;3;4
108,5,0.3280326356947077,0.19058725064755577,0.021776864749191938,0.005413535053179763,False,False,ieee30,5,6;1;2;3;4
109,5,0.16016137342266595,0.08150001898639081,0.03638825916848476,0.018989915236292343,False,False,ieee30,5,6;1;2;3;4
110,5,0.125921492212136,0.061306447972718225,0.02610527190573253,0.008137755620037712,False,False,ieee30,5,6;1;2;3;4
111,5,0.12697897447510126,0.0615322657485651,0.02065767726182588,0.006105987694494441,False,False,ieee30,5,6;1;2;3;4
112,5,0.08169447806940458,0.0303110484188214,0.014211804742347733,0.006540504279192061,False,False,ieee30,5,6;1;2;3;4
113,5,0.10889568021655674,0.042763659617476774,0.02093994995280346,0.009955979587251695,False,False,ieee30,5,6;1;2;3;4
114,5,0.06601502335352732,0.02522591605839339,0.01109345456575439,0.004719927148397085,False,False,ieee30,5,6;1;2;3;4
115,5,0.10427983227652975,0.04146393989335559,0.04044163980615578,0.01964682508359228,False,False,ieee30,5,6;1;2;3;4
116,5,0.13198981945036692,0.05813447432260585,0.024221194817526936,0.007299008154324826,False,False,ieee30,5,6;1;2;3;4
117,5,0.09499372064364943,0.03802211083102902,0.01805595795670467,0.004926026671571382,False,False,ieee30,5,6;1;2;3;4
118,5,0.12069470161627563,0.05789801742221645,0.026820052040911757,0.006214956751130374,False,False,ieee30,5,6;1;2;3;4
119,5,0.12108407295034657,0.05421085664440736,0.04439739147501964,0.01317390412004571,False,False,ieee30,5,6;1;2;3;4
120,5,0.11846163447706923,0.05360399468532001,0.04776216423680124,0.018633567474934498,False,False,ieee30,5,6;1;2;3;4
121,5,0.11958696846670075,0.0550094576329308,0.03988352481142432,0.012863655518810302,False,False,ieee30,5,6;1;2;3;4
122,5,0.12251181556045489,0.05811916288996136,0.035458671723394564,0.01607165397307364,False,False,ieee30,5,6;1;2;3;4
123,5,0.12289164865451598,0.05847304557758959,0.023166595984711047,0.005816192104158957,False,False,ieee30,5,6;1;2;3;4
124,5,0.12087704697840115,0.05431694462120493,0.02501241997644943,0.0065494736464826175,False,False,ieee30,5,6;1;2;3;4
125,5,0.11960894855006804,0.055359454140894826,0.02300668239154835,0.005651700292303108,False,False,ieee30,5,6;1;2;3;4
126,5,0.11638644996214034,0.0574951764722928,0.028339710172165633,0.014087430986090332,False,False,ieee30,5,6;1;2;3;4
127,5,0.08807006467222969,0.04134302724657543,0.03561714626854229,0.01645727379467743,False,False,ieee30,5,6;1;2;3;4
128,5,0.12131878982774918,0.06339726023914963,0.0272056025905818,0.006931737491074896,False,False,ieee30,5,6;1;2;3;4
129,5,0.15536652480792915,0.0797338404108785,0.032054646996776626,0.013838604283059386,False,False,ieee30,5,6;1;2;3;4
130,5,0.0939602730482835,0.04741195043310645,0.021158702776866378,0.004782137491331828,False,False,ieee30,5,6;1;2;3;4
131,5,0.0847452809028999,0.042651415736439546,0.04321645446844491,0.024933524433136678,False,False,ieee30,5,6;1;2;3;4
132,5,0.3526641224544406,0.16307352720051677,0.024661099380620666,0.009867082505989,False,False,ieee30,5,6;1;2;3;4
133,5,0.23417399189500981,0.14355866472398737,0.02056338818358794,0.007803755342901897,False,False,ieee30,5,6;1;2;3;4
134,5,0.8339526086020611,0.5363875267498514,0.05130927080151382,0.01856711771373032,False,False,ieee30,5,6;1;2;3;4
135,5,0.8079334046292513,0.5380843269448162,0.07112724813847504,0.029856829226163617,False,False,ieee30,5,6;1;2;3;4
136,5,0.29003494443824074,0.11734180889724724,0.030840832492148862,0.01877586774555917,False,False,ieee30,5,6;1;2;3;4
137,5,0.6332533707706403,0.4047630912984922,0.04226557660045549,0.017553774894985885,False,False,ieee30,5,6;1;2;3;4
138,5,0.4927904679010815,0.28659795203031135,0.027425725065215234,0.008036465052807973,False,False,ieee30,5,6;1;2;3;4
139,5,0.23994742678395345,0.12191735164808187,0.06355215186338992,0.030861947960071023,False,False,ieee30,5,6;1;2;3;4
140,5,0.19039615789699452,0.09330687697829204,0.04097671568941874,0.014237697921388737,False,False,ieee30,5,6;1;2;3;4
141,5,0.19270071682553042,0.09447855843989342,0.04062429984083005,0.009690773540036113,False,False,ieee30,5,6;1;2;3;4
142,5,0.12237029947875533,0.04528738282595282,0.015970201770230452,0.006016072798594063,False,False,ieee30,5,6;1;2;3;4
143,5,0.16342351740812855,0.0640736924915031,0.022570181996500738,0.006440770383673411,False,False,ieee30,5,6;1;2;3;4
144,5,0.09914617848094785,0.037804161539010256,0.01123229962202088,0.0031781179551034766,False,False,ieee30,5,6;1;2;3;4
145,5,0.16142952902017627,0.06476202028907654,0.01203074597093301,0.0071206165968632495,False,False,ieee30,5,6;1;2;3;4
146,5,0.19747286320722227,0.0866250211442843,0.039514626709788336,0.010819410293748999,False,False,ieee30,5,6;1;2;3;4
147,5,0.14180053204326837,0.05665410814824706,0.023563967461596724,0.006087025692610992,False,False,ieee30,5,6;1;2;3;4
148,5,0.18013953289044282,0.08600257179585152,0.029582639510556397,0.00721557564792874,False,False,ieee30,5,6;1;2;3;4
149,5,0.17973341956686978,0.08019048167933288,0.024198181709593203,0.012873466365364905,False,False,ieee30,5,6;1;2;3;4
150,5,0.17659006406848804,0.07975939091226242,0.03388854776500605,0.01621762556805939,False,False,ieee30,5,6;1;2;3;4
151,5,0.17824728897199277,0.08173520818690411,0.035661553206558616,0.011296195694211808,False,False,ieee30,5,6;1;2;3;4
152,5,0.18362996884071114,0.08705524859395494,0.04812767239129734,0.018589723217534382,False,False,ieee30,5,6;1;2;3;4
153,5,0.18363955060701384,0.08701961876409459,0.031182465320793717,0.00898677181518448,False,False,ieee30,5,6;1;2;3;4
154,5,0.18163432186187314,0.08118922912424456,0.030153938430603766,0.008512983113619477,False,False,ieee30,5,6;1;2;3;4
155,5,0.1784903810544649,0.08252669967168186,0.03896192090778183,0.009506813718992757,False,False,ieee30,5,6;1;2;3;4
156,5,0.16737232943829655,0.08184947395096165,0.056803349804578906,0.019035247762129393,False,False,ieee30,5,6;1;2;3;4
157,5,0.12960618593763773,0.0608715343220321,0.02853069220394777,0.012038063217625239,False,False,ieee30,5,6;1;2;3;4
158,5,0.1796709473966995,0.0933588442544486,0.07799949794867744,0.020958156294707764,False,False,ieee30,5,6;1;2;3;4
159,5,0.2394100361798604,0.12166667786647645,0.0552115874291218,0.018563482670446718,False,False,ieee30,5,6;1;2;3;4
160,5,0.13584996063676333,0.06884264671440968,0.06037988856896892,0.01556481545761057,False,False,ieee30,5,6;1;2;3;4
161,5,0.11873712821910791,0.06029945293293265,0.06545868828244716,0.01734894509198681,False,False,ieee30,5,6;1;2;3;4
162,5,3.090722201362639e-05,1.806940057427764e-05,0.0021922507270958347,0.0007818413617151077,False,False,ieee30,5,6;1;2;3;4
163,5,0.02049715915885052,0.013645169880103503,0.007300829054987634,0.0023869467257652266,False,False,ieee30,5,6;1;2;3;4
164,5,0.0036001138334232543,0.0021870580967245003,0.004122218092621588,0.0014155855432427256,False,False,ieee30,5,6;1;2;3;4
165,5,0.010418231296259984,0.0063384975484421305,0.00455005222543603,0.001591703755167373,False,False,ieee30,5,6;1;2;3;4
166,5,0.017777410696699962,0.00960567882184371,0.006246400028817489,0.0017974893671837133,False,False,ieee30,5,6;1;2;3;4
167,5,0.01869331625547703,0.007267727265001495,0.012750395105807333,0.004699312621293306,False,False,ieee30,5,6;1;2;3;4
168,5,0.002268356194493556,0.0008457284156953015,0.004380288412921929,0.0016121231387474788,False,False,ieee30,5,6;1;2;3;4
169,5,0.0033801802955511547,0.0013154550948608623,0.005026335748058219,0.0018297245839192788,False,False,ieee30,5,6;1;2;3;4
170,5,0.001920183985813062,0.0007326849324253426,0.0041452643262358535,0.0014833738011907904,False,False,ieee30,5,6;1;2;3;4
171,5,0.002948368146391732,0.0011361241573256964,0.005220527161041488,0.0020864002282654504,False,False,ieee30,5,6;1;2;3;4
172,5,0.0009735752714185222,0.00037205034412793325,0.004107274308153164,0.0015511306775082279,False,False,ieee30,5,6;1;2;3;4
173,5,0.0036090152182284146,0.0013802580322379576,0.005246574863503994,0.001907068400182732,False,False,ieee30,5,6;1;2;3;4
174,5,0.001129189793161383,0.0004257710320921537,0.0040006814737442165,0.001454465479240774,False,False,ieee30,5,6;1;2;3;4
175,5,0.0034658803762239038,0.0013186288737234708,0.005317015247887524,0.0020318569398865005,False,False,ieee30,5,6;1;2;3;4
176,5,0.0007894623412518197,0.00029321728539408176,0.004008292030569183,0.0015276501223692174,False,False,ieee30,5,6;1;2;3;4
177,5,0.006961594740229497,0.002678236950348134,0.0063477786535847125,0.0020822650836344048,False,False,ieee30,5,6;1;2;3;4
178,5,0.0011806519227895614,0.0004512553491510807,0.004213359308407383,0.001578138425396336,False,False,ieee30,5,6;1;2;3;4
179,5,0.003486072165529479,0.0013527634395084365,0.00674333252935988,0.00242211896852218,False,False,ieee30,5,6;1;2;3;4
180,5,0.001433668574636015,0.0005485609042571171,0.008329103864680665,0.0033194961302620563,False,False,ieee30,5,6;1;2;3;4
181,5,0.0009878359216338659,0.0003709218270255832,0.0036259907502728117,0.0013255577528655804,False,False,ieee30,5,6;1;2;3;4
182,5,0.004247763069650213,0.0016049634088834697,0.016076462698414673,0.00639110969084733,False,False,ieee30,5,6;1;2;3;4
183,5,0.007730133303896703,0.00640098608744416,0.02558311036962113,0.009965307726381156,False,False,ieee30,5,6;1;2;3;4
184,5,0.0021467920458394085,0.0019317192127091664,0.004681517687146974,0.002658003087471106,False,False,ieee30,5,6;1;2;3;4
185,5,0.0012625506730386139,0.0009984954837946938,0.004995514719709049,0.0020207813323096513,False,False,ieee30,5,6;1;2;3;4
186,5,0.005641430857740699,0.004550604609018669,0.0038477879799057035,0.0010810405995725914,False,False,ieee30,5,6;1;2;3;4
187,5,0.0052619404654881165,0.0023583306643282023,0.014425447407421688,0.005640421748625446,False,False,ieee30,5,6;1;2;3;4
188,5,0.00015238966028378875,6.894958079967095e-05,0.003938522500690156,0.00176322117283767,False,False,ieee30,5,6;1;2;3;4
189,5,0.00063693031067023,0.00028104775901610646,0.001722467056951782,0.0009962257678501896,False,False,ieee30,5,6;1;2;3;4
190,5,0.00016229806570836405,7.425974567568105e-05,0.0026977179295777365,0.0011774823813455182,False,False,ieee30,5,6;1;2;3;4
191,5,0.00017328619607593493,8.64152528841089e-05,0.0013990577390238235,0.0008645181729671769,False,False,ieee30,5,6;1;2;3;4
192,5,0.000136215880979354,6.537016876273505e-05,0.007164317049459745,0.003016202544123603,False,False,ieee30,5,6;1;2;3;4
193,5,0.00039315166224052414,0.00019371559539677063,0.001520382290938871,0.0005699222445850749,False,False,ieee30,5,6;1;2;3;4
194,5,8.380423312519432e-05,3.6271155336720096e-05,0.0032684496301625954,0.001381353619908987,False,False,ieee30,5,6;1;2;3;4
195,5,0.00024577425741085027,0.00010766526713551494,0.0027802512147473424,0.0013175080476747203,False,False,ieee30,5,6;1;2;3;4
196,5,7.174939816399252e-05,3.083886165597405e-05,0.003638919963759646,0.0014419872289178626,False,False,ieee30,5,6;1;2;3;4
197,5,0.0006679952779861456,0.0003448212359782321,0.0028873365644314086,0.0013165029205121082,False,False,ieee30,5,6;1;2;3;4
198,5,0.00013330155884508366,6.0321257223161506e-05,0.0037010198479408007,0.001532068799705466,False,False,ieee30,5,6;1;2;3;4
199,5,0.00044515089186734913,0.00020655749946535407,0.002130762146400289,0.0010218701804683983,False,False,ieee30,5,6;1;2;3;4
200,5,0.00020099410318849369,7.589734276464144e-05,0.002415884782138278,0.0008731950357443452,False,False,ieee30,5,6;1;2;3;4
201,5,7.915724657905042e-05,5.5786149184472444e-05,0.06686300896264885,0.02867718903849925,False,False,ieee30,5,6;1;2;3;4
202,5,0.00015583848351338053,5.9680762622464634e-05,0.00020651904405277755,4.691754821140037e-05,False,False,ieee30,5,6;1;2;3;4
203,5,0.1161037853711932,0.05396827757936107,0.007422423208465645,0.00274008611369847,False,False,ieee30,5,6;1;2;3;4
204,5,0.07769333806734842,0.04775991186218348,0.0065640621900431295,0.0017561319176547796,False,False,ieee30,5,6;1;2;3;4
205,5,0.277301497211722,0.17804319245811834,0.015176892568665501,0.005453886322704937,False,False,ieee30,5,6;1;2;3;4
206,5,0.2573380640994316,0.16992101414184743,0.05897503411733307,0.04614233352187325,False,False,ieee30,5,6;1;2;3;4
207,5,0.09597642234642806,0.03876631066936394,0.012700775053329894,0.008689778809258586,False,False,ieee30,5,6;1;2;3;4
208,5,0.2101383955715261,0.1329155491809119,0.036336251576789214,0.019456565647214097,False,False,ieee30,5,6;1;2;3;4
209,5,0.1637555540089627,0.09512764041791119,0.016864130305071612,0.0099902350028096,False,False,ieee30,5,6;1;2;3;4
210,5,0.0800390210839038,0.04080008353849443,0.02589495380482698,0.008880115039638037,False,False,ieee30,5,6;1;2;3;4
211,5,0.0625526108896895,0.030208498980874826,0.0072328839215236584,0.00229985347077577,False,False,ieee30,5,6;1;2;3;4
212,5,0.06322575720146112,0.030367918131604693,0.00852932452679811,0.002324145685865253,False,False,ieee30,5,6;1;2;3;4
213,5,0.0409578472879138,0.015196287878817272,0.00650635244328257,0.00269725570488466,False,False,ieee30,5,6;1;2;3;4
214,5,0.054383973701956335,0.021364683882198393,0.007412734205957006,0.0026943360157767327,False,False,ieee30,5,6;1;2;3;4
215,5,0.03293075742332503,0.012608840883657574,0.007540224495261594,0.0037928890099726553,False,False,ieee30,5,6;1;2;3;4
216,5,0.04672202114796797,0.017999292038825082,0.028053404688173855,0.00997480086408542,False,False,ieee30,5,6;1;2;3;4
217,5,0.06606856051319279,0.028980770983471044,0.011047715920044054,0.0029011190033201295,False,False,ieee30,5,6;1;2;3;4
218,5,0.0477622447193609,0.01911144462494388,0.007842129578132906,0.0026928947292248484,False,False,ieee30,5,6;1;2;3;4
219,5,0.060764758649384874,0.029280556998657142,0.012033532971088001,0.0031231174501679115,False,False,ieee30,5,6;1;2;3;4
220,5,0.060574981349270085,0.027141767520294374,0.05773338491072788,0.017321254826845323,False,False,ieee30,5,6;1;2;3;4
221,5,0.05937748462894253,0.026785031447598695,0.04782928378337481,0.02170184497359029,False,False,ieee30,5,6;1;2;3;4
222,5,0.060144806188403344,0.027621094464583912,0.03294381954394454,0.019589980856686284,False,False,ieee30,5,6;1;2;3;4
223,5,0.06146379477897385,0.02923693475962491,0.018780740221510883,0.01107200659479668,False,False,ieee30,5,6;1;2;3;4
224,5,0.061525625397921654,0.029249932173879473,0.011513791745047852,0.0037379567813027315,False,False,ieee30,5,6;1;2;3;4
225,5,0.061103038386204775,0.02732006632570369,0.009717645998296609,0.0027750534262884763,False,False,ieee30,5,6;1;2;3;4
226,5,0.06026502836272191,0.028088668710737508,0.008951583010526787,0.0037816175930407425,False,False,ieee30,5,6;1;2;3;4
227,5,0.059379684172446844,0.029344116360402128,0.023364220405209135,0.007039773014452688,False,False,ieee30,5,6;1;2;3;4
228,5,0.0448663585487566,0.020827637518720715,0.02558687727301656,0.010111595127265116,False,False,ieee30,5,6;1;2;3;4
229,5,0.06154826852665212,0.03206468230554607,0.021100950924345274,0.013470570244865199,False,False,ieee30,5,6;1;2;3;4
230,5,0.07489348026912458,0.038931144987876226,0.031052352665390526,0.01444060296489913,False,False,ieee30,5,6;1;2;3;4
231,5,0.048599594286412924,0.024094376652103566,0.019709922518557965,0.012177689563467986,False,False,ieee30,5,6;1;2;3;4
232,5,0.04464842542450341,0.021905212808848523,0.029218060586534866,0.01761803087242786,False,False,ieee30,5,6;1;2;3;4
233,5,0.19862813830471937,0.10211415518034284,0.012084166900625859,0.004078820680848527,False,False,ieee30,5,6;1;2;3;4
234,5,0.13097366383475953,0.07396949329457997,0.010609645942273649,0.004000813618116106,False,False,ieee30,5,6;1;2;3;4
235,5,0.4616960887352073,0.30746906268912627,0.027691272617424767,0.010663132448606838,False,False,ieee30,5,6;1;2;3;4
236,5,0.4506105880589165,0.30934394419181677,0.02812682746149442,0.012976717481795186,False,False,ieee30,5,6;1;2;3;4
237,5,0.15389603024783838,0.06471466746135493,0.026819139886346988,0.022373002723235724,False,False,ieee30,5,6;1;2;3;4
238,5,0.3646090329988123,0.23993235684396022,0.02749174421912781,0.017349992393303038,False,False,ieee30,5,6;1;2;3;4
239,5,0.269877015316251,0.16232162059280017,0.03209337810760815,0.023116752921470862,False,False,ieee30,5,6;1;2;3;4
240,5,0.12591136101012054,0.06461063031777298,0.05396933417228156,0.04240980973960573,False,False,ieee30,5,6;1;2;3;4
241,5,0.09925467762563028,0.049268356939280555,0.019258009992923708,0.012214484320166363,False,False,ieee30,5,6;1;2;3;4
242,5,0.09675991997589915,0.045975295958194606,0.0233508626685327,0.012383856670152626,False,False,ieee30,5,6;1;2;3;4
243,5,0.059192626086532786,0.02349676383135174,0.0108767662980096,0.006943070757444714,False,False,ieee30,5,6;1;2;3;4
244,5,0.07908743036958217,0.03327156993251962,0.010711673908228803,0.004854334965215923,False,False,ieee30,5,6;1;2;3;4
245,5,0.04884538907917824,0.01943010818937485,0.006986920641390504,0.003534837191201179,False,False,ieee30,5,6;1;2;3;4
246,5,0.0854882866051404,0.03638915456131259,0.014793069540875559,0.00556151589903664,False,False,ieee30,5,6;1;2;3;4
247,5,0.10044264585126036,0.044865719309375274,0.01787679321733948,0.006743273007836725,False,False,ieee30,5,6;1;2;3;4
248,5,0.07121822558892166,0.029493990347374488,0.013928100259618215,0.0049908167002589154,False,False,ieee30,5,6;1;2;3;4
249,5,0.09577228769191809,0.04516600363576001,0.021200540360134634,0.011151640298006527,False,False,ieee30,5,6;1;2;3;4
250,5,0.0962322423960873,0.042802610504658334,0.021883595594316407,0.008671471279639853,False,False,ieee30,5,6;1;2;3;4
251,5,0.09410811824502766,0.04201583217326321,0.021408713533539347,0.009445976181813642,False,False,ieee30,5,6;1;2;3;4
252,5,0.09437258026991728,0.04261514927247684,0.02198405797083658,0.010047507569587055,False,False,ieee30,5,6;1;2;3;4
253,5,0.09788154424347836,0.046767595384068994,0.020775422419291978,0.010378725157777824,False,False,ieee30,5,6;1;2;3;4
254,5,0.09660666414849867,0.04558563889233924,0.008188344660688407,0.002534512981743342,False,False,ieee30,5,6;1;2;3;4
255,5,0.09661104883098566,0.04305817621515784,0.014498002358985573,0.004144261109398251,False,False,ieee30,5,6;1;2;3;4
256,5,0.09517868354066941,0.043718116929853446,0.006332872850936755,0.002318737089316736,False,False,ieee30,5,6;1;2;3;4
257,5,0.0942318715130741,0.04524343927973329,0.007955262415515585,0.0027567427892666307,False,False,ieee30,5,6;1;2;3;4
258,5,0.07291153519460003,0.03247126780839654,0.007969393580489093,0.002568206316712618,False,False,ieee30,5,6;1;2;3;4
259,5,0.0987587502837752,0.05058379257577866,0.009977057335757378,0.003444799689547473,False,False,ieee30,5,6;1;2;3;4
260,5,0.12556033903423278,0.06449278861782165,0.027040921616311553,0.01633314692053678,False,False,ieee30,5,6;1;2;3;4
261,5,0.07845596843583906,0.037555212866670684,0.00879977948881383,0.002943349241625981,False,False,ieee30,5,6;1;2;3;4
262,5,0.07101573445435651,0.03382608628784478,0.014222030547072051,0.0037582004065147556,False,False,ieee30,5,6;1;2;3;4
263,5,0.23367594776165782,0.10819314799659047,0.011231363336579703,0.005905288153811972,False,False,ieee30,5,6;1;2;3;4
264,5,0.15667675306107154,0.09551204359365628,0.010504477133866263,0.004719526642739558,False,False,ieee30,5,6;1;2;3;4
265,5,0.5543917733241016,0.3561749557079627,0.032236700598608725,0.010922469314588845,False,False,ieee30,5,6;1;2;3;4
266,5,0.5307062565012212,0.35231073781878547,0.06172162568899142,0.03737732046293141,False,False,ieee30,5,6;1;2;3;4
267,5,0.19267174680821342,0.0778832081564517,0.029621435164908005,0.02404310160351053,False,False,ieee30,5,6;1;2;3;4
268,5,0.4230954442044194,0.26948927968830877,0.029737242591885704,0.01771127531788186,False,False,ieee30,5,6;1;2;3;4
269,5,0.32802686789050706,0.19058576649879605,0.020510648004127385,0.008129107627143806,False,False,ieee30,5,6;1;2;3;4
270,5,0.160140895660773,0.0815016888502195,0.031142036192184253,0.01640260748424005,False,False,ieee30,5,6;1;2;3;4
271,5,0.12593855573309723,0.06130765424084003,0.01587597172440114,0.003689352706162108,False,False,ieee30,5,6;1;2;3;4
272,5,0.12699893803753742,0.061534517776324044,0.014541486662188907,0.003755747053023395,False,False,ieee30,5,6;1;2;3;4
273,5,0.08169875127841456,0.03031139026620311,0.009276179528177164,0.004489112796656314,False,False,ieee30,5,6;1;2;3;4
274,5,0.10891220046536106,0.04276395090606003,0.014203228126115519,0.0070271785602831205,False,False,ieee30,5,6;1;2;3;4
275,5,0.0660172130554544,0.02522625253932778,0.0069609495302219715,0.0029580747973286803,False,False,ieee30,5,6;1;2;3;4
276,5,0.1042902891823343,0.04146435455819661,0.04228043476050236,0.022233776616903844,False,False,ieee30,5,6;1;2;3;4
277,5,0.13200809524358104,0.0581354305834125,0.017397393875245526,0.005043127504775979,False,False,ieee30,5,6;1;2;3;4
278,5,0.09500660526229311,0.03802264500877958,0.014274915555430923,0.003934790475642158,False,False,ieee30,5,6;1;2;3;4
279,5,0.12071469773492502,0.05789960366962668,0.015653809290870346,0.0038859429921475064,False,False,ieee30,5,6;1;2;3;4
280,5,0.12110210670772234,0.054211756448029585,0.04187689873644873,0.012028968326428524,False,False,ieee30,5,6;1;2;3;4
281,5,0.11847983042922342,0.053604993846447624,0.0478292438951442,0.01645935142280197,False,False,ieee30,5,6;1;2;3;4
282,5,0.11960523931622624,0.05501048315974552,0.037489519722500475,0.013193589600555833,False,False,ieee30,5,6;1;2;3;4
283,5,0.12253290429278718,0.05812121886126892,0.023738679110520855,0.011174076188256943,False,False,ieee30,5,6;1;2;3;4
284,5,0.12291338663426601,0.05847535797053918,0.013963692109805304,0.003448936684742554,False,False,ieee30,5,6;1;2;3;4
285,5,0.12089825771218969,0.05431864383960064,0.015550136199359521,0.004055663027847989,False,False,ieee30,5,6;1;2;3;4
286,5,0.11963534674460974,0.05536289643148623,0.020661233994128114,0.010411150366241184,False,False,ieee30,5,6;1;2;3;4
287,5,0.11643541585679862,0.057506705528496294,0.01891906851558134,0.007988195283201827,False,False,ieee30,5,6;1;2;3;4
288,5,0.08808619963857622,0.04134246560718888,0.035211731429818705,0.013143466951702765,False,False,ieee30,5,6;1;2;3;4
289,5,0.12138882143030212,0.06341923810545894,0.02005252129114432,0.005185447500446805,False,False,ieee30,5,6;1;2;3;4
290,5,0.1553470537436778,0.07973629415611663,0.025942851392948274,0.011985671657693153,False,False,ieee30,5,6;1;2;3;4
291,5,0.09399372977896568,0.04741667993176246,0.01994488576006681,0.007416777701181765,False,False,ieee30,5,6;1;2;3;4
292,5,0.08837844714850263,0.044188706936880845,0.07056424164285058,0.039506043840695115,False,False,ieee30,5,6;1;2;3;4
293,5,0.35266932373643195,0.16306941444790782,0.024593685459786574,0.009826684949468811,False,False,ieee30,5,6;1;2;3;4
294,5,0.2341590588726743,0.14355631692247056,0.020649506667087425,0.007747033151172644,False,False,ieee30,5,6;1;2;3;4
295,5,0.8339846991586437,0.5363920601649473,0.04818782081840556,0.018351453286791664,False,False,ieee30,5,6;1;2;3;4
296,5,0.8079668362975454,0.5380900544470719,0.07189684365935367,0.03126207942765191,False,False,ieee30,5,6;1;2;3;4
297,5,0.2900294494301089,0.11733964706093603,0.030238594359298876,0.02099818872458825,False,False,ieee30,5,6;1;2;3;4
298,5,0.6332532037309673,0.40476114305370353,0.04121773588102828,0.01733013334625777,False,False,ieee30,5,6;1;2;3;4
299,5,0.49278862749595687,0.2865964099134417,0.02638255157170677,0.00631302366339026,False,False,ieee30,5,6;1;2;3;4
300,5,0.23992526502798575,0.12192147289102137,0.06120691898083508,0.030008145615238124,False,False,ieee30,5,6;1;2;3;4
301,5,0.19042679324409562,0.09331075565644234,0.03389572539842989,0.011231873310839968,False,False,ieee30,5,6;1;2;3;4
302,5,0.192735429080206,0.0944839556220404,0.0311123786911367,0.007303176764088315,False,False,ieee30,5,6;1;2;3;4
303,5,0.12238224457211846,0.04528845484112909,0.010154365489047468,0.003649520213443558,False,False,ieee30,5,6;1;2;3;4
304,5,0.16345465096145703,0.06407533258537415,0.015044931348447421,0.0034687907908661497,False,False,ieee30,5,6;1;2;3;4
305,5,0.0991516698913009,0.037805047638449635,0.006820638864829642,0.0017158916835902094,False,False,ieee30,5,6;1;2;3;4
306,5,0.16145739575111057,0.06476344690147398,0.01712456437318821,0.005427766570403558,False,False,ieee30,5,6;1;2;3;4
307,5,0.1975072449508058,0.08662791592453209,0.032066404789306446,0.008996654995206188,False,False,ieee30,5,6;1;2;3;4
308,5,0.14182296161359972,0.056654867351983856,0.02000313268247278,0.0051576605610264,False,False,ieee30,5,6;1;2;3;4
309,5,0.18017225871338594,0.08600507270473337,0.02391076021199079,0.006034318942097161,False,False,ieee30,5,6;1;2;3;4
310,5,0.17976073275660867,0.08019081179417278,0.023537111614146733,0.013943336675785067,False,False,ieee30,5,6;1;2;3;4
311,5,0.17662306052710172,0.0797615585089943,0.035514172770760744,0.014271356599043217,False,False,ieee30,5,6;1;2;3;4
312,5,0.17827469246405736,0.08173556950487046,0.034568442435245705,0.009693872576120088,False,False,ieee30,5,6;1;2;3;4
313,5,0.18366688352564386,0.08706031565374345,0.03858613725692783,0.014605911343421707,False,False,ieee30,5,6;1;2;3;4
314,5,0.18367777202069258,0.08702555651947644,0.02565437683833449,0.006328149522068949,False,False,ieee30,5,6;1;2;3;4
315,5,0.18167135257705663,0.08119281270958764,0.025149968345527518,0.006857129239903337,False,False,ieee30,5,6;1;2;3;4
316,5,0.17853714696309542,0.08253551292627853,0.03756230534212157,0.013362754422868717,False,False,ieee30,5,6;1;2;3;4
317,5,0.16745970662483828,0.08187509932228704,0.04668302341596742,0.014021530471195254,False,False,ieee30,5,6;1;2;3;4
318,5,0.12963898590041326,0.06087261190631307,0.019857821348773563,0.0073488944708680615,False,False,ieee30,5,6;1;2;3;4
319,5,0.17972761366968282,0.09336902576912967,0.0769705267494244,0.020525575523643536,False,False,ieee30,5,6;1;2;3;4
320,5,0.2393898479663647,0.12167171857480943,0.053973676909126245,0.018102478882195627,False,False,ieee30,5,6;1;2;3;4
321,5,0.13596634845465283,0.06887893060938394,0.05515043968491706,0.013358783136784513,False,False,ieee30,5,6;1;2;3;4
322,5,0.11878927618131291,0.060306634168496714,0.0644432842913446,0.01707403961684628,False,False,ieee30,5,6;1;2;3;4
323,5,4.173410804157035e-05,2.287902465003544e-05,0.004812784280341598,0.0017346033519586301,False,False,ieee30,5,6;1;2;3;4
324,5,0.020496582871629476,0.013648106481356559,0.009430626731979808,0.0033047115603275223,False,False,ieee30,5,6;1;2;3;4
325,5,0.003599036163458613,0.0021873122478605327,0.007171074081918194,0.0026592175769258874,False,False,ieee30,5,6;1;2;3;4
326,5,0.010405242249548969,0.006339546193081337,0.0039150700412430295,0.001337492856611,False,False,ieee30,5,6;1;2;3;4
327,5,0.01775247857155791,0.00960744663888747,0.004997680813334293,0.001396900286613878,False,False,ieee30,5,6;1;2;3;4
328,5,0.0186816735559027,0.007260253688257418,0.012962090741946874,0.004795590600885857,False,False,ieee30,5,6;1;2;3;4
329,5,0.0022881463218808913,0.0008505513905733009,0.01022115733381146,0.004102683733174128,False,False,ieee30,5,6;1;2;3;4
330,5,0.0033802327309015983,0.001314138603580317,0.007662544857266029,0.0036016808654497634,False,False,ieee30,5,6;1;2;3;4
331,5,0.0019363482488953358,0.0007376500968497013,0.007738972132002808,0.0029779554312757694,False,False,ieee30,5,6;1;2;3;4
332,5,0.002923715623965222,0.0011243905108750674,0.0038697374469359724,0.001515983041598945,False,False,ieee30,5,6;1;2;3;4
333,5,0.000994078669057305,0.00037851607513705865,0.0076959599214633245,0.003050743887578644,False,False,ieee30,5,6;1;2;3;4
334,5,0.003604984125869227,0.0013778740611574691,0.007521599943138169,0.002939191001333219,False,False,ieee30,5,6;1;2;3;4
335,5,0.001146210402673117,0.00043097349600118573,0.0070893843116278665,0.0027551820570586028,False,False,ieee30,5,6;1;2;3;4
336,5,0.0034413430816287918,0.0013072976572471307,0.003798092658664043,0.0014157773696484854,False,False,ieee30,5,6;1;2;3;4
337,5,0.0007998580210216363,0.0002960648851412784,0.006958949575935125,0.0027819058422339227,False,False,ieee30,5,6;1;2;3;4
338,5,0.0069720458093065416,0.00267887387613,0.011577699143681675,0.004351288886302984,False,False,ieee30,5,6;1;2;3;4
339,5,0.0012031680649380854,0.0004581757067099179,0.006707243430449039,0.002646843841011881,False,False,ieee30,5,6;1;2;3;4
340,5,0.00348582200450666,0.0013517800141402692,0.005988206093359927,0.002096538750441468,False,False,ieee30,5,6;1;2;3;4
341,5,0.0013796285626927057,0.0005266559292763096,0.0021566245155215658,0.0007128558827480536,False,False,ieee30,5,6;1;2;3;4
342,5,0.00100793102898733,0.00037423670464237224,0.011221733248096166,0.004470408886874222,False,False,ieee30,5,6;1;2;3;4
343,5,0.004162697293148105,0.0015810409476892384,0.005522724440107596,0.002666919078108787,False,False,ieee30,5,6;1;2;3;4
344,5,0.0077309202134788185,0.006388455886590871,0.024612533996896002,0.009912880260423473,False,False,ieee30,5,6;1;2;3;4
345,5,0.0021709212860708087,0.0019348576371689026,0.005118937647018984,0.0028905433914432344,False,False,ieee30,5,6;1;2;3;4
346,5,0.0012425462379288352,0.0009985236580969947,0.00488609205730739,0.0017933251188743116,False,False,ieee30,5,6;1;2;3;4
347,5,0.0056615346970705915,0.004545317818885494,0.0050747422758352645,0.0015582311984198016,False,False,ieee30,5,6;1;2;3;4
348,5,0.005259807404417989,0.002355202719126967,0.011809076245310246,0.004441591728157057,False,False,ieee30,5,6;1;2;3;4
349,5,0.000159389784127743,6.834075931799743e-05,0.00478813663994615,0.0021143440932342994,False,False,ieee30,5,6;1;2;3;4
350,5,0.0006619786928405286,0.0002929891847114896,0.0023079488257118363,0.0012932150397824138,False,False,ieee30,5,6;1;2;3;4
351,5,0.00018647469058284856,8.709149793290072e-05,0.00166814020906203,0.0008183251900288901,False,False,ieee30,5,6;1;2;3;4
352,5,0.00020397186341727762,0.00010194357584336622,0.000741241070528087,0.00037758452929670394,False,False,ieee30,5,6;1;2;3;4
353,5,0.00019543634023909406,8.977937701615257e-05,0.004843875885432114,0.0020296201359663035,False,False,ieee30,5,6;1;2;3;4
354,5,0.0004208363346337139,0.00020745077105738252,0.0007791881409802137,0.0002797938850966908,False,False,ieee30,5,6;1;2;3;4
355,5,0.00011008391398688137,4.796737344264779e-05,0.0035412378890251617,0.001466804006843847,False,False,ieee30,5,6;1;2;3;4
356,5,0.00025543065379113154,0.00010697325984820871,0.005285854305382531,0.002565171701672586,False,False,ieee30,5,6;1;2;3;4
357,5,9.937478415946409e-05,4.294589009362637e-05,0.0026162450722324593,0.0010387363621094936,False,False,ieee30,5,6;1;2;3;4
358,5,0.0006720499950545605,0.00034204645130619937,0.005564749338174524,0.0026519498976705913,False,False,ieee30,5,6;1;2;3;4
359,5,0.00014110019329609258,6.394417383376316e-05,0.006398795482501551,0.0025908354379625687,False,False,ieee30,5,6;1;2;3;4
360,5,0.0004515120049344186,0.00020464074592402293,0.004344317240607687,0.002009443392461674,False,False,ieee30,5,6;1;2;3;4
361,5,0.00021294212085232883,7.829573777345944e-05,0.006474039523320263,0.002533524904554274,False,False,ieee30,5,6;1;2;3;4
362,5,9.708205371246337e-05,3.536803289161394e-05,0.006270363026461556,0.00266439427952192,False,False,ieee30,5,6;1;2;3;4
363,5,0.00018027704246729136,6.150044329100712e-05,0.0002212950907797273,4.98779019856288e-05,False,False,ieee30,5,6;1;2;3;4
364,5,0.116114395105656,0.053965175772152096,0.009013092388545418,0.0029190899820826788,False,False,ieee30,5,6;1;2;3;4
365,5,0.07769075492455352,0.047758776274728076,0.011785040539798342,0.003814508619224055,False,False,ieee30,5,6;1;2;3;4
366,5,0.27731585417679133,0.1780449972061814,0.020168636108669813,0.006389919266467814,False,False,ieee30,5,6;1;2;3;4
367,5,0.2573450494723236,0.1699235283006769,0.05880882789685582,0.04444282020009971,False,False,ieee30,5,6;1;2;3;4
368,5,0.09596800740772049,0.03875993553739738,0.013755672141667397,0.007200561922756199,False,False,ieee30,5,6;1;2;3;4
369,5,0.2101230812694229,0.1329126255945496,0.03375821201007767,0.020530269369711918,False,False,ieee30,5,6;1;2;3;4
370,5,0.16374485371924027,0.09512310250744418,0.017762615440086282,0.007766914892628374,False,False,ieee30,5,6;1;2;3;4
371,5,0.08001776240022049,0.040800535755266626,0.023228489042631972,0.010015879207703193,False,False,ieee30,5,6;1;2;3;4
372,5,0.06256637135021352,0.030208913036720186,0.0139137250660607,0.0037640046807912997,False,False,ieee30,5,6;1;2;3;4
373,5,0.0632312669184991,0.030364273446477574,0.010326598982493107,0.003704422653356798,False,False,ieee30,5,6;1;2;3;4
374,5,0.04095979774310418,0.015195189970325151,0.010978405966141414,0.004655493265554367,False,False,ieee30,5,6;1;2;3;4
375,5,0.05440644726176195,0.02136763769417338,0.01359171709955731,0.005342081392844089,False,False,ieee30,5,6;1;2;3;4
376,5,0.032939193287212606,0.01261037691568384,0.011037054186653794,0.005251126817944374,False,False,ieee30,5,6;1;2;3;4
377,5,0.04673540661320105,0.018002013746190315,0.022849078153053703,0.010177507946927733,False,False,ieee30,5,6;1;2;3;4
378,5,0.06608572479947054,0.02898258749387586,0.018112591728302152,0.005295585948129622,False,False,ieee30,5,6;1;2;3;4
379,5,0.047762901842450335,0.01910722473604623,0.01265179517453785,0.0038674105118070567,False,False,ieee30,5,6;1;2;3;4
380,5,0.06077324169848779,0.029278348208491317,0.018813112573152324,0.0050189208134732155,False,False,ieee30,5,6;1;2;3;4
381,5,0.06057844519286664,0.027135501253216787,0.058775827256920765,0.0173901045154794,False,False,ieee30,5,6;1;2;3;4
382,5,0.0594063340072865,0.02679189215137398,0.05365629431955121,0.021424592605632786,False,False,ieee30,5,6;1;2;3;4
383,5,0.06014693124799517,0.027615930013848627,0.03339428678253997,0.018902254107640126,False,False,ieee30,5,6;1;2;3;4
384,5,0.06145865778196702,0.029227660834211827,0.021313264531873433,0.012178318931663323,False,False,ieee30,5,6;1;2;3;4
385,5,0.061535290978737285,0.02924821296272878,0.012740277886051143,0.004048997552527522,False,False,ieee30,5,6;1;2;3;4
386,5,0.06099960496426926,0.027276334802746216,0.008982355059143354,0.0030554919965141147,False,False,ieee30,5,6;1;2;3;4
387,5,0.060277380259877195,0.028087889916129177,0.012959320141894715,0.0038007621380872214,False,False,ieee30,5,6;1;2;3;4
388,5,0.05937751731233238,0.02933679434252509,0.016507028263374246,0.00683813143305656,False,False,ieee30,5,6;1;2;3;4
389,5,0.04486837599443972,0.020823837588506783,0.033448663767338904,0.007972648154986883,False,False,ieee30,5,6;1;2;3;4
390,5,0.06154811614601611,0.03205938014000945,0.015321324078539589,0.004560129286601655,False,False,ieee30,5,6;1;2;3;4
391,5,0.07487244286687621,0.0389318951950022,0.03938219566051593,0.016898256859103844,False,False,ieee30,5,6;1;2;3;4
392,5,0.048598102811615564,0.024087636940039764,0.01382011898221358,0.0036889561782120772,False,False,ieee30,5,6;1;2;3;4
393,5,0.04463880672396748,0.021894654688945053,0.013597143988958948,0.009016191667187479,False,False,ieee30,5,6;1;2;3;4
394,5,0.19863573144506042,0.10211098046659617,0.018407102998327374,0.006250658606209991,False,False,ieee30,5,6;1;2;3;4
395,5,0.1309612877195231,0.07396599888031852,0.01768759100646644,0.00653976883452112,False,False,ieee30,5,6;1;2;3;4
396,5,0.46171427464195847,0.3074735613355806,0.03632925910783591,0.014332869790637415,False,False,ieee30,5,6;1;2;3;4
397,5,0.45063097993007795,0.30934929926924254,0.03680275857641868,0.01658832982513392,False,False,ieee30,5,6;1;2;3;4
398,5,0.15388448500706567,0.06470918199508788,0.028318071433983016,0.01995530507529153,False,False,ieee30,5,6;1;2;3;4
399,5,0.3646017731078247,0.23993187238803218,0.03649331675298906,0.020963728642439117,False,False,ieee30,5,6;1;2;3;4
400,5,0.26986677809920656,0.16231850090105845,0.03398715892622095,0.01962793560541698,False,False,ieee30,5,6;1;2;3;4
401,5,0.12588147750144485,0.06460966449381686,0.06403203025565074,0.04649010555768496,False,False,ieee30,5,6;1;2;3;4
402,5,0.09926691206260879,0.04926744020892862,0.030498422326894814,0.016775598111578027,False,False,ieee30,5,6;1;2;3;4
403,5,0.09677068686948403,0.04597399646198877,0.03570385577145996,0.01741176552595558,False,False,ieee30,5,6;1;2;3;4
404,5,0.0591943827957892,0.023496610993654826,0.01763657070563751,0.009667433954989368,False,False,ieee30,5,6;1;2;3;4
405,5,0.07909408611046526,0.03327079878920833,0.01945123409770655,0.008390207194198585,False,False,ieee30,5,6;1;2;3;4
406,5,0.048846370278310985,0.01942926796679359,0.012577147540091205,0.005756771290316265,False,False,ieee30,5,6;1;2;3;4
407,5,0.0854941352504356,0.036388233925539276,0.024224372883928535,0.009382063169672161,False,False,ieee30,5,6;1;2;3;4
408,5,0.10044949299530083,0.044865064575844577,0.028792295559739833,0.011254559274197273,False,False,ieee30,5,6;1;2;3;4
409,5,0.0712233514297993,0.029492896528883344,0.02192615684397159,0.008195533015771916,False,False,ieee30,5,6;1;2;3;4
410,5,0.09578333150669202,0.045164633057935694,0.03475173665284648,0.01668238654681875,False,False,ieee30,5,6;1;2;3;4
411,5,0.09623987931303131,0.04280159527976343,0.03314417937547531,0.013261432368056658,False,False,ieee30,5,6;1;2;3;4
412,5,0.09411641397447193,0.04201493505008955,0.03306591013028837,0.014201724012437023,False,False,ieee30,5,6;1;2;3;4
413,5,0.09438236129776495,0.042614208515324964,0.03407914105572307,0.014985237410612973,False,False,ieee30,5,6;1;2;3;4
414,5,0.09789253433887887,0.04676597804061308,0.035097340382222786,0.01622648116865011,False,False,ieee30,5,6;1;2;3;4
415,5,0.0966165056954415,0.04558413363895178,0.022551547960800278,0.005837937693871087,False,False,ieee30,5,6;1;2;3;4
416,5,0.0966174408897591,0.04305659439776874,0.0293438301275899,0.0102792555012996,False,False,ieee30,5,6;1;2;3;4
417,5,0.0951831012180511,0.043714877392215995,0.023680263589305084,0.007475227161225506,False,False,ieee30,5,6;1;2;3;4
418,5,0.09422806501638639,0.04523663896222049,0.024678037921263107,0.007148250003042089,False,False,ieee30,5,6;1;2;3;4
419,5,0.07291760418588122,0.03246909047427002,0.023285580742277157,0.006171491434014742,False,False,ieee30,5,6;1;2;3;4
420,5,0.09875539425694545,0.050577160109908065,0.027111096865414464,0.00887703321413369,False,False,ieee30,5,6;1;2;3;4
421,5,0.12552836807157597,0.06449083181650347,0.03837056638267122,0.020844420520501394,False,False,ieee30,5,6;1;2;3;4
422,5,0.07846125022977511,0.03754956564282716,0.014163241844513008,0.0037377208061984968,False,False,ieee30,5,6;1;2;3;4
423,5,0.07116430125323657,0.033868665816064986,0.008110973304161884,0.00322593615524569,False,False,ieee30,5,6;1;2;3;4
424,5,0.23367863804955585,0.10818171130082954,0.019750089535296333,0.006198041268618559,False,False,ieee30,5,6;1;2;3;4
425,5,0.15666189785852352,0.09551059471647227,0.019684631288921506,0.005148102607137828,False,False,ieee30,5,6;1;2;3;4
426,5,0.5544222995319565,0.3561802024089681,0.04212842812988571,0.013436382023369497,False,False,ieee30,5,6;1;2;3;4
427,5,0.5307328648292112,0.3523168674553856,0.06171325491792201,0.032855630256959145,False,False,ieee30,5,6;1;2;3;4
428,5,0.19266436425074057,0.07787822102840833,0.0314354441407505,0.020676366727601758,False,False,ieee30,5,6;1;2;3;4
429,5,0.4230839508003821,0.26949139540429323,0.03276536979465905,0.01935611016616423,False,False,ieee30,5,6;1;2;3;4
430,5,0.32801911360170116,0.19058529913335068,0.02250915034147616,0.006089948984828841,False,False,ieee30,5,6;1;2;3;4
431,5,0.16010780871806485,0.08150185288486292,0.041147245003078314,0.020962477308269056,False,False,ieee30,5,6;1;2;3;4
432,5,0.1259625116728306,0.06130778144330257,0.03272305414104004,0.011166122286314861,False,False,ieee30,5,6;1;2;3;4
433,5,0.12701828166570905,0.06153132389542798,0.02484214202190327,0.006878873890757364,False,False,ieee30,5,6;1;2;3;4
434,5,0.0817056357839666,0.030310954209549212,0.01756361497805181,0.008032635089193607,False,False,ieee30,5,6;1;2;3;4
435,5,0.10894512042418611,0.04276655233273158,0.027045138440056293,0.012586873377160579,False,False,ieee30,5,6;1;2;3;4
436,5,0.06602875309898593,0.02522816821576429,0.01469193747676445,0.00626388500495112,False,False,ieee30,5,6;1;2;3;4
437,5,0.10431253740521171,0.04146671792456774,0.03673097564331296,0.01577265055463095,False,False,ieee30,5,6;1;2;3;4
438,5,0.13203523600304803,0.05813698238135148,0.03013962600623743,0.008782862730056018,False,False,ieee30,5,6;1;2;3;4
439,5,0.09501661509647527,0.038017817362242606,0.02245398085242456,0.006004196599555867,False,False,ieee30,5,6;1;2;3;4
440,5,0.12073430922947133,0.057896762324013945,0.03304723927584552,0.008829435603137648,False,False,ieee30,5,6;1;2;3;4
441,5,0.12111339518178763,0.05420256953137331,0.04484273392164839,0.013342641587588577,False,False,ieee30,5,6;1;2;3;4
442,5,0.11851845787791726,0.053611955339389644,0.04724499171063434,0.020400609911651046,False,False,ieee30,5,6;1;2;3;4
443,5,0.1196230248773907,0.05500545153620348,0.040851667244784395,0.014049281903669053,False,False,ieee30,5,6;1;2;3;4
444,5,0.12254201533774212,0.05811085061873364,0.030176212233948063,0.013876416474797537,False,False,ieee30,5,6;1;2;3;4
445,5,0.12293280567827854,0.05847263616730508,0.028718088644092865,0.007034566755491967,False,False,ieee30,5,6;1;2;3;4
446,5,0.12080629272432132,0.054270285688035824,0.015607376712554744,0.0038337283556022506,False,False,ieee30,5,6;1;2;3;4
447,5,0.11965420000310299,0.055360075358884736,0.024592245302864302,0.007488415707572305,False,False,ieee30,5,6;1;2;3;4
448,5,0.11643404199095406,0.05749393797725913,0.028411078282516766,0.014269561496126792,False,False,ieee30,5,6;1;2;3;4
449,5,0.08809956911990069,0.041339527107815216,0.04129749961757301,0.023301876714918235,False,False,ieee30,5,6;1;2;3;4
450,5,0.12132660096183673,0.0633827223616891,0.0453343314668152,0.0116012786971873,False,False,ieee30,5,6;1;2;3;4
451,5,0.15531268628534306,0.07973597203187963,0.03651575593233203,0.015247905691281427,False,False,ieee30,5,6;1;2;3;4
452,5,0.09399326780554978,0.04740638927728866,0.022158855016923606,0.005561020677915307,False,False,ieee30,5,6;1;2;3;4
453,5,0.08449902557110758,0.0425287694317035,0.023756105276392048,0.005424535385278428,False,False,ieee30,5,6;1;2;3;4
454,5,0.35266656239944943,0.16305225128943207,0.024895427618436328,0.009971308640692844,False,False,ieee30,5,6;1;2;3;4
455,5,0.23413102816320944,0.14355463407203228,0.023717080805031876,0.007960614305124403,False,False,ieee30,5,6;1;2;3;4
456,5,0.8340322368006351,0.5364002357724923,0.05497174623176748,0.01906795730807609,False,False,ieee30,5,6;1;2;3;4
457,5,0.8080131988741078,0.5380993810222693,0.07085832082321797,0.028232400100249855,False,False,ieee30,5,6;1;2;3;4
458,5,0.29002251172868504,0.11733778248347329,0.03218047586019923,0.016844139472409148,False,False,ieee30,5,6;1;2;3;4
459,5,0.6332454087838733,0.4047682303866529,0.044617783865140814,0.018034951579765535,False,False,ieee30,5,6;1;2;3;4
460,5,0.4927828768615241,0.28660068472238376,0.02829273906862495,0.00929209147908161,False,False,ieee30,5,6;1;2;3;4
461,5,0.2398749457650276,0.1219208928239924,0.06698522893632963,0.0322365309208591,False,False,ieee30,5,6;1;2;3;4
462,5,0.1904637164537234,0.09330841801964374,0.051816210986416644,0.019005278063675357,False,False,ieee30,5,6;1;2;3;4
463,5,0.19277528067519906,0.09448186929591323,0.046840581285866656,0.01232983538630239,False,False,ieee30,5,6;1;2;3;4
464,5,0.12239116188528848,0.04528630678431367,0.020936372380690016,0.008196665110921653,False,False,ieee30,5,6;1;2;3;4
465,5,0.163498251997209,0.06407668495003926,0.030918365795475466,0.01012681282615202,False,False,ieee30,5,6;1;2;3;4
466,5,0.09916075197235753,0.03780529211416661,0.016634858805470665,0.0054885878017872924,False,False,ieee30,5,6;1;2;3;4
467,5,0.16149235763049674,0.06476412741382342,0.017870661078922656,0.008656943972470965,False,False,ieee30,5,6;1;2;3;4
468,5,0.19754781871405644,0.08662766599074631,0.04720242981425227,0.012683438840745409,False,False,ieee30,5,6;1;2;3;4
469,5,0.14184282360672673,0.0566485246904572,0.030758661047542435,0.007899754848042284,False,False,ieee30,5,6;1;2;3;4
470,5,0.18020648637232298,0.08599972505341427,0.044753091685884705,0.011154922571060433,False,False,ieee30,5,6;1;2;3;4
471,5,0.17979206340319318,0.0801803497437068,0.02401451838356561,0.01485923263578881,False,False,ieee30,5,6;1;2;3;4
472,5,0.17667349612298788,0.0797669467975041,0.0387130002782039,0.01905273086995496,False,False,ieee30,5,6;1;2;3;4
473,5,0.1783122812393465,0.08172955676040836,0.033119275624554856,0.00876958944732853,False,False,ieee30,5,6;1;2;3;4
474,5,0.1836977819359969,0.08704859467245726,0.04141078789257202,0.01581024769089523,False,False,ieee30,5,6;1;2;3;4
475,5,0.18371175733978018,0.08702029386894827,0.03999604162662862,0.011281515932689778,False,False,ieee30,5,6;1;2;3;4
476,5,0.1815966083404901,0.08113652635186897,0.025631898908681006,0.006639350816786016,False,False,ieee30,5,6;1;2;3;4
477,5,0.17857273356497877,0.08253076530551687,0.040818675823082184,0.012175797145641987,False,False,ieee30,5,6;1;2;3;4
478,5,0.16747610276344319,0.0818569510253804,0.05160771727201341,0.016533896941482662,False,False,ieee30,5,6;1;2;3;4
479,5,0.12966259922795856,0.060865472896148715,0.037085310645212144,0.009549112996448672,False,False,ieee30,5,6;1;2;3;4
480,5,0.17977412190787873,0.09336776715826325,0.0805083429337784,0.02205148399618806,False,False,ieee30,5,6;1;2;3;4
481,5,0.239334422718989,0.12166970260280155,0.05774985547827938,0.019514561313539902,False,False,ieee30,5,6;1;2;3;4
482,5,0.13599611711066403,0.06886637351139582,0.06643516539538485,0.01813316583650426,False,False,ieee30,5,6;1;2;3;4
483,5,0.11890949814609655,0.060330815871492055,0.06774431189575136,0.017956297497226048,False,False,ieee30,5,6;1;2;3;4
484,5,0.00012419066343034336,4.398469606198274e-05,0.004450668935358282,0.0017333381233120004,False,False,ieee30,5,6;1;2;3;4
485,5,0.02054756843302645,0.013570950945201082,0.011852648929312926,0.004318902527352675,False,False,ieee30,5,6;1;2;3;4
486,5,0.0038008508462541828,0.0021866657415928643,0.010345263119864945,0.004151353959388038,False,False,ieee30,5,6;1;2;3;4
487,5,0.010613266348778369,0.006337191791031732,0.011799015500187915,0.004646816724260816,False,False,ieee30,5,6;1;2;3;4
488,5,0.017859799618054395,0.009546426592723138,0.005130924826338035,0.0014353756088061331,False,False,ieee30,5,6;1;2;3;4
489,5,0.018877115448698807,0.007337998713276839,0.019689601224322617,0.007673226488489782,False,False,ieee30,5,6;1;2;3;4
490,5,0.002469454789213092,0.0009208500184073598,0.009669151901493978,0.0038169135882546446,False,False,ieee30,5,6;1;2;3;4
491,5,0.0035810716383615424,0.0013905898568957742,0.010184060104605153,0.004007542086547966,False,False,ieee30,5,6;1;2;3;4
492,5,0.0021215581173875883,0.0008077987544695686,0.009479485026222645,0.0037447528659971807,False,False,ieee30,5,6;1;2;3;4
493,5,0.0031469814903606393,0.001210367362027981,0.010390379438324215,0.004266005840209419,False,False,ieee30,5,6;1;2;3;4
494,5,0.0011750541977490082,0.00044729404302440434,0.01003825031538097,0.004091429836850735,False,False,ieee30,5,6;1;2;3;4
495,5,0.0038097289347880994,0.0014553441939485767,0.01039158491703629,0.004072377393072757,False,False,ieee30,5,6;1;2;3;4
496,5,0.0013308241784750017,0.0005011225497895677,0.010066546146046074,0.004062418878312157,False,False,ieee30,5,6;1;2;3;4
497,5,0.0036643885114743258,0.0013928673424851157,0.010328078853100497,0.004202534491275944,False,False,ieee30,5,6;1;2;3;4
498,5,0.0009911814918468816,0.0003685978212086827,0.010073349967373746,0.004067417312744737,False,False,ieee30,5,6;1;2;3;4
499,5,0.00715857050186277,0.002751725315434911,0.008885682131532846,0.003157381309124574,False,False,ieee30,5,6;1;2;3;4
500,5,0.0013808962504669939,0.0005263429298205391,0.01086017329680522,0.004366626638605875,False,False,ieee30,5,6;1;2;3;4
501,5,0.003683005707158224,0.001426243842434144,0.0065725240322229705,0.0023159261687919486,False,False,ieee30,5,6;1;2;3;4
502,5,0.0015533522750468837,0.0005938412973850449,0.016502957038634913,0.006794534090871274,False,False,ieee30,5,6;1;2;3;4
503,5,0.0011469926907350606,0.0004319021471014539,0.014938480222860262,0.005980128037546328,False,False,ieee30,5,6;1;2;3;4
504,5,0.004308411499979462,0.0016198945145360355,0.0006902740242697991,0.00016272123064586808,False,False,ieee30,5,6;1;2;3;4
505,5,0.007683586539520726,0.006477509485232069,0.018840855283206226,0.009422160738952412,False,False,ieee30,5,6;1;2;3;4
506,5,0.00202118579129313,0.001938031915600734,0.0069722624130225674,0.00433999393339396,False,False,ieee30,5,6;1;2;3;4
507,5,0.0011197900935220467,0.0010032678557710326,0.005078040161804687,0.004275219438303224,False,False,ieee30,5,6;1;2;3;4
508,5,0.005454040234920573,0.004505422068902809,0.004593803654961648,0.0019969986134489304,False,False,ieee30,5,6;1;2;3;4
509,5,0.005057698714399948,0.002305366731886929,0.006777187417465469,0.0024705753300736655,False,False,ieee30,5,6;1;2;3;4
510,5,9.204557644745641e-05,6.727198902106019e-05,0.009947929060931004,0.00431370920715457,False,False,ieee30,5,6;1;2;3;4
511,5,0.00043756005777209964,0.0002140497656978324,0.007992931883796461,0.003758032680006851,False,False,ieee30,5,6;1;2;3;4
512,5,6.044530690261368e-05,4.628246423523524e-05,0.013212738163172255,0.00588240724036837,False,False,ieee30,5,6;1;2;3;4
513,5,8.820600180181604e-05,5.40426197884053e-05,0.009994029763786272,0.00452581691079601,False,False,ieee30,5,6;1;2;3;4
514,5,5.839634175262842e-05,4.7028265529637514e-05,0.010831915859145447,0.004612359184710368,False,False,ieee30,5,6;1;2;3;4
515,5,0.00030673288008849393,0.00012685147750607362,0.008905428974429586,0.0033981075740848743,False,False,ieee30,5,6;1;2;3;4
516,5,0.00012094707682576422,5.821671947717211e-05,0.012390975034644147,0.0050386322944713235,False,False,ieee30,5,6;1;2;3;4
517,5,0.0001602256326834403,9.143868463393212e-05,0.011401927480092833,0.005004567773948754,False,False,ieee30,5,6;1;2;3;4
518,5,0.00014155181541576634,6.22772121075324e-05,0.012127087666846337,0.004901751009812938,False,False,ieee30,5,6;1;2;3;4
519,5,0.000576718114501773,0.0002752396140174862,0.007689485348730818,0.0034848746169727773,False,False,ieee30,5,6;1;2;3;4
520,5,6.869240713007832e-05,5.252946079216392e-05,0.004881126371576672,0.0020307776003043454,False,False,ieee30,5,6;1;2;3;4
521,5,0.0003832814671490929,0.0001589706324012785,0.0010179617005159347,0.00046476733540101733,False,False,ieee30,5,6;1;2;3;4
522,5,0.00013890443263697531,9.1295770697504e-05,0.012682001144298627,0.004990898545537692,False,False,ieee30,5,6;1;2;3;4
523,5,0.00012608974925669598,6.778436678116923e-05,9.544945097628155e-05,3.425396391187885e-05,False,False,ieee30,5,6;1;2;3;4
524,5,0.00013328654814713167,0.00010318113914743049,0.0001537817703132216,3.737786474100613e-05,False,False,ieee30,5,6;1;2;3;4
525,5,0.11619070266071248,0.05392501178306064,0.007722735100672007,0.0028582534400438675,False,False,ieee30,5,6;1;2;3;4
526,5,0.07778494889473092,0.0478279290507545,0.005184238559757137,0.0017801528941139289,False,False,ieee30,5,6;1;2;3;4
527,5,0.2774669270893129,0.17804093234148546,0.017190101549996006,0.005969367041120166,False,False,ieee30,5,6;1;2;3;4
528,5,0.2575036365639336,0.16991827533373866,0.05963020827255816,0.04596997312900464,False,False,ieee30,5,6;1;2;3;4
529,5,0.09606197301301929,0.03870801033742121,0.01267506240284999,0.009163302743050994,False,False,ieee30,5,6;1;2;3;4
530,5,0.2102307013693527,0.13285692597960005,0.035104010270501806,0.020073477128822126,False,False,ieee30,5,6;1;2;3;4
531,5,0.1638453959683305,0.09506276349571055,0.0194517864827356,0.01539130692259183,False,False,ieee30,5,6;1;2;3;4
532,5,0.08016323932991075,0.04087691034912849,0.025386209077440935,0.009054774253842601,False,False,ieee30,5,6;1;2;3;4
533,5,0.06272528375608352,0.030285366791536178,0.007759386164277848,0.002561420995986441,False,False,ieee30,5,6;1;2;3;4
534,5,0.0633998386755047,0.03044490045248799,0.008259831842187926,0.002501099287738451,False,False,ieee30,5,6;1;2;3;4
535,5,0.04115375983048762,0.015270855221190038,0.006719491842320902,0.0028147220880899715,False,False,ieee30,5,6;1;2;3;4
536,5,0.054576730544513764,0.021441472485997565,0.0031119733924004356,0.0013484405869833571,False,False,ieee30,5,6;1;2;3;4
537,5,0.033129255687829366,0.012683275777666064,0.0061185936456429335,0.003173127187123148,False,False,ieee30,5,6;1;2;3;4
538,5,0.04691806106748391,0.018073549953091378,0.02481470628821103,0.010050267219439246,False,False,ieee30,5,6;1;2;3;4
539,5,0.06624145202659149,0.02905655256452236,0.012294790794413424,0.003220395140044907,False,False,ieee30,5,6;1;2;3;4
540,5,0.047953787377190894,0.019186482830248403,0.006640516182266576,0.0020096226476342682,False,False,ieee30,5,6;1;2;3;4
541,5,0.06093862295122278,0.02935665139381946,0.011470333276394906,0.0029848883944703086,False,False,ieee30,5,6;1;2;3;4
542,5,0.06074526230263041,0.02721538679445465,0.05737698787619083,0.017705192817206505,False,False,ieee30,5,6;1;2;3;4
543,5,0.059548600225606894,0.026859350258667952,0.049531100223760616,0.021651672882075923,False,False,ieee30,5,6;1;2;3;4
544,5,0.06031370297456252,0.027694261227692113,0.032630790919517594,0.02096123911271619,False,False,ieee30,5,6;1;2;3;4
545,5,0.06164069558756959,0.029314345601649694,0.02097911084181392,0.011978917883946116,False,False,ieee30,5,6;1;2;3;4
546,5,0.06170316813585284,0.02932756208724474,0.01156415938404276,0.00351508618996621,False,False,ieee30,5,6;1;2;3;4
547,5,0.06128250811024896,0.02739715618275132,0.010136902196138942,0.0030640573412219485,False,False,ieee30,5,6;1;2;3;4
548,5,0.06044766644515206,0.02816765710968347,0.009658673480941848,0.002564687059896764,False,False,ieee30,5,6;1;2;3;4
549,5,0.05956487540086121,0.0294224529273745,0.018172190160440027,0.006195761037796954,False,False,ieee30,5,6;1;2;3;4
550,5,0.045057519464754794,0.020905067233122965,0.026384504017436194,0.009497759302886544,False,False,ieee30,5,6;1;2;3;4
551,5,0.06173049075563639,0.03214146189519329,0.013822384594611714,0.008410423242604659,False,False,ieee30,5,6;1;2;3;4
552,5,0.07501907136805676,0.03900935626379437,0.03325293008726793,0.015275301530929264,False,False,ieee30,5,6;1;2;3;4
553,5,0.04878614405864693,0.024169661785473806,0.014148034634975493,0.009371267890788126,False,False,ieee30,5,6;1;2;3;4
554,5,0.044810671974294336,0.021971520286632656,0.016899027204605455,0.010973481292703813,False,False,ieee30,5,6;1;2;3;4
555,5,0.19871025575854212,0.1020679080805687,0.014454604165610174,0.004460961018601606,False,False,ieee30,5,6;1;2;3;4
556,5,0.1310857232794912,0.07403849568050264,0.014299668819219624,0.004992859073790434,False,False,ieee30,5,6;1;2;3;4
557,5,0.46185021977592877,0.30746087220670004,0.03234715491998286,0.012401482102403993,False,False,ieee30,5,6;1;2;3;4
558,5,0.450758054364664,0.3093345439203584,0.033230807423805686,0.015039781593392365,False,False,ieee30,5,6;1;2;3;4
559,5,0.15398274022033878,0.06465578557518784,0.027350517856525203,0.021403815997786957,False,False,ieee30,5,6;1;2;3;4
560,5,0.3646843598633054,0.23986221648990122,0.03256571317866119,0.019521254119830744,False,False,ieee30,5,6;1;2;3;4
561,5,0.2699609479329593,0.1622576442377129,0.032669525472643235,0.021316140465471922,False,False,ieee30,5,6;1;2;3;4
562,5,0.12605201668169833,0.06468649564925283,0.0593284634997453,0.044665817123934026,False,False,ieee30,5,6;1;2;3;4
563,5,0.09941655234798655,0.04934505179237553,0.023493249574800368,0.014007106984503581,False,False,ieee30,5,6;1;2;3;4
564,5,0.09692408191295719,0.04605258899616932,0.0281295327168809,0.014398742398809339,False,False,ieee30,5,6;1;2;3;4
565,5,0.059389250622568716,0.023572935942821116,0.013227349045938919,0.007946672990936432,False,False,ieee30,5,6;1;2;3;4
566,5,0.07928056779362525,0.033348909943349214,0.012422293965235975,0.005520255317582268,False,False,ieee30,5,6;1;2;3;4
567,5,0.04903815818198772,0.019503209574429303,0.0026307489103466475,0.0014440146556934375,False,False,ieee30,5,6;1;2;3;4
568,5,0.0856803414072157,0.036466472093030555,0.016460963920722493,0.006211639122485457,False,False,ieee30,5,6;1;2;3;4
569,5,0.10062108806476357,0.04494220630381546,0.021688521644302128,0.008273014724397898,False,False,ieee30,5,6;1;2;3;4
570,5,0.07141380574130828,0.029570295910602784,0.016236139513494452,0.005975816596211048,False,False,ieee30,5,6;1;2;3;4
571,5,0.09593713589095412,0.045243369656892074,0.02498989371961058,0.012735426003802508,False,False,ieee30,5,6;1;2;3;4
572,5,0.09640848004544039,0.04287995030892805,0.024498618992168875,0.009721095063739527,False,False,ieee30,5,6;1;2;3;4
573,5,0.09428187487845052,0.04209289570227265,0.024541170618940678,0.010732965173180897,False,False,ieee30,5,6;1;2;3;4
574,5,0.09454359234571479,0.042692517703774635,0.02535757618099177,0.011440953989656388,False,False,ieee30,5,6;1;2;3;4
575,5,0.09804440718222868,0.04684461707682136,0.02626817285120997,0.012691779016374194,False,False,ieee30,5,6;1;2;3;4
576,5,0.09677170157419945,0.04566205886209668,0.013565009579596832,0.0034385115115413978,False,False,ieee30,5,6;1;2;3;4
577,5,0.09678723313864063,0.04313503916716627,0.020476701865477898,0.006687156854359277,False,False,ieee30,5,6;1;2;3;4
578,5,0.09534625361050637,0.04379357671986572,0.014025219122068666,0.0035875968785786805,False,False,ieee30,5,6;1;2;3;4
579,5,0.09438209007391833,0.045313014361941795,0.014806579289580846,0.003573623082016253,False,False,ieee30,5,6;1;2;3;4
580,5,0.07308760742958635,0.0325445499216776,0.011081367663406727,0.0031006009527839717,False,False,ieee30,5,6;1;2;3;4
581,5,0.09890287892889582,0.05064854351044756,0.024315741843888516,0.00787139568615769,False,False,ieee30,5,6;1;2;3;4
582,5,0.1257002028061084,0.06456853608876251,0.032323953366180436,0.018546447312529968,False,False,ieee30,5,6;1;2;3;4
583,5,0.07859693393691519,0.03761655899767952,0.01789056206726336,0.004496069111986634,False,False,ieee30,5,6;1;2;3;4
584,5,0.07120247491532794,0.03389870716398696,0.033957923011725955,0.01050667578816511,False,False,ieee30,5,6;1;2;3;4
585,5,0.23378483845521839,0.10816897289626848,0.012926044003754078,0.006179022097999587,False,False,ieee30,5,6;1;2;3;4
586,5,0.15680826407266968,0.09558276589888692,0.01478086329136552,0.00512401324467171,False,False,ieee30,5,6;1;2;3;4
587,5,0.5545253729074627,0.3561696178149618,0.037644002439750746,0.012190561064518213,False,False,ieee30,5,6;1;2;3;4
588,5,0.5308399205685124,0.35230487359274953,0.0631457782810898,0.035319754549494986,False,False,ieee30,5,6;1;2;3;4
589,5,0.19275875000103113,0.0778214117044862,0.029723658852047197,0.024048612377977507,False,False,ieee30,5,6;1;2;3;4
590,5,0.4231841651773487,0.2694234150529716,0.03225140514580149,0.01901183408007101,False,False,ieee30,5,6;1;2;3;4
591,5,0.3281120608397687,0.19051842407819777,0.02124719697677213,0.005970220583373376,False,False,ieee30,5,6;1;2;3;4
592,5,0.16030466025772208,0.08158086767270895,0.03543883631639133,0.01838567173132999,False,False,ieee30,5,6;1;2;3;4
593,5,0.1260815037442914,0.061386864237016975,0.021452401101497598,0.005811097725767267,False,False,ieee30,5,6;1;2;3;4
594,5,0.12714293344352764,0.06161381247000591,0.016316667017484576,0.005133971321448549,False,False,ieee30,5,6;1;2;3;4
595,5,0.0818960738521459,0.03038857476802298,0.00900543441870627,0.004399758416319233,False,False,ieee30,5,6;1;2;3;4
596,5,0.10909393270950135,0.04284308426448416,0.015024024294614358,0.007270583280114096,False,False,ieee30,5,6;1;2;3;4
597,5,0.06621843146473863,0.025301929483484614,0.00742118708894679,0.003185713571585702,False,False,ieee30,5,6;1;2;3;4
598,5,0.10447738767214146,0.041542742116640524,0.04071461404575738,0.02062115418818078,False,False,ieee30,5,6;1;2;3;4
599,5,0.13215848625376808,0.058214736864275834,0.019555123793554063,0.006154556735661565,False,False,ieee30,5,6;1;2;3;4
600,5,0.09518998778872101,0.03809891698877574,0.014138537830101772,0.003916427151916091,False,False,ieee30,5,6;1;2;3;4
601,5,0.12086681325059151,0.05797978985015381,0.018940527463898738,0.004580337595373907,False,False,ieee30,5,6;1;2;3;4
602,5,0.12125932776569959,0.05429135356872969,0.038076547055116094,0.012619651614026117,False,False,ieee30,5,6;1;2;3;4
603,5,0.11863683577649495,0.05368459387460714,0.0471910137357775,0.016744251943266897,False,False,ieee30,5,6;1;2;3;4
604,5,0.11975903370894359,0.05508952731674868,0.03731815864824051,0.013030521362722869,False,False,ieee30,5,6;1;2;3;4
605,5,0.12267989460593168,0.05820044918885109,0.030177423553416793,0.013744349133152589,False,False,ieee30,5,6;1;2;3;4
606,5,0.12306054799899475,0.05855467501214201,0.01817146767810185,0.004786756591369068,False,False,ieee30,5,6;1;2;3;4
607,5,0.12105677466239494,0.054398798859791736,0.019307277838214287,0.005213538774009985,False,False,ieee30,5,6;1;2;3;4
608,5,0.11978762873680732,0.05544301023312884,0.022293903768216494,0.006913193230300596,False,False,ieee30,5,6;1;2;3;4
609,5,0.11657066393879836,0.057578504802759556,0.02798709629911489,0.014243841571349392,False,False,ieee30,5,6;1;2;3;4
610,5,0.08826370081505383,0.041423347917359465,0.03567168277404276,0.016827147609832616,False,False,ieee30,5,6;1;2;3;4
611,5,0.12152955776089332,0.06349385125341528,0.033854716551290465,0.008676058797659869,False,False,ieee30,5,6;1;2;3;4
612,5,0.15551253499414314,0.07981630704171305,0.031110489368924465,0.013468788300495138,False,False,ieee30,5,6;1;2;3;4
613,5,0.09414719964363795,0.04749274290048178,0.022892859680853972,0.0056435833367382005,False,False,ieee30,5,6;1;2;3;4
614,5,0.08454724742405986,0.042576308354278364,0.022980356534318958,0.006326016285234548,False,False,ieee30,5,6;1;2;3;4
615,5,0.35280864464071243,0.16307176025576456,0.026019708457483248,0.010220570814998386,False,False,ieee30,5,6;1;2;3;4
616,5,0.2343387634507124,0.14363081246969084,0.0222940436012099,0.00829151045605303,False,False,ieee30,5,6;1;2;3;4
617,5,0.8340930588906663,0.5363907871322381,0.05470639449479786,0.020149768681182345,False,False,ieee30,5,6;1;2;3;4
618,5,0.8080762332388619,0.5380893295136275,0.07384832845437928,0.028151293788447385,False,False,ieee30,5,6;1;2;3;4
619,5,0.2901194446636804,0.11727569237504293,0.030213365363673472,0.021488987819560768,False,False,ieee30,5,6;1;2;3;4
620,5,0.6333525982154229,0.404696073284792,0.050062248105433915,0.01916858987094905,False,False,ieee30,5,6;1;2;3;4
621,5,0.4928813648151499,0.28652766544489594,0.027219853464382826,0.007617309002024841,False,False,ieee30,5,6;1;2;3;4
622,5,0.24013944350220692,0.12200616400176145,0.06882836626274802,0.03288847896065539,False,False,ieee30,5,6;1;2;3;4
623,5,0.1905400823590848,0.09339467196382725,0.03950419232599134,0.013465258652927803,False,False,ieee30,5,6;1;2;3;4
624,5,0.19284929409688276,0.09456696872368969,0.039231869440042644,0.009253105785054672,False,False,ieee30,5,6;1;2;3;4
625,5,0.12257710758326289,0.045367054729209044,0.0073143414618918046,0.002496044472436898,False,False,ieee30,5,6;1;2;3;4
626,5,0.1636276495455911,0.06415721509255098,0.015592092173035588,0.003689408272709249,False,False,ieee30,5,6;1;2;3;4
627,5,0.09935727738474592,0.03788274602376937,0.004315184507958092,0.0011967527947776002,False,False,ieee30,5,6;1;2;3;4
628,5,0.16162530797032956,0.06484435512267708,0.012598497384069596,0.006447718993831342,False,False,ieee30,5,6;1;2;3;4
629,5,0.1976336018755783,0.08671206210859675,0.03460095129991814,0.009792523874987302,False,False,ieee30,5,6;1;2;3;4
630,5,0.1419985768946687,0.0567326126268449,0.018722296963396334,0.004914654740843294,False,False,ieee30,5,6;1;2;3;4
631,5,0.18029262488716474,0.08608719871232992,0.03178302179857051,0.007767910913207388,False,False,ieee30,5,6;1;2;3;4
632,5,0.1798902221690773,0.08027157377760255,0.022946382846270486,0.01488194562571088,False,False,ieee30,5,6;1;2;3;4
633,5,0.17675084281609668,0.07984237293425925,0.03459429021528393,0.016547640232542404,False,False,ieee30,5,6;1;2;3;4
634,5,0.1784034642786085,0.08181765224463547,0.03467389397584053,0.009413485793634324,False,False,ieee30,5,6;1;2;3;4
635,5,0.18378760789768633,0.08714454136541921,0.045370802285909284,0.01725420349614759,False,False,ieee30,5,6;1;2;3;4
636,5,0.1837969900812005,0.08710870829306633,0.029946090773450784,0.008732423169809822,False,False,ieee30,5,6;1;2;3;4
637,5,0.18180578233598527,0.08127705927594983,0.030564443930930052,0.008814484540846546,False,False,ieee30,5,6;1;2;3;4
638,5,0.17865868191924647,0.0826180467397121,0.04010010189614399,0.010088835294049803,False,False,ieee30,5,6;1;2;3;4
639,5,0.16758180471190914,0.08196109207870733,0.06020491510839121,0.01951656253125389,False,False,ieee30,5,6;1;2;3;4
640,5,0.12979183909750727,0.06095278434353313,0.01595135866355024,0.0076897278870523555,False,False,ieee30,5,6;1;2;3;4
641,5,0.17989665831439117,0.09348600404161628,0.08572757808751574,0.02420865031854047,False,False,ieee30,5,6;1;2;3;4
642,5,0.23961019404547138,0.12175834258311435,0.06315696946889071,0.022064514767176302,False,False,ieee30,5,6;1;2;3;4
643,5,0.1360765095831618,0.06896280901385082,0.07251639167245849,0.020524913238210152,False,False,ieee30,5,6;1;2;3;4
644,5,0.11887275218364537,0.060372335207599076,0.07316129715228492,0.019379984525332183,False,False,ieee30,5,6;1;2;3;4
645,5,0.00041915314779014494,0.0001514303144961593,0.0014408164533495915,0.00048620230635543216,False,False,ieee30,5,6;1;2;3;4
646,5,0.020609020407828464,0.013474884649767704,0.003755355491707024,0.0008950738309966288,False,False,ieee30,5,6;1;2;3;4
647,5,0.0040524283266837584,0.0021862614804935964,0.002270698881750688,0.0006633788772834048,False,False,ieee30,5,6;1;2;3;4
648,5,0.01086580027565556,0.0063358682155566365,0.001664927422685425,0.0005149265292515581,False,False,ieee30,5,6;1;2;3;4
649,5,0.01796216579640183,0.009470052050870162,0.0025656333043599933,0.0007482523385954343,False,False,ieee30,5,6;1;2;3;4
650,5,0.019131681548741748,0.007434613536668494,0.010435220412724933,0.0037173819819674714,False,False,ieee30,5,6;1;2;3;4
651,5,0.0027200837869355045,0.0010157203068802412,0.0008923713892212692,0.000589709156370466,False,False,ieee30,5,6;1;2;3;4
652,5,0.0038297479492005234,0.0014849329570464642,0.00278058079635779,0.0014966658119685006,False,False,ieee30,5,6;1;2;3;4
653,5,0.002373142738823244,0.0009029826551320563,0.0014908745513341204,0.0004631369885398362,False,False,ieee30,5,6;1;2;3;4
654,5,0.0033996767056427846,0.001305741435271901,0.0016706004275975905,0.0005679870673134246,False,False,ieee30,5,6;1;2;3;4
655,5,0.0014271009538736612,0.000542633011582444,0.002308639023300807,0.0007952332311220722,False,False,ieee30,5,6;1;2;3;4
656,5,0.004061776500018445,0.001550643091567161,0.001772909735953232,0.00048532481530971783,False,False,ieee30,5,6;1;2;3;4
657,5,0.0015856441237576593,0.0005971444838578366,0.0010703883990600405,0.0003585216626069698,False,False,ieee30,5,6;1;2;3;4
658,5,0.0039166593094835285,0.0014881409009954993,0.001738033031520203,0.0004922216526186407,False,False,ieee30,5,6;1;2;3;4
659,5,0.00124554989493042,0.00046450941359973963,0.001474560175696804,0.00047496979626049374,False,False,ieee30,5,6;1;2;3;4
660,5,0.007410525463263011,0.0028472523231714564,0.002027894441935074,0.0005933337755205104,False,False,ieee30,5,6;1;2;3;4
661,5,0.001637516983869972,0.0006223797144056797,0.0015062623070491998,0.0004439184601445767,False,False,ieee30,5,6;1;2;3;4
662,5,0.003956584131594665,0.001530030224163037,0.0010716752898006776,0.0003380839155617821,False,False,ieee30,5,6;1;2;3;4
663,5,0.0018794563213732976,0.0007152066014240455,0.0007370526477687989,0.0002535347231262808,False,False,ieee30,5,6;1;2;3;4
664,5,0.0013946000035703274,0.0005224808180312734,0.013455485524764166,0.005380518431378767,False,False,ieee30,5,6;1;2;3;4
665,5,0.004607946448650275,0.0017372157007575217,0.006886622616001925,0.0033181507004083066,False,False,ieee30,5,6;1;2;3;4
666,5,0.007616430809717394,0.0065699032815958736,0.026519775554372127,0.01001187568551587,False,False,ieee30,5,6;1;2;3;4
667,5,0.002172189090159097,0.0019298832448568955,0.004943908872786562,0.002837781231743053,False,False,ieee30,5,6;1;2;3;4
668,5,0.0011841467270461824,0.0009961839911591386,0.004973118499170481,0.0022001362555051918,False,False,ieee30,5,6;1;2;3;4
669,5,0.005201764282304984,0.004430405191384372,0.00463802782605971,0.0014057892902349378,False,False,ieee30,5,6;1;2;3;4
670,5,0.00479987058783005,0.0022244998614001296,0.016145196234794712,0.0063282762875011,False,False,ieee30,5,6;1;2;3;4
671,5,0.00032704831592609424,0.0001427151896040979,0.001291885311950236,0.000630861368645319,False,False,ieee30,5,6;1;2;3;4
672,5,0.00029200438405596607,0.0001333930463083277,0.0010973602665670379,0.0006960266413996719,False,False,ieee30,5,6;1;2;3;4
673,5,0.0002948536676924997,0.0001230474028704881,0.0019735154628326423,0.0008799051844882166,False,False,ieee30,5,6;1;2;3;4
674,5,0.00029712178359555044,0.00013292453745516325,0.0008411513909485357,0.0005959421519959873,False,False,ieee30,5,6;1;2;3;4
675,5,0.0002944290991578717,0.00012217666302716257,0.0026213394889750274,0.0011036706833617016,False,False,ieee30,5,6;1;2;3;4
676,5,0.0002519269473166535,0.00016263837559826744,0.0008213090791039379,0.0003357387215582319,False,False,ieee30,5,6;1;2;3;4
677,5,0.00038298543042344056,0.00013806201017099728,0.0025825879547037855,0.0011299707887869603,False,False,ieee30,5,6;1;2;3;4
678,5,0.0003005546239457403,0.000168721808122968,0.002005594989484605,0.0009964995854921943,False,False,ieee30,5,6;1;2;3;4
679,5,0.0003966481580714512,0.00013918215901929237,0.0029161835946182046,0.0011704739237915485,False,False,ieee30,5,6;1;2;3;4
680,5,0.00047364698582313264,0.0001946348676259424,0.0006428630164880822,0.00023259464104696814,False,False,ieee30,5,6;1;2;3;4
681,5,0.000356857300941895,0.0001423181216230543,0.004611012088801436,0.001981092575554344,False,False,ieee30,5,6;1;2;3;4
682,5,0.0002970284488952226,0.0001982074565085798,0.0021812586749914153,0.0009964755787581492,False,False,ieee30,5,6;1;2;3;4
683,5,0.00039226490754159897,0.0001848504592682626,0.0012756121290873335,0.0004151001611084615,False,False,ieee30,5,6;1;2;3;4
684,5,0.0004040806137865522,0.0001535160655166054,0.0002779439084203972,0.00012644427315888773,False,False,ieee30,5,6;1;2;3;4
685,5,0.00042304580971101215,0.00018962947730120916,0.0009086660643791156,0.00037608833572966294,False,False,ieee30,5,6;1;2;3;4
686,5,0.11628775588848238,0.053855580874191344,0.006940496896716053,0.003540857718971613,False,False,ieee30,5,6;1;2;3;4
687,5,0.07786920464943367,0.04790747970068865,0.003011115870178549,0.001510296501124997,False,False,ieee30,5,6;1;2;3;4
688,5,0.27768534630424624,0.17803805680199247,0.010911438313571664,0.004589257655300494,False,False,ieee30,5,6;1;2;3;4
689,5,0.2577185350908406,0.16991397278247888,0.058526995829806805,0.04874847603383514,False,False,ieee30,5,6;1;2;3;4
690,5,0.09616430023021608,0.03863376124285196,0.012347502981398861,0.010114573106328129,False,False,ieee30,5,6;1;2;3;4
691,5,0.21032893671130432,0.13278172722763337,0.03829414918756513,0.018570579239491902,False,False,ieee30,5,6;1;2;3;4
692,5,0.1639392372447036,0.09499066425227459,0.016053399335211438,0.01161602566450759,False,False,ieee30,5,6;1;2;3;4
693,5,0.08029064894086771,0.04096943885403578,0.02865494432137594,0.010774239621852422,False,False,ieee30,5,6;1;2;3;4
694,5,0.06294370398587956,0.030379067477397215,0.006474617439468866,0.0024175740306239257,False,False,ieee30,5,6;1;2;3;4
695,5,0.06361673455590644,0.03053787322604193,0.007365909630183354,0.004984512814309228,False,False,ieee30,5,6;1;2;3;4
696,5,0.04140045629833067,0.015366039532829862,0.002411130699611963,0.0010485914607392122,False,False,ieee30,5,6;1;2;3;4
697,5,0.054816768270041887,0.021534755641207354,0.002353774906849737,0.0006464204855659572,False,False,ieee30,5,6;1;2;3;4
698,5,0.03338114580294338,0.012778665209520174,0.005574592580669502,0.0029581298380660925,False,False,ieee30,5,6;1;2;3;4
699,5,0.047166532665284366,0.018168093267992125,0.031361507180473924,0.011622791851034653,False,False,ieee30,5,6;1;2;3;4
700,5,0.06646595302902675,0.02915136594048187,0.006329724428773553,0.0016844424493789312,False,False,ieee30,5,6;1;2;3;4
701,5,0.04819472926227206,0.019280830091040785,0.006357301592343045,0.0015233963281111595,False,False,ieee30,5,6;1;2;3;4
702,5,0.0611606952082457,0.02945102292825566,0.0067647066585100335,0.0016987027598782678,False,False,ieee30,5,6;1;2;3;4
703,5,0.06097730229829663,0.02731182322982245,0.05635409129304647,0.018177494498478275,False,False,ieee30,5,6;1;2;3;4
704,5,0.05977907977554534,0.02695531117963934,0.044103332926571426,0.021921270933025094,False,False,ieee30,5,6;1;2;3;4
705,5,0.06054284756244932,0.027790993626006816,0.03281286121552007,0.021177686831221232,False,False,ieee30,5,6;1;2;3;4
706,5,0.061857885325643326,0.029407289262285752,0.012618052540953273,0.008566407065077164,False,False,ieee30,5,6;1;2;3;4
707,5,0.06191960847243089,0.029420213955640345,0.010657432932652311,0.006540777296375921,False,False,ieee30,5,6;1;2;3;4
708,5,0.061503480730802335,0.027490259860334737,0.008437278215750577,0.0037387343918064975,False,False,ieee30,5,6;1;2;3;4
709,5,0.060665398007521,0.028260000022206216,0.01189083673577973,0.007475684964596829,False,False,ieee30,5,6;1;2;3;4
710,5,0.05979462033881143,0.02951990933727494,0.0390830240350164,0.014907679614134084,False,False,ieee30,5,6;1;2;3;4
711,5,0.045292476208549065,0.021001344240547365,0.02525784663099906,0.013142474023603135,False,False,ieee30,5,6;1;2;3;4
712,5,0.06195990325287624,0.03224092655686936,0.028376538171293042,0.017425328883881264,False,False,ieee30,5,6;1;2;3;4
713,5,0.07514435801074734,0.039101325851197466,0.025373851498203814,0.012465509407766473,False,False,ieee30,5,6;1;2;3;4
714,5,0.04903672458520258,0.024273393399875692,0.04174224012573924,0.02357360732116076,False,False,ieee30,5,6;1;2;3;4
715,5,0.04505866668924185,0.022075224538860183,0.0351808604814291,0.020749267923290127,False,False,ieee30,5,6;1;2;3;4
716,5,0.19880612213398072,0.10200194586475386,0.01018062041547152,0.003954115577772033,False,False,ieee30,5,6;1;2;3;4
717,5,0.13119030414276628,0.07411752398523602,0.008447963079010412,0.0037908345633116403,False,False,ieee30,5,6;1;2;3;4
718,5,0.4620631474883885,0.30745863884746727,0.019549256979029206,0.006958791532547859,False,False,ieee30,5,6;1;2;3;4
719,5,0.4509664164430168,0.309331776632915,0.020641310609676222,0.009742853831231635,False,False,ieee30,5,6;1;2;3;4
720,5,0.15408558238789483,0.06458303055857627,0.027254624009255823,0.023807767037167804,False,False,ieee30,5,6;1;2;3;4
721,5,0.3647828623563616,0.23978606184756335,0.022936080319831187,0.015586205799468345,False,False,ieee30,5,6;1;2;3;4
722,5,0.2700621079177128,0.16218416018873677,0.030636941994038214,0.02574410485895673,False,False,ieee30,5,6;1;2;3;4
723,5,0.12619877080002695,0.06478168266823661,0.04775803760378661,0.03992998884797028,False,False,ieee30,5,6;1;2;3;4
724,5,0.09963014740652304,0.049440131161874096,0.012662089370334195,0.00865005549927822,False,False,ieee30,5,6;1;2;3;4
725,5,0.09713929736726751,0.04614858717435602,0.012330144544022148,0.007113136428767541,False,False,ieee30,5,6;1;2;3;4
726,5,0.05963246040361438,0.023667660595601298,0.00717712463707898,0.00531258514327293,False,False,ieee30,5,6;1;2;3;4
727,5,0.07951634898196386,0.03344210052357746,0.004891510147747025,0.002306075868190205,False,False,ieee30,5,6;1;2;3;4
728,5,0.049291463271802526,0.01960034569682248,0.004630659593180209,0.002607751971121175,False,False,ieee30,5,6;1;2;3;4
729,5,0.08591473727939633,0.03655985572105416,0.008895041338746967,0.0031279429902686395,False,False,ieee30,5,6;1;2;3;4
730,5,0.10084708842414755,0.045036693046306336,0.009086490120709723,0.0030595068584624574,False,False,ieee30,5,6;1;2;3;4
731,5,0.07165696510495634,0.029664670427532985,0.010352361365917218,0.003550795628145531,False,False,ieee30,5,6;1;2;3;4
732,5,0.09614928412953982,0.04533803621114721,0.011541125124885476,0.006230677638562998,False,False,ieee30,5,6;1;2;3;4
733,5,0.09662869434766316,0.04297404399726415,0.01405061433831345,0.0054437939715616945,False,False,ieee30,5,6;1;2;3;4
734,5,0.094500087742286,0.04218688277528723,0.013359459018883135,0.006141398995724745,False,False,ieee30,5,6;1;2;3;4
735,5,0.09475894601140603,0.04278676850305921,0.01379934415981432,0.006693397053816108,False,False,ieee30,5,6;1;2;3;4
736,5,0.0982598195132226,0.04694135607722974,0.01007424138395907,0.004442243448770977,False,False,ieee30,5,6;1;2;3;4
737,5,0.09698918031118806,0.04575861767761383,0.009129221853752423,0.00424892613592609,False,False,ieee30,5,6;1;2;3;4
738,5,0.09701399033696795,0.0432317480536685,0.00952891766995656,0.0032978759436554927,False,False,ieee30,5,6;1;2;3;4
739,5,0.09556611673894233,0.043891609002507465,0.008049400837186083,0.0027420075524020593,False,False,ieee30,5,6;1;2;3;4
740,5,0.09459429216748008,0.04541595235516813,0.009687694571163585,0.0027925942417775795,False,False,ieee30,5,6;1;2;3;4
741,5,0.07333119421032033,0.03264803615326342,0.03852059699571575,0.01874156949895467,False,False,ieee30,5,6;1;2;3;4
742,5,0.09912200151631753,0.05075819603357759,0.00806192000752004,0.0031522448037697437,False,False,ieee30,5,6;1;2;3;4
743,5,0.12584740446600629,0.06466367974922463,0.024134248046088103,0.015232587880909643,False,False,ieee30,5,6;1;2;3;4
744,5,0.0788421303373005,0.03773134152601029,0.016001823375727198,0.0053315988773974254,False,False,ieee30,5,6;1;2;3;4
745,5,0.0715671118117513,0.03405790626840802,0.013858502101325332,0.0045344422308840615,False,False,ieee30,5,6;1;2;3;4
746,5,0.23388977224455468,0.10811084584877967,0.013986363851857364,0.005788549260028142,False,False,ieee30,5,6;1;2;3;4
747,5,0.15691846015826802,0.09566063278860015,0.009276586013840293,0.00450933616843574,False,False,ieee30,5,6;1;2;3;4
748,5,0.5547102814031442,0.3561635801177994,0.022135039572047988,0.009391144578007826,False,False,ieee30,5,6;1;2;3;4
749,5,0.5310237616465616,0.35229768267522443,0.06277610487552265,0.04247300506690066,False,False,ieee30,5,6;1;2;3;4
750,5,0.1928581937257638,0.0777469487158049,0.029613668433588924,0.026136360392171043,False,False,ieee30,5,6;1;2;3;4
751,5,0.4232809002320397,0.26934444154391723,0.03245435053525236,0.016348214812069384,False,False,ieee30,5,6;1;2;3;4
752,5,0.3282051067626723,0.19044128047962983,0.019108721962550534,0.010948850228725715,False,False,ieee30,5,6;1;2;3;4
753,5,0.16046102491854847,0.08167476254438458,0.026447275749156063,0.012184427908731865,False,False,ieee30,5,6;1;2;3;4
754,5,0.12627494395753336,0.061481232773037964,0.009804638050566528,0.003412383087767923,False,False,ieee30,5,6;1;2;3;4
755,5,0.1273381557142345,0.06170901745784871,0.01483571069685119,0.00905607511733797,False,False,ieee30,5,6;1;2;3;4
756,5,0.08213084200777412,0.03048218315915005,0.0034936511042287233,0.0021489533403791228,False,False,ieee30,5,6;1;2;3;4
757,5,0.10931598469759152,0.04293460970651894,0.006335279346076583,0.0036041295385744743,False,False,ieee30,5,6;1;2;3;4
758,5,0.06646784375412751,0.02539691982512024,0.0024189243715124764,0.001061092149718501,False,False,ieee30,5,6;1;2;3;4
759,5,0.10470146258414106,0.04163459677665393,0.04553253977774341,0.02617314579611163,False,False,ieee30,5,6;1;2;3;4
760,5,0.1323522414552311,0.05830771862515824,0.016133419504302138,0.005523894527557527,False,False,ieee30,5,6;1;2;3;4
761,5,0.09542159965262914,0.038193357289887125,0.008762289990180028,0.002248264143981382,False,False,ieee30,5,6;1;2;3;4
762,5,0.12105166534552454,0.058070005337816005,0.011194747484565837,0.0032805662351690357,False,False,ieee30,5,6;1;2;3;4
763,5,0.1214566632280529,0.05438437963827192,0.03487252875738356,0.014098019350574753,False,False,ieee30,5,6;1;2;3;4
764,5,0.11882902390148045,0.053776004920636944,0.04809711033494157,0.015307601255806214,False,False,ieee30,5,6;1;2;3;4
765,5,0.11994943433486263,0.055181150128032014,0.030156549053854342,0.016204853507441275,False,False,ieee30,5,6;1;2;3;4
766,5,0.12287710875156524,0.05829558560873577,0.009975766265536867,0.0032618509381145966,False,False,ieee30,5,6;1;2;3;4
767,5,0.12325832197976508,0.05864997775448269,0.017353738779607886,0.009276881636572254,False,False,ieee30,5,6;1;2;3;4
768,5,0.12125582751351952,0.054492272594046404,0.015912284663339826,0.009578844116521212,False,False,ieee30,5,6;1;2;3;4
769,5,0.1199921546493906,0.055540401192549355,0.023019267921082887,0.016230875773743936,False,False,ieee30,5,6;1;2;3;4
770,5,0.11678819072984074,0.05768356523875234,0.019555795957475364,0.007686284585919356,False,False,ieee30,5,6;1;2;3;4
771,5,0.08849038702923814,0.041522352553101854,0.03388180477623248,0.015272075590477385,False,False,ieee30,5,6;1;2;3;4
772,5,0.12172393931172384,0.06359170450781368,0.019683619342191316,0.0050958544921366755,False,False,ieee30,5,6;1;2;3;4
773,5,0.15566629552953334,0.07990937966304085,0.020612895824855926,0.010311385918050253,False,False,ieee30,5,6;1;2;3;4
774,5,0.09441087313257251,0.0476087422167463,0.03290623390033842,0.01897821414200518,False,False,ieee30,5,6;1;2;3;4
775,5,0.08493866113608006,0.042754261302981045,0.04110603519116496,0.023746150523819565,False,False,ieee30,5,6;1;2;3;4
776,5,0.3529111008125484,0.16301895626577365,0.0273316899907714,0.00998672755427954,False,False,ieee30,5,6;1;2;3;4
777,5,0.23446225598161774,0.14370530888689542,0.020950729340358798,0.007717313927310676,False,False,ieee30,5,6;1;2;3;4
778,5,0.8342302235866352,0.5363746137544927,0.04309333396740345,0.01819485875891047,False,False,ieee30,5,6;1;2;3;4
779,5,0.808209178677271,0.5380704927935167,0.07316212165094771,0.03298958146399955,False,False,ieee30,5,6;1;2;3;4
780,5,0.2902151993253838,0.11719985103093497,0.034527161401443296,0.026535887140368475,False,False,ieee30,5,6;1;2;3;4
781,5,0.6334267030021147,0.40460756321952956,0.040449291259966436,0.017155844549009203,False,False,ieee30,5,6;1;2;3;4
782,5,0.49295906137214107,0.28644757732647846,0.025213342883217305,0.007428824859427308,False,False,ieee30,5,6;1;2;3;4
783,5,0.2402922084928904,0.12208688683400801,0.05794388861324573,0.02885185678071933,False,False,ieee30,5,6;1;2;3;4
784,5,0.19069151390892575,0.09347896685361617,0.02314210779458592,0.006613197170338925,False,False,ieee30,5,6;1;2;3;4
785,5,0.1929984443240019,0.09465001307089718,0.01894349735359735,0.005355937839176206,False,False,ieee30,5,6;1;2;3;4
786,5,0.1228019477823803,0.04545956757456923,0.0033754121700828588,0.0012861321722079655,False,False,ieee30,5,6;1;2;3;4
787,5,0.1638310738110556,0.06424658639882316,0.007314567161656904,0.0021174785221007575,False,False,ieee30,5,6;1;2;3;4
788,5,0.09960171352756833,0.03797605578260657,0.0038958994995056395,0.002012413821356196,False,False,ieee30,5,6;1;2;3;4
789,5,0.1618250196915522,0.06493415019475968,0.022845233274302545,0.010623394670323472,False,False,ieee30,5,6;1;2;3;4
790,5,0.1977892951137707,0.08679827338118565,0.0228307056409206,0.006381826311826044,False,False,ieee30,5,6;1;2;3;4
791,5,0.14221801781799143,0.05682590949407437,0.013517693864346647,0.003362054459685071,False,False,ieee30,5,6;1;2;3;4
792,5,0.1804457943479902,0.08617222490563584,0.020700734634487516,0.0051445910631582326,False,False,ieee30,5,6;1;2;3;4
793,5,0.1800690497536143,0.08036622015826939,0.028483205132604383,0.01107679812635698,False,False,ieee30,5,6;1;2;3;4
794,5,0.17691042082341824,0.0799287096779926,0.03676721128604021,0.012052858783213272,False,False,ieee30,5,6;1;2;3;4
795,5,0.17856723276763398,0.08190723141890657,0.04097771400397732,0.019132765561952647,False,False,ieee30,5,6;1;2;3;4
796,5,0.18393295517706948,0.0872254864241464,0.0268449038904367,0.009641164348250575,False,False,ieee30,5,6;1;2;3;4
797,5,0.18394197661896966,0.08718938133452067,0.02404235843412572,0.006765412520975289,False,False,ieee30,5,6;1;2;3;4
798,5,0.18195070310655637,0.08135671564096356,0.023956698080664585,0.005846294278222697,False,False,ieee30,5,6;1;2;3;4
799,5,0.17879110543871304,0.08269051008211245,0.03661537828411332,0.01657128936165908,False,False,ieee30,5,6;1;2;3;4
800,5,0.16768505325491273,0.08201790642500972,0.04496579457779326,0.013156664081838021,False,False,ieee30,5,6;1;2;3;4
801,5,0.13024146239458084,0.061122073937685234,0.14349884333807605,0.06419216211444456,False,False,ieee30,5,6;1;2;3;4
802,5,0.1800264646900232,0.0935618722767145,0.07634077542046025,0.020257724993826387,False,False,ieee30,5,6;1;2;3;4
803,5,0.23975738988548465,0.12183683064528977,0.05286908099527943,0.017775600502972,False,False,ieee30,5,6;1;2;3;4
804,5,0.1361394162925233,0.06898703368617495,0.06171271641814924,0.016052645783874553,False,False,ieee30,5,6;1;2;3;4
805,5,0.11905599938257042,0.06046564718330927,0.06380680578207776,0.01689195373688157,False,False,ieee30,5,6;1;2;3;4
806,5,4.617270193791115e-05,2.460133284962196e-05,0.0059062377982027625,0.0023954491841655656,False,False,ieee30,5,6;1;2;3;4
807,5,0.02049381913629266,0.013653092580688725,0.011324530213841055,0.004148226943849975,False,False,ieee30,5,6;1;2;3;4
808,5,0.003586945593686464,0.0021869088091037037,0.011003285977372324,0.004394126362292083,False,False,ieee30,5,6;1;2;3;4
809,5,0.0103975531707921,0.006337679556334963,0.0070264982466733406,0.0025988016942102288,False,False,ieee30,5,6;1;2;3;4
810,5,0.017777099064537505,0.009613254303331202,0.007979069484322254,0.002540599484505357,False,False,ieee30,5,6;1;2;3;4
811,5,0.018672321246963344,0.007261672611663744,0.013925689066816349,0.005244244348395211,False,False,ieee30,5,6;1;2;3;4
812,5,0.0022545623949350568,0.0008391274652918002,0.00943299622490057,0.00395612797356415,False,False,ieee30,5,6;1;2;3;4
813,5,0.003365175447271447,0.0013089243773512504,0.008214202726735897,0.003187830077868603,False,False,ieee30,5,6;1;2;3;4
814,5,0.0019041326888808597,0.0007257056239192705,0.008785855322653191,0.0035216057518477895,False,False,ieee30,5,6;1;2;3;4
815,5,0.002926448220151987,0.0011280316187423367,0.006367234808714595,0.002600013611808394,False,False,ieee30,5,6;1;2;3;4
816,5,0.0009596688511090863,0.0003653072617921804,0.010105986128576938,0.004203632530314971,False,False,ieee30,5,6;1;2;3;4
817,5,0.0035940354002254194,0.0013736654195809772,0.008218677957720355,0.003089742282540997,False,False,ieee30,5,6;1;2;3;4
818,5,0.0011137472363784498,0.0004181029391478186,0.006229127602993434,0.002510643777863697,False,False,ieee30,5,6;1;2;3;4
819,5,0.003446445569383177,0.0013113176858348952,0.007113856068508562,0.0028663538980117087,False,False,ieee30,5,6;1;2;3;4
820,5,0.0007676830009654256,0.00028287945489649524,0.004571262890342931,0.001782829828099075,False,False,ieee30,5,6;1;2;3;4
821,5,0.0069440346224234496,0.0026731623205496213,0.007120535286024965,0.00240607648137825,False,False,ieee30,5,6;1;2;3;4
822,5,0.0011637960680019755,0.00044494101075837067,0.007430860937126749,0.002997203959398842,False,False,ieee30,5,6;1;2;3;4
823,5,0.00347972100919975,0.0013484336030153699,0.01001726802100067,0.0038891012101186506,False,False,ieee30,5,6;1;2;3;4
824,5,0.0014065077322527146,0.0005371339200428982,0.008790550745059189,0.003599078034447256,False,False,ieee30,5,6;1;2;3;4
825,5,0.000996192732311203,0.00036425851282745336,0.008336165528813444,0.003373191711342427,False,False,ieee30,5,6;1;2;3;4
826,5,0.004242165899340691,0.0016036635304375602,0.009194594182107663,0.0035510725241238994,False,False,ieee30,5,6;1;2;3;4
827,5,0.007739074986224993,0.006394701849777029,0.025342227163594022,0.009947119708242247,False,False,ieee30,5,6;1;2;3;4
828,5,0.002164083748477626,0.0019322883037057679,0.0045559345253600725,0.0024749475239866925,False,False,ieee30,5,6;1;2;3;4
829,5,0.0012797014564414778,0.0009967353393609407,0.004811638505750948,0.001638082992938994,False,False,ieee30,5,6;1;2;3;4
830,5,0.005660917450847337,0.004562159068095942,0.0030559519933979207,0.0007539749485176994,False,False,ieee30,5,6;1;2;3;4
831,5,0.005236973415957594,0.002344828441833993,0.0052299438958204325,0.00161502303707739,False,False,ieee30,5,6;1;2;3;4
832,5,0.00015895078073864533,7.891905912377206e-05,0.002717645431877802,0.0012524792643200389,False,False,ieee30,5,6;1;2;3;4
833,5,0.0006560682689247272,0.00028514033541621187,0.0029623094434462205,0.0016052966599660046,False,False,ieee30,5,6;1;2;3;4
834,5,0.00017960842750901207,7.942709222286126e-05,0.0034533116927074614,0.0014951953337086765,False,False,ieee30,5,6;1;2;3;4
835,5,0.00018618111306714646,9.018268219973535e-05,0.0026128539458770694,0.001434805872390199,False,False,ieee30,5,6;1;2;3;4
836,5,0.0001818461382929338,8.08194207647106e-05,0.005543434851880358,0.0023231972401046574,False,False,ieee30,5,6;1;2;3;4
837,5,0.00039206242624553744,0.00019751950078505942,0.002271716894700404,0.0007999398672178248,False,False,ieee30,5,6;1;2;3;4
838,5,8.503718094668433e-05,4.157225751089122e-05,0.00470552382859768,0.001943960897469954,False,False,ieee30,5,6;1;2;3;4
839,5,0.0002445357661188391,0.0001116418941318198,0.004044290367381076,0.0017744772250365415,False,False,ieee30,5,6;1;2;3;4
840,5,7.239673901725426e-05,3.6544160310153506e-05,0.005291002239759979,0.0020539832328547725,False,False,ieee30,5,6;1;2;3;4
841,5,0.000670433154185154,0.0003397309686339889,0.013296142824170687,0.0057920479840223305,False,False,ieee30,5,6;1;2;3;4
842,5,0.00012662059025391088,6.111717494983182e-05,0.0037883153738634823,0.0015573629338598849,False,False,ieee30,5,6;1;2;3;4
843,5,0.00043869067012043163,0.0002069743266671642,0.0034314799847989796,0.0016264989248717665,False,False,ieee30,5,6;1;2;3;4
844,5,0.00018841466985862476,7.06078384901665e-05,0.011129009850658234,0.0043699836358174204,False,False,ieee30,5,6;1;2;3;4
845,5,8.126257588813787e-05,3.412425522986151e-05,0.00027058150699621475,0.00011601221158008546,False,False,ieee30,5,6;1;2;3;4
846,5,0.00018810550760653758,0.00010026072851673784,0.004245515811408529,0.0017379961089752927,False,False,ieee30,5,6;1;2;3;4
847,5,0.11609166928336241,0.05397797047610925,0.011265666198080226,0.0032324062691272415,False,False,ieee30,5,6;1;2;3;4
848,5,0.07769939266270537,0.04775711499551438,0.01197590251761771,0.004044854459905767,False,False,ieee30,5,6;1;2;3;4
849,5,0.27727744110741726,0.17804230469682802,0.018633637875429376,0.006078155128894647,False,False,ieee30,5,6;1;2;3;4
850,5,0.2573150531656311,0.1699196164335779,0.059131620628163906,0.044748450822318264,False,False,ieee30,5,6;1;2;3;4
851,5,0.09597338952302323,0.038771584061612664,0.01306094266984359,0.0073472728035990365,False,False,ieee30,5,6;1;2;3;4
852,5,0.21013551077796683,0.13292138883861476,0.0346003103314686,0.020155810645363537,False,False,ieee30,5,6;1;2;3;4
853,5,0.163752539427581,0.09513302386534228,0.017242599729233032,0.008149014125706011,False,False,ieee30,5,6;1;2;3;4
854,5,0.08003992872376561,0.040792866891500246,0.0249387045871009,0.009309917186634431,False,False,ieee30,5,6;1;2;3;4
855,5,0.06253325977495011,0.030202034963691393,0.011111801873763816,0.0032242962726807267,False,False,ieee30,5,6;1;2;3;4
856,5,0.06320404612874549,0.030360672815785195,0.008843112960127297,0.003011943532173822,False,False,ieee30,5,6;1;2;3;4
857,5,0.04094048140719801,0.015189310935666361,0.012795400907818277,0.005403026793078802,False,False,ieee30,5,6;1;2;3;4
858,5,0.05435109892218334,0.021357906102448032,0.01284655955521563,0.00515065793823688,False,False,ieee30,5,6;1;2;3;4
859,5,0.03291085890167671,0.012601540084218238,0.009684160449168422,0.004803741044233756,False,False,ieee30,5,6;1;2;3;4
860,5,0.0466973961481216,0.01799170991117552,0.02362334307088454,0.010208796008345566,False,False,ieee30,5,6;1;2;3;4
861,5,0.06604629289772754,0.028973881172058957,0.015693998051853897,0.004227070780446929,False,False,ieee30,5,6;1;2;3;4
862,5,0.047734692057652385,0.01910386702352826,0.00953037439496518,0.0030941906745272085,False,False,ieee30,5,6;1;2;3;4
863,5,0.06074372755914573,0.02927353962631432,0.016499374732397376,0.004284296970049728,False,False,ieee30,5,6;1;2;3;4
864,5,0.060554757476756677,0.02713470584569108,0.05939345108645555,0.017186740393509647,False,False,ieee30,5,6;1;2;3;4
865,5,0.059358327613517836,0.026778273213518666,0.05064502801567827,0.021557012961536448,False,False,ieee30,5,6;1;2;3;4
866,5,0.06012360796365444,0.027613844845596702,0.03356374139416929,0.018508510668782452,False,False,ieee30,5,6;1;2;3;4
867,5,0.06144277796658754,0.02923015136648796,0.021249798524958674,0.012171283749764839,False,False,ieee30,5,6;1;2;3;4
868,5,0.06150404617596002,0.029242948154343085,0.011691747548565834,0.0028708638555025034,False,False,ieee30,5,6;1;2;3;4
869,5,0.0610812079037908,0.027312953555170216,0.009499283480414733,0.002754533319859198,False,False,ieee30,5,6;1;2;3;4
870,5,0.06024219184755155,0.028081796097426615,0.009467205161538206,0.0022040657615813863,False,False,ieee30,5,6;1;2;3;4
871,5,0.059355790861758864,0.029337522956678214,0.016021113679487997,0.006899079185364587,False,False,ieee30,5,6;1;2;3;4
872,5,0.044897064630475436,0.020866501639076634,0.04719960908777132,0.017788939001307957,False,False,ieee30,5,6;1;2;3;4
873,5,0.06151612797427169,0.03205518119394496,0.014536033483504629,0.009519987667835128,False,False,ieee30,5,6;1;2;3;4
874,5,0.07489602281778478,0.03892455235501771,0.035883414477764,0.015619449143053465,False,False,ieee30,5,6;1;2;3;4
875,5,0.04857758684490639,0.024088613122878244,0.013718022360181936,0.008993256333230448,False,False,ieee30,5,6;1;2;3;4
876,5,0.04462266088431118,0.021898438795111497,0.021376841994230178,0.013401627494629476,False,False,ieee30,5,6;1;2;3;4
877,5,0.19862803119044792,0.10212894470856576,0.01724549936749109,0.006029381443462434,False,False,ieee30,5,6;1;2;3;4
878,5,0.13098140827477606,0.0739677751691431,0.016792881666941817,0.006382967124124561,False,False,ieee30,5,6;1;2;3;4
879,5,0.4616742896909859,0.3074664471663514,0.03426625414496509,0.013622178412873165,False,False,ieee30,5,6;1;2;3;4
880,5,0.4505884380686909,0.3093405377397596,0.034974379532986766,0.015982592571531118,False,False,ieee30,5,6;1;2;3;4
881,5,0.15389426777958448,0.06471662953368779,0.027469204073983455,0.019149937811401063,False,False,ieee30,5,6;1;2;3;4
882,5,0.36460486496152933,0.23993623893350968,0.03495312871976841,0.02048361473801452,False,False,ieee30,5,6;1;2;3;4
883,5,0.2698744492420172,0.1623251286331139,0.03308605460354086,0.020185454616005183,False,False,ieee30,5,6;1;2;3;4
884,5,0.12591229936342732,0.06460394924043794,0.06175379157967764,0.0457007139435851,False,False,ieee30,5,6;1;2;3;4
885,5,0.09923798984849268,0.049261591778841485,0.027662370044971962,0.01577060966337207,False,False,ieee30,5,6;1;2;3;4
886,5,0.09674207784282687,0.045968272864645554,0.03170235005799804,0.01593228961749471,False,False,ieee30,5,6;1;2;3;4
887,5,0.059181367191917744,0.023491113891623616,0.0175651335209831,0.00988281758004017,False,False,ieee30,5,6;1;2;3;4
888,5,0.07906989913081225,0.03326637486619216,0.017289755198752643,0.007726520059448516,False,False,ieee30,5,6;1;2;3;4
889,5,0.048827316943713124,0.019423988829488315,0.014024353454421767,0.006585743871966865,False,False,ieee30,5,6;1;2;3;4
890,5,0.08547006294840266,0.036383349331705284,0.02147085235279944,0.008481335165274273,False,False,ieee30,5,6;1;2;3;4
891,5,0.10042578929454254,0.04485888773863822,0.02559888178998393,0.010123344829239045,False,False,ieee30,5,6;1;2;3;4
892,5,0.07119928594264519,0.029488662095755902,0.021451241517798647,0.008313780886344047,False,False,ieee30,5,6;1;2;3;4
893,5,0.09575489286639335,0.04515938972941941,0.029586980286478548,0.014728173456517668,False,False,ieee30,5,6;1;2;3;4
894,5,0.09621344369996453,0.042795863943462464,0.029019428085976573,0.011773537193093153,False,False,ieee30,5,6;1;2;3;4
895,5,0.09408956648074199,0.042009060188888114,0.02859266565635965,0.012557799444450346,False,False,ieee30,5,6;1;2;3;4
896,5,0.09435458330596243,0.04260857214382335,0.029434908479140875,0.013268457047652116,False,False,ieee30,5,6;1;2;3;4
897,5,0.09786221308619039,0.04676030925934466,0.02931482279531894,0.01402406091586128,False,False,ieee30,5,6;1;2;3;4
898,5,0.09658806015098635,0.04557835104742097,0.018121081632524794,0.004375150638699643,False,False,ieee30,5,6;1;2;3;4
899,5,0.09659141295447503,0.04305107588283463,0.022786840230760053,0.007733354006676518,False,False,ieee30,5,6;1;2;3;4
900,5,0.09515467950285246,0.04370925017816357,0.019373155824685462,0.005881718494069599,False,False,ieee30,5,6;1;2;3;4
901,5,0.09419171054849212,0.04522926738723826,0.018210368465212068,0.004683703460428346,False,False,ieee30,5,6;1;2;3;4
902,5,0.07289075925130473,0.03246566719298788,0.009366471645846808,0.002915590417322478,False,False,ieee30,5,6;1;2;3;4
903,5,0.09870681384289344,0.050563396700040175,0.022503579836642307,0.007174433304945382,False,False,ieee30,5,6;1;2;3;4
904,5,0.12556146200077506,0.06448568287514017,0.03623828888389036,0.020125652060607457,False,False,ieee30,5,6;1;2;3;4
905,5,0.07842083930877877,0.037544912060038016,0.012636383912097537,0.0035695980672948435,False,False,ieee30,5,6;1;2;3;4
906,5,0.07184827825251117,0.034148728986423904,0.07667360080026298,0.03357917828892287,False,False,ieee30,5,6;1;2;3;4
907,5,0.23366301008258225,0.10820362617227208,0.016517075471482734,0.006084341910718938,False,False,ieee30,5,6;1;2;3;4
908,5,0.15668092170966935,0.09550955405366945,0.015821601319929823,0.004954647150355318,False,False,ieee30,5,6;1;2;3;4
909,5,0.5543607226452749,0.35617135090817725,0.037714902515093685,0.011874197248435081,False,False,ieee30,5,6;1;2;3;4
910,5,0.530676220619603,0.35230614152421946,0.06167070178268186,0.03446543845552941,False,False,ieee30,5,6;1;2;3;4
911,5,0.1926692499119657,0.0778853311559757,0.030161626727242763,0.021399462901460997,False,False,ieee30,5,6;1;2;3;4
912,5,0.4230895348431808,0.26949272784051403,0.031983449792409746,0.018859293617363937,False,False,ieee30,5,6;1;2;3;4
913,5,0.3280224828323663,0.19058850236539526,0.021339997972316782,0.0054705792857170366,False,False,ieee30,5,6;1;2;3;4
914,5,0.160143482742455,0.0814939992207423,0.035754355996691634,0.018758135922318675,False,False,ieee30,5,6;1;2;3;4
915,5,0.1259138020687286,0.061300376071207585,0.02287506489844826,0.006778574088311173,False,False,ieee30,5,6;1;2;3;4
916,5,0.12697135729956507,0.061526258485130825,0.019864065768744665,0.005935475122435641,False,False,ieee30,5,6;1;2;3;4
917,5,0.08167869432102337,0.030305364500481352,0.014883877692649317,0.006849005060898472,False,False,ieee30,5,6;1;2;3;4
918,5,0.10886803280727045,0.04275801542947416,0.020363095169309342,0.009782880979660291,False,False,ieee30,5,6;1;2;3;4
919,5,0.06599825296976022,0.025220577628432966,0.012733518972512736,0.005544795632159816,False,False,ieee30,5,6;1;2;3;4
920,5,0.10425815051290603,0.04145805664965893,0.04096890472373271,0.02014881646357869,False,False,ieee30,5,6;1;2;3;4
921,5,0.13197780350337554,0.05812801674963669,0.021950516434297462,0.0067496281947704295,False,False,ieee30,5,6;1;2;3;4
922,5,0.0949752580238997,0.038017243092962255,0.020058195471195583,0.005452650730299213,False,False,ieee30,5,6;1;2;3;4
923,5,0.12068639733228007,0.05789211626467236,0.024010279116294164,0.005599374684864267,False,False,ieee30,5,6;1;2;3;4
924,5,0.1210733543833197,0.05420472786216937,0.04166429744767097,0.011827950300678292,False,False,ieee30,5,6;1;2;3;4
925,5,0.11845137215096105,0.0535979150171465,0.048074709663395,0.01817348846464062,False,False,ieee30,5,6;1;2;3;4
926,5,0.11957624204255533,0.05500296484863415,0.03893722070117589,0.01278003936425609,False,False,ieee30,5,6;1;2;3;4
927,5,0.12250477553997048,0.05811351327823086,0.031029891189603975,0.014271721997446862,False,False,ieee30,5,6;1;2;3;4
928,5,0.12288488783093429,0.058467459651681375,0.018177564447989347,0.004762579231538777,False,False,ieee30,5,6;1;2;3;4
929,5,0.12086669271679848,0.05431079987180132,0.021423025293353493,0.005645778535475099,False,False,ieee30,5,6;1;2;3;4
930,5,0.11960420125384741,0.055354722220670116,0.021953808821656873,0.006779739971635612,False,False,ieee30,5,6;1;2;3;4
931,5,0.11636245168539461,0.05748345337706831,0.04243595275052392,0.019260605499645478,False,False,ieee30,5,6;1;2;3;4
932,5,0.08795854347318932,0.041337010305890404,0.03907913034094168,0.022541414151350136,False,False,ieee30,5,6;1;2;3;4
933,5,0.12133735110595076,0.06340109802692134,0.02261383152326779,0.005757155423564031,False,False,ieee30,5,6;1;2;3;4
934,5,0.1553489343830565,0.07972778005706802,0.03257044637572504,0.013782576811241398,False,False,ieee30,5,6;1;2;3;4
935,5,0.0939561191107442,0.04740756121807976,0.02066639979943774,0.0049216038272632545,False,False,ieee30,5,6;1;2;3;4
936,5,0.08465938000863404,0.04261664135312776,0.037749308505671264,0.021953700148376165,False,False,ieee30,5,6;1;2;3;4
937,5,0.35265363754410783,0.16308143267348502,0.02486333675695096,0.009944564801269595,False,False,ieee30,5,6;1;2;3;4
938,5,0.2341660647627942,0.14355267890261963,0.020816558364207483,0.00792598410303691,False,False,ieee30,5,6;1;2;3;4
939,5,0.8339430975280752,0.5363857467442702,0.05142721937528938,0.018984497856691762,False,False,ieee30,5,6;1;2;3;4
940,5,0.8079265785808131,0.5380823757885095,0.07200160205922912,0.029601365975582827,False,False,ieee30,5,6;1;2;3;4
941,5,0.290025230888454,0.11734132096985003,0.03079342137672414,0.01876816904566503,False,False,ieee30,5,6;1;2;3;4
942,5,0.6332415622348069,0.4047609665960378,0.04433317303444573,0.017939261977731435,False,False,ieee30,5,6;1;2;3;4
943,5,0.4927797192365709,0.28659753211619754,0.027061456754344015,0.007798240079832319,False,False,ieee30,5,6;1;2;3;4
944,5,0.23993246068185828,0.12191365552560796,0.06418194610519046,0.031253055093249604,False,False,ieee30,5,6;1;2;3;4
945,5,0.19039059790254048,0.09330115269709904,0.04063798937160534,0.01419907483657934,False,False,ieee30,5,6;1;2;3;4
946,5,0.19269903711403502,0.09447548516639537,0.03460621218841109,0.008254941915189384,False,False,ieee30,5,6;1;2;3;4
947,5,0.12235280187333344,0.045281772913251556,0.01564842673829403,0.005955091577925842,False,False,ieee30,5,6;1;2;3;4
948,5,0.16339357372853341,0.06406822612447377,0.020268426206645263,0.00551762747208262,False,False,ieee30,5,6;1;2;3;4
949,5,0.09912714319308712,0.037798466441361284,0.010092511877507482,0.0028027802207686303,False,False,ieee30,5,6;1;2;3;4
950,5,0.16140725599456696,0.06475631105739463,0.013472229233428501,0.006628104914018884,False,False,ieee30,5,6;1;2;3;4
951,5,0.19746259066127458,0.08661925863674363,0.03710095189930773,0.010301855836172602,False,False,ieee30,5,6;1;2;3;4
952,5,0.1417785303079552,0.05664878285245725,0.025188964361284705,0.0064952686670904924,False,False,ieee30,5,6;1;2;3;4
953,5,0.18013022511918705,0.08599549773197959,0.031571934731940754,0.0076833419059778585,False,False,ieee30,5,6;1;2;3;4
954,5,0.17972627417639062,0.08018513955405318,0.023125021175323446,0.012226181369023537,False,False,ieee30,5,6;1;2;3;4
955,5,0.17658388597656413,0.07975418373594384,0.035312531375466416,0.015333580105385769,False,False,ieee30,5,6;1;2;3;4
956,5,0.17824131993198414,0.08172970797101103,0.03630830802853302,0.011559435480202218,False,False,ieee30,5,6;1;2;3;4
957,5,0.18362487909736697,0.0870506278481292,0.04439084594190568,0.017077087979831762,False,False,ieee30,5,6;1;2;3;4
958,5,0.1836327013737028,0.08701403682951386,0.02853606449992596,0.008294497312829607,False,False,ieee30,5,6;1;2;3;4
959,5,0.18162041103274743,0.08118141896575909,0.030852588180529827,0.008697845778577129,False,False,ieee30,5,6;1;2;3;4
960,5,0.17848224230622362,0.08252158577304786,0.03850384286015296,0.010300814446965845,False,False,ieee30,5,6;1;2;3;4
961,5,0.1673447710591633,0.08183763340769082,0.0643358535634665,0.0219654257583608,False,False,ieee30,5,6;1;2;3;4
962,5,0.12953791981984614,0.06088341938795802,0.05205264465445092,0.024955821875008333,False,False,ieee30,5,6;1;2;3;4
963,5,0.1796643252487579,0.09335055216211324,0.08025844744989996,0.022003271220595533,False,False,ieee30,5,6;1;2;3;4
964,5,0.23939417423193615,0.12166250425932237,0.05756898728978388,0.01991268862428608,False,False,ieee30,5,6;1;2;3;4
965,5,0.1359168942731161,0.06887174361967535,0.05648443292313843,0.01385871071374567,False,False,ieee30,5,6;1;2;3;4
966,5,0.11873895343257751,0.06029839649233659,0.06760262433950914,0.017900170212053035,False,False,ieee30,5,6;1;2;3;4
967,5,5.397899287845273e-05,2.0235690735448397e-05,0.005532499808062696,0.0020345869071424216,False,False,ieee30,5,6;1;2;3;4
968,5,0.02047443038373086,0.013644865572435633,0.011502765981542096,0.004164579439112082,False,False,ieee30,5,6;1;2;3;4
969,5,0.0035396078723252886,0.0021867141539330323,0.006034774046401847,0.0022777491849076403,False,False,ieee30,5,6;1;2;3;4
970,5,0.01039559846772075,0.006336899641363435,0.008970402960881918,0.0034406061095684226,False,False,ieee30,5,6;1;2;3;4
971,5,0.017781696189741666,0.009615157211549367,0.01054628285688386,0.003616925813136107,False,False,ieee30,5,6;1;2;3;4
972,5,0.018663150141854584,0.007265833288430806,0.017407920591332338,0.00674687545943764,False,False,ieee30,5,6;1;2;3;4
973,5,0.002240911611588523,0.000842873534794758,0.004923909333319765,0.0018519716245203321,False,False,ieee30,5,6;1;2;3;4
974,5,0.003330771282529439,0.0013063345249592073,0.008559353870180919,0.0033095566078851224,False,False,ieee30,5,6;1;2;3;4
975,5,0.0018878936812148327,0.0007298433703946117,0.008236732469525831,0.0032040285275398706,False,False,ieee30,5,6;1;2;3;4
976,5,0.0029223238964708343,0.0011354817831945585,0.009150298177430405,0.003772834179019302,False,False,ieee30,5,6;1;2;3;4
977,5,0.0009251646578982073,0.0003631070321826746,0.007270788011395024,0.00292023144007858,False,False,ieee30,5,6;1;2;3;4
978,5,0.0035569680602963727,0.0013700214842727598,0.008261049968349865,0.003149871872250909,False,False,ieee30,5,6;1;2;3;4
979,5,0.0011106387545636882,0.00042618501557797894,0.004637498249494332,0.0017144741945022135,False,False,ieee30,5,6;1;2;3;4
980,5,0.003448403105011025,0.001321058648129786,0.009386903422003101,0.0038101537822204934,False,False,ieee30,5,6;1;2;3;4
981,5,0.0007713743091210899,0.00029379697133546934,0.004645219319545091,0.0017845672394858347,False,False,ieee30,5,6;1;2;3;4
982,5,0.006947510617152085,0.00268162799709204,0.01066783804273963,0.003927715484027261,False,False,ieee30,5,6;1;2;3;4
983,5,0.0011256322668130037,0.0004386557068587482,0.011142355283611627,0.004545100707301075,False,False,ieee30,5,6;1;2;3;4
984,5,0.0034932616344800996,0.0013635824114748007,0.004080685644888615,0.0012580563662805133,False,False,ieee30,5,6;1;2;3;4
985,5,0.0014538793937122641,0.0005630365912803748,0.005749952007669146,0.002158652978939135,False,False,ieee30,5,6;1;2;3;4
986,5,0.0009532031059589462,0.0003567993019804039,0.007523096897684489,0.002981462200650209,False,False,ieee30,5,6;1;2;3;4
987,5,0.00414340313099186,0.0015674683034116454,0.006463750507893606,0.0024411640229560216,False,False,ieee30,5,6;1;2;3;4
988,5,0.007749901233634185,0.006408454149068321,0.021066843540855196,0.009685419940643425,False,False,ieee30,5,6;1;2;3;4
989,5,0.0021844683805837574,0.0019331436900479025,0.004668649768433175,0.0026158139290798355,False,False,ieee30,5,6;1;2;3;4
990,5,0.0012869164586498602,0.0009964707022798863,0.004893449439308917,0.0019913750821181075,False,False,ieee30,5,6;1;2;3;4
991,5,0.005687129702795873,0.004570118112407297,0.0034899356230171374,0.0009226496039226317,False,False,ieee30,5,6;1;2;3;4
992,5,0.005275313802167669,0.0023647385196915033,0.015455026639317082,0.0060556428258411454,False,False,ieee30,5,6;1;2;3;4
993,5,0.0001579589338030346,8.584094631275407e-05,0.001919889597734814,0.0008985666934719916,False,False,ieee30,5,6;1;2;3;4
994,5,0.0006457057192603595,0.0002869474837338126,0.005892350467499807,0.0028837255715802312,False,False,ieee30,5,6;1;2;3;4
995,5,0.00015885867690123255,7.600604549629075e-05,0.007555997416782589,0.0032949645250400783,False,False,ieee30,5,6;1;2;3;4
996,5,0.00021335964994235491,0.00010389867730936642,0.005567316052093485,0.0026777696002644458,False,False,ieee30,5,6;1;2;3;4
997,5,0.00017618522016485567,8.079768958152433e-05,0.007682205386637553,0.00324950356974818,False,False,ieee30,5,6;1;2;3;4
998,5,0.00038517847277167935,0.00020165010512190884,0.005781303772270041,0.002117034502780335,False,False,ieee30,5,6;1;2;3;4
999,5,9.55613589422033e-05,4.8119913325095354e-05,0.003437720507205144,0.0014182142839597178,False,False,ieee30,5,6;1;2;3;4
1000,5,0.0002482315463162785,0.00012485631868019986,0.007290143959743034,0.003231923329875097,False,False,ieee30,5,6;1;2;3;4
1001,5,7.881193839067054e-05,4.0483760974097116e-05,0.003771978903614137,0.001446304150539257,False,False,ieee30,5,6;1;2;3;4
1002,5,0.0006629238849845502,0.0003532099920545151,0.0010872819409923906,0.0003923990444880676,False,False,ieee30,5,6;1;2;3;4
1003,5,0.00012608806478471395,6.701070685372068e-05,0.002909706640044085,0.0011948631816401933,False,False,ieee30,5,6;1;2;3;4
1004,5,0.0004324895039898389,0.00020680978345144485,0.004432314981027807,0.0020314996888948222,False,False,ieee30,5,6;1;2;3;4
1005,5,0.00020059867610281584,8.737408214254394e-05,0.00231445463470481,0.0008412231750551946,False,False,ieee30,5,6;1;2;3;4
1006,5,0.000102704202499743,5.131834465871288e-05,0.0040227857938078815,0.0016543373101132186,False,False,ieee30,5,6;1;2;3;4
1007,5,0.0001543791296349968,6.50357922056255e-05,0.0007514939024563239,0.0003251681403808604,False,False,ieee30,5,6;1;2;3;4
1008,5,0.116088863790939,0.053982519026879894,0.00814758283680117,0.0029136302784452672,False,False,ieee30,5,6;1;2;3;4
1009,5,0.07766133494252345,0.04774673519065675,0.009116011887439268,0.0025727028360096327,False,False,ieee30,5,6;1;2;3;4
1010,5,0.2772733322237203,0.17804112067317812,0.018608968098555723,0.00616444867351873,False,False,ieee30,5,6;1;2;3;4
1011,5,0.2573067082516219,0.16991738945483864,0.059296304922122234,0.04536098968191915,False,False,ieee30,5,6;1;2;3;4
1012,5,0.0959776694274898,0.0387809397544898,0.014485096270916431,0.00462099257335935,False,False,ieee30,5,6;1;2;3;4
1013,5,0.2101370994835331,0.13292547581534314,0.034971005592302595,0.020059111282238362,False,False,ieee30,5,6;1;2;3;4
1014,5,0.1637591981223913,0.0951374667563851,0.017323346655270577,0.008695048777309644,False,False,ieee30,5,6;1;2;3;4
1015,5,0.08004292077511682,0.040801433646006385,0.024797727651797774,0.00936069927565264,False,False,ieee30,5,6;1;2;3;4
1016,5,0.06251499757143789,0.03020018303266389,0.008626572246499098,0.0027175556084215735,False,False,ieee30,5,6;1;2;3;4
1017,5,0.06318926974968303,0.030359789877101168,0.009248455106392384,0.0034494937073250576,False,False,ieee30,5,6;1;2;3;4
1018,5,0.04094075464842105,0.015198649613599041,0.011125457085740975,0.004601868144948118,False,False,ieee30,5,6;1;2;3;4
1019,5,0.05431781556082122,0.02135576465652325,0.009425331349762645,0.0035823229220969255,False,False,ieee30,5,6;1;2;3;4
1020,5,0.0329137003385596,0.012612652246163564,0.013121573471773118,0.006175691130945182,False,False,ieee30,5,6;1;2;3;4
1021,5,0.046695526233707506,0.01800110135541569,0.02378731599899775,0.010175647119517905,False,False,ieee30,5,6;1;2;3;4
1022,5,0.06604802292479492,0.02898281071390743,0.01562400835646316,0.004109500665705035,False,False,ieee30,5,6;1;2;3;4
1023,5,0.04772011819050447,0.01910887014970561,0.010718257448416035,0.0034250040234369283,False,False,ieee30,5,6;1;2;3;4
1024,5,0.06073881844457147,0.02927922384354703,0.013723714530186726,0.003572223243021755,False,False,ieee30,5,6;1;2;3;4
1025,5,0.06054886522773151,0.027141582015581006,0.05836507209639752,0.017097935032778788,False,False,ieee30,5,6;1;2;3;4
1026,5,0.059325801695174395,0.026772591226204262,0.04692019652589119,0.02177764481458344,False,False,ieee30,5,6;1;2;3;4
1027,5,0.0601251118822931,0.027623054851864032,0.03317666998715518,0.019060281803911283,False,False,ieee30,5,6;1;2;3;4
1028,5,0.06144599640615023,0.02923896647798188,0.021575455476139815,0.0122518293708328,False,False,ieee30,5,6;1;2;3;4
1029,5,0.06151027947207912,0.02925312044917802,0.011986140535625966,0.0030042737806516007,False,False,ieee30,5,6;1;2;3;4
1030,5,0.06107391171408976,0.0273184126445796,0.009775483168955379,0.0028737116544627073,False,False,ieee30,5,6;1;2;3;4
1031,5,0.06025121571232904,0.028093110058740628,0.01003607030248077,0.0026426314033491938,False,False,ieee30,5,6;1;2;3;4
1032,5,0.05937266966546742,0.02935103365659361,0.02427569180261746,0.007457410375291795,False,False,ieee30,5,6;1;2;3;4
1033,5,0.04485459481659833,0.020833029943858383,0.026327763676641025,0.00974056096960163,False,False,ieee30,5,6;1;2;3;4
1034,5,0.061544291182814154,0.03207399915537268,0.022579810194856997,0.014264026599068003,False,False,ieee30,5,6;1;2;3;4
1035,5,0.0748936627794394,0.0389306826427189,0.03525360134125366,0.015664715370129367,False,False,ieee30,5,6;1;2;3;4
1036,5,0.04860125743243207,0.024106516606623968,0.01913335654351922,0.01183355837660438,False,False,ieee30,5,6;1;2;3;4
1037,5,0.044654656564207515,0.02192017222749207,0.02633876688903114,0.016077564837646774,False,False,ieee30,5,6;1;2;3;4
1038,5,0.19864440955333768,0.10215166226631983,0.015415211803561757,0.005003067566369923,False,False,ieee30,5,6;1;2;3;4
1039,5,0.13095618781415558,0.07396246099224113,0.014406868627030445,0.005162835858194881,False,False,ieee30,5,6;1;2;3;4
1040,5,0.4616809023710545,0.3074691267127311,0.03148458527810749,0.012173550643239328,False,False,ieee30,5,6;1;2;3;4
1041,5,0.4505979353453221,0.3093430307769268,0.032192602453834596,0.014644642768709693,False,False,ieee30,5,6;1;2;3;4
1042,5,0.15390163471189391,0.06471963311917218,0.02756591020614718,0.02080951677088838,False,False,ieee30,5,6;1;2;3;4
1043,5,0.36461614041527135,0.23994250259736455,0.03164697178956033,0.019050769929573996,False,False,ieee30,5,6;1;2;3;4
1044,5,0.26988295692081565,0.16232854668264962,0.03282211824138681,0.021487006597009528,False,False,ieee30,5,6;1;2;3;4
1045,5,0.12591185555700746,0.06461372082638919,0.05810558770653007,0.04410518391848017,False,False,ieee30,5,6;1;2;3;4
1046,5,0.0992497897357181,0.04927146222096443,0.02301558422560024,0.013753635346334891,False,False,ieee30,5,6;1;2;3;4
1047,5,0.09675520399770068,0.04597863247662268,0.02767909475939645,0.0141568659579695,False,False,ieee30,5,6;1;2;3;4
1048,5,0.059181220539856305,0.023499519083312798,0.015180582729232062,0.00869625501290383,False,False,ieee30,5,6;1;2;3;4
1049,5,0.07906808140318089,0.03327542590968721,0.014393675982295906,0.006345686168420461,False,False,ieee30,5,6;1;2;3;4
1050,5,0.04882578634901091,0.01943293286889855,0.01074108369080029,0.005060209106869995,False,False,ieee30,5,6;1;2;3;4
1051,5,0.08547209941053693,0.03639319477490191,0.018779957026786476,0.007181793926114954,False,False,ieee30,5,6;1;2;3;4
1052,5,0.10043416669298413,0.04486909054913765,0.021909531769274015,0.008385628307348791,False,False,ieee30,5,6;1;2;3;4
1053,5,0.07119829041611964,0.02949824963467848,0.017769683145113402,0.006551471251592722,False,False,ieee30,5,6;1;2;3;4
1054,5,0.09576823175815255,0.045169830322815935,0.025299420900715464,0.012824921030862635,False,False,ieee30,5,6;1;2;3;4
1055,5,0.0962249274355273,0.0428065518478252,0.025602515486203625,0.010181096397481104,False,False,ieee30,5,6;1;2;3;4
1056,5,0.09410194340845363,0.042019829908031964,0.02511570297359833,0.010951648953496207,False,False,ieee30,5,6;1;2;3;4
1057,5,0.0943678319058453,0.042619460215827604,0.025732572001380016,0.011570480995008903,False,False,ieee30,5,6;1;2;3;4
1058,5,0.09787768227927576,0.046771707690550474,0.024611747181337074,0.01194421350851993,False,False,ieee30,5,6;1;2;3;4
1059,5,0.09660322506525604,0.045589876139936564,0.012687189674102872,0.003284940554587501,False,False,ieee30,5,6;1;2;3;4
1060,5,0.0966060016522933,0.043063155902568456,0.017963075281236418,0.0055435339649314574,False,False,ieee30,5,6;1;2;3;4
1061,5,0.09517480085647578,0.0437233479534723,0.011732023294645066,0.0026675695333502336,False,False,ieee30,5,6;1;2;3;4
1062,5,0.0942349580352613,0.04525527072466359,0.008110183100513146,0.0030377986917691224,False,False,ieee30,5,6;1;2;3;4
1063,5,0.07291791660246957,0.03248442415361982,0.007640077337912388,0.002609396729065794,False,False,ieee30,5,6;1;2;3;4
1064,5,0.09876824611162223,0.05060083338048735,0.014313662831175966,0.003910347269007963,False,False,ieee30,5,6;1;2;3;4
1065,5,0.12556139077597628,0.06449610011776183,0.031964574110213806,0.018330149357899894,False,False,ieee30,5,6;1;2;3;4
1066,5,0.07848463883504464,0.037583516412034806,0.011221760729142827,0.0029337198983631074,False,False,ieee30,5,6;1;2;3;4
1067,5,0.07119010484059837,0.033906750975309125,0.008309654669028554,0.0032113469861240196,False,False,ieee30,5,6;1;2;3;4
1068,5,0.2336535141455321,0.10820952321590649,0.014986760556836232,0.00609774487193071,False,False,ieee30,5,6;1;2;3;4
1069,5,0.15664002334108498,0.09550037444773168,0.012989494463783835,0.004920476996316592,False,False,ieee30,5,6;1;2;3;4
1070,5,0.5543700149130342,0.3561740979856039,0.0373106173888782,0.011891366324500274,False,False,ieee30,5,6;1;2;3;4
1071,5,0.5306862311574518,0.3523087420604714,0.0621667808859524,0.035564243222619085,False,False,ieee30,5,6;1;2;3;4
1072,5,0.19267093015343728,0.07789462954322465,0.031261393562011186,0.01969755923776828,False,False,ieee30,5,6;1;2;3;4
1073,5,0.4230970505441535,0.26949955238413226,0.03139244773085614,0.018575765730607485,False,False,ieee30,5,6;1;2;3;4
1074,5,0.3280310298669803,0.19059193880883463,0.02115433068879402,0.006441550756098535,False,False,ieee30,5,6;1;2;3;4
1075,5,0.16014212860979116,0.08150426901363753,0.03455306431588978,0.018195783537748977,False,False,ieee30,5,6;1;2;3;4
1076,5,0.1259099847452713,0.06129939344533061,0.018457966045267393,0.004834821121418753,False,False,ieee30,5,6;1;2;3;4
1077,5,0.12696756680063523,0.061525276377837085,0.015344111584456921,0.004990667650392133,False,False,ieee30,5,6;1;2;3;4
1078,5,0.08167879437854197,0.030314603214436103,0.01312562493864533,0.006098811291610162,False,False,ieee30,5,6;1;2;3;4
1079,5,0.10883006115194618,0.04275594061334628,0.01507429993374565,0.007398281793002948,False,False,ieee30,5,6;1;2;3;4
1080,5,0.06600046809525209,0.0252318521086147,0.011660951274368725,0.004954880552259122,False,False,ieee30,5,6;1;2;3;4
1081,5,0.10425587688053856,0.041468047340560116,0.03971387722322717,0.01915211974293729,False,False,ieee30,5,6;1;2;3;4
1082,5,0.13198775068735172,0.05813792281876104,0.023240569007334733,0.007037763973971267,False,False,ieee30,5,6;1;2;3;4
1083,5,0.09495712707363457,0.03802197831459361,0.015826325924039875,0.0043284166159957005,False,False,ieee30,5,6;1;2;3;4
1084,5,0.12069558940694552,0.05789996687392157,0.017152003501140434,0.004193916709700263,False,False,ieee30,5,6;1;2;3;4
1085,5,0.12108085728476178,0.05421405983099478,0.03831865013748581,0.01255355394234603,False,False,ieee30,5,6;1;2;3;4
1086,5,0.1184347137992378,0.053593287561869735,0.04830119588419968,0.015984945200236633,False,False,ieee30,5,6;1;2;3;4
1087,5,0.11958879651234784,0.0550141639542345,0.03822582050031287,0.01264216407362373,False,False,ieee30,5,6;1;2;3;4
1088,5,0.12252169770840023,0.05812522561975983,0.026390201254438028,0.012279328563091219,False,False,ieee30,5,6;1;2;3;4
1089,5,0.12290217517184815,0.0584796601427828,0.017156217052194722,0.004566853791730718,False,False,ieee30,5,6;1;2;3;4
1090,5,0.12087779116663436,0.05432019498942972,0.015733543525701,0.004246375820007198,False,False,ieee30,5,6;1;2;3;4
1091,5,0.11962173763133144,0.05536783825714417,0.022363387443271265,0.006467406672513665,False,False,ieee30,5,6;1;2;3;4
1092,5,0.11643922460214792,0.05751972275258618,0.01915597601993191,0.007818841554816935,False,False,ieee30,5,6;1;2;3;4
1093,5,0.08809538547102184,0.04135666423172635,0.033710606166948986,0.01556645656913025,False,False,ieee30,5,6;1;2;3;4
1094,5,0.12137986249379495,0.06342902119205435,0.02157081277347439,0.005533984499444644,False,False,ieee30,5,6;1;2;3;4
1095,5,0.15534345815020167,0.07973697335213822,0.02982527495089138,0.013122922484222532,False,False,ieee30,5,6;1;2;3;4
1096,5,0.09403446255686126,0.04744928025864156,0.019402854109751178,0.009248392441826847,False,False,ieee30,5,6;1;2;3;4
1097,5,0.08454039918134167,0.042573891724165674,0.023756721183818663,0.005396494727180401,False,False,ieee30,5,6;1;2;3;4
1098,5,0.35264366201901926,0.1630868575230968,0.025197787528952076,0.010010510416555873,False,False,ieee30,5,6;1;2;3;4
1099,5,0.2341242740651643,0.14354550471394328,0.02142363650251078,0.007998883381415633,False,False,ieee30,5,6;1;2;3;4
1100,5,0.8339586447436577,0.5363889460148659,0.05254024501242449,0.01922506134789992,False,False,ieee30,5,6;1;2;3;4
1101,5,0.8079448541191088,0.5380852979604492,0.07261557769847027,0.029566459176229687,False,False,ieee30,5,6;1;2;3;4
1102,5,0.29002400733092626,0.11735010325672324,0.03175053310216147,0.017363052604141282,False,False,ieee30,5,6;1;2;3;4
1103,5,0.6332501716865739,0.4047656620898661,0.045451219337091064,0.01820388699966835,False,False,ieee30,5,6;1;2;3;4
1104,5,0.4927906146293952,0.28659786892476563,0.026970603358463685,0.007274413848521677,False,False,ieee30,5,6;1;2;3;4
1105,5,0.23993175131891165,0.12192576932795449,0.06515908460901676,0.03157347306503555,False,False,ieee30,5,6;1;2;3;4
1106,5,0.1903972913340723,0.09330161199359274,0.03610849050080389,0.012266520713334783,False,False,ieee30,5,6;1;2;3;4
1107,5,0.19270177755658416,0.09447353538887823,0.03560197434684642,0.008467254401118396,False,False,ieee30,5,6;1;2;3;4
1108,5,0.12235426863280782,0.04529263541329767,0.014008610356077256,0.005252876042472598,False,False,ieee30,5,6;1;2;3;4
1109,5,0.16335416301631636,0.06406717769392081,0.014475899728287,0.0033690995190120976,False,False,ieee30,5,6;1;2;3;4
1110,5,0.09913281839265019,0.03781138036997697,0.011520245530944329,0.0032923806255736876,False,False,ieee30,5,6;1;2;3;4
1111,5,0.16140457403115988,0.06476800292481269,0.012344113138813895,0.0069209581906383155,False,False,ieee30,5,6;1;2;3;4
1112,5,0.1974752669048273,0.08663091178853707,0.04010147072257009,0.01101471917089969,False,False,ieee30,5,6;1;2;3;4
1113,5,0.14176353113727458,0.05665578168562416,0.02099705552442077,0.00540586079975236,False,False,ieee30,5,6;1;2;3;4
1114,5,0.18014791156805765,0.08600760444584027,0.022719979778888733,0.005845098185928044,False,False,ieee30,5,6;1;2;3;4
1115,5,0.17973512083408913,0.08019634570571585,0.025033824727221266,0.01184576482623334,False,False,ieee30,5,6;1;2;3;4
1116,5,0.1765705778950043,0.0797493307581684,0.03617734663482741,0.013886041201674915,False,False,ieee30,5,6;1;2;3;4
1117,5,0.17825265265686244,0.08174194815361155,0.03470612913208282,0.01013968910684182,False,False,ieee30,5,6;1;2;3;4
1118,5,0.18365052111496805,0.08706689795926328,0.04029677795172082,0.01531007738738921,False,False,ieee30,5,6;1;2;3;4
1119,5,0.18365889401528487,0.08703088457878591,0.028033412441097694,0.008169804669045155,False,False,ieee30,5,6;1;2;3;4
1120,5,0.18164011759773585,0.08119542029564539,0.025020067843856353,0.006255695635473235,False,False,ieee30,5,6;1;2;3;4
1121,5,0.1785128890555643,0.08254068220045788,0.03909996644196512,0.009707406849722267,False,False,ieee30,5,6;1;2;3;4
1122,5,0.16745781118651143,0.08189218488618419,0.045795769837163935,0.013370073919747316,False,False,ieee30,5,6;1;2;3;4
1123,5,0.12960435789470726,0.0608761535865488,0.01564641707602088,0.007664343307996591,False,False,ieee30,5,6;1;2;3;4
1124,5,0.17972884880454107,0.09339131781206678,0.08114532854809597,0.022303262528238554,False,False,ieee30,5,6;1;2;3;4
1125,5,0.23939155168919674,0.12167431977360135,0.058192082210153706,0.019901162544521123,False,False,ieee30,5,6;1;2;3;4
1126,5,0.13599966636966596,0.06891615173831891,0.06087448236364579,0.015834690646232885,False,False,ieee30,5,6;1;2;3;4
1127,5,0.11881709501391327,0.060342835503204156,0.06859395337506058,0.018177467631865674,False,False,ieee30,5,6;1;2;3;4
1,30,9.070212971953005e-05,1.9737227439142746e-05,0.2630081983309865,0.06374752958167884,False,False,ieee30,30,1;2;3;4;5;6;7;8;9;10;11;12;13;14;15;16;17;18;19;20;21;22;23;24;25;26;27;28;29;30
2,30,0.027621033148017435,0.013647224622958226,0.37447707056184415,0.09589822544324622,False,False,ieee30,30,1;2;3;4;5;6;7;8;9;10;11;12;13;14;15;16;17;18;19;20;21;22;23;24;25;26;27;28;29;30
3,30,0.004633700753417886,0.0021869115466646005,0.30392875091853355,0.07357003125054434,False,False,ieee30,30,1;2;3;4;5;6;7;8;9;10;11;12;13;14;15;16;17;18;19;20;21;22;23;24;25;26;27;28;29;30
4,30,0.013640369697127145,0.006337956430187031,0.3508580689689195,0.09063282518430904,False,False,ieee30,30,1;2;3;4;5;6;7;8;9;10;11;12;13;14;15;16;17;18;19;20;21;22;23;24;25;26;27;28;29;30
5,30,0.0473750086100697,0.019794741418732664,0.3614770452631631,0.09050071045351482,False,False,ieee30,30,1;2;3;4;5;6;7;8;9;10;11;12;13;14;15;16;17;18;19;20;21;22;23;24;25;26;27;28;29;30
6,30,0.06468679971721703,0.031745676317597865,0.380348915305996,0.08659278273482302,False,False,ieee30,30,1;2;3;4;5;6;7;8;9;10;11;12;13;14;15;16;17;18;19;20;21;22;23;24;25;26;27;28;29;30
7,30,0.013458448722320862,0.004855854864394625,0.36880569901256516,0.09588746448667107,False,False,ieee30,30,1;2;3;4;5;6;7;8;9;10;11;12;13;14;15;16;17;18;19;20;21;22;23;24;25;26;27;28;29;30
8,30,0.02454417079489145,0.011002993449044582,0.3755581665150479,0.09590553211055375,False,False,ieee30,30,1;2;3;4;5;6;7;8;9;10;11;12;13;14;15;16;17;18;19;20;21;22;23;24;25;26;27;28;29;30
9,30,0.011830498240874373,0.005211087366105399,0.36674305208707664,0.09566635454336792,False,False,ieee30,30,1;2;3;4;5;6;7;8;9;10;11;12;13;14;15;16;17;18;19;20;21;22;23;24;25;26;27;28;29;30
10,30,0.01605114881635463,0.006938969345395549,0.368464366397387,0.09551193855280954,False,False,ieee30,30,1;2;3;4;5;6;7;8;9;10;11;12;13;14;15;16;17;18;19;20;21;22;23;24;25;26;27;28;29;30
11,30,0.007199461450971001,0.003216907351452268,0.3669886642878648,0.09577479560665214,False,False,ieee30,30,1;2;3;4;5;6;7;8;9;10;11;12;13;14;15;16;17;18;19;20;21;22;23;24;25;26;27;28;29;30
12,30,0.02244841075552997,0.008207470080275746,0.37732651172896364,0.09607498501063683,False,False,ieee30,30,1;2;3;4;5;6;7;8;9;10;11;12;13;14;15;16;17;18;19;20;21;22;23;24;25;26;27;28;29;30
13,30,0.006426006467463125,0.0026427270094326986,0.3084020263956271,0.07473282218630956,False,False,ieee30,30,1;2;3;4;5;6;7;8;9;10;11;12;13;14;15;16;17;18;19;20;21;22;23;24;25;26;27;28;29;30
14,30,0.019882894654695622,0.00780675363151373,0.3738584697179086,0.09575885952915059,False,False,ieee30,30,1;2;3;4;5;6;7;8;9;10;11;12;13;14;15;16;17;18;19;20;21;22;23;24;25;26;27;28;29;30
15,30,0.004722263326434882,0.0018211196242879993,0.3078992932327707,0.07472734066064551,False,False,ieee30,30,1;2;3;4;5;6;7;8;9;10;11;12;13;14;15;16;17;18;19;20;21;22;23;24;25;26;27;28;29;30
16,30,0.04554303060022616,0.015643372752594545,0.4234322187946716,0.10657199695483766,False,False,ieee30,30,1;2;3;4;5;6;7;8;9;10;11;12;13;14;15;16;17;18;19;20;21;22;23;24;25;26;27;28;29;30
17,30,0.0073430914951219325,0.0028058409266825957,0.4121167784936952,0.10912235330267889,False,False,ieee30,30,1;2;3;4;5;6;7;8;9;10;11;12;13;14;15;16;17;18;19;20;21;22;23;24;25;26;27;28;29;30
18,30,0.024192697861471234,0.008212187211157865,1.1095704254818826,0.5575237292074333,False,False,ieee30,30,1;2;3;4;5;6;7;8;9;10;11;12;13;14;15;16;17;18;19;20;21;22;23;24;25;26;27;28;29;30
19,30,0.010809558591281895,0.0029968320161618336,2.054351411210273,0.9332558979584653,False,False,ieee30,30,1;2;3;4;5;6;7;8;9;10;11;12;13;14;15;16;17;18;19;20;21;22;23;24;25;26;27;28;29;30
20,30,0.011546860647367135,0.0018789842063133642,13.618019941378616,4.590218006593132,False,False,ieee30,30,1;2;3;4;5;6;7;8;9;10;11;12;13;14;15;16;17;18;19;20;21;22;23;24;25;26;27;28;29;30
21,30,0.027109090543448316,0.007559900789584767,1.2852185850721807,0.5077064318574068,False,False,ieee30,30,1;2;3;4;5;6;7;8;9;10;11;12;13;14;15;16;17;18;19;20;21;22;23;24;25;26;27;28;29;30
22,30,0.01025165552673437,0.006400811772492548,0.3349623504655053,0.08846895529888582,False,False,ieee30,30,1;2;3;4;5;6;7;8;9;10;11;12;13;14;15;16;17;18;19;20;21;22;23;24;25;26;27;28;29;30
23,30,0.0023465407609716497,0.001932161317415899,0.3693013514592813,0.10267511763476111,False,False,ieee30,30,1;2;3;4;5;6;7;8;9;10;11;12;13;14;15;16;17;18;19;20;21;22;23;24;25;26;27;28;29;30
24,30,0.0015512139832212102,0.0009962514196074773,0.30796901012647604,0.08301773795811529,False,False,ieee30,30,1;2;3;4;5;6;7;8;9;10;11;12;13;14;15;16;17;18;19;20;21;22;23;24;25;26;27;28;29;30
25,30,0.009484997408572752,0.004558409864742263,0.36859447377909244,0.1023339766369627,False,False,ieee30,30,1;2;3;4;5;6;7;8;9;10;11;12;13;14;15;16;17;18;19;20;21;22;23;24;25;26;27;28;29;30
26,30,0.014776968217046233,0.00472242050613958,0.7397066277941812,0.22896280072579323,False,False,ieee30,30,1;2;3;4;5;6;7;8;9;10;11;12;13;14;15;16;17;18;19;20;21;22;23;24;25;26;27;28;29;30
27,30,0.0026244508395866367,0.0015445186872464628,0.4312780825780636,0.11216722388632011,False,False,ieee30,30,1;2;3;4;5;6;7;8;9;10;11;12;13;14;15;16;17;18;19;20;21;22;23;24;25;26;27;28;29;30
28,30,0.006646631286338857,0.00371210411121016,0.3555441842489259,0.08871898603266987,False,False,ieee30,30,1;2;3;4;5;6;7;8;9;10;11;12;13;14;15;16;17;18;19;20;21;22;23;24;25;26;27;28;29;30
29,30,0.0016369190514273265,0.0008910109321095608,0.3913635019356815,0.10537613574242882,False,False,ieee30,30,1;2;3;4;5;6;7;8;9;10;11;12;13;14;15;16;17;18;19;20;21;22;23;24;25;26;27;28;29;30
30,30,0.0028758915851808606,0.0018145995857104316,0.3331812748143172,0.08735036058973744,False,False,ieee30,30,1;2;3;4;5;6;7;8;9;10;11;12;13;14;15;16;17;18;19;20;21;22;23;24;25;26;27;28;29;30
31,30,0.0023997592399628686,0.0016304550720562631,0.350867678516455,0.09014777070379154,False,False,ieee30,30,1;2;3;4;5;6;7;8;9;10;11;12;13;14;15;16;17;18;19;20;21;22;23;24;25;26;27;28;29;30
32,30,0.004684794422596514,0.0016641955341146972,0.3792258608105534,0.10371082173684576,False,False,ieee30,30,1;2;3;4;5;6;7;8;9;10;11;12;13;14;15;16;17;18;19;20;21;22;23;24;25;26;27;28;29;30
33,30,0.0011847339735848346,0.0007698325188057013,0.34621510645626785,0.09232761165669973,False,False,ieee30,30,1;2;3;4;5;6;7;8;9;10;11;12;13;14;15;16;17;18;19;20;21;22;23;24;25;26;27;28;29;30
34,30,0.0024789145545503592,0.0008661571078803082,0.33509477169576446,0.0874169984560339,False,False,ieee30,30,1;2;3;4;5;6;7;8;9;10;11;12;13;14;15;16;17;18;19;20;21;22;23;24;25;26;27;28;29;30
35,30,0.0010637573953923615,0.0007116130414996022,0.31872882997345237,0.0832051406866619,False,False,ieee30,30,1;2;3;4;5;6;7;8;9;10;11;12;13;14;15;16;17;18;19;20;21;22;23;24;25;26;27;28;29;30
36,30,0.005788722576081137,0.0008300871433270518,0.9483472577918477,0.30271344431755826,False,False,ieee30,30,1;2;3;4;5;6;7;8;9;10;11;12;13;14;15;16;17;18;19;20;21;22;23;24;25;26;27;28;29;30
37,30,0.0024708077617168096,0.0016735672742050657,1.3357943436501287,0.463506308601481,False,False,ieee30,30,1;2;3;4;5;6;7;8;9;10;11;12;13;14;15;16;17;18;19;20;21;22;23;24;25;26;27;28;29;30
38,30,0.004655790119113346,0.0010514449343872675,1.1174006094904914,0.37968313593065506,False,False,ieee30,30,1;2;3;4;5;6;7;8;9;10;11;12;13;14;15;16;17;18;19;20;21;22;23;24;25;26;27;28;29;30
39,30,0.0016425439787723772,0.0002551821753849909,0.8803388980369322,0.3253856306399509,False,False,ieee30,30,1;2;3;4;5;6;7;8;9;10;11;12;13;14;15;16;17;18;19;20;21;22;23;24;25;26;27;28;29;30
40,30,0.0008665221554551572,0.0002431251228985007,0.69146330377635,0.2147759515835731,False,False,ieee30,30,1;2;3;4;5;6;7;8;9;10;11;12;13;14;15;16;17;18;19;20;21;22;23;24;25;26;27;28;29;30
41,30,0.0014216859818558716,0.00038302156435987555,0.008672534688902334,0.003711132611634471,False,False,ieee30,30,1;2;3;4;5;6;7;8;9;10;11;12;13;14;15;16;17;18;19;20;21;22;23;24;25;26;27;28;29;30
42,30,0.14635351736655705,0.05397202913519383,0.3721595501622592,0.2120783332446049,False,False,ieee30,30,1;2;3;4;5;6;7;8;9;10;11;12;13;14;15;16;17;18;19;20;21;22;23;24;25;26;27;28;29;30
43,30,0.11570883288050657,0.04776265805202401,0.47300140449153116,0.27858706264554145,False,False,ieee30,30,1;2;3;4;5;6;7;8;9;10;11;12;13;14;15;16;17;18;19;20;21;22;23;24;25;26;27;28;29;30
44,30,0.33283987911640023,0.17804216296593015,1.0441687245715103,0.5711314862210812,False,False,ieee30,30,1;2;3;4;5;6;7;8;9;10;11;12;13;14;15;16;17;18;19;20;21;22;23;24;25;26;27;28;29;30
45,30,0.3164789324012027,0.16991937899631976,1.130621791239196,0.5744469544372467,False,False,ieee30,30,1;2;3;4;5;6;7;8;9;10;11;12;13;14;15;16;17;18;19;20;21;22;23;24;25;26;27;28;29;30
46,30,0.2093230912520339,0.0858695790019472,0.40781766358085686,0.0966252500331391,False,False,ieee30,30,1;2;3;4;5;6;7;8;9;10;11;12;13;14;15;16;17;18;19;20;21;22;23;24;25;26;27;28;29;30
47,30,0.2792397105340466,0.13291965156070204,1.2182740246667896,0.6461148685399081,False,False,ieee30,30,1;2;3;4;5;6;7;8;9;10;11;12;13;14;15;16;17;18;19;20;21;22;23;24;25;26;27;28;29;30
48,30,0.4068108980533933,0.16873041539348732,0.9216014884670438,0.4815620834773686,False,False,ieee30,30,1;2;3;4;5;6;7;8;9;10;11;12;13;14;15;16;17;18;19;20;21;22;23;24;25;26;27;28;29;30
49,30,0.3006595818209348,0.1522090579382824,1.3311383842720552,0.6887284592660358,False,False,ieee30,30,1;2;3;4;5;6;7;8;9;10;11;12;13;14;15;16;17;18;19;20;21;22;23;24;25;26;27;28;29;30
50,30,0.28429661501266656,0.125321180296762,1.2519211065452711,0.6648707470417481,False,False,ieee30,30,1;2;3;4;5;6;7;8;9;10;11;12;13;14;15;16;17;18;19;20;21;22;23;24;25;26;27;28;29;30
51,30,0.41371842240372286,0.16945864799487506,1.4579968256197926,0.7522984543139946,False,False,ieee30,30,1;2;3;4;5;6;7;8;9;10;11;12;13;14;15;16;17;18;19;20;21;22;23;24;25;26;27;28;29;30
52,30,0.11848335393135186,0.032275650048083665,0.31899931351601885,0.10879372953787658,False,False,ieee30,30,1;2;3;4;5;6;7;8;9;10;11;12;13;14;15;16;17;18;19;20;21;22;23;24;25;26;27;28;29;30
53,30,0.37876589672828176,0.17501016711514983,0.6251958760206181,0.3580566405211818,False,False,ieee30,30,1;2;3;4;5;6;7;8;9;10;11;12;13;14;15;16;17;18;19;20;21;22;23;24;25;26;27;28;29;30
54,30,0.10566214400644577,0.03542873219882908,0.31226674849604585,0.07195370832555614,False,False,ieee30,30,1;2;3;4;5;6;7;8;9;10;11;12;13;14;15;16;17;18;19;20;21;22;23;24;25;26;27;28;29;30
55,30,0.2785912961811474,0.12795639140471854,0.5844227458359629,0.25299206611183755,False,False,ieee30,30,1;2;3;4;5;6;7;8;9;10;11;12;13;14;15;16;17;18;19;20;21;22;23;24;25;26;27;28;29;30
56,30,0.37007727802710955,0.1734289816593125,1.187836172775049,0.6330924455591637,False,False,ieee30,30,1;2;3;4;5;6;7;8;9;10;11;12;13;14;15;16;17;18;19;20;21;22;23;24;25;26;27;28;29;30
57,30,0.34127806471829963,0.15667372510371336,0.43545413935708055,0.19136255717730288,False,False,ieee30,30,1;2;3;4;5;6;7;8;9;10;11;12;13;14;15;16;17;18;19;20;21;22;23;24;25;26;27;28;29;30
58,30,0.40646954689538484,0.16036047503662088,1.4612207120394416,0.7323004732821506,False,False,ieee30,30,1;2;3;4;5;6;7;8;9;10;11;12;13;14;15;16;17;18;19;20;21;22;23;24;25;26;27;28;29;30
59,30,0.3605849246633519,0.15969697905913555,1.0666813778072723,0.5165813231701354,False,False,ieee30,30,1;2;3;4;5;6;7;8;9;10;11;12;13;14;15;16;17;18;19;20;21;22;23;24;25;26;27;28;29;30
60,30,0.3620665533960692,0.1537342818944327,1.1397447263849496,0.5625591215214428,False,False,ieee30,30,1;2;3;4;5;6;7;8;9;10;11;12;13;14;15;16;17;18;19;20;21;22;23;24;25;26;27;28;29;30
61,30,0.37899032310554537,0.15905600245678142,1.2770626849274858,0.6372449578832659,False,False,ieee30,30,1;2;3;4;5;6;7;8;9;10;11;12;13;14;15;16;17;18;19;20;21;22;23;24;25;26;27;28;29;30
62,30,0.4242206892900866,0.15732778312132367,1.6059716300384022,0.8025955992921473,False,False,ieee30,30,1;2;3;4;5;6;7;8;9;10;11;12;13;14;15;16;17;18;19;20;21;22;23;24;25;26;27;28;29;30
63,30,0.31860188794613054,0.08439730931131478,1.6334340357289998,0.8182799404367785,False,False,ieee30,30,1;2;3;4;5;6;7;8;9;10;11;12;13;14;15;16;17;18;19;20;21;22;23;24;25;26;27;28;29;30
64,30,0.36952960580904703,0.15755655560907358,1.5760959681004891,0.7941006275095728,False,False,ieee30,30,1;2;3;4;5;6;7;8;9;10;11;12;13;14;15;16;17;18;19;20;21;22;23;24;25;26;27;28;29;30
65,30,0.3967737702561641,0.15036767078657207,2.031632410138648,1.007332518573889,False,False,ieee30,30,1;2;3;4;5;6;7;8;9;10;11;12;13;14;15;16;17;18;19;20;21;22;23;24;25;26;27;28;29;30
66,30,0.36705710485158327,0.0757784163206,2.911006690142471,1.41774636507381,False,False,ieee30,30,1;2;3;4;5;6;7;8;9;10;11;12;13;14;15;16;17;18;19;20;21;22;23;24;25;26;27;28;29;30
67,30,0.37183563769026345,0.10442788073184522,2.213428227483111,1.1232425485988635,False,False,ieee30,30,1;2;3;4;5;6;7;8;9;10;11;12;13;14;15;16;17;18;19;20;21;22;23;24;25;26;27;28;29;30
68,30,0.3867306283229751,0.09765784424698087,3.1801555210332557,1.5635810251928013,False,False,ieee30,30,1;2;3;4;5;6;7;8;9;10;11;12;13;14;15;16;17;18;19;20;21;22;23;24;25;26;27;28;29;30
69,30,0.300824690491556,0.14954366456822693,1.5678151888783933,0.8002111434315732,False,False,ieee30,30,1;2;3;4;5;6;7;8;9;10;11;12;13;14;15;16;17;18;19;20;21;22;23;24;25;26;27;28;29;30
70,30,0.3949517736800888,0.11349740401683976,3.1921022044936835,1.5700198032161,False,False,ieee30,30,1;2;3;4;5;6;7;8;9;10;11;12;13;14;15;16;17;18;19;20;21;22;23;24;25;26;27;28;29;30
71,30,0.36891135038656253,0.10857193786700448,3.4317379007432454,1.411560546419721,False,False,ieee30,30,1;2;3;4;5;6;7;8;9;10;11;12;13;14;15;16;17;18;19;20;21;22;23;24;25;26;27;28;29;30
72,30,0.24472172798677444,0.10211469593537886,0.8839092851454514,0.5169616959072172,False,False,ieee30,30,1;2;3;4;5;6;7;8;9;10;11;12;13;14;15;16;17;18;19;20;21;22;23;24;25;26;27;28;29;30
73,30,0.18719149350477318,0.07397310083505615,0.8839601292946404,0.5141007461818599,False,False,ieee30,30,1;2;3;4;5;6;7;8;9;10;11;12;13;14;15;16;17;18;19;20;21;22;23;24;25;26;27;28;29;30
74,30,0.5449917283522329,0.30746722643754687,1.2386949125765816,0.6630321851997361,False,False,ieee30,30,1;2;3;4;5;6;7;8;9;10;11;12;13;14;15;16;17;18;19;20;21;22;23;24;25;26;27;28;29;30
75,30,0.5462874395319304,0.309341520470039,1.318547850191385,0.6958909939466091,False,False,ieee30,30,1;2;3;4;5;6;7;8;9;10;11;12;13;14;15;16;17;18;19;20;21;22;23;24;25;26;27;28;29;30
76,30,0.3419986626906476,0.14601950089953544,0.83187320114828,0.4679645604108872,False,False,ieee30,30,1;2;3;4;5;6;7;8;9;10;11;12;13;14;15;16;17;18;19;20;21;22;23;24;25;26;27;28;29;30
77,30,0.4718111275883944,0.23993480742687434,1.382246633995408,0.7296922048898431,False,False,ieee30,30,1;2;3;4;5;6;7;8;9;10;11;12;13;14;15;16;17;18;19;20;21;22;23;24;25;26;27;28;29;30
78,30,0.6723516473620975,0.2852794221807625,1.2143770938725715,0.6405888464878127,False,False,ieee30,30,1;2;3;4;5;6;7;8;9;10;11;12;13;14;15;16;17;18;19;20;21;22;23;24;25;26;27;28;29;30
79,30,0.48247748435219223,0.2517646676651314,1.545126596194561,0.7574442221420956,False,False,ieee30,30,1;2;3;4;5;6;7;8;9;10;11;12;13;14;15;16;17;18;19;20;21;22;23;24;25;26;27;28;29;30
80,30,0.46993362518821047,0.21451315315607636,1.5076629805278974,0.7724834869258435,False,False,ieee30,30,1;2;3;4;5;6;7;8;9;10;11;12;13;14;15;16;17;18;19;20;21;22;23;24;25;26;27;28;29;30
81,30,0.6641861446224382,0.28040224538171904,1.6801567166204958,0.825791700955496,False,False,ieee30,30,1;2;3;4;5;6;7;8;9;10;11;12;13;14;15;16;17;18;19;20;21;22;23;24;25;26;27;28;29;30
82,30,0.18455896526836826,0.055286241988457524,0.773731549549471,0.44514989515857717,False,False,ieee30,30,1;2;3;4;5;6;7;8;9;10;11;12;13;14;15;16;17;18;19;20;21;22;23;24;25;26;27;28;29;30
83,30,0.6181131978542309,0.299207961118514,1.1701063943687062,0.6221793325464937,False,False,ieee30,30,1;2;3;4;5;6;7;8;9;10;11;12;13;14;15;16;17;18;19;20;21;22;23;24;25;26;27;28;29;30
84,30,0.16033459526122604,0.0553249351233456,0.5486136162932364,0.3096718886564308,False,False,ieee30,30,1;2;3;4;5;6;7;8;9;10;11;12;13;14;15;16;17;18;19;20;21;22;23;24;25;26;27;28;29;30
85,30,0.575782968090558,0.278774804721203,1.3424402505153659,0.6762435979247892,False,False,ieee30,30,1;2;3;4;5;6;7;8;9;10;11;12;13;14;15;16;17;18;19;20;21;22;23;24;25;26;27;28;29;30
86,30,0.5990047774788648,0.2949858961000193,1.4329650125177384,0.7314154731161804,False,False,ieee30,30,1;2;3;4;5;6;7;8;9;10;11;12;13;14;15;16;17;18;19;20;21;22;23;24;25;26;27;28;29;30
87,30,0.5579109521483652,0.269675274878694,1.1633153420147901,0.5899711263609817,False,False,ieee30,30,1;2;3;4;5;6;7;8;9;10;11;12;13;14;15;16;17;18;19;20;21;22;23;24;25;26;27;28;29;30
88,30,0.6493605192800562,0.27007517234895445,1.753854708787592,0.8487394461544435,False,False,ieee30,30,1;2;3;4;5;6;7;8;9;10;11;12;13;14;15;16;17;18;19;20;21;22;23;24;25;26;27;28;29;30
89,30,0.5969065883336153,0.27853611039570586,1.5935421666024978,0.7629399306966909,False,False,ieee30,30,1;2;3;4;5;6;7;8;9;10;11;12;13;14;15;16;17;18;19;20;21;22;23;24;25;26;27;28;29;30
90,30,0.5932438382426259,0.2641089857255491,1.6068759005560223,0.7681912806795568,False,False,ieee30,30,1;2;3;4;5;6;7;8;9;10;11;12;13;14;15;16;17;18;19;20;21;22;23;24;25;26;27;28;29;30
91,30,0.6155102609731882,0.27188233883183116,1.6614536285535304,0.7911677604360601,False,False,ieee30,30,1;2;3;4;5;6;7;8;9;10;11;12;13;14;15;16;17;18;19;20;21;22;23;24;25;26;27;28;29;30
92,30,0.7025131426845117,0.27191213529272223,1.8457045392711484,0.8919510346002897,False,False,ieee30,30,1;2;3;4;5;6;7;8;9;10;11;12;13;14;15;16;17;18;19;20;21;22;23;24;25;26;27;28;29;30
93,30,0.508941696059944,0.14250936382132093,1.8582596780528888,0.9072986736203934,False,False,ieee30,30,1;2;3;4;5;6;7;8;9;10;11;12;13;14;15;16;17;18;19;20;21;22;23;24;25;26;27;28;29;30
94,30,0.6089616958253627,0.27453646209891314,1.9461914646121934,0.9328648430655182,False,False,ieee30,30,1;2;3;4;5;6;7;8;9;10;11;12;13;14;15;16;17;18;19;20;21;22;23;24;25;26;27;28;29;30
95,30,0.6460466181599811,0.255621848213905,2.2490529372351107,1.0962754284661607,False,False,ieee30,30,1;2;3;4;5;6;7;8;9;10;11;12;13;14;15;16;17;18;19;20;21;22;23;24;25;26;27;28;29;30
96,30,0.5882219682219083,0.12649236450316426,2.855789991573636,1.488149631314842,False,False,ieee30,30,1;2;3;4;5;6;7;8;9;10;11;12;13;14;15;16;17;18;19;20;21;22;23;24;25;26;27;28;29;30
97,30,0.6144293314694069,0.1807253364691416,2.6945435662655552,1.368955290008885,False,False,ieee30,30,1;2;3;4;5;6;7;8;9;10;11;12;13;14;15;16;17;18;19;20;21;22;23;24;25;26;27;28;29;30
98,30,0.6339129979151676,0.1634472288089001,2.9175795999558556,1.5550398910034018,False,False,ieee30,30,1;2;3;4;5;6;7;8;9;10;11;12;13;14;15;16;17;18;19;20;21;22;23;24;25;26;27;28;29;30
99,30,0.5157550822299097,0.2645700017754179,1.7166415084994675,0.8809700238079845,False,False,ieee30,30,1;2;3;4;5;6;7;8;9;10;11;12;13;14;15;16;17;18;19;20;21;22;23;24;25;26;27;28;29;30
100,30,0.6521418311799921,0.19652849914805134,3.253253067497249,1.684215363833206,False,False,ieee30,30,1;2;3;4;5;6;7;8;9;10;11;12;13;14;15;16;17;18;19;20;21;22;23;24;25;26;27;28;29;30
101,30,0.5979932812548103,0.17956733128056954,6.022655638888992,2.476623617684301,False,False,ieee30,30,1;2;3;4;5;6;7;8;9;10;11;12;13;14;15;16;17;18;19;20;21;22;23;24;25;26;27;28;29;30
102,30,0.29442236532132515,0.10819487792321825,1.1947665078035823,0.655226010478862,False,False,ieee30,30,1;2;3;4;5;6;7;8;9;10;11;12;13;14;15;16;17;18;19;20;21;22;23;24;25;26;27;28;29;30
103,30,0.23260286987155535,0.09551571663684327,1.1786207811043785,0.647968820859366,False,False,ieee30,30,1;2;3;4;5;6;7;8;9;10;11;12;13;14;15;16;17;18;19;20;21;22;23;24;25;26;27;28;29;30
104,30,0.6650609411515649,0.35617246462602714,1.6803519770153983,0.8314605576017371,False,False,ieee30,30,1;2;3;4;5;6;7;8;9;10;11;12;13;14;15;16;17;18;19;20;21;22;23;24;25;26;27;28;29;30
105,30,0.6540971729954975,0.35230748200616496,1.7443093883064735,0.8344108909512019,False,False,ieee30,30,1;2;3;4;5;6;7;8;9;10;11;12;13;14;15;16;17;18;19;20;21;22;23;24;25;26;27;28;29;30
106,30,0.4201863618558588,0.17227505272214508,1.1658636837067855,0.62224434440466,False,False,ieee30,30,1;2;3;4;5;6;7;8;9;10;11;12;13;14;15;16;17;18;19;20;21;22;23;24;25;26;27;28;29;30
107,30,0.5572807458808036,0.26949191899014185,1.7956827576973526,0.8966685646856787,False,False,ieee30,30,1;2;3;4;5;6;7;8;9;10;11;12;13;14;15;16;17;18;19;20;21;22;23;24;25;26;27;28;29;30
108,30,0.8152477530026652,0.33821176159279576,1.7303914268716514,0.8256714015731776,False,False,ieee30,30,1;2;3;4;5;6;7;8;9;10;11;12;13;14;15;16;17;18;19;20;21;22;23;24;25;26;27;28;29;30
109,30,0.6024162059905025,0.30530383293000674,2.0002237776093894,0.9717038340149261,False,False,ieee30,30,1;2;3;4;5;6;7;8;9;10;11;12;13;14;15;16;17;18;19;20;21;22;23;24;25;26;27;28;29;30
110,30,0.5806597232033728,0.25526754936309126,1.9658985166628538,0.9426145539986359,False,False,ieee30,30,1;2;3;4;5;6;7;8;9;10;11;12;13;14;15;16;17;18;19;20;21;22;23;24;25;26;27;28;29;30
111,30,0.8429701933951936,0.3440722053114179,2.244295289939016,1.0552321590305949,False,False,ieee30,30,1;2;3;4;5;6;7;8;9;10;11;12;13;14;15;16;17;18;19;20;21;22;23;24;25;26;27;28;29;30
112,30,0.2374957479164547,0.06499849229284754,1.0604778702270625,0.5866819375237803,False,False,ieee30,30,1;2;3;4;5;6;7;8;9;10;11;12;13;14;15;16;17;18;19;20;21;22;23;24;25;26;27;28;29;30
113,30,0.7587174110385654,0.3504124430863451,1.6019863344604772,0.7908014605312422,False,False,ieee30,30,1;2;3;4;5;6;7;8;9;10;11;12;13;14;15;16;17;18;19;20;21;22;23;24;25;26;27;28;29;30
114,30,0.21224555913430437,0.07105259803351122,0.9251436362613676,0.5175219435150559,False,False,ieee30,30,1;2;3;4;5;6;7;8;9;10;11;12;13;14;15;16;17;18;19;20;21;22;23;24;25;26;27;28;29;30
115,30,0.6340946599206939,0.2922258868198533,1.63973634893424,0.7650566140464733,False,False,ieee30,30,1;2;3;4;5;6;7;8;9;10;11;12;13;14;15;16;17;18;19;20;21;22;23;24;25;26;27;28;29;30
116,30,0.744417455791311,0.34872309342147995,1.896748857221279,0.9112649227365625,False,False,ieee30,30,1;2;3;4;5;6;7;8;9;10;11;12;13;14;15;16;17;18;19;20;21;22;23;24;25;26;27;28;29;30
117,30,0.67973417013721,0.31204213928882496,1.6245106787909909,0.7674074814899694,False,False,ieee30,30,1;2;3;4;5;6;7;8;9;10;11;12;13;14;15;16;17;18;19;20;21;22;23;24;25;26;27;28;29;30
118,30,0.8055361848152015,0.3180345865043417,2.306270176501857,1.050148613450654,False,False,ieee30,30,1;2;3;4;5;6;7;8;9;10;11;12;13;14;15;16;17;18;19;20;21;22;23;24;25;26;27;28;29;30
119,30,0.7219117224397643,0.3200215801600858,2.2050099922703015,0.9722914723757653,False,False,ieee30,30,1;2;3;4;5;6;7;8;9;10;11;12;13;14;15;16;17;18;19;20;21;22;23;24;25;26;27;28;29;30
120,30,0.726213588162443,0.3086304075921022,2.26422314421466,0.9828088087027963,False,False,ieee30,30,1;2;3;4;5;6;7;8;9;10;11;12;13;14;15;16;17;18;19;20;21;22;23;24;25;26;27;28;29;30
121,30,0.7575418135067153,0.3178181227857953,2.2832061020584535,1.007360951431545,False,False,ieee30,30,1;2;3;4;5;6;7;8;9;10;11;12;13;14;15;16;17;18;19;20;21;22;23;24;25;26;27;28;29;30
122,30,0.8449544605419,0.3138733485810184,2.380343729229915,1.1003820162660198,False,False,ieee30,30,1;2;3;4;5;6;7;8;9;10;11;12;13;14;15;16;17;18;19;20;21;22;23;24;25;26;27;28;29;30
123,30,0.6384573864588088,0.16963375822965518,2.4437496548621143,1.1272237279175443,False,False,ieee30,30,1;2;3;4;5;6;7;8;9;10;11;12;13;14;15;16;17;18;19;20;21;22;23;24;25;26;27;28;29;30
124,30,0.7372720808382559,0.3142611793642853,2.509403279861284,1.1423999540145424,False,False,ieee30,30,1;2;3;4;5;6;7;8;9;10;11;12;13;14;15;16;17;18;19;20;21;22;23;24;25;26;27;28;29;30
125,30,0.781787382495989,0.29742872480018206,2.9057643518517127,1.3631978113946932,False,False,ieee30,30,1;2;3;4;5;6;7;8;9;10;11;12;13;14;15;16;17;18;19;20;21;22;23;24;25;26;27;28;29;30
126,30,0.7215536558510668,0.1493523769550771,3.5791032266687064,1.9006110710832367,False,False,ieee30,30,1;2;3;4;5;6;7;8;9;10;11;12;13;14;15;16;17;18;19;20;21;22;23;24;25;26;27;28;29;30
127,30,0.740638501880806,0.20796441705663382,3.642458873801677,1.7502462087910802,False,False,ieee30,30,1;2;3;4;5;6;7;8;9;10;11;12;13;14;15;16;17;18;19;20;21;22;23;24;25;26;27;28;29;30
128,30,0.7666005564489153,0.19349574668420316,3.249050478895082,1.8966190930834697,False,False,ieee30,30,1;2;3;4;5;6;7;8;9;10;11;12;13;14;15;16;17;18;19;20;21;22;23;24;25;26;27;28;29;30
129,30,0.6210980942720772,0.30689893126355444,2.3009159167251925,1.1056726249802296,False,False,ieee30,30,1;2;3;4;5;6;7;8;9;10;11;12;13;14;15;16;17;18;19;20;21;22;23;24;25;26;27;28;29;30
130,30,0.7835100325335649,0.22391005207900821,3.309846391298517,2.0056259487426598,False,False,ieee30,30,1;2;3;4;5;6;7;8;9;10;11;12;13;14;15;16;17;18;19;20;21;22;23;24;25;26;27;28;29;30
131,30,0.7255093357652389,0.21367561546993236,4.30622917844379,1.6128212451925852,False,False,ieee30,30,1;2;3;4;5;6;7;8;9;10;11;12;13;14;15;16;17;18;19;20;21;22;23;24;25;26;27;28;29;30
132,30,0.44450391740030454,0.16307352720051677,1.9094053679459364,0.943688039262072,False,False,ieee30,30,1;2;3;4;5;6;7;8;9;10;11;12;13;14;15;16;17;18;19;20;21;22;23;24;25;26;27;28;29;30
133,30,0.3481641552504159,0.14355866472398737,1.9962725764917795,0.9784475918746202,False,False,ieee30,30,1;2;3;4;5;6;7;8;9;10;11;12;13;14;15;16;17;18;19;20;21;22;23;24;25;26;27;28;29;30
134,30,1.0012512369745346,0.5363875267498514,2.598479404159961,1.190083686203839,False,False,ieee30,30,1;2;3;4;5;6;7;8;9;10;11;12;13;14;15;16;17;18;19;20;21;22;23;24;25;26;27;28;29;30
135,30,0.997067971673008,0.5380843269448162,2.8088669558194725,1.2492706728923322,False,False,ieee30,30,1;2;3;4;5;6;7;8;9;10;11;12;13;14;15;16;17;18;19;20;21;22;23;24;25;26;27;28;29;30
136,30,0.6326741094402097,0.2593598786728801,1.790499926616291,0.8803078078413239,False,False,ieee30,30,1;2;3;4;5;6;7;8;9;10;11;12;13;14;15;16;17;18;19;20;21;22;23;24;25;26;27;28;29;30
137,30,0.8314127835025421,0.4047630912984922,2.839921730706498,1.3023406350084938,False,False,ieee30,30,1;2;3;4;5;6;7;8;9;10;11;12;13;14;15;16;17;18;19;20;21;22;23;24;25;26;27;28;29;30
138,30,1.2250408328820637,0.5084969030481692,2.603676811617244,1.158346136018182,False,False,ieee30,30,1;2;3;4;5;6;7;8;9;10;11;12;13;14;15;16;17;18;19;20;21;22;23;24;25;26;27;28;29;30
139,30,0.9041625593059086,0.45882631870052404,3.0180472291149982,1.3618091144904971,False,False,ieee30,30,1;2;3;4;5;6;7;8;9;10;11;12;13;14;15;16;17;18;19;20;21;22;23;24;25;26;27;28;29;30
140,30,0.8891578828428744,0.3904406759846726,3.2952831236110205,1.4302778179373627,False,False,ieee30,30,1;2;3;4;5;6;7;8;9;10;11;12;13;14;15;16;17;18;19;20;21;22;23;24;25;26;27;28;29;30
141,30,1.3036562679224082,0.5311486257582015,3.4299346934845487,1.4816556357635835,False,False,ieee30,30,1;2;3;4;5;6;7;8;9;10;11;12;13;14;15;16;17;18;19;20;21;22;23;24;25;26;27;28;29;30
142,30,0.35660751498211474,0.09704717439636018,1.70433483450073,0.8498257252695788,False,False,ieee30,30,1;2;3;4;5;6;7;8;9;10;11;12;13;14;15;16;17;18;19;20;21;22;23;24;25;26;27;28;29;30
143,30,1.139614565585909,0.5264505876813803,2.363378942471149,1.0787274218180136,False,False,ieee30,30,1;2;3;4;5;6;7;8;9;10;11;12;13;14;15;16;17;18;19;20;21;22;23;24;25;26;27;28;29;30
144,30,0.3198662004235973,0.10695911973741831,1.5130630970773882,0.7625725683810919,False,False,ieee30,30,1;2;3;4;5;6;7;8;9;10;11;12;13;14;15;16;17;18;19;20;21;22;23;24;25;26;27;28;29;30
145,30,0.9883057679898022,0.454289420271639,2.3564899427975132,1.0533562565507602,False,False,ieee30,30,1;2;3;4;5;6;7;8;9;10;11;12;13;14;15;16;17;18;19;20;21;22;23;24;25;26;27;28;29;30
146,30,1.1167411354866685,0.5234043334220984,2.872781118856043,1.2699378465761622,False,False,ieee30,30,1;2;3;4;5;6;7;8;9;10;11;12;13;14;15;16;17;18;19;20;21;22;23;24;25;26;27;28;29;30
147,30,1.0163323217987834,0.46689851202159166,2.531359315697812,1.0916520538116192,False,False,ieee30,30,1;2;3;4;5;6;7;8;9;10;11;12;13;14;15;16;17;18;19;20;21;22;23;24;25;26;27;28;29;30
148,30,1.2029338679846069,0.4758973974394659,3.9021711306592692,1.6187763331230371,False,False,ieee30,30,1;2;3;4;5;6;7;8;9;10;11;12;13;14;15;16;17;18;19;20;21;22;23;24;25;26;27;28;29;30
149,30,1.076306628271428,0.47695388030588765,3.5507924096663586,1.4651468204969338,False,False,ieee30,30,1;2;3;4;5;6;7;8;9;10;11;12;13;14;15;16;17;18;19;20;21;22;23;24;25;26;27;28;29;30
150,30,1.0882301889583261,0.462686914889849,3.465298457125497,1.4282840156861747,False,False,ieee30,30,1;2;3;4;5;6;7;8;9;10;11;12;13;14;15;16;17;18;19;20;21;22;23;24;25;26;27;28;29;30
151,30,1.1334344187048713,0.47597686781428133,3.752713891110003,1.536354196098348,False,False,ieee30,30,1;2;3;4;5;6;7;8;9;10;11;12;13;14;15;16;17;18;19;20;21;22;23;24;25;26;27;28;29;30
152,30,1.2716849182442438,0.4735928248547922,3.5708856265302966,1.533497263521582,False,False,ieee30,30,1;2;3;4;5;6;7;8;9;10;11;12;13;14;15;16;17;18;19;20;21;22;23;24;25;26;27;28;29;30
153,30,0.9547019717688099,0.2547563299701765,3.710924949427276,1.595002823776758,False,False,ieee30,30,1;2;3;4;5;6;7;8;9;10;11;12;13;14;15;16;17;18;19;20;21;22;23;24;25;26;27;28;29;30
154,30,1.1076500123738429,0.4735575197533111,4.069731230760132,1.7219784932471387,False,False,ieee30,30,1;2;3;4;5;6;7;8;9;10;11;12;13;14;15;16;17;18;19;20;21;22;23;24;25;26;27;28;29;30
155,30,1.1730499954204172,0.447038802636726,4.420353346980011,1.9466546005517649,False,False,ieee30,30,1;2;3;4;5;6;7;8;9;10;11;12;13;14;15;16;17;18;19;20;21;22;23;24;25;26;27;28;29;30
156,30,1.0350689383926819,0.215413305494697,4.4477398488287125,2.2635020732732603,False,False,ieee30,30,1;2;3;4;5;6;7;8;9;10;11;12;13;14;15;16;17;18;19;20;21;22;23;24;25;26;27;28;29;30
157,30,1.0971908195446916,0.3090427360746272,6.566629225214097,3.0339145145322246,False,False,ieee30,30,1;2;3;4;5;6;7;8;9;10;11;12;13;14;15;16;17;18;19;20;21;22;23;24;25;26;27;28;29;30
158,30,1.1341350858154717,0.2852889751174668,3.6678915550060025,2.129508175472435,False,False,ieee30,30,1;2;3;4;5;6;7;8;9;10;11;12;13;14;15;16;17;18;19;20;21;22;23;24;25;26;27;28;29;30
159,30,0.9546723641922241,0.47006218476383416,3.5129952983763992,1.5906663599420146,False,False,ieee30,30,1;2;3;4;5;6;7;8;9;10;11;12;13;14;15;16;17;18;19;20;21;22;23;24;25;26;27;28;29;30
160,30,1.1518563546472915,0.32910860014707227,3.287415708934608,2.379080749510867,False,False,ieee30,30,1;2;3;4;5;6;7;8;9;10;11;12;13;14;15;16;17;18;19;20;21;22;23;24;25;26;27;28;29;30
161,30,1.040753885557112,0.3065562312354592,1.2914048292425813,0.2284127429743592,False,False,ieee30,30,1;2;3;4;5;6;7;8;9;10;11;12;13;14;15;16;17;18;19;20;21;22;23;24;25;26;27;28;29;30
162,30,0.00013959221102628934,4.077858620285535e-05,0.12115313727815724,0.0341992151702466,False,False,ieee30,30,1;2;3;4;5;6;7;8;9;10;11;12;13;14;15;16;17;18;19;20;21;22;23;24;25;26;27;28;29;30
163,30,0.027633936986003187,0.013645169880103503,0.24750050725116196,0.06170067249061767,False,False,ieee30,30,1;2;3;4;5;6;7;8;9;10;11;12;13;14;15;16;17;18;19;20;21;22;23;24;25;26;27;28;29;30
164,30,0.004663984209359005,0.0021870580967245003,0.23779602380533066,0.06177320284970278,False,False,ieee30,30,1;2;3;4;5;6;7;8;9;10;11;12;13;14;15;16;17;18;19;20;21;22;23;24;25;26;27;28;29;30
165,30,0.013670424696023455,0.0063384975484421305,0.23603631493339944,0.05979938553901404,False,False,ieee30,30,1;2;3;4;5;6;7;8;9;10;11;12;13;14;15;16;17;18;19;20;21;22;23;24;25;26;27;28;29;30
166,30,0.04736911402952241,0.019796154326619436,0.24886667939845164,0.05992378746745569,False,False,ieee30,30,1;2;3;4;5;6;7;8;9;10;11;12;13;14;15;16;17;18;19;20;21;22;23;24;25;26;27;28;29;30
167,30,0.06467104760590467,0.031748609080994666,0.28836261473660296,0.0666698018812758,False,False,ieee30,30,1;2;3;4;5;6;7;8;9;10;11;12;13;14;15;16;17;18;19;20;21;22;23;24;25;26;27;28;29;30
168,30,0.013463032416600695,0.004856431637913203,0.23805116445225727,0.06025476538492186,False,False,ieee30,30,1;2;3;4;5;6;7;8;9;10;11;12;13;14;15;16;17;18;19;20;21;22;23;24;25;26;27;28;29;30
169,30,0.024535086801139448,0.011003628498012216,0.2447765173288622,0.06025628094494234,False,False,ieee30,30,1;2;3;4;5;6;7;8;9;10;11;12;13;14;15;16;17;18;19;20;21;22;23;24;25;26;27;28;29;30
170,30,0.011827528843092863,0.005211504792249563,0.23783549252007335,0.060590205223190696,False,False,ieee30,30,1;2;3;4;5;6;7;8;9;10;11;12;13;14;15;16;17;18;19;20;21;22;23;24;25;26;27;28;29;30
171,30,0.016048554474216083,0.006939573790682739,0.2716911337957171,0.07205494750208269,False,False,ieee30,30,1;2;3;4;5;6;7;8;9;10;11;12;13;14;15;16;17;18;19;20;21;22;23;24;25;26;27;28;29;30
172,30,0.0071959028387105686,0.0032170995107568025,0.2402493628276407,0.06173811055986095,False,False,ieee30,30,1;2;3;4;5;6;7;8;9;10;11;12;13;14;15;16;17;18;19;20;21;22;23;24;25;26;27;28;29;30
173,30,0.022436542419832808,0.008208355276559796,0.24948464487691713,0.06165805119841389,False,False,ieee30,30,1;2;3;4;5;6;7;8;9;10;11;12;13;14;15;16;17;18;19;20;21;22;23;24;25;26;27;28;29;30
174,30,0.006429218226534477,0.002642984874482699,0.2359524879308395,0.060246886178502046,False,False,ieee30,30,1;2;3;4;5;6;7;8;9;10;11;12;13;14;15;16;17;18;19;20;21;22;23;24;25;26;27;28;29;30
175,30,0.01988041995551349,0.007807548978655196,0.2758152318376259,0.07185047505062309,False,False,ieee30,30,1;2;3;4;5;6;7;8;9;10;11;12;13;14;15;16;17;18;19;20;21;22;23;24;25;26;27;28;29;30
176,30,0.004725310193252064,0.0018213115701818678,0.23535304494535086,0.06019648553367124,False,False,ieee30,30,1;2;3;4;5;6;7;8;9;10;11;12;13;14;15;16;17;18;19;20;21;22;23;24;25;26;27;28;29;30
177,30,0.04549033821904813,0.015645371355791374,0.2607814876092833,0.060687170391598266,False,False,ieee30,30,1;2;3;4;5;6;7;8;9;10;11;12;13;14;15;16;17;18;19;20;21;22;23;24;25;26;27;28;29;30
178,30,0.007337436753189014,0.002806206879911899,0.2387780200429127,0.06071301019020192,False,False,ieee30,30,1;2;3;4;5;6;7;8;9;10;11;12;13;14;15;16;17;18;19;20;21;22;23;24;25;26;27;28;29;30
179,30,0.024108838485799516,0.008212575545596873,0.4830808904177389,0.12567157420711034,False,False,ieee30,30,1;2;3;4;5;6;7;8;9;10;11;12;13;14;15;16;17;18;19;20;21;22;23;24;25;26;27;28;29;30
180,30,0.010676546812988316,0.0029953577121224345,1.0533822699325048,0.39371793905671437,False,False,ieee30,30,1;2;3;4;5;6;7;8;9;10;11;12;13;14;15;16;17;18;19;20;21;22;23;24;25;26;27;28;29;30
181,30,0.006540627851612,0.0018268522014589662,0.20604889971953932,0.05167603321122105,False,False,ieee30,30,1;2;3;4;5;6;7;8;9;10;11;12;13;14;15;16;17;18;19;20;21;22;23;24;25;26;27;28;29;30
182,30,0.027219543759781542,0.0075604342303260685,1.736525373530259,0.5976655634206521,False,False,ieee30,30,1;2;3;4;5;6;7;8;9;10;11;12;13;14;15;16;17;18;19;20;21;22;23;24;25;26;27;28;29;30
183,30,0.010273994366450217,0.00640098608744416,0.2557701432346469,0.06765982145812921,False,False,ieee30,30,1;2;3;4;5;6;7;8;9;10;11;12;13;14;15;16;17;18;19;20;21;22;23;24;25;26;27;28;29;30
184,30,0.0024289863088241756,0.0019317192127091664,0.21519678144320953,0.0578193945763158,False,False,ieee30,30,1;2;3;4;5;6;7;8;9;10;11;12;13;14;15;16;17;18;19;20;21;22;23;24;25;26;27;28;29;30
185,30,0.0016217886662788835,0.0009984954837946938,0.20015681828424142,0.05465966337262962,False,False,ieee30,30,1;2;3;4;5;6;7;8;9;10;11;12;13;14;15;16;17;18;19;20;21;22;23;24;25;26;27;28;29;30
186,30,0.009502320931160197,0.004550604609018669,0.2212919075342885,0.05843148536405379,False,False,ieee30,30,1;2;3;4;5;6;7;8;9;10;11;12;13;14;15;16;17;18;19;20;21;22;23;24;25;26;27;28;29;30
187,30,0.014806894225370047,0.00472478392792014,0.33547795724538626,0.08965603989916515,False,False,ieee30,30,1;2;3;4;5;6;7;8;9;10;11;12;13;14;15;16;17;18;19;20;21;22;23;24;25;26;27;28;29;30
188,30,0.0026897872533485825,0.0015469114206446977,0.5914924945873754,0.18792350620336357,False,False,ieee30,30,1;2;3;4;5;6;7;8;9;10;11;12;13;14;15;16;17;18;19;20;21;22;23;24;25;26;27;28;29;30
189,30,0.006737894245342971,0.003711986174323098,0.2546836764597279,0.06013690162071461,False,False,ieee30,30,1;2;3;4;5;6;7;8;9;10;11;12;13;14;15;16;17;18;19;20;21;22;23;24;25;26;27;28;29;30
190,30,0.0017313023935727149,0.0008915351129384352,0.23583288873577102,0.06087115358809064,False,False,ieee30,30,1;2;3;4;5;6;7;8;9;10;11;12;13;14;15;16;17;18;19;20;21;22;23;24;25;26;27;28;29;30
191,30,0.002975495034883313,0.0018157165469680006,0.21852919827755996,0.05553875619206977,False,False,ieee30,30,1;2;3;4;5;6;7;8;9;10;11;12;13;14;15;16;17;18;19;20;21;22;23;24;25;26;27;28;29;30
192,30,0.00240966759051469,0.0016297547204131325,0.9237421481069916,0.32040384785634385,False,False,ieee30,30,1;2;3;4;5;6;7;8;9;10;11;12;13;14;15;16;17;18;19;20;21;22;23;24;25;26;27;28;29;30
193,30,0.004781954846659803,0.0016647009835268345,0.2330249631148148,0.059869490458333896,False,False,ieee30,30,1;2;3;4;5;6;7;8;9;10;11;12;13;14;15;16;17;18;19;20;21;22;23;24;25;26;27;28;29;30
194,30,0.0012801293111053078,0.0007702843776182348,0.21394732217900936,0.05589361544513122,False,False,ieee30,30,1;2;3;4;5;6;7;8;9;10;11;12;13;14;15;16;17;18;19;20;21;22;23;24;25;26;27;28;29;30
195,30,0.0025759035115968266,0.0008666337490474338,0.22369775673828513,0.05786125770734979,False,False,ieee30,30,1;2;3;4;5;6;7;8;9;10;11;12;13;14;15;16;17;18;19;20;21;22;23;24;25;26;27;28;29;30
196,30,0.0011567437644928874,0.0007117301307422684,0.2098230451937862,0.0545400859974568,False,False,ieee30,30,1;2;3;4;5;6;7;8;9;10;11;12;13;14;15;16;17;18;19;20;21;22;23;24;25;26;27;28;29;30
197,30,0.00588160890779435,0.000834873437897149,0.522901491031065,0.14680728397906212,False,False,ieee30,30,1;2;3;4;5;6;7;8;9;10;11;12;13;14;15;16;17;18;19;20;21;22;23;24;25;26;27;28;29;30
198,30,0.002581680237794655,0.0016750556017550051,0.3858377038564338,0.10556327329260967,False,False,ieee30,30,1;2;3;4;5;6;7;8;9;10;11;12;13;14;15;16;17;18;19;20;21;22;23;24;25;26;27;28;29;30
199,30,0.004751979818352816,0.0010522094344764948,0.22452423485806394,0.06859277646305523,False,False,ieee30,30,1;2;3;4;5;6;7;8;9;10;11;12;13;14;15;16;17;18;19;20;21;22;23;24;25;26;27;28;29;30
200,30,0.0017081423316102472,0.00026787023376212415,0.18828559789431926,0.0490497793415926,False,False,ieee30,30,1;2;3;4;5;6;7;8;9;10;11;12;13;14;15;16;17;18;19;20;21;22;23;24;25;26;27;28;29;30
201,30,0.0013982532549920296,0.00034183254270079774,6.098341050526095,1.824131580191907,False,False,ieee30,30,1;2;3;4;5;6;7;8;9;10;11;12;13;14;15;16;17;18;19;20;21;22;23;24;25;26;27;28;29;30
202,30,0.0015763514602759598,0.0004234294322851828,0.010794939090725097,0.0037093625072484038,False,False,ieee30,30,1;2;3;4;5;6;7;8;9;10;11;12;13;14;15;16;17;18;19;20;21;22;23;24;25;26;27;28;29;30
203,30,0.14627494854695075,0.05396827757936107,0.8867830138853203,0.5138155728554724,False,False,ieee30,30,1;2;3;4;5;6;7;8;9;10;11;12;13;14;15;16;17;18;19;20;21;22;23;24;25;26;27;28;29;30
204,30,0.11562122070193605,0.04775991186218348,0.9224556787054587,0.5334798453275416,False,False,ieee30,30,1;2;3;4;5;6;7;8;9;10;11;12;13;14;15;16;17;18;19;20;21;22;23;24;25;26;27;28;29;30
205,30,0.33277721138054067,0.17804319245811834,1.2402535508223762,0.654450148060878,False,False,ieee30,30,1;2;3;4;5;6;7;8;9;10;11;12;13;14;15;16;17;18;19;20;21;22;23;24;25;26;27;28;29;30
206,30,0.3164167723452248,0.16992101414184743,1.2451295984823045,0.6233997783975356,False,False,ieee30,30,1;2;3;4;5;6;7;8;9;10;11;12;13;14;15;16;17;18;19;20;21;22;23;24;25;26;27;28;29;30
207,30,0.20925401824777973,0.08586057371324335,0.7270746607916965,0.41896204377045254,False,False,ieee30,30,1;2;3;4;5;6;7;8;9;10;11;12;13;14;15;16;17;18;19;20;21;22;23;24;25;26;27;28;29;30
208,30,0.27915951125800054,0.1329155491809119,1.4786935998114572,0.7498539445383101,False,False,ieee30,30,1;2;3;4;5;6;7;8;9;10;11;12;13;14;15;16;17;18;19;20;21;22;23;24;25;26;27;28;29;30
209,30,0.4067388574525036,0.168732516158379,1.283227127092575,0.6407059800372468,False,False,ieee30,30,1;2;3;4;5;6;7;8;9;10;11;12;13;14;15;16;17;18;19;20;21;22;23;24;25;26;27;28;29;30
210,30,0.30058250032992995,0.1522134879706161,1.4354265721102006,0.7327505305231594,False,False,ieee30,30,1;2;3;4;5;6;7;8;9;10;11;12;13;14;15;16;17;18;19;20;21;22;23;24;25;26;27;28;29;30
211,30,0.2841997309928488,0.12531655419098606,1.4435182470514558,0.7435612311142987,False,False,ieee30,30,1;2;3;4;5;6;7;8;9;10;11;12;13;14;15;16;17;18;19;20;21;22;23;24;25;26;27;28;29;30
212,30,0.41360001855370093,0.16946106174835457,1.6371293469923769,0.8243097858995376,False,False,ieee30,30,1;2;3;4;5;6;7;8;9;10;11;12;13;14;15;16;17;18;19;20;21;22;23;24;25;26;27;28;29;30
213,30,0.11845366742008882,0.032284125683196746,0.7277041760867766,0.4285424265706751,False,False,ieee30,30,1;2;3;4;5;6;7;8;9;10;11;12;13;14;15;16;17;18;19;20;21;22;23;24;25;26;27;28;29;30
214,30,0.37869944178703524,0.17501099367632977,1.1089276580132674,0.5982276184757389,False,False,ieee30,30,1;2;3;4;5;6;7;8;9;10;11;12;13;14;15;16;17;18;19;20;21;22;23;24;25;26;27;28;29;30
215,30,0.1056275516005766,0.03543237881030967,0.5117255542005834,0.3019445716662373,False,False,ieee30,30,1;2;3;4;5;6;7;8;9;10;11;12;13;14;15;16;17;18;19;20;21;22;23;24;25;26;27;28;29;30
216,30,0.2785223011921038,0.12795777782931192,1.048974844009658,0.5169891217505314,False,False,ieee30,30,1;2;3;4;5;6;7;8;9;10;11;12;13;14;15;16;17;18;19;20;21;22;23;24;25;26;27;28;29;30
217,30,0.3700056147262859,0.17343042699146016,1.3718214386677827,0.7111824493380936,False,False,ieee30,30,1;2;3;4;5;6;7;8;9;10;11;12;13;14;15;16;17;18;19;20;21;22;23;24;25;26;27;28;29;30
218,30,0.3412123006032798,0.1566746692242004,0.9083181977636002,0.4873450937088507,False,False,ieee30,30,1;2;3;4;5;6;7;8;9;10;11;12;13;14;15;16;17;18;19;20;21;22;23;24;25;26;27;28;29;30
219,30,0.4063480644459785,0.1603624538311376,1.541717946010269,0.766900529262208,False,False,ieee30,30,1;2;3;4;5;6;7;8;9;10;11;12;13;14;15;16;17;18;19;20;21;22;23;24;25;26;27;28;29;30
220,30,0.3605137673626231,0.1596979371370748,1.3494460066415623,0.6447522578570293,False,False,ieee30,30,1;2;3;4;5;6;7;8;9;10;11;12;13;14;15;16;17;18;19;20;21;22;23;24;25;26;27;28;29;30
221,30,0.36199232217787836,0.1537360323545018,1.4895864905293679,0.7089365102007692,False,False,ieee30,30,1;2;3;4;5;6;7;8;9;10;11;12;13;14;15;16;17;18;19;20;21;22;23;24;25;26;27;28;29;30
222,30,0.3789125931057275,0.1590571577111055,1.351281750415135,0.6680152983081253,False,False,ieee30,30,1;2;3;4;5;6;7;8;9;10;11;12;13;14;15;16;17;18;19;20;21;22;23;24;25;26;27;28;29;30
223,30,0.4240964206932486,0.15733126101844602,1.8088724593689283,0.8834243526355479,False,False,ieee30,30,1;2;3;4;5;6;7;8;9;10;11;12;13;14;15;16;17;18;19;20;21;22;23;24;25;26;27;28;29;30
224,30,0.31847488160680015,0.08439775134189817,1.8196083875982096,0.892784655344316,False,False,ieee30,30,1;2;3;4;5;6;7;8;9;10;11;12;13;14;15;16;17;18;19;20;21;22;23;24;25;26;27;28;29;30
225,30,0.3694747154716456,0.1575584438195095,1.6949878827602622,0.8433551648176743,False,False,ieee30,30,1;2;3;4;5;6;7;8;9;10;11;12;13;14;15;16;17;18;19;20;21;22;23;24;25;26;27;28;29;30
226,30,0.39668164944527623,0.1503719654647068,2.4452575097615132,1.1716291497538558,False,False,ieee30,30,1;2;3;4;5;6;7;8;9;10;11;12;13;14;15;16;17;18;19;20;21;22;23;24;25;26;27;28;29;30
227,30,0.36693222273811704,0.07576722469963582,3.5371339218728393,1.6450482030506068,False,False,ieee30,30,1;2;3;4;5;6;7;8;9;10;11;12;13;14;15;16;17;18;19;20;21;22;23;24;25;26;27;28;29;30
228,30,0.3717144854263208,0.10443178913037157,2.659956327939594,1.2967566928264151,False,False,ieee30,30,1;2;3;4;5;6;7;8;9;10;11;12;13;14;15;16;17;18;19;20;21;22;23;24;25;26;27;28;29;30
229,30,0.3866117786976332,0.09763482747975458,4.104738779073923,1.9030011677685656,False,False,ieee30,30,1;2;3;4;5;6;7;8;9;10;11;12;13;14;15;16;17;18;19;20;21;22;23;24;25;26;27;28;29;30
230,30,0.30067648511195666,0.1495229637570265,1.970139757942802,0.956444152828849,False,False,ieee30,30,1;2;3;4;5;6;7;8;9;10;11;12;13;14;15;16;17;18;19;20;21;22;23;24;25;26;27;28;29;30
231,30,0.3947585215559587,0.11351179144298994,3.7659243272484213,1.767724068153058,False,False,ieee30,30,1;2;3;4;5;6;7;8;9;10;11;12;13;14;15;16;17;18;19;20;21;22;23;24;25;26;27;28;29;30
232,30,0.368741655449044,0.10851535220564809,4.120880588576929,1.6299329088473145,False,False,ieee30,30,1;2;3;4;5;6;7;8;9;10;11;12;13;14;15;16;17;18;19;20;21;22;23;24;25;26;27;28;29;30
233,30,0.24467584183803778,0.10211415518034284,1.50277784950431,0.7679586535257568,False,False,ieee30,30,1;2;3;4;5;6;7;8;9;10;11;12;13;14;15;16;17;18;19;20;21;22;23;24;25;26;27;28;29;30
234,30,0.18709373629004597,0.07396949329457997,1.5305770354344927,0.7824211245425232,False,False,ieee30,30,1;2;3;4;5;6;7;8;9;10;11;12;13;14;15;16;17;18;19;20;21;22;23;24;25;26;27;28;29;30
235,30,0.5449079682926428,0.30746906268912627,2.048242137447031,0.9798930007424884,False,False,ieee30,30,1;2;3;4;5;6;7;8;9;10;11;12;13;14;15;16;17;18;19;20;21;22;23;24;25;26;27;28;29;30
236,30,0.5462046569061141,0.30934394419181677,2.1985471236117284,1.0410115594787497,False,False,ieee30,30,1;2;3;4;5;6;7;8;9;10;11;12;13;14;15;16;17;18;19;20;21;22;23;24;25;26;27;28;29;30
237,30,0.34192359242822823,0.1460124517446886,1.3389891427036003,0.6859052753916246,False,False,ieee30,30,1;2;3;4;5;6;7;8;9;10;11;12;13;14;15;16;17;18;19;20;21;22;23;24;25;26;27;28;29;30
238,30,0.47171898177553856,0.23993235684396022,2.390975631837212,1.1238363661947677,False,False,ieee30,30,1;2;3;4;5;6;7;8;9;10;11;12;13;14;15;16;17;18;19;20;21;22;23;24;25;26;27;28;29;30
239,30,0.6722640273155368,0.28528239930576166,2.008280771664817,0.9495288270948745,False,False,ieee30,30,1;2;3;4;5;6;7;8;9;10;11;12;13;14;15;16;17;18;19;20;21;22;23;24;25;26;27;28;29;30
240,30,0.48237987483133216,0.2517701913223931,2.626805235806823,1.169131502832226,False,False,ieee30,30,1;2;3;4;5;6;7;8;9;10;11;12;13;14;15;16;17;18;19;20;21;22;23;24;25;26;27;28;29;30
241,30,0.46986407552488874,0.2145087854960152,2.4735387412780385,1.1445094690722097,False,False,ieee30,30,1;2;3;4;5;6;7;8;9;10;11;12;13;14;15;16;17;18;19;20;21;22;23;24;25;26;27;28;29;30
242,30,0.6641018591413621,0.28040523733813805,2.6270298208383447,1.1946111769057117,False,False,ieee30,30,1;2;3;4;5;6;7;8;9;10;11;12;13;14;15;16;17;18;19;20;21;22;23;24;25;26;27;28;29;30
243,30,0.18451376949030784,0.05529732537978607,1.2758826261491458,0.6728174209757873,False,False,ieee30,30,1;2;3;4;5;6;7;8;9;10;11;12;13;14;15;16;17;18;19;20;21;22;23;24;25;26;27;28;29;30
244,30,0.6180308955273095,0.2992094886329807,1.8129503944007057,0.8742189675274672,False,False,ieee30,30,1;2;3;4;5;6;7;8;9;10;11;12;13;14;15;16;17;18;19;20;21;22;23;24;25;26;27;28;29;30
245,30,0.16026185018355749,0.05532922516285621,1.0779802039244846,0.5875265589511312,False,False,ieee30,30,1;2;3;4;5;6;7;8;9;10;11;12;13;14;15;16;17;18;19;20;21;22;23;24;25;26;27;28;29;30
246,30,0.575701400121148,0.2787760937933828,1.9528805552034896,0.9156141706643786,False,False,ieee30,30,1;2;3;4;5;6;7;8;9;10;11;12;13;14;15;16;17;18;19;20;21;22;23;24;25;26;27;28;29;30
247,30,0.5989207171685513,0.2949883619057685,2.277563939014767,1.0598986017971452,False,False,ieee30,30,1;2;3;4;5;6;7;8;9;10;11;12;13;14;15;16;17;18;19;20;21;22;23;24;25;26;27;28;29;30
248,30,0.5578285361377581,0.2696762504514004,1.6393724987310232,0.7831390406829659,False,False,ieee30,30,1;2;3;4;5;6;7;8;9;10;11;12;13;14;15;16;17;18;19;20;21;22;23;24;25;26;27;28;29;30
249,30,0.6492778526612599,0.2700782023029773,2.6304369898432842,1.1839213785140013,False,False,ieee30,30,1;2;3;4;5;6;7;8;9;10;11;12;13;14;15;16;17;18;19;20;21;22;23;24;25;26;27;28;29;30
250,30,0.5968280385550219,0.27853786049484835,2.3176286410193825,1.0459430119525108,False,False,ieee30,30,1;2;3;4;5;6;7;8;9;10;11;12;13;14;15;16;17;18;19;20;21;22;23;24;25;26;27;28;29;30
251,30,0.5931654168149993,0.26411160888778845,2.371257983272441,1.0662724435729904,False,False,ieee30,30,1;2;3;4;5;6;7;8;9;10;11;12;13;14;15;16;17;18;19;20;21;22;23;24;25;26;27;28;29;30
252,30,0.6154284600036622,0.27188399285405107,2.4378100096023285,1.0920936690593437,False,False,ieee30,30,1;2;3;4;5;6;7;8;9;10;11;12;13;14;15;16;17;18;19;20;21;22;23;24;25;26;27;28;29;30
253,30,0.7024133455748859,0.27191683407911926,2.9359510464132472,1.314517994125136,False,False,ieee30,30,1;2;3;4;5;6;7;8;9;10;11;12;13;14;15;16;17;18;19;20;21;22;23;24;25;26;27;28;29;30
254,30,0.5088417612427615,0.1425126473998356,2.9754061492277506,1.3415688311959855,False,False,ieee30,30,1;2;3;4;5;6;7;8;9;10;11;12;13;14;15;16;17;18;19;20;21;22;23;24;25;26;27;28;29;30
255,30,0.6088547057174947,0.2745391043463472,2.907530542248386,1.307441750304008,False,False,ieee30,30,1;2;3;4;5;6;7;8;9;10;11;12;13;14;15;16;17;18;19;20;21;22;23;24;25;26;27;28;29;30
256,30,0.646020755729273,0.25562873189036844,3.6040062982990158,1.6414936478056907,False,False,ieee30,30,1;2;3;4;5;6;7;8;9;10;11;12;13;14;15;16;17;18;19;20;21;22;23;24;25;26;27;28;29;30
257,30,0.5881380200737071,0.12648782825406774,4.450358940341096,2.1561940367498247,False,False,ieee30,30,1;2;3;4;5;6;7;8;9;10;11;12;13;14;15;16;17;18;19;20;21;22;23;24;25;26;27;28;29;30
258,30,0.6142930572272935,0.18073141435860013,3.5061716711799185,1.7018704971511391,False,False,ieee30,30,1;2;3;4;5;6;7;8;9;10;11;12;13;14;15;16;17;18;19;20;21;22;23;24;25;26;27;28;29;30
259,30,0.633879749958545,0.1634505898471047,4.51596509576564,2.218914039765745,False,False,ieee30,30,1;2;3;4;5;6;7;8;9;10;11;12;13;14;15;16;17;18;19;20;21;22;23;24;25;26;27;28;29;30
260,30,0.5155933247824425,0.2645563823138986,3.059182142407831,1.393292785429366,False,False,ieee30,30,1;2;3;4;5;6;7;8;9;10;11;12;13;14;15;16;17;18;19;20;21;22;23;24;25;26;27;28;29;30
261,30,0.652007176409121,0.19656111246806104,4.266563366465483,2.096381336726036,False,False,ieee30,30,1;2;3;4;5;6;7;8;9;10;11;12;13;14;15;16;17;18;19;20;21;22;23;24;25;26;27;28;29;30
262,30,0.5962600253255995,0.1790331282949183,3.198935285864,1.4678585055236786,False,False,ieee30,30,1;2;3;4;5;6;7;8;9;10;11;12;13;14;15;16;17;18;19;20;21;22;23;24;25;26;27;28;29;30
263,30,0.2943302735686955,0.10819314799659047,1.8994320900637685,0.9252583930623779,False,False,ieee30,30,1;2;3;4;5;6;7;8;9;10;11;12;13;14;15;16;17;18;19;20;21;22;23;24;25;26;27;28;29;30
264,30,0.2324962273631713,0.09551204359365628,1.9558541354441261,0.9506089326589784,False,False,ieee30,30,1;2;3;4;5;6;7;8;9;10;11;12;13;14;15;16;17;18;19;20;21;22;23;24;25;26;27;28;29;30
265,30,0.6649782944288605,0.3561749557079627,2.6713453085735317,1.202883506914609,False,False,ieee30,30,1;2;3;4;5;6;7;8;9;10;11;12;13;14;15;16;17;18;19;20;21;22;23;24;25;26;27;28;29;30
266,30,0.6540132807279798,0.35231073781878547,2.8370455839247812,1.253928682650903,False,False,ieee30,30,1;2;3;4;5;6;7;8;9;10;11;12;13;14;15;16;17;18;19;20;21;22;23;24;25;26;27;28;29;30
267,30,0.4201110394010014,0.17226993672056312,1.763313507828376,0.8514816456329839,False,False,ieee30,30,1;2;3;4;5;6;7;8;9;10;11;12;13;14;15;16;17;18;19;20;21;22;23;24;25;26;27;28;29;30
268,30,0.557180089582353,0.26948927968830877,3.011212225749251,1.3652865955864095,False,False,ieee30,30,1;2;3;4;5;6;7;8;9;10;11;12;13;14;15;16;17;18;19;20;21;22;23;24;25;26;27;28;29;30
269,30,0.8151561992987006,0.33821552727390636,2.6475222365987827,1.1702867307962432,False,False,ieee30,30,1;2;3;4;5;6;7;8;9;10;11;12;13;14;15;16;17;18;19;20;21;22;23;24;25;26;27;28;29;30
270,30,0.6023109824289924,0.30531065127866264,3.1511319337418793,1.4073136136290558,False,False,ieee30,30,1;2;3;4;5;6;7;8;9;10;11;12;13;14;15;16;17;18;19;20;21;22;23;24;25;26;27;28;29;30
271,30,0.5805466644330723,0.2552630884954713,3.06320853479592,1.3606291442800893,False,False,ieee30,30,1;2;3;4;5;6;7;8;9;10;11;12;13;14;15;16;17;18;19;20;21;22;23;24;25;26;27;28;29;30
272,30,0.842823319626385,0.34407737591071025,3.4755770961065675,1.5196133101174765,False,False,ieee30,30,1;2;3;4;5;6;7;8;9;10;11;12;13;14;15;16;17;18;19;20;21;22;23;24;25;26;27;28;29;30
273,30,0.2374591180949187,0.06500866099749722,1.6445087599289072,0.8220251661715101,False,False,ieee30,30,1;2;3;4;5;6;7;8;9;10;11;12;13;14;15;16;17;18;19;20;21;22;23;24;25;26;27;28;29;30
274,30,0.7586503174498793,0.35041442634814235,2.3312441948452207,1.0656010328287155,False,False,ieee30,30,1;2;3;4;5;6;7;8;9;10;11;12;13;14;15;16;17;18;19;20;21;22;23;24;25;26;27;28;29;30
275,30,0.21217340657484124,0.07105699398528217,1.4311687310282797,0.7279805859380359,False,False,ieee30,30,1;2;3;4;5;6;7;8;9;10;11;12;13;14;15;16;17;18;19;20;21;22;23;24;25;26;27;28;29;30
276,30,0.6340204275217721,0.29222801563398476,2.3684372828057434,1.0384760946718312,False,False,ieee30,30,1;2;3;4;5;6;7;8;9;10;11;12;13;14;15;16;17;18;19;20;21;22;23;24;25;26;27;28;29;30
277,30,0.7443345668298088,0.34872597111545806,2.8995022159382025,1.2903013653035862,False,False,ieee30,30,1;2;3;4;5;6;7;8;9;10;11;12;13;14;15;16;17;18;19;20;21;22;23;24;25;26;27;28;29;30
278,30,0.6796612741479084,0.3120435401768823,2.0228896985536737,0.923283087863815,False,False,ieee30,30,1;2;3;4;5;6;7;8;9;10;11;12;13;14;15;16;17;18;19;20;21;22;23;24;25;26;27;28;29;30
279,30,0.8053670864845338,0.3180390475498728,3.337243729356122,1.4346193863993812,False,False,ieee30,30,1;2;3;4;5;6;7;8;9;10;11;12;13;14;15;16;17;18;19;20;21;22;23;24;25;26;27;28;29;30
280,30,0.7218263157237617,0.32002401568276967,2.5561029272491638,1.1046002260559118,False,False,ieee30,30,1;2;3;4;5;6;7;8;9;10;11;12;13;14;15;16;17;18;19;20;21;22;23;24;25;26;27;28;29;30
281,30,0.7261191068262095,0.3086337945425642,3.047640745121839,1.2762944380007184,False,False,ieee30,30,1;2;3;4;5;6;7;8;9;10;11;12;13;14;15;16;17;18;19;20;21;22;23;24;25;26;27;28;29;30
282,30,0.7573818951367279,0.31782111287131987,2.7170911103202133,1.1694061419181365,False,False,ieee30,30,1;2;3;4;5;6;7;8;9;10;11;12;13;14;15;16;17;18;19;20;21;22;23;24;25;26;27;28;29;30
283,30,0.8447949425465533,0.3138795881578759,3.5899926150630903,1.559356300691363,False,False,ieee30,30,1;2;3;4;5;6;7;8;9;10;11;12;13;14;15;16;17;18;19;20;21;22;23;24;25;26;27;28;29;30
284,30,0.6382957518332024,0.16963939168845674,3.736523538248023,1.619583890335987,False,False,ieee30,30,1;2;3;4;5;6;7;8;9;10;11;12;13;14;15;16;17;18;19;20;21;22;23;24;25;26;27;28;29;30
285,30,0.7372179247007284,0.31426576239861687,3.56578793734272,1.5500105248829146,False,False,ieee30,30,1;2;3;4;5;6;7;8;9;10;11;12;13;14;15;16;17;18;19;20;21;22;23;24;25;26;27;28;29;30
286,30,0.781734309420538,0.29743810391673625,4.318123102218762,1.9236578993889533,False,False,ieee30,30,1;2;3;4;5;6;7;8;9;10;11;12;13;14;15;16;17;18;19;20;21;22;23;24;25;26;27;28;29;30
287,30,0.7215060335793329,0.14935040375278108,5.098271364480446,2.583712400312274,False,False,ieee30,30,1;2;3;4;5;6;7;8;9;10;11;12;13;14;15;16;17;18;19;20;21;22;23;24;25;26;27;28;29;30
288,30,0.7405057656040581,0.2079740497257566,4.219023939104285,2.0041484678172563,False,False,ieee30,30,1;2;3;4;5;6;7;8;9;10;11;12;13;14;15;16;17;18;19;20;21;22;23;24;25;26;27;28;29;30
289,30,0.7666208277761031,0.1935118663564705,4.399385366896833,2.454291248587703,False,False,ieee30,30,1;2;3;4;5;6;7;8;9;10;11;12;13;14;15;16;17;18;19;20;21;22;23;24;25;26;27;28;29;30
290,30,0.6209237495861258,0.30688523760340525,3.5532558988068272,1.582835337608876,False,False,ieee30,30,1;2;3;4;5;6;7;8;9;10;11;12;13;14;15;16;17;18;19;20;21;22;23;24;25;26;27;28;29;30
291,30,0.7832906004227765,0.2239626961825696,3.8380816919401566,2.213065909725053,False,False,ieee30,30,1;2;3;4;5;6;7;8;9;10;11;12;13;14;15;16;17;18;19;20;21;22;23;24;25;26;27;28;29;30
292,30,0.7413202005992637,0.21873256855413392,5.755423850302629,2.0298900162377636,False,False,ieee30,30,1;2;3;4;5;6;7;8;9;10;11;12;13;14;15;16;17;18;19;20;21;22;23;24;25;26;27;28;29;30
293,30,0.4444076031862277,0.16306941444790782,2.5836017527290327,1.1864757805283173,False,False,ieee30,30,1;2;3;4;5;6;7;8;9;10;11;12;13;14;15;16;17;18;19;20;21;22;23;24;25;26;27;28;29;30
294,30,0.3480506540201679,0.14355631692247056,2.6644140380715315,1.2205890915439468,False,False,ieee30,30,1;2;3;4;5;6;7;8;9;10;11;12;13;14;15;16;17;18;19;20;21;22;23;24;25;26;27;28;29;30
295,30,1.0011786788066774,0.5363920601649473,3.3913416486511068,1.4753849206921024,False,False,ieee30,30,1;2;3;4;5;6;7;8;9;10;11;12;13;14;15;16;17;18;19;20;21;22;23;24;25;26;27;28;29;30
296,30,0.9969976584895472,0.5380900544470719,3.642937756324417,1.560991228187217,False,False,ieee30,30,1;2;3;4;5;6;7;8;9;10;11;12;13;14;15;16;17;18;19;20;21;22;23;24;25;26;27;28;29;30
297,30,0.6326040450534012,0.2593559054389552,2.37916995656144,1.0961832744151196,False,False,ieee30,30,1;2;3;4;5;6;7;8;9;10;11;12;13;14;15;16;17;18;19;20;21;22;23;24;25;26;27;28;29;30
298,30,0.8313187542990418,0.40476114305370353,3.7459909528725768,1.6437949305724442,False,False,ieee30,30,1;2;3;4;5;6;7;8;9;10;11;12;13;14;15;16;17;18;19;20;21;22;23;24;25;26;27;28;29;30
299,30,1.2249537194919498,0.5085029253920255,3.585888450313581,1.5114735520864693,False,False,ieee30,30,1;2;3;4;5;6;7;8;9;10;11;12;13;14;15;16;17;18;19;20;21;22;23;24;25;26;27;28;29;30
300,30,0.9040569278524128,0.4588362411290754,3.8962866381245878,1.6828532997209475,False,False,ieee30,30,1;2;3;4;5;6;7;8;9;10;11;12;13;14;15;16;17;18;19;20;21;22;23;24;25;26;27;28;29;30
301,30,0.8890569003260034,0.39043928879872436,4.07537055611111,1.7183083353146213,False,False,ieee30,30,1;2;3;4;5;6;7;8;9;10;11;12;13;14;15;16;17;18;19;20;21;22;23;24;25;26;27;28;29;30
302,30,1.3035216190596008,0.5311587204781791,4.471551801967432,1.8688788498938962,False,False,ieee30,30,1;2;3;4;5;6;7;8;9;10;11;12;13;14;15;16;17;18;19;20;21;22;23;24;25;26;27;28;29;30
303,30,0.3565849331952098,0.09705692129111212,2.3102455926052223,1.081369192627032,False,False,ieee30,30,1;2;3;4;5;6;7;8;9;10;11;12;13;14;15;16;17;18;19;20;21;22;23;24;25;26;27;28;29;30
304,30,1.1395731425840039,0.5264541078211256,3.120697895555655,1.352639096098084,False,False,ieee30,30,1;2;3;4;5;6;7;8;9;10;11;12;13;14;15;16;17;18;19;20;21;22;23;24;25;26;27;28;29;30
305,30,0.3198011172594135,0.1069627405510784,2.0032072755336126,0.950014827506616,False,False,ieee30,30,1;2;3;4;5;6;7;8;9;10;11;12;13;14;15;16;17;18;19;20;21;22;23;24;25;26;27;28;29;30
306,30,0.9882540885484492,0.4542934500507845,3.2496217858448713,1.3745812252843743,False,False,ieee30,30,1;2;3;4;5;6;7;8;9;10;11;12;13;14;15;16;17;18;19;20;21;22;23;24;25;26;27;28;29;30
307,30,1.1166828890897431,0.5234093036510363,3.7244988834902206,1.5838977821272682,False,False,ieee30,30,1;2;3;4;5;6;7;8;9;10;11;12;13;14;15;16;17;18;19;20;21;22;23;24;25;26;27;28;29;30
308,30,1.016272158886264,0.4669010762435778,2.8759040947692087,1.221859463708372,False,False,ieee30,30,1;2;3;4;5;6;7;8;9;10;11;12;13;14;15;16;17;18;19;20;21;22;23;24;25;26;27;28;29;30
309,30,1.2027424507646494,0.47590444806566895,4.391977007962514,1.7982067654343181,False,False,ieee30,30,1;2;3;4;5;6;7;8;9;10;11;12;13;14;15;16;17;18;19;20;21;22;23;24;25;26;27;28;29;30
310,30,1.0762192099787702,0.4769575789669224,3.231490211501705,1.3499662011447553,False,False,ieee30,30,1;2;3;4;5;6;7;8;9;10;11;12;13;14;15;16;17;18;19;20;21;22;23;24;25;26;27;28;29;30
311,30,1.0881388695767347,0.462692731726366,4.075428673134802,1.6528973345587652,False,False,ieee30,30,1;2;3;4;5;6;7;8;9;10;11;12;13;14;15;16;17;18;19;20;21;22;23;24;25;26;27;28;29;30
312,30,1.1332594946521628,0.47598112423879807,3.376091852359699,1.401755790145461,False,False,ieee30,30,1;2;3;4;5;6;7;8;9;10;11;12;13;14;15;16;17;18;19;20;21;22;23;24;25;26;27;28;29;30
313,30,1.2715295013147723,0.4736031701663291,4.548209933584376,1.902217057530105,False,False,ieee30,30,1;2;3;4;5;6;7;8;9;10;11;12;13;14;15;16;17;18;19;20;21;22;23;24;25;26;27;28;29;30
314,30,0.9545517216875303,0.2547685377255688,4.765030942658552,1.9943967200065142,False,False,ieee30,30,1;2;3;4;5;6;7;8;9;10;11;12;13;14;15;16;17;18;19;20;21;22;23;24;25;26;27;28;29;30
315,30,1.1075122982965027,0.4735660991432053,4.667711209431536,1.9483822188262219,False,False,ieee30,30,1;2;3;4;5;6;7;8;9;10;11;12;13;14;15;16;17;18;19;20;21;22;23;24;25;26;27;28;29;30
316,30,1.1730831612514225,0.447055621631386,5.409155085743104,2.334468737170977,False,False,ieee30,30,1;2;3;4;5;6;7;8;9;10;11;12;13;14;15;16;17;18;19;20;21;22;23;24;25;26;27;28;29;30
317,30,1.035163109545505,0.21543174572886015,5.554968477407269,2.865382968450074,False,False,ieee30,30,1;2;3;4;5;6;7;8;9;10;11;12;13;14;15;16;17;18;19;20;21;22;23;24;25;26;27;28;29;30
318,30,1.09710284148258,0.3090637853264659,5.894469518237216,2.7484940113487055,False,False,ieee30,30,1;2;3;4;5;6;7;8;9;10;11;12;13;14;15;16;17;18;19;20;21;22;23;24;25;26;27;28;29;30
319,30,1.1340752737360695,0.2852755525182357,4.136604350715059,2.4726000285025607,False,False,ieee30,30,1;2;3;4;5;6;7;8;9;10;11;12;13;14;15;16;17;18;19;20;21;22;23;24;25;26;27;28;29;30
320,30,0.9544960567640073,0.4700630199975338,4.529466435215019,1.9691397920921954,False,False,ieee30,30,1;2;3;4;5;6;7;8;9;10;11;12;13;14;15;16;17;18;19;20;21;22;23;24;25;26;27;28;29;30
321,30,1.15202642299499,0.3292011552155869,3.791076835844994,2.768386987767392,False,False,ieee30,30,1;2;3;4;5;6;7;8;9;10;11;12;13;14;15;16;17;18;19;20;21;22;23;24;25;26;27;28;29;30
322,30,1.0405952886515906,0.3064992343053337,1.1676342813585843,0.1953478429394363,False,False,ieee30,30,1;2;3;4;5;6;7;8;9;10;11;12;13;14;15;16;17;18;19;20;21;22;23;24;25;26;27;28;29;30
323,30,0.00033940519903872916,0.00011286100411511679,0.38358856920521633,0.08515747174254096,False,False,ieee30,30,1;2;3;4;5;6;7;8;9;10;11;12;13;14;15;16;17;18;19;20;21;22;23;24;25;26;27;28;29;30
324,30,0.027698239028838084,0.013648106481356559,0.4377251326204774,0.12167211893188234,False,False,ieee30,30,1;2;3;4;5;6;7;8;9;10;11;12;13;14;15;16;17;18;19;20;21;22;23;24;25;26;27;28;29;30
325,30,0.0047287852303703,0.0021873122478605327,0.6728451885567592,0.1835809476460991,False,False,ieee30,30,1;2;3;4;5;6;7;8;9;10;11;12;13;14;15;16;17;18;19;20;21;22;23;24;25;26;27;28;29;30
326,30,0.013720864168943012,0.006339546193081337,0.20941794711061285,0.04939242204384231,False,False,ieee30,30,1;2;3;4;5;6;7;8;9;10;11;12;13;14;15;16;17;18;19;20;21;22;23;24;25;26;27;28;29;30
327,30,0.047442407848624316,0.019799475361828106,0.42143238634666164,0.20194180506720555,False,False,ieee30,30,1;2;3;4;5;6;7;8;9;10;11;12;13;14;15;16;17;18;19;20;21;22;23;24;25;26;27;28;29;30
328,30,0.06468516757554449,0.03175556039990973,0.7101039982831824,0.3063828178820736,False,False,ieee30,30,1;2;3;4;5;6;7;8;9;10;11;12;13;14;15;16;17;18;19;20;21;22;23;24;25;26;27;28;29;30
329,30,0.013473382388915213,0.004857663679480408,1.490733558827242,0.6319195486099236,False,False,ieee30,30,1;2;3;4;5;6;7;8;9;10;11;12;13;14;15;16;17;18;19;20;21;22;23;24;25;26;27;28;29;30
330,30,0.024494995804406592,0.011005152242633862,1.8922824369333313,0.9311144918617809,False,False,ieee30,30,1;2;3;4;5;6;7;8;9;10;11;12;13;14;15;16;17;18;19;20;21;22;23;24;25;26;27;28;29;30
331,30,0.011820525344759221,0.00521218489863217,0.7463643958685031,0.20128762967879166,False,False,ieee30,30,1;2;3;4;5;6;7;8;9;10;11;12;13;14;15;16;17;18;19;20;21;22;23;24;25;26;27;28;29;30
332,30,0.016030773364777824,0.006940911840359075,0.3019738215661017,0.1024626341071333,False,False,ieee30,30,1;2;3;4;5;6;7;8;9;10;11;12;13;14;15;16;17;18;19;20;21;22;23;24;25;26;27;28;29;30
333,30,0.007191494609237315,0.00321741101070927,0.7525777854745916,0.20263425108913646,False,False,ieee30,30,1;2;3;4;5;6;7;8;9;10;11;12;13;14;15;16;17;18;19;20;21;22;23;24;25;26;27;28;29;30
334,30,0.02243484855458753,0.008209812476077667,0.4583081768533226,0.1260144629761144,False,False,ieee30,30,1;2;3;4;5;6;7;8;9;10;11;12;13;14;15;16;17;18;19;20;21;22;23;24;25;26;27;28;29;30
335,30,0.006427232362207779,0.002643407862982637,0.6994490286480672,0.18702941983709875,False,False,ieee30,30,1;2;3;4;5;6;7;8;9;10;11;12;13;14;15;16;17;18;19;20;21;22;23;24;25;26;27;28;29;30
336,30,0.01988912753054599,0.007809480933878829,0.3828496250561631,0.17284890363610594,False,False,ieee30,30,1;2;3;4;5;6;7;8;9;10;11;12;13;14;15;16;17;18;19;20;21;22;23;24;25;26;27;28;29;30
337,30,0.004723303037902998,0.0018216234283369992,0.6635371366549132,0.17850130213154125,False,False,ieee30,30,1;2;3;4;5;6;7;8;9;10;11;12;13;14;15;16;17;18;19;20;21;22;23;24;25;26;27;28;29;30
338,30,0.04549409814095011,0.01564989820154654,1.4559579531945421,0.6202883291792367,False,False,ieee30,30,1;2;3;4;5;6;7;8;9;10;11;12;13;14;15;16;17;18;19;20;21;22;23;24;25;26;27;28;29;30
339,30,0.007338094179971296,0.002806948965161333,0.8362998219248122,0.30757337180452804,False,False,ieee30,30,1;2;3;4;5;6;7;8;9;10;11;12;13;14;15;16;17;18;19;20;21;22;23;24;25;26;27;28;29;30
340,30,0.02410894523424488,0.008216102972644405,0.719490705176655,0.29728705421508816,False,False,ieee30,30,1;2;3;4;5;6;7;8;9;10;11;12;13;14;15;16;17;18;19;20;21;22;23;24;25;26;27;28;29;30
341,30,0.01056190843106834,0.0029978850516697297,0.40463885435598124,0.23430324455368656,False,False,ieee30,30,1;2;3;4;5;6;7;8;9;10;11;12;13;14;15;16;17;18;19;20;21;22;23;24;25;26;27;28;29;30
342,30,0.006595818487525575,0.001830514642408734,1.5108315100514784,0.5861216326682226,False,False,ieee30,30,1;2;3;4;5;6;7;8;9;10;11;12;13;14;15;16;17;18;19;20;21;22;23;24;25;26;27;28;29;30
343,30,0.026600723006631473,0.0073798985932010674,1.2356759845635426,0.5648368224119793,False,False,ieee30,30,1;2;3;4;5;6;7;8;9;10;11;12;13;14;15;16;17;18;19;20;21;22;23;24;25;26;27;28;29;30
344,30,0.010362103630507423,0.006388455886590871,0.4456748545664287,0.11741606060923238,False,False,ieee30,30,1;2;3;4;5;6;7;8;9;10;11;12;13;14;15;16;17;18;19;20;21;22;23;24;25;26;27;28;29;30
345,30,0.0027447078798099427,0.0019348576371689026,0.3661535537658195,0.16854540985717287,False,False,ieee30,30,1;2;3;4;5;6;7;8;9;10;11;12;13;14;15;16;17;18;19;20;21;22;23;24;25;26;27;28;29;30
346,30,0.0016852104418565248,0.0009985236580969947,0.522450457024427,0.14749257590521342,False,False,ieee30,30,1;2;3;4;5;6;7;8;9;10;11;12;13;14;15;16;17;18;19;20;21;22;23;24;25;26;27;28;29;30
347,30,0.009619153372811886,0.004545317818885494,0.387444510509758,0.19580446691312142,False,False,ieee30,30,1;2;3;4;5;6;7;8;9;10;11;12;13;14;15;16;17;18;19;20;21;22;23;24;25;26;27;28;29;30
348,30,0.014847879997714163,0.004701767741497637,1.168190064244695,0.545076930349065,False,False,ieee30,30,1;2;3;4;5;6;7;8;9;10;11;12;13;14;15;16;17;18;19;20;21;22;23;24;25;26;27;28;29;30
349,30,0.002811232243102795,0.0015496601597542597,0.869881966454445,0.36143457600331536,False,False,ieee30,30,1;2;3;4;5;6;7;8;9;10;11;12;13;14;15;16;17;18;19;20;21;22;23;24;25;26;27;28;29;30
350,30,0.006973727235396063,0.003712826645344544,0.4269322327962908,0.10480080989343954,False,False,ieee30,30,1;2;3;4;5;6;7;8;9;10;11;12;13;14;15;16;17;18;19;20;21;22;23;24;25;26;27;28;29;30
351,30,0.002008036377880709,0.0008927639031669279,0.34573550325671076,0.1573431925656224,False,False,ieee30,30,1;2;3;4;5;6;7;8;9;10;11;12;13;14;15;16;17;18;19;20;21;22;23;24;25;26;27;28;29;30
352,30,0.0032536000878832915,0.0018165626331297022,0.2942462156760934,0.12369729604124047,False,False,ieee30,30,1;2;3;4;5;6;7;8;9;10;11;12;13;14;15;16;17;18;19;20;21;22;23;24;25;26;27;28;29;30
353,30,0.0028111577293797353,0.0016311969748846987,0.5515475461423096,0.14298055822652428,False,False,ieee30,30,1;2;3;4;5;6;7;8;9;10;11;12;13;14;15;16;17;18;19;20;21;22;23;24;25;26;27;28;29;30
354,30,0.005025561583090216,0.0016671235032663656,0.37990544958846706,0.17735296392815675,False,False,ieee30,30,1;2;3;4;5;6;7;8;9;10;11;12;13;14;15;16;17;18;19;20;21;22;23;24;25;26;27;28;29;30
355,30,0.0015782572167000741,0.0007718759137359983,0.6161296938645731,0.2811428173206328,False,False,ieee30,30,1;2;3;4;5;6;7;8;9;10;11;12;13;14;15;16;17;18;19;20;21;22;23;24;25;26;27;28;29;30
356,30,0.0027116957613143935,0.0008681409609675242,0.8104976515079814,0.33864917153497415,False,False,ieee30,30,1;2;3;4;5;6;7;8;9;10;11;12;13;14;15;16;17;18;19;20;21;22;23;24;25;26;27;28;29;30
357,30,0.001462965518354429,0.000712360646193998,0.424417559013993,0.21061156368112427,False,False,ieee30,30,1;2;3;4;5;6;7;8;9;10;11;12;13;14;15;16;17;18;19;20;21;22;23;24;25;26;27;28;29;30
358,30,0.0060435166657086935,0.0008397273932201632,1.3729197884650464,0.6098477090724717,False,False,ieee30,30,1;2;3;4;5;6;7;8;9;10;11;12;13;14;15;16;17;18;19;20;21;22;23;24;25;26;27;28;29;30
359,30,0.002717729880217703,0.0016783651051666681,0.632755034848584,0.17233264331218456,False,False,ieee30,30,1;2;3;4;5;6;7;8;9;10;11;12;13;14;15;16;17;18;19;20;21;22;23;24;25;26;27;28;29;30
360,30,0.004895992545481601,0.0010649949655971366,0.698096374125602,0.2384214635673187,False,False,ieee30,30,1;2;3;4;5;6;7;8;9;10;11;12;13;14;15;16;17;18;19;20;21;22;23;24;25;26;27;28;29;30
361,30,0.0018799690272042705,0.00029657322740374303,1.073199393201548,0.43986115115089447,False,False,ieee30,30,1;2;3;4;5;6;7;8;9;10;11;12;13;14;15;16;17;18;19;20;21;22;23;24;25;26;27;28;29;30
362,30,0.001144618151163533,0.00029489418062616894,1.0374340848212111,0.4151341890882244,False,False,ieee30,30,1;2;3;4;5;6;7;8;9;10;11;12;13;14;15;16;17;18;19;20;21;22;23;24;25;26;27;28;29;30
363,30,0.0017995912347974104,0.0004993150724990347,0.013253726184628944,0.003889978392021043,False,False,ieee30,30,1;2;3;4;5;6;7;8;9;10;11;12;13;14;15;16;17;18;19;20;21;22;23;24;25;26;27;28;29;30
364,30,0.14627920542805506,0.053965175772152096,0.3681651778606376,0.16284640475774104,False,False,ieee30,30,1;2;3;4;5;6;7;8;9;10;11;12;13;14;15;16;17;18;19;20;21;22;23;24;25;26;27;28;29;30
365,30,0.11559300809456638,0.047758776274728076,0.3752332690812965,0.16660039555650508,False,False,ieee30,30,1;2;3;4;5;6;7;8;9;10;11;12;13;14;15;16;17;18;19;20;21;22;23;24;25;26;27;28;29;30
366,30,0.33269712303370624,0.1780449972061814,0.5243247158581938,0.28043470591279074,False,False,ieee30,30,1;2;3;4;5;6;7;8;9;10;11;12;13;14;15;16;17;18;19;20;21;22;23;24;25;26;27;28;29;30
367,30,0.3163012631573212,0.1699235283006769,0.781172003123768,0.40721765585289416,False,False,ieee30,30,1;2;3;4;5;6;7;8;9;10;11;12;13;14;15;16;17;18;19;20;21;22;23;24;25;26;27;28;29;30
368,30,0.2092388651437441,0.08584814538364041,0.3934746086808828,0.143502900066393,False,False,ieee30,30,1;2;3;4;5;6;7;8;9;10;11;12;13;14;15;16;17;18;19;20;21;22;23;24;25;26;27;28;29;30
369,30,0.2790346188810706,0.1329126255945496,0.6708128812954208,0.374464593055596,False,False,ieee30,30,1;2;3;4;5;6;7;8;9;10;11;12;13;14;15;16;17;18;19;20;21;22;23;24;25;26;27;28;29;30
370,30,0.40664915407125857,0.16873588328497308,0.5304754343665671,0.262217023382901,False,False,ieee30,30,1;2;3;4;5;6;7;8;9;10;11;12;13;14;15;16;17;18;19;20;21;22;23;24;25;26;27;28;29;30
371,30,0.3004953826316108,0.15221793648067353,0.6158415941963854,0.318271376287957,False,False,ieee30,30,1;2;3;4;5;6;7;8;9;10;11;12;13;14;15;16;17;18;19;20;21;22;23;24;25;26;27;28;29;30
372,30,0.28410039677312227,0.12531220132667814,0.567613997840241,0.30874290599995413,False,False,ieee30,30,1;2;3;4;5;6;7;8;9;10;11;12;13;14;15;16;17;18;19;20;21;22;23;24;25;26;27;28;29;30
373,30,0.41338085213536013,0.16946437520519694,0.9490379906258478,0.5335256795977131,False,False,ieee30,30,1;2;3;4;5;6;7;8;9;10;11;12;13;14;15;16;17;18;19;20;21;22;23;24;25;26;27;28;29;30
374,30,0.1184579780081854,0.03229392764183078,0.38011858152873135,0.1592844122261985,False,False,ieee30,30,1;2;3;4;5;6;7;8;9;10;11;12;13;14;15;16;17;18;19;20;21;22;23;24;25;26;27;28;29;30
375,30,0.3786598141518456,0.17501251367946474,0.4257530259368745,0.2180072614760823,False,False,ieee30,30,1;2;3;4;5;6;7;8;9;10;11;12;13;14;15;16;17;18;19;20;21;22;23;24;25;26;27;28;29;30
376,30,0.10562113441669006,0.03543452708514086,0.38253891743302004,0.10990894075308899,False,False,ieee30,30,1;2;3;4;5;6;7;8;9;10;11;12;13;14;15;16;17;18;19;20;21;22;23;24;25;26;27;28;29;30
377,30,0.2785163221405701,0.1279598116670807,0.5033076207832919,0.14572818993865633,False,False,ieee30,30,1;2;3;4;5;6;7;8;9;10;11;12;13;14;15;16;17;18;19;20;21;22;23;24;25;26;27;28;29;30
378,30,0.3699076636189798,0.173432367247837,0.5240873320948621,0.2726914570515845,False,False,ieee30,30,1;2;3;4;5;6;7;8;9;10;11;12;13;14;15;16;17;18;19;20;21;22;23;24;25;26;27;28;29;30
379,30,0.34111335748818433,0.15667602206655312,0.47710544920123543,0.2234384876633584,False,False,ieee30,30,1;2;3;4;5;6;7;8;9;10;11;12;13;14;15;16;17;18;19;20;21;22;23;24;25;26;27;28;29;30
380,30,0.40613690041321526,0.16036508282615808,0.7270645693526864,0.3731858294966459,False,False,ieee30,30,1;2;3;4;5;6;7;8;9;10;11;12;13;14;15;16;17;18;19;20;21;22;23;24;25;26;27;28;29;30
381,30,0.3603354373543811,0.15970070500944222,0.8818249092288242,0.41562303028113834,False,False,ieee30,30,1;2;3;4;5;6;7;8;9;10;11;12;13;14;15;16;17;18;19;20;21;22;23;24;25;26;27;28;29;30
382,30,0.36192418122760894,0.15373847061609688,0.7283983736425208,0.3281283850460852,False,False,ieee30,30,1;2;3;4;5;6;7;8;9;10;11;12;13;14;15;16;17;18;19;20;21;22;23;24;25;26;27;28;29;30
383,30,0.3787296423893648,0.15905956627755427,0.783476050546759,0.40294082721171376,False,False,ieee30,30,1;2;3;4;5;6;7;8;9;10;11;12;13;14;15;16;17;18;19;20;21;22;23;24;25;26;27;28;29;30
384,30,0.4238059753077318,0.1573361224668629,1.4294728593194153,0.7224320062918725,False,False,ieee30,30,1;2;3;4;5;6;7;8;9;10;11;12;13;14;15;16;17;18;19;20;21;22;23;24;25;26;27;28;29;30
385,30,0.3182716594071222,0.08440028890612555,0.8234865634286,0.4424286730206466,False,False,ieee30,30,1;2;3;4;5;6;7;8;9;10;11;12;13;14;15;16;17;18;19;20;21;22;23;24;25;26;27;28;29;30
386,30,0.36891044875354245,0.15755625322537967,1.7955560381104652,0.8098339228056355,False,False,ieee30,30,1;2;3;4;5;6;7;8;9;10;11;12;13;14;15;16;17;18;19;20;21;22;23;24;25;26;27;28;29;30
387,30,0.39658286581378394,0.15037636483496786,1.1191140675795426,0.6075586901778514,False,False,ieee30,30,1;2;3;4;5;6;7;8;9;10;11;12;13;14;15;16;17;18;19;20;21;22;23;24;25;26;27;28;29;30
388,30,0.3666883944943174,0.07574463394210507,1.8696752286773957,1.0109797775951574,False,False,ieee30,30,1;2;3;4;5;6;7;8;9;10;11;12;13;14;15;16;17;18;19;20;21;22;23;24;25;26;27;28;29;30
389,30,0.3715312731162535,0.1044392843391812,1.3174296124623295,0.6842205546607765,False,False,ieee30,30,1;2;3;4;5;6;7;8;9;10;11;12;13;14;15;16;17;18;19;20;21;22;23;24;25;26;27;28;29;30
390,30,0.3864415582886678,0.09759287509861037,1.457492379258707,0.8944330846452344,False,False,ieee30,30,1;2;3;4;5;6;7;8;9;10;11;12;13;14;15;16;17;18;19;20;21;22;23;24;25;26;27;28;29;30
391,30,0.3005216152018164,0.14949632848084698,0.7154323440382184,0.3938939788920096,False,False,ieee30,30,1;2;3;4;5;6;7;8;9;10;11;12;13;14;15;16;17;18;19;20;21;22;23;24;25;26;27;28;29;30
392,30,0.3945069615300295,0.11352325696797794,1.6144248776216492,0.9803437080971994,False,False,ieee30,30,1;2;3;4;5;6;7;8;9;10;11;12;13;14;15;16;17;18;19;20;21;22;23;24;25;26;27;28;29;30
393,30,0.3683870336015591,0.10840275954617168,2.48637880606939,1.0860903675281985,False,False,ieee30,30,1;2;3;4;5;6;7;8;9;10;11;12;13;14;15;16;17;18;19;20;21;22;23;24;25;26;27;28;29;30
394,30,0.24466067241259032,0.10211098046659617,0.5478371331819946,0.32692712311846694,False,False,ieee30,30,1;2;3;4;5;6;7;8;9;10;11;12;13;14;15;16;17;18;19;20;21;22;23;24;25;26;27;28;29;30
395,30,0.18698640248939932,0.07396599888031852,0.5717819869198778,0.33829032281888927,False,False,ieee30,30,1;2;3;4;5;6;7;8;9;10;11;12;13;14;15;16;17;18;19;20;21;22;23;24;25;26;27;28;29;30
396,30,0.5448199636611104,0.3074735613355806,0.8411238780075124,0.471164748190568,False,False,ieee30,30,1;2;3;4;5;6;7;8;9;10;11;12;13;14;15;16;17;18;19;20;21;22;23;24;25;26;27;28;29;30
397,30,0.5461176291800499,0.30934929926924254,0.9430047201188299,0.5200704788855962,False,False,ieee30,30,1;2;3;4;5;6;7;8;9;10;11;12;13;14;15;16;17;18;19;20;21;22;23;24;25;26;27;28;29;30
398,30,0.3418411497474085,0.14600184673447786,0.5198377976379599,0.2842602738231048,False,False,ieee30,30,1;2;3;4;5;6;7;8;9;10;11;12;13;14;15;16;17;18;19;20;21;22;23;24;25;26;27;28;29;30
399,30,0.4716123810128554,0.23993187238803218,1.072729988298,0.5928451570033343,False,False,ieee30,30,1;2;3;4;5;6;7;8;9;10;11;12;13;14;15;16;17;18;19;20;21;22;23;24;25;26;27;28;29;30
400,30,0.6721653911405967,0.2852880570437772,0.7817942192466403,0.437324014554732,False,False,ieee30,30,1;2;3;4;5;6;7;8;9;10;11;12;13;14;15;16;17;18;19;20;21;22;23;24;25;26;27;28;29;30
401,30,0.48225800513382894,0.2517777191168036,1.1741000491971532,0.5983105929951987,False,False,ieee30,30,1;2;3;4;5;6;7;8;9;10;11;12;13;14;15;16;17;18;19;20;21;22;23;24;25;26;27;28;29;30
402,30,0.4697654694864738,0.2145059334304388,1.096144780908482,0.5928590830910055,False,False,ieee30,30,1;2;3;4;5;6;7;8;9;10;11;12;13;14;15;16;17;18;19;20;21;22;23;24;25;26;27;28;29;30
403,30,0.6639711322624466,0.2804108331964709,1.148508844102492,0.5869734548759714,False,False,ieee30,30,1;2;3;4;5;6;7;8;9;10;11;12;13;14;15;16;17;18;19;20;21;22;23;24;25;26;27;28;29;30
404,30,0.18443803936519954,0.05530705435926833,0.48561115501917496,0.2696992536219316,False,False,ieee30,30,1;2;3;4;5;6;7;8;9;10;11;12;13;14;15;16;17;18;19;20;21;22;23;24;25;26;27;28;29;30
405,30,0.617922221362635,0.29921328794314084,0.7241751489063133,0.3951539207587559,False,False,ieee30,30,1;2;3;4;5;6;7;8;9;10;11;12;13;14;15;16;17;18;19;20;21;22;23;24;25;26;27;28;29;30
406,30,0.16022608940761504,0.055332716636333434,0.42972004316940426,0.23605885884396616,False,False,ieee30,30,1;2;3;4;5;6;7;8;9;10;11;12;13;14;15;16;17;18;19;20;21;22;23;24;25;26;27;28;29;30
407,30,0.5755904213092617,0.2787803913984698,0.8146288512392537,0.4174502454275787,False,False,ieee30,30,1;2;3;4;5;6;7;8;9;10;11;12;13;14;15;16;17;18;19;20;21;22;23;24;25;26;27;28;29;30
408,30,0.5988031710675595,0.2949944619010176,0.9339182075672857,0.4974196990875669,False,False,ieee30,30,1;2;3;4;5;6;7;8;9;10;11;12;13;14;15;16;17;18;19;20;21;22;23;24;25;26;27;28;29;30
409,30,0.5577163961602876,0.2696793867027182,0.6951954638890426,0.3311378761233126,False,False,ieee30,30,1;2;3;4;5;6;7;8;9;10;11;12;13;14;15;16;17;18;19;20;21;22;23;24;25;26;27;28;29;30
410,30,0.6491504581151308,0.2700838121651278,1.1157922945399936,0.5664205048057632,False,False,ieee30,30,1;2;3;4;5;6;7;8;9;10;11;12;13;14;15;16;17;18;19;20;21;22;23;24;25;26;27;28;29;30
411,30,0.5967133968926992,0.278542862769759,1.0161762099240217,0.4925602043046585,False,False,ieee30,30,1;2;3;4;5;6;7;8;9;10;11;12;13;14;15;16;17;18;19;20;21;22;23;24;25;26;27;28;29;30
412,30,0.5930515074596725,0.26411803016715957,1.0344222985107572,0.5012028854859732,False,False,ieee30,30,1;2;3;4;5;6;7;8;9;10;11;12;13;14;15;16;17;18;19;20;21;22;23;24;25;26;27;28;29;30
413,30,0.6153104979338933,0.27188901308490193,1.0600513151830793,0.5140697905112396,False,False,ieee30,30,1;2;3;4;5;6;7;8;9;10;11;12;13;14;15;16;17;18;19;20;21;22;23;24;25;26;27;28;29;30
414,30,0.7022649846133632,0.2719244375264803,1.2976760458718064,0.6530673877488077,False,False,ieee30,30,1;2;3;4;5;6;7;8;9;10;11;12;13;14;15;16;17;18;19;20;21;22;23;24;25;26;27;28;29;30
415,30,0.5086940131677994,0.14252196309131993,1.3360990998343043,0.6809622861622903,False,False,ieee30,30,1;2;3;4;5;6;7;8;9;10;11;12;13;14;15;16;17;18;19;20;21;22;23;24;25;26;27;28;29;30
416,30,0.608701115294106,0.27454644837447656,1.261284439490175,0.6364525504907198,False,False,ieee30,30,1;2;3;4;5;6;7;8;9;10;11;12;13;14;15;16;17;18;19;20;21;22;23;24;25;26;27;28;29;30
417,30,0.6459749729702623,0.25564027159387553,1.7715507443867282,0.8921071640642085,False,False,ieee30,30,1;2;3;4;5;6;7;8;9;10;11;12;13;14;15;16;17;18;19;20;21;22;23;24;25;26;27;28;29;30
418,30,0.5879223717128066,0.1264710436644548,2.3561065672903636,1.27964763787369,False,False,ieee30,30,1;2;3;4;5;6;7;8;9;10;11;12;13;14;15;16;17;18;19;20;21;22;23;24;25;26;27;28;29;30
419,30,0.6141538575531227,0.1807527871175461,1.8328899168831914,0.941176097851219,False,False,ieee30,30,1;2;3;4;5;6;7;8;9;10;11;12;13;14;15;16;17;18;19;20;21;22;23;24;25;26;27;28;29;30
420,30,0.6336407227707295,0.16340442903511787,2.6732705181582546,1.460475779630925,False,False,ieee30,30,1;2;3;4;5;6;7;8;9;10;11;12;13;14;15;16;17;18;19;20;21;22;23;24;25;26;27;28;29;30
421,30,0.5153669997307017,0.2645252607945293,1.398689666015574,0.7428557670449326,False,False,ieee30,30,1;2;3;4;5;6;7;8;9;10;11;12;13;14;15;16;17;18;19;20;21;22;23;24;25;26;27;28;29;30
422,30,0.6517115743514559,0.196616050901274,3.1240714148180055,1.6027312649354806,False,False,ieee30,30,1;2;3;4;5;6;7;8;9;10;11;12;13;14;15;16;17;18;19;20;21;22;23;24;25;26;27;28;29;30
423,30,0.5963321532365081,0.17904403038795766,3.7035138595583157,1.662864001923888,False,False,ieee30,30,1;2;3;4;5;6;7;8;9;10;11;12;13;14;15;16;17;18;19;20;21;22;23;24;25;26;27;28;29;30
424,30,0.2942495719777531,0.10818171130082954,0.6666957424708077,0.397389627393095,False,False,ieee30,30,1;2;3;4;5;6;7;8;9;10;11;12;13;14;15;16;17;18;19;20;21;22;23;24;25;26;27;28;29;30
425,30,0.2324064217093886,0.09551059471647227,0.6967570500880697,0.4098760359822412,False,False,ieee30,30,1;2;3;4;5;6;7;8;9;10;11;12;13;14;15;16;17;18;19;20;21;22;23;24;25;26;27;28;29;30
426,30,0.6648988646019609,0.3561802024089681,1.137522782223478,0.5980774982044533,False,False,ieee30,30,1;2;3;4;5;6;7;8;9;10;11;12;13;14;15;16;17;18;19;20;21;22;23;24;25;26;27;28;29;30
427,30,0.6539060629702717,0.3523168674553856,1.404991939779522,0.6974410436191636,False,False,ieee30,30,1;2;3;4;5;6;7;8;9;10;11;12;13;14;15;16;17;18;19;20;21;22;23;24;25;26;27;28;29;30
428,30,0.42005425499646987,0.17226105718678913,0.6337965927089941,0.3471615960810944,False,False,ieee30,30,1;2;3;4;5;6;7;8;9;10;11;12;13;14;15;16;17;18;19;20;21;22;23;24;25;26;27;28;29;30
429,30,0.5570388825149154,0.26949139540429323,1.571445866442859,0.8009702745746671,False,False,ieee30,30,1;2;3;4;5;6;7;8;9;10;11;12;13;14;15;16;17;18;19;20;21;22;23;24;25;26;27;28;29;30
430,30,0.8150569377571333,0.3382221832524284,1.140497279733074,0.5784824275894024,False,False,ieee30,30,1;2;3;4;5;6;7;8;9;10;11;12;13;14;15;16;17;18;19;20;21;22;23;24;25;26;27;28;29;30
431,30,0.6022003877342903,0.3053192840501959,1.2305056770435918,0.6375505096908067,False,False,ieee30,30,1;2;3;4;5;6;7;8;9;10;11;12;13;14;15;16;17;18;19;20;21;22;23;24;25;26;27;28;29;30
432,30,0.5804052823596018,0.25526111664991874,1.0997129855935142,0.5625272556210473,False,False,ieee30,30,1;2;3;4;5;6;7;8;9;10;11;12;13;14;15;16;17;18;19;20;21;22;23;24;25;26;27;28;29;30
433,30,0.8425505001882595,0.3440851843050523,1.7947818490540997,0.8722813160082993,False,False,ieee30,30,1;2;3;4;5;6;7;8;9;10;11;12;13;14;15;16;17;18;19;20;21;22;23;24;25;26;27;28;29;30
434,30,0.2373926945058938,0.06501656498730238,0.6630227844690618,0.37779111997943293,False,False,ieee30,30,1;2;3;4;5;6;7;8;9;10;11;12;13;14;15;16;17;18;19;20;21;22;23;24;25;26;27;28;29;30
435,30,0.7585955593694621,0.35041884115599753,0.8194940742701065,0.4287340013530664,False,False,ieee30,30,1;2;3;4;5;6;7;8;9;10;11;12;13;14;15;16;17;18;19;20;21;22;23;24;25;26;27;28;29;30
436,30,0.21212221877499393,0.07105814001784289,0.5214769376063005,0.2831065533807481,False,False,ieee30,30,1;2;3;4;5;6;7;8;9;10;11;12;13;14;15;16;17;18;19;20;21;22;23;24;25;26;27;28;29;30
437,30,0.6339513694952033,0.2922338518869738,0.8850471876184105,0.413751612115964,False,False,ieee30,30,1;2;3;4;5;6;7;8;9;10;11;12;13;14;15;16;17;18;19;20;21;22;23;24;25;26;27;28;29;30
438,30,0.7442246956293882,0.34873192137135733,1.1322033953230377,0.5701711156212889,False,False,ieee30,30,1;2;3;4;5;6;7;8;9;10;11;12;13;14;15;16;17;18;19;20;21;22;23;24;25;26;27;28;29;30
439,30,0.6795247961924324,0.3120475033982881,1.0964115241626997,0.534147571126874,False,False,ieee30,30,1;2;3;4;5;6;7;8;9;10;11;12;13;14;15;16;17;18;19;20;21;22;23;24;25;26;27;28;29;30
440,30,0.8050805449380649,0.3180452137165164,1.577946900434087,0.7414850668974311,False,False,ieee30,30,1;2;3;4;5;6;7;8;9;10;11;12;13;14;15;16;17;18;19;20;21;22;23;24;25;26;27;28;29;30
441,30,0.7216195401931509,0.3200299495973384,1.8622063584813104,0.8230968374423515,False,False,ieee30,30,1;2;3;4;5;6;7;8;9;10;11;12;13;14;15;16;17;18;19;20;21;22;23;24;25;26;27;28;29;30
442,30,0.726019842097788,0.3086414562266494,1.5955832960894007,0.7026761816713856,False,False,ieee30,30,1;2;3;4;5;6;7;8;9;10;11;12;13;14;15;16;17;18;19;20;21;22;23;24;25;26;27;28;29;30
443,30,0.7570829522973397,0.31782837358453575,1.874772204495911,0.8375242612630113,False,False,ieee30,30,1;2;3;4;5;6;7;8;9;10;11;12;13;14;15;16;17;18;19;20;21;22;23;24;25;26;27;28;29;30
444,30,0.8444324990286616,0.3138900467527368,2.7831818362317877,1.2384296198594555,False,False,ieee30,30,1;2;3;4;5;6;7;8;9;10;11;12;13;14;15;16;17;18;19;20;21;22;23;24;25;26;27;28;29;30
445,30,0.6380338610612866,0.16965100923635326,1.7561666579010902,0.8351268958384381,False,False,ieee30,30,1;2;3;4;5;6;7;8;9;10;11;12;13;14;15;16;17;18;19;20;21;22;23;24;25;26;27;28;29;30
446,30,0.7366322289752962,0.31426926921170245,3.133033534432233,1.2994339702425284,False,False,ieee30,30,1;2;3;4;5;6;7;8;9;10;11;12;13;14;15;16;17;18;19;20;21;22;23;24;25;26;27;28;29;30
447,30,0.7816724875631247,0.29745135738991413,1.9892708428147603,0.9856150189561113,False,False,ieee30,30,1;2;3;4;5;6;7;8;9;10;11;12;13;14;15;16;17;18;19;20;21;22;23;24;25;26;27;28;29;30
448,30,0.7212150462618623,0.14931933530822167,3.4220021924486974,1.8394636757385738,False,False,ieee30,30,1;2;3;4;5;6;7;8;9;10;11;12;13;14;15;16;17;18;19;20;21;22;23;24;25;26;27;28;29;30
449,30,0.7403487949475511,0.2080001421881845,2.248811452449176,1.0926892095369864,False,False,ieee30,30,1;2;3;4;5;6;7;8;9;10;11;12;13;14;15;16;17;18;19;20;21;22;23;24;25;26;27;28;29;30
450,30,0.7661936469659003,0.19339685327383183,2.003226025676333,1.2538626897462894,False,False,ieee30,30,1;2;3;4;5;6;7;8;9;10;11;12;13;14;15;16;17;18;19;20;21;22;23;24;25;26;27;28;29;30
451,30,0.6207225019393274,0.30685459089002665,1.492914664227722,0.771897327358627,False,False,ieee30,30,1;2;3;4;5;6;7;8;9;10;11;12;13;14;15;16;17;18;19;20;21;22;23;24;25;26;27;28;29;30
452,30,0.7829614171544725,0.22402386556051881,2.6103451257571186,1.6524427066407257,False,False,ieee30,30,1;2;3;4;5;6;7;8;9;10;11;12;13;14;15;16;17;18;19;20;21;22;23;24;25;26;27;28;29;30
453,30,0.7238933165863303,0.21319366770898976,1.7381956526223514,0.7674116441509818,False,False,ieee30,30,1;2;3;4;5;6;7;8;9;10;11;12;13;14;15;16;17;18;19;20;21;22;23;24;25;26;27;28;29;30
454,30,0.4443076816035047,0.16305225128943207,1.0208679554793418,0.5757559923541302,False,False,ieee30,30,1;2;3;4;5;6;7;8;9;10;11;12;13;14;15;16;17;18;19;20;21;22;23;24;25;26;27;28;29;30
455,30,0.3479332775566196,0.14355463407203228,1.1401962947702424,0.6258739362327957,False,False,ieee30,30,1;2;3;4;5;6;7;8;9;10;11;12;13;14;15;16;17;18;19;20;21;22;23;24;25;26;27;28;29;30
456,30,1.001092840073637,0.5364002357724923,1.787699281456153,0.8632798286225304,False,False,ieee30,30,1;2;3;4;5;6;7;8;9;10;11;12;13;14;15;16;17;18;19;20;21;22;23;24;25;26;27;28;29;30
457,30,0.9968911114035929,0.5380993810222693,2.100153234883236,0.9742117145680835,False,False,ieee30,30,1;2;3;4;5;6;7;8;9;10;11;12;13;14;15;16;17;18;19;20;21;22;23;24;25;26;27;28;29;30
458,30,0.632547342230843,0.2593526861588451,0.9602608025635806,0.5256190974103626,False,False,ieee30,30,1;2;3;4;5;6;7;8;9;10;11;12;13;14;15;16;17;18;19;20;21;22;23;24;25;26;27;28;29;30
459,30,0.8311567505084503,0.4047682303866529,2.2796703751804652,1.0729817579846301,False,False,ieee30,30,1;2;3;4;5;6;7;8;9;10;11;12;13;14;15;16;17;18;19;20;21;22;23;24;25;26;27;28;29;30
460,30,1.2248354151318002,0.5085125260923606,1.7986436442049203,0.8350727451310803,False,False,ieee30,30,1;2;3;4;5;6;7;8;9;10;11;12;13;14;15;16;17;18;19;20;21;22;23;24;25;26;27;28;29;30
461,30,0.9039076964532426,0.45885047201275975,1.9948461981415098,0.9455001291592637,False,False,ieee30,30,1;2;3;4;5;6;7;8;9;10;11;12;13;14;15;16;17;18;19;20;21;22;23;24;25;26;27;28;29;30
462,30,0.8888926113445684,0.39043654461632504,1.8099170883122402,0.8355984693979047,False,False,ieee30,30,1;2;3;4;5;6;7;8;9;10;11;12;13;14;15;16;17;18;19;20;21;22;23;24;25;26;27;28;29;30
463,30,1.3032011407910278,0.5311722567163424,2.6290177794664573,1.169830819842431,False,False,ieee30,30,1;2;3;4;5;6;7;8;9;10;11;12;13;14;15;16;17;18;19;20;21;22;23;24;25;26;27;28;29;30
464,30,0.35651842449602705,0.09706146648103903,1.0612994204036525,0.5777029452646797,False,False,ieee30,30,1;2;3;4;5;6;7;8;9;10;11;12;13;14;15;16;17;18;19;20;21;22;23;24;25;26;27;28;29;30
465,30,1.1395250088919942,0.5264608041009857,1.2610558520255364,0.6175108875125227,False,False,ieee30,30,1;2;3;4;5;6;7;8;9;10;11;12;13;14;15;16;17;18;19;20;21;22;23;24;25;26;27;28;29;30
466,30,0.3197117782462335,0.10696199572692353,0.8113074893459159,0.44253198848235087,False,False,ieee30,30,1;2;3;4;5;6;7;8;9;10;11;12;13;14;15;16;17;18;19;20;21;22;23;24;25;26;27;28;29;30
467,30,0.9881870254215184,0.45430146363694013,1.3767872829914487,0.639360634008756,False,False,ieee30,30,1;2;3;4;5;6;7;8;9;10;11;12;13;14;15;16;17;18;19;20;21;22;23;24;25;26;27;28;29;30
468,30,1.1165614977837106,0.5234179358065087,1.779860925876755,0.820201745506392,False,False,ieee30,30,1;2;3;4;5;6;7;8;9;10;11;12;13;14;15;16;17;18;19;20;21;22;23;24;25;26;27;28;29;30
469,30,1.0161404557093257,0.4669063235091836,1.7570773424851622,0.7789820198389362,False,False,ieee30,30,1;2;3;4;5;6;7;8;9;10;11;12;13;14;15;16;17;18;19;20;21;22;23;24;25;26;27;28;29;30
470,30,1.2023547259031846,0.47591378045160115,2.41333312714033,1.0444727485732337,False,False,ieee30,30,1;2;3;4;5;6;7;8;9;10;11;12;13;14;15;16;17;18;19;20;21;22;23;24;25;26;27;28;29;30
471,30,1.0759975387479501,0.47696544830433185,2.7352226205317685,1.1451220804972333,False,False,ieee30,30,1;2;3;4;5;6;7;8;9;10;11;12;13;14;15;16;17;18;19;20;21;22;23;24;25;26;27;28;29;30
472,30,1.0880012757115605,0.4627060530452749,2.404736011361623,1.0138808313522363,False,False,ieee30,30,1;2;3;4;5;6;7;8;9;10;11;12;13;14;15;16;17;18;19;20;21;22;23;24;25;26;27;28;29;30
473,30,1.132992761405701,0.475991821614698,2.867002162144774,1.1988097570512264,False,False,ieee30,30,1;2;3;4;5;6;7;8;9;10;11;12;13;14;15;16;17;18;19;20;21;22;23;24;25;26;27;28;29;30
474,30,1.2710658669166062,0.47361584265626105,4.139385385446362,1.727359666864154,False,False,ieee30,30,1;2;3;4;5;6;7;8;9;10;11;12;13;14;15;16;17;18;19;20;21;22;23;24;25;26;27;28;29;30
475,30,0.9541997588642515,0.25479062500655486,2.5954016901737154,1.144107100848549,False,False,ieee30,30,1;2;3;4;5;6;7;8;9;10;11;12;13;14;15;16;17;18;19;20;21;22;23;24;25;26;27;28;29;30
476,30,1.1067656715809946,0.4735647038289461,4.282493573775336,1.7083126782902143,False,False,ieee30,30,1;2;3;4;5;6;7;8;9;10;11;12;13;14;15;16;17;18;19;20;21;22;23;24;25;26;27;28;29;30
477,30,1.1730952698018076,0.44707852157978967,2.719348485512817,1.258603837377283,False,False,ieee30,30,1;2;3;4;5;6;7;8;9;10;11;12;13;14;15;16;17;18;19;20;21;22;23;24;25;26;27;28;29;30
478,30,1.0348536824269678,0.21539042229636882,5.179113943147513,2.6345698865390053,False,False,ieee30,30,1;2;3;4;5;6;7;8;9;10;11;12;13;14;15;16;17;18;19;20;21;22;23;24;25;26;27;28;29;30
479,30,1.096949563468902,0.30909869112589883,2.967523841204578,1.3995798016005638,False,False,ieee30,30,1;2;3;4;5;6;7;8;9;10;11;12;13;14;15;16;17;18;19;20;21;22;23;24;25;26;27;28;29;30
480,30,1.133966783850687,0.28522745783280246,2.989362417437059,1.5961946883026483,False,False,ieee30,30,1;2;3;4;5;6;7;8;9;10;11;12;13;14;15;16;17;18;19;20;21;22;23;24;25;26;27;28;29;30
481,30,0.9542246915647421,0.47002302409023006,2.3423579500204244,1.1245683675404425,False,False,ieee30,30,1;2;3;4;5;6;7;8;9;10;11;12;13;14;15;16;17;18;19;20;21;22;23;24;25;26;27;28;29;30
482,30,1.1516021890129107,0.3293469625867951,2.8699509958620237,2.012036631213146,False,False,ieee30,30,1;2;3;4;5;6;7;8;9;10;11;12;13;14;15;16;17;18;19;20;21;22;23;24;25;26;27;28;29;30
483,30,1.0404329194948283,0.3064260582682351,1.6611963299434818,0.36170393560527037,False,False,ieee30,30,1;2;3;4;5;6;7;8;9;10;11;12;13;14;15;16;17;18;19;20;21;22;23;24;25;26;27;28;29;30
484,30,0.0008576272508859957,0.0002322218644610352,0.43725514959226974,0.14867312111182063,False,False,ieee30,30,1;2;3;4;5;6;7;8;9;10;11;12;13;14;15;16;17;18;19;20;21;22;23;24;25;26;27;28;29;30
485,30,0.02819702741711979,0.013570950945201082,0.8868785287558028,0.28415770721018274,False,False,ieee30,30,1;2;3;4;5;6;7;8;9;10;11;12;13;14;15;16;17;18;19;20;21;22;23;24;25;26;27;28;29;30
486,30,0.005716011599267176,0.0021866657415928643,1.1471201449228081,0.40182493864076296,False,False,ieee30,30,1;2;3;4;5;6;7;8;9;10;11;12;13;14;15;16;17;18;19;20;21;22;23;24;25;26;27;28;29;30
487,30,0.01464151857191956,0.006337191791031732,1.3584221812243726,0.4954235597425377,False,False,ieee30,30,1;2;3;4;5;6;7;8;9;10;11;12;13;14;15;16;17;18;19;20;21;22;23;24;25;26;27;28;29;30
488,30,0.04794090808703676,0.019792931425172022,0.16006820422994295,0.04504804015107422,False,False,ieee30,30,1;2;3;4;5;6;7;8;9;10;11;12;13;14;15;16;17;18;19;20;21;22;23;24;25;26;27;28;29;30
489,30,0.06534406927353563,0.03174045199279987,1.3373413496940012,0.4604900561312475,False,False,ieee30,30,1;2;3;4;5;6;7;8;9;10;11;12;13;14;15;16;17;18;19;20;21;22;23;24;25;26;27;28;29;30
490,30,0.01413532314323138,0.004855329785164626,1.02125175619916,0.345638823837522,False,False,ieee30,30,1;2;3;4;5;6;7;8;9;10;11;12;13;14;15;16;17;18;19;20;21;22;23;24;25;26;27;28;29;30
491,30,0.02525819794267961,0.01100246351808587,0.993905508198085,0.33030473910994107,False,False,ieee30,30,1;2;3;4;5;6;7;8;9;10;11;12;13;14;15;16;17;18;19;20;21;22;23;24;25;26;27;28;29;30
492,30,0.012538362194561377,0.005210786630751668,1.0225849325837553,0.3471724799401049,False,False,ieee30,30,1;2;3;4;5;6;7;8;9;10;11;12;13;14;15;16;17;18;19;20;21;22;23;24;25;26;27;28;29;30
493,30,0.016766531630840603,0.0069383513485744355,1.0505538896867113,0.3578937435351832,False,False,ieee30,30,1;2;3;4;5;6;7;8;9;10;11;12;13;14;15;16;17;18;19;20;21;22;23;24;25;26;27;28;29;30
494,30,0.007977853361225085,0.0032167254688347316,1.1204233723285835,0.3892954843793165,False,False,ieee30,30,1;2;3;4;5;6;7;8;9;10;11;12;13;14;15;16;17;18;19;20;21;22;23;24;25;26;27;28;29;30
495,30,0.02312412077042738,0.008206513321818036,1.001980237482158,0.3330010423193971,False,False,ieee30,30,1;2;3;4;5;6;7;8;9;10;11;12;13;14;15;16;17;18;19;20;21;22;23;24;25;26;27;28;29;30
496,30,0.007115303683110509,0.0026424454277898662,1.129294432674976,0.3932121754384802,False,False,ieee30,30,1;2;3;4;5;6;7;8;9;10;11;12;13;14;15;16;17;18;19;20;21;22;23;24;25;26;27;28;29;30
497,30,0.02055942785424656,0.0078059374828282,1.0101350653401848,0.33815449856401814,False,False,ieee30,30,1;2;3;4;5;6;7;8;9;10;11;12;13;14;15;16;17;18;19;20;21;22;23;24;25;26;27;28;29;30
498,30,0.0054672134062593285,0.001820905259239466,1.1523094766405024,0.40357846300633204,False,False,ieee30,30,1;2;3;4;5;6;7;8;9;10;11;12;13;14;15;16;17;18;19;20;21;22;23;24;25;26;27;28;29;30
499,30,0.04624428878433815,0.01564195268505461,0.6080347211054143,0.16618538966275243,False,False,ieee30,30,1;2;3;4;5;6;7;8;9;10;11;12;13;14;15;16;17;18;19;20;21;22;23;24;25;26;27;28;29;30
500,30,0.008054135824814266,0.0028053786379276316,1.242645621958813,0.44064118383872175,False,False,ieee30,30,1;2;3;4;5;6;7;8;9;10;11;12;13;14;15;16;17;18;19;20;21;22;23;24;25;26;27;28;29;30
501,30,0.024823614520009328,0.008210445660109207,0.4361413586431945,0.09904517502298249,False,False,ieee30,30,1;2;3;4;5;6;7;8;9;10;11;12;13;14;15;16;17;18;19;20;21;22;23;24;25;26;27;28;29;30
502,30,0.01128504125167997,0.002993373726623637,2.205742118959266,0.8776523499119877,False,False,ieee30,30,1;2;3;4;5;6;7;8;9;10;11;12;13;14;15;16;17;18;19;20;21;22;23;24;25;26;27;28;29;30
503,30,0.007556311954983115,0.0018219991807941326,1.8058405059403289,0.6538040601108213,False,False,ieee30,30,1;2;3;4;5;6;7;8;9;10;11;12;13;14;15;16;17;18;19;20;21;22;23;24;25;26;27;28;29;30
504,30,0.02783958024727196,0.007741173111622757,0.2835477548292367,0.16393293626024658,False,False,ieee30,30,1;2;3;4;5;6;7;8;9;10;11;12;13;14;15;16;17;18;19;20;21;22;23;24;25;26;27;28;29;30
505,30,0.010615503547394706,0.006477509485232069,1.5539774400547381,0.6024880458488554,False,False,ieee30,30,1;2;3;4;5;6;7;8;9;10;11;12;13;14;15;16;17;18;19;20;21;22;23;24;25;26;27;28;29;30
506,30,0.002986263356265303,0.001938031915600734,1.488286081579147,0.5623832020061441,False,False,ieee30,30,1;2;3;4;5;6;7;8;9;10;11;12;13;14;15;16;17;18;19;20;21;22;23;24;25;26;27;28;29;30
507,30,0.0021054190525511603,0.0010032678557710326,1.3020213474962754,0.4817749215340066,False,False,ieee30,30,1;2;3;4;5;6;7;8;9;10;11;12;13;14;15;16;17;18;19;20;21;22;23;24;25;26;27;28;29;30
508,30,0.009752030543167397,0.004505422068902809,1.1475929544779624,0.41191537067496,False,False,ieee30,30,1;2;3;4;5;6;7;8;9;10;11;12;13;14;15;16;17;18;19;20;21;22;23;24;25;26;27;28;29;30
509,30,0.014903447365921717,0.004710022660777247,1.5813373899850185,0.6322951033970413,False,False,ieee30,30,1;2;3;4;5;6;7;8;9;10;11;12;13;14;15;16;17;18;19;20;21;22;23;24;25;26;27;28;29;30
510,30,0.003092295257036193,0.0015525049110579614,1.3460376912759802,0.5013299083013926,False,False,ieee30,30,1;2;3;4;5;6;7;8;9;10;11;12;13;14;15;16;17;18;19;20;21;22;23;24;25;26;27;28;29;30
511,30,0.006768406449331207,0.0037136957653925995,1.1797382821201632,0.4158624322137422,False,False,ieee30,30,1;2;3;4;5;6;7;8;9;10;11;12;13;14;15;16;17;18;19;20;21;22;23;24;25;26;27;28;29;30
512,30,0.0020623662140262043,0.000891448999409572,1.7275975960628231,0.6736408524041064,False,False,ieee30,30,1;2;3;4;5;6;7;8;9;10;11;12;13;14;15;16;17;18;19;20;21;22;23;24;25;26;27;28;29;30
513,30,0.0032607769499113943,0.0018123924116332582,1.6373045419910786,0.6399254546043476,False,False,ieee30,30,1;2;3;4;5;6;7;8;9;10;11;12;13;14;15;16;17;18;19;20;21;22;23;24;25;26;27;28;29;30
514,30,0.002834201107444683,0.0016294393497139,1.3872444669859485,0.5099374190302747,False,False,ieee30,30,1;2;3;4;5;6;7;8;9;10;11;12;13;14;15;16;17;18;19;20;21;22;23;24;25;26;27;28;29;30
515,30,0.004894709209464956,0.0016663484252867622,1.2940939308675683,0.47706526628933166,False,False,ieee30,30,1;2;3;4;5;6;7;8;9;10;11;12;13;14;15;16;17;18;19;20;21;22;23;24;25;26;27;28;29;30
516,30,0.0018203236252835407,0.0007689665143045671,1.6536341612951484,0.6397277319750765,False,False,ieee30,30,1;2;3;4;5;6;7;8;9;10;11;12;13;14;15;16;17;18;19;20;21;22;23;24;25;26;27;28;29;30
517,30,0.002853693488465727,0.0008649330757428964,1.559235367220945,0.6022412832992272,False,False,ieee30,30,1;2;3;4;5;6;7;8;9;10;11;12;13;14;15;16;17;18;19;20;21;22;23;24;25;26;27;28;29;30
518,30,0.0017880665387444792,0.0007123403565493999,1.5130177408671688,0.5816701819432354,False,False,ieee30,30,1;2;3;4;5;6;7;8;9;10;11;12;13;14;15;16;17;18;19;20;21;22;23;24;25;26;27;28;29;30
519,30,0.005880972780919572,0.000794380630611019,1.2238142333152844,0.4542833306120443,False,False,ieee30,30,1;2;3;4;5;6;7;8;9;10;11;12;13;14;15;16;17;18;19;20;21;22;23;24;25;26;27;28;29;30
520,30,0.0027228506428835005,0.0016737229974511728,0.6458098379993085,0.21388586755247058,False,False,ieee30,30,1;2;3;4;5;6;7;8;9;10;11;12;13;14;15;16;17;18;19;20;21;22;23;24;25;26;27;28;29;30
521,30,0.004700839512664869,0.0010537897849931255,0.35639496697956047,0.1828354871944477,False,False,ieee30,30,1;2;3;4;5;6;7;8;9;10;11;12;13;14;15;16;17;18;19;20;21;22;23;24;25;26;27;28;29;30
522,30,0.001341860438842546,0.00020629939475202974,1.9758164999705343,0.8012826128181252,False,False,ieee30,30,1;2;3;4;5;6;7;8;9;10;11;12;13;14;15;16;17;18;19;20;21;22;23;24;25;26;27;28;29;30
523,30,0.0009206533820003363,0.00023626894770709984,0.01710239327207541,0.005712805755912986,False,False,ieee30,30,1;2;3;4;5;6;7;8;9;10;11;12;13;14;15;16;17;18;19;20;21;22;23;24;25;26;27;28;29;30
524,30,0.0009805648562455568,0.00019406241792279538,0.010727338595452163,0.0036129738608952078,False,False,ieee30,30,1;2;3;4;5;6;7;8;9;10;11;12;13;14;15;16;17;18;19;20;21;22;23;24;25;26;27;28;29;30
525,30,0.14687462069025048,0.05392501178306064,0.43519654594737245,0.22069181338451727,False,False,ieee30,30,1;2;3;4;5;6;7;8;9;10;11;12;13;14;15;16;17;18;19;20;21;22;23;24;25;26;27;28;29;30
526,30,0.11620950201876773,0.0478279290507545,0.7976421634550872,0.36877508340300524,False,False,ieee30,30,1;2;3;4;5;6;7;8;9;10;11;12;13;14;15;16;17;18;19;20;21;22;23;24;25;26;27;28;29;30
527,30,0.33346002537977903,0.17804093234148546,0.660432484531681,0.2978169191781619,False,False,ieee30,30,1;2;3;4;5;6;7;8;9;10;11;12;13;14;15;16;17;18;19;20;21;22;23;24;25;26;27;28;29;30
528,30,0.3171007145675403,0.16991827533373866,0.8195947941433295,0.33107273149452365,False,False,ieee30,30,1;2;3;4;5;6;7;8;9;10;11;12;13;14;15;16;17;18;19;20;21;22;23;24;25;26;27;28;29;30
529,30,0.20977036829791118,0.0858086199288777,0.5095053623059804,0.242811227290195,False,False,ieee30,30,1;2;3;4;5;6;7;8;9;10;11;12;13;14;15;16;17;18;19;20;21;22;23;24;25;26;27;28;29;30
530,30,0.27973589297164125,0.13285692597960005,0.8066058858184817,0.36363387921096946,False,False,ieee30,30,1;2;3;4;5;6;7;8;9;10;11;12;13;14;15;16;17;18;19;20;21;22;23;24;25;26;27;28;29;30
531,30,0.4072707589970616,0.16873157177018588,2.4849867282454667,0.9632281567680583,False,False,ieee30,30,1;2;3;4;5;6;7;8;9;10;11;12;13;14;15;16;17;18;19;20;21;22;23;24;25;26;27;28;29;30
532,30,0.3011800054665995,0.15220782498055493,0.9980334148100923,0.43579104698130045,False,False,ieee30,30,1;2;3;4;5;6;7;8;9;10;11;12;13;14;15;16;17;18;19;20;21;22;23;24;25;26;27;28;29;30
533,30,0.28488566212242233,0.12535949750314054,0.8800217875828975,0.39567201108424443,False,False,ieee30,30,1;2;3;4;5;6;7;8;9;10;11;12;13;14;15;16;17;18;19;20;21;22;23;24;25;26;27;28;29;30
534,30,0.414349755334031,0.1694570675407971,1.1001998603001426,0.4864528294468531,False,False,ieee30,30,1;2;3;4;5;6;7;8;9;10;11;12;13;14;15;16;17;18;19;20;21;22;23;24;25;26;27;28;29;30
535,30,0.11900192294728792,0.03224188695686733,0.36549280381275706,0.18074558471666213,False,False,ieee30,30,1;2;3;4;5;6;7;8;9;10;11;12;13;14;15;16;17;18;19;20;21;22;23;24;25;26;27;28;29;30
536,30,0.37942469175808746,0.17500999710959486,1.627671854681502,0.6687873543625544,False,False,ieee30,30,1;2;3;4;5;6;7;8;9;10;11;12;13;14;15;16;17;18;19;20;21;22;23;24;25;26;27;28;29;30
537,30,0.10629172726985568,0.0353942341756302,0.37486696715005885,0.18539402458153265,False,False,ieee30,30,1;2;3;4;5;6;7;8;9;10;11;12;13;14;15;16;17;18;19;20;21;22;23;24;25;26;27;28;29;30
538,30,0.27927695415477033,0.12795237955417793,0.43855708752398836,0.14558252037507935,False,False,ieee30,30,1;2;3;4;5;6;7;8;9;10;11;12;13;14;15;16;17;18;19;20;21;22;23;24;25;26;27;28;29;30
539,30,0.3707502346311069,0.17342822796660354,0.7961981907189807,0.3539663213244455,False,False,ieee30,30,1;2;3;4;5;6;7;8;9;10;11;12;13;14;15;16;17;18;19;20;21;22;23;24;25;26;27;28;29;30
540,30,0.3419675794982565,0.15667294021165737,0.7718419865178383,0.3273491223463929,False,False,ieee30,30,1;2;3;4;5;6;7;8;9;10;11;12;13;14;15;16;17;18;19;20;21;22;23;24;25;26;27;28;29;30
541,30,0.4070779391994344,0.16035991397726274,1.070331686471223,0.44851236882019796,False,False,ieee30,30,1;2;3;4;5;6;7;8;9;10;11;12;13;14;15;16;17;18;19;20;21;22;23;24;25;26;27;28;29;30
542,30,0.3612103072786649,0.15969518105049807,1.0056139468269782,0.38445719132046463,False,False,ieee30,30,1;2;3;4;5;6;7;8;9;10;11;12;13;14;15;16;17;18;19;20;21;22;23;24;25;26;27;28;29;30
543,30,0.36269837742714045,0.15373174461450873,0.8787915110325983,0.3363692262298488,False,False,ieee30,30,1;2;3;4;5;6;7;8;9;10;11;12;13;14;15;16;17;18;19;20;21;22;23;24;25;26;27;28;29;30
544,30,0.3796155707453709,0.15905520169997722,1.4437185212204016,0.5766650857032078,False,False,ieee30,30,1;2;3;4;5;6;7;8;9;10;11;12;13;14;15;16;17;18;19;20;21;22;23;24;25;26;27;28;29;30
545,30,0.4249043272553742,0.15732705990002882,1.0929476596738645,0.47593112009332517,False,False,ieee30,30,1;2;3;4;5;6;7;8;9;10;11;12;13;14;15;16;17;18;19;20;21;22;23;24;25;26;27;28;29;30
546,30,0.3192874917226757,0.08440411326548589,1.2829893617659116,0.5530120919086448,False,False,ieee30,30,1;2;3;4;5;6;7;8;9;10;11;12;13;14;15;16;17;18;19;20;21;22;23;24;25;26;27;28;29;30
547,30,0.37046371684371215,0.15755469041122386,1.050714774998055,0.46209056342692034,False,False,ieee30,30,1;2;3;4;5;6;7;8;9;10;11;12;13;14;15;16;17;18;19;20;21;22;23;24;25;26;27;28;29;30
548,30,0.39775135373692033,0.15036715120352662,1.603571832107019,0.7105298960692996,False,False,ieee30,30,1;2;3;4;5;6;7;8;9;10;11;12;13;14;15;16;17;18;19;20;21;22;23;24;25;26;27;28;29;30
549,30,0.36810495705663715,0.07588997728399569,2.233269162843401,1.018061791506318,False,False,ieee30,30,1;2;3;4;5;6;7;8;9;10;11;12;13;14;15;16;17;18;19;20;21;22;23;24;25;26;27;28;29;30
550,30,0.3728531161146277,0.10441693944149495,1.8536678753356786,0.8589029836252677,False,False,ieee30,30,1;2;3;4;5;6;7;8;9;10;11;12;13;14;15;16;17;18;19;20;21;22;23;24;25;26;27;28;29;30
551,30,0.38780741976089794,0.09787614673761598,2.387494753308054,1.143659143858773,False,False,ieee30,30,1;2;3;4;5;6;7;8;9;10;11;12;13;14;15;16;17;18;19;20;21;22;23;24;25;26;27;28;29;30
552,30,0.30181139085127506,0.14976322767988387,1.3530264355644723,0.5871594094425125,False,False,ieee30,30,1;2;3;4;5;6;7;8;9;10;11;12;13;14;15;16;17;18;19;20;21;22;23;24;25;26;27;28;29;30
553,30,0.39602709618657916,0.11347055898462113,2.414097703965881,1.1205208485482845,False,False,ieee30,30,1;2;3;4;5;6;7;8;9;10;11;12;13;14;15;16;17;18;19;20;21;22;23;24;25;26;27;28;29;30
554,30,0.3700467687032333,0.10889391316134969,2.2233694627836518,0.8363415307652922,False,False,ieee30,30,1;2;3;4;5;6;7;8;9;10;11;12;13;14;15;16;17;18;19;20;21;22;23;24;25;26;27;28;29;30
555,30,0.2452885528771685,0.1020679080805687,0.7943464921802227,0.3719010094342867,False,False,ieee30,30,1;2;3;4;5;6;7;8;9;10;11;12;13;14;15;16;17;18;19;20;21;22;23;24;25;26;27;28;29;30
556,30,0.18775139117688988,0.07403849568050264,0.8306677086925482,0.386678921892458,False,False,ieee30,30,1;2;3;4;5;6;7;8;9;10;11;12;13;14;15;16;17;18;19;20;21;22;23;24;25;26;27;28;29;30
557,30,0.5456157740386696,0.30746087220670004,1.2460104045906935,0.5405355361816615,False,False,ieee30,30,1;2;3;4;5;6;7;8;9;10;11;12;13;14;15;16;17;18;19;20;21;22;23;24;25;26;27;28;29;30
558,30,0.5469071868495545,0.3093345439203584,1.3424347914323411,0.5805068810476384,False,False,ieee30,30,1;2;3;4;5;6;7;8;9;10;11;12;13;14;15;16;17;18;19;20;21;22;23;24;25;26;27;28;29;30
559,30,0.3424386311702676,0.14595640301498863,0.6256008582692167,0.2786971901717046,False,False,ieee30,30,1;2;3;4;5;6;7;8;9;10;11;12;13;14;15;16;17;18;19;20;21;22;23;24;25;26;27;28;29;30
560,30,0.472303031816928,0.23986221648990122,1.5440609199182367,0.6662668265366241,False,False,ieee30,30,1;2;3;4;5;6;7;8;9;10;11;12;13;14;15;16;17;18;19;20;21;22;23;24;25;26;27;28;29;30
561,30,0.6728434499913734,0.28527215935433203,1.207212205037566,0.5118202881776008,False,False,ieee30,30,1;2;3;4;5;6;7;8;9;10;11;12;13;14;15;16;17;18;19;20;21;22;23;24;25;26;27;28;29;30
562,30,0.4830210706658913,0.25175600616377325,1.6901446378740488,0.6775751455297745,False,False,ieee30,30,1;2;3;4;5;6;7;8;9;10;11;12;13;14;15;16;17;18;19;20;21;22;23;24;25;26;27;28;29;30
563,30,0.4705397030413669,0.2145463444825329,1.5679585413305568,0.6614569633199439,False,False,ieee30,30,1;2;3;4;5;6;7;8;9;10;11;12;13;14;15;16;17;18;19;20;21;22;23;24;25;26;27;28;29;30
564,30,0.6648375566921586,0.28039869443822085,1.6626340855556014,0.6879025895638364,False,False,ieee30,30,1;2;3;4;5;6;7;8;9;10;11;12;13;14;15;16;17;18;19;20;21;22;23;24;25;26;27;28;29;30
565,30,0.185073757994611,0.055253442052605045,0.5847706685781715,0.27823807881289286,False,False,ieee30,30,1;2;3;4;5;6;7;8;9;10;11;12;13;14;15;16;17;18;19;20;21;22;23;24;25;26;27;28;29;30
566,30,0.6188010590260502,0.2992049079291856,1.1491440007939746,0.4872868787072402,False,False,ieee30,30,1;2;3;4;5;6;7;8;9;10;11;12;13;14;15;16;17;18;19;20;21;22;23;24;25;26;27;28;29;30
567,30,0.16093353551066464,0.05529374206388274,1.1745515733265246,0.49988989729481825,False,False,ieee30,30,1;2;3;4;5;6;7;8;9;10;11;12;13;14;15;16;17;18;19;20;21;22;23;24;25;26;27;28;29;30
568,30,0.5764575544968427,0.2787700351033659,1.2868137974369096,0.5267047091901829,False,False,ieee30,30,1;2;3;4;5;6;7;8;9;10;11;12;13;14;15;16;17;18;19;20;21;22;23;24;25;26;27;28;29;30
569,30,0.5996626364802522,0.29497760108672677,1.432376697025627,0.6019884978674288,False,False,ieee30,30,1;2;3;4;5;6;7;8;9;10;11;12;13;14;15;16;17;18;19;20;21;22;23;24;25;26;27;28;29;30
570,30,0.5585921565385206,0.2696726269982895,0.881400469743418,0.3531361482600157,False,False,ieee30,30,1;2;3;4;5;6;7;8;9;10;11;12;13;14;15;16;17;18;19;20;21;22;23;24;25;26;27;28;29;30
571,30,0.6500047893331116,0.2700694903788107,1.725765827695716,0.7007665676889263,False,False,ieee30,30,1;2;3;4;5;6;7;8;9;10;11;12;13;14;15;16;17;18;19;20;21;22;23;24;25;26;27;28;29;30
572,30,0.597537171994405,0.27853138288716556,1.5534540254821634,0.6148596306298313,False,False,ieee30,30,1;2;3;4;5;6;7;8;9;10;11;12;13;14;15;16;17;18;19;20;21;22;23;24;25;26;27;28;29;30
573,30,0.5938732213054155,0.2641024499402027,1.5577499818671652,0.6167727514104191,False,False,ieee30,30,1;2;3;4;5;6;7;8;9;10;11;12;13;14;15;16;17;18;19;20;21;22;23;24;25;26;27;28;29;30
574,30,0.6161434089850855,0.27187683825508047,1.6005974697514398,0.6342702340177648,False,False,ieee30,30,1;2;3;4;5;6;7;8;9;10;11;12;13;14;15;16;17;18;19;20;21;22;23;24;25;26;27;28;29;30
575,30,0.7032299994271759,0.2719062550207626,1.8686845174563367,0.7684782748415411,False,False,ieee30,30,1;2;3;4;5;6;7;8;9;10;11;12;13;14;15;16;17;18;19;20;21;22;23;24;25;26;27;28;29;30
576,30,0.5096501230272281,0.14250282686507193,1.919463539045584,0.7989710717956178,False,False,ieee30,30,1;2;3;4;5;6;7;8;9;10;11;12;13;14;15;16;17;18;19;20;21;22;23;24;25;26;27;28;29;30
577,30,0.6097195093349277,0.2745269529252343,1.7976843694136877,0.7451539526124029,False,False,ieee30,30,1;2;3;4;5;6;7;8;9;10;11;12;13;14;15;16;17;18;19;20;21;22;23;24;25;26;27;28;29;30
578,30,0.6469824950062895,0.2556070706406214,2.290342092591227,0.9834854823298236,False,False,ieee30,30,1;2;3;4;5;6;7;8;9;10;11;12;13;14;15;16;17;18;19;20;21;22;23;24;25;26;27;28;29;30
579,30,0.5892042569719966,0.12659084395579495,2.6910986056702124,1.2694417714820867,False,False,ieee30,30,1;2;3;4;5;6;7;8;9;10;11;12;13;14;15;16;17;18;19;20;21;22;23;24;25;26;27;28;29;30
580,30,0.6153304441319555,0.18069173438270056,2.2818420109243314,1.077851003202377,False,False,ieee30,30,1;2;3;4;5;6;7;8;9;10;11;12;13;14;15;16;17;18;19;20;21;22;23;24;25;26;27;28;29;30
581,30,0.6349487407080954,0.16366161591973483,2.5929585736784597,1.3483020779423605,False,False,ieee30,30,1;2;3;4;5;6;7;8;9;10;11;12;13;14;15;16;17;18;19;20;21;22;23;24;25;26;27;28;29;30
582,30,0.5167625428169313,0.2647815026518014,1.9410318449428694,0.8303330745232136,False,False,ieee30,30,1;2;3;4;5;6;7;8;9;10;11;12;13;14;15;16;17;18;19;20;21;22;23;24;25;26;27;28;29;30
583,30,0.6531537673685759,0.196440482379179,2.415807926303887,1.2299471514662947,False,False,ieee30,30,1;2;3;4;5;6;7;8;9;10;11;12;13;14;15;16;17;18;19;20;21;22;23;24;25;26;27;28;29;30
584,30,0.5975245305850071,0.17939242885880888,0.9009282705816893,0.41805931611843006,False,False,ieee30,30,1;2;3;4;5;6;7;8;9;10;11;12;13;14;15;16;17;18;19;20;21;22;23;24;25;26;27;28;29;30
585,30,0.2950102520927261,0.10816897289626848,1.295792419639338,0.562452436250541,False,False,ieee30,30,1;2;3;4;5;6;7;8;9;10;11;12;13;14;15;16;17;18;19;20;21;22;23;24;25;26;27;28;29;30
586,30,0.23319322298831635,0.09558276589888692,1.1729149205026288,0.5209159314973517,False,False,ieee30,30,1;2;3;4;5;6;7;8;9;10;11;12;13;14;15;16;17;18;19;20;21;22;23;24;25;26;27;28;29;30
587,30,0.6656884333127069,0.3561696178149618,1.689995391602841,0.6972836188226004,False,False,ieee30,30,1;2;3;4;5;6;7;8;9;10;11;12;13;14;15;16;17;18;19;20;21;22;23;24;25;26;27;28;29;30
588,30,0.6547244666466941,0.35230487359274953,1.865981482209665,0.7486397054508018,False,False,ieee30,30,1;2;3;4;5;6;7;8;9;10;11;12;13;14;15;16;17;18;19;20;21;22;23;24;25;26;27;28;29;30
589,30,0.42062848838935385,0.17220986982905515,1.2788124707943194,0.527869653878666,False,False,ieee30,30,1;2;3;4;5;6;7;8;9;10;11;12;13;14;15;16;17;18;19;20;21;22;23;24;25;26;27;28;29;30
590,30,0.5578056342668771,0.2694234150529716,1.955515451150033,0.8254303141197836,False,False,ieee30,30,1;2;3;4;5;6;7;8;9;10;11;12;13;14;15;16;17;18;19;20;21;22;23;24;25;26;27;28;29;30
591,30,0.8157581235323366,0.338208129245221,1.730721787785251,0.6875460336866099,False,False,ieee30,30,1;2;3;4;5;6;7;8;9;10;11;12;13;14;15;16;17;18;19;20;21;22;23;24;25;26;27;28;29;30
592,30,0.6029934126515311,0.3053009186270047,2.141184589337019,0.881429733928405,False,False,ieee30,30,1;2;3;4;5;6;7;8;9;10;11;12;13;14;15;16;17;18;19;20;21;22;23;24;25;26;27;28;29;30
593,30,0.5812456013416731,0.2553064677101461,1.9802993213992017,0.8105684067695276,False,False,ieee30,30,1;2;3;4;5;6;7;8;9;10;11;12;13;14;15;16;17;18;19;20;21;22;23;24;25;26;27;28;29;30
594,30,0.8436955208248882,0.3440714401879619,2.26573441962457,0.9236904655812879,False,False,ieee30,30,1;2;3;4;5;6;7;8;9;10;11;12;13;14;15;16;17;18;19;20;21;22;23;24;25;26;27;28;29;30
595,30,0.23801366670480067,0.06497483889379332,1.1399430101559793,0.493959009863675,False,False,ieee30,30,1;2;3;4;5;6;7;8;9;10;11;12;13;14;15;16;17;18;19;20;21;22;23;24;25;26;27;28;29;30
596,30,0.7593994569189407,0.35041160249780284,1.710791098024634,0.690994832749803,False,False,ieee30,30,1;2;3;4;5;6;7;8;9;10;11;12;13;14;15;16;17;18;19;20;21;22;23;24;25;26;27;28;29;30
597,30,0.21286660035129376,0.07102295915972731,0.8675574701952479,0.3766734622626904,False,False,ieee30,30,1;2;3;4;5;6;7;8;9;10;11;12;13;14;15;16;17;18;19;20;21;22;23;24;25;26;27;28;29;30
598,30,0.6347710664991032,0.29222088743712676,1.7056389001665906,0.6513174687854708,False,False,ieee30,30,1;2;3;4;5;6;7;8;9;10;11;12;13;14;15;16;17;18;19;20;21;22;23;24;25;26;27;28;29;30
599,30,0.7450712211068728,0.34872191066904135,2.0110311478854044,0.8123955181374818,False,False,ieee30,30,1;2;3;4;5;6;7;8;9;10;11;12;13;14;15;16;17;18;19;20;21;22;23;24;25;26;27;28;29;30
600,30,0.6803915947360153,0.3120401590911789,1.416901802751671,0.5450826115006666,False,False,ieee30,30,1;2;3;4;5;6;7;8;9;10;11;12;13;14;15;16;17;18;19;20;21;22;23;24;25;26;27;28;29;30
601,30,0.8062185733147519,0.31803428800603195,2.446963029696615,0.956718282883847,False,False,ieee30,30,1;2;3;4;5;6;7;8;9;10;11;12;13;14;15;16;17;18;19;20;21;22;23;24;25;26;27;28;29;30
602,30,0.7225404395115835,0.32001960628713194,2.211318093577792,0.8315226123460266,False,False,ieee30,30,1;2;3;4;5;6;7;8;9;10;11;12;13;14;15;16;17;18;19;20;21;22;23;24;25;26;27;28;29;30
603,30,0.7268506383471351,0.3086279213072243,2.3588124536632344,0.8727365665236075,False,False,ieee30,30,1;2;3;4;5;6;7;8;9;10;11;12;13;14;15;16;17;18;19;20;21;22;23;24;25;26;27;28;29;30
604,30,0.7581462356399543,0.3178155188917152,2.1161014771272026,0.7982727589638008,False,False,ieee30,30,1;2;3;4;5;6;7;8;9;10;11;12;13;14;15;16;17;18;19;20;21;22;23;24;25;26;27;28;29;30
605,30,0.8457306882198989,0.31387165986451715,2.3974245769216243,0.9676583258805824,False,False,ieee30,30,1;2;3;4;5;6;7;8;9;10;11;12;13;14;15;16;17;18;19;20;21;22;23;24;25;26;27;28;29;30
606,30,0.6392373056387625,0.16962927750413995,2.427187424825176,0.9851487009087716,False,False,ieee30,30,1;2;3;4;5;6;7;8;9;10;11;12;13;14;15;16;17;18;19;20;21;22;23;24;25;26;27;28;29;30
607,30,0.7381919558132757,0.3142589652538094,2.491355397151446,1.00074849444535,False,False,ieee30,30,1;2;3;4;5;6;7;8;9;10;11;12;13;14;15;16;17;18;19;20;21;22;23;24;25;26;27;28;29;30
608,30,0.7826874125099837,0.29742574946773526,2.8771148662453707,1.2237068618066793,False,False,ieee30,30,1;2;3;4;5;6;7;8;9;10;11;12;13;14;15;16;17;18;19;20;21;22;23;24;25;26;27;28;29;30
609,30,0.7226114158108218,0.1494695224822021,2.876389617661072,1.4926200426572718,False,False,ieee30,30,1;2;3;4;5;6;7;8;9;10;11;12;13;14;15;16;17;18;19;20;21;22;23;24;25;26;27;28;29;30
610,30,0.7416353471905386,0.20795090912706873,2.951823074712385,1.3302416289361527,False,False,ieee30,30,1;2;3;4;5;6;7;8;9;10;11;12;13;14;15;16;17;18;19;20;21;22;23;24;25;26;27;28;29;30
611,30,0.7678087923765874,0.19376216273364671,2.4013545148222235,1.5336451819997474,False,False,ieee30,30,1;2;3;4;5;6;7;8;9;10;11;12;13;14;15;16;17;18;19;20;21;22;23;24;25;26;27;28;29;30
612,30,0.6221721182982498,0.3071331813856232,2.4624683665856626,1.0283880565330674,False,False,ieee30,30,1;2;3;4;5;6;7;8;9;10;11;12;13;14;15;16;17;18;19;20;21;22;23;24;25;26;27;28;29;30
613,30,0.784710479674715,0.22385887650486147,2.0591552529033765,1.348494921818855,False,False,ieee30,30,1;2;3;4;5;6;7;8;9;10;11;12;13;14;15;16;17;18;19;20;21;22;23;24;25;26;27;28;29;30
614,30,0.7254383072617694,0.21366257264706406,1.3214975410269196,0.4602123000939595,False,False,ieee30,30,1;2;3;4;5;6;7;8;9;10;11;12;13;14;15;16;17;18;19;20;21;22;23;24;25;26;27;28;29;30
615,30,0.44516447237649315,0.16307176025576456,2.1108168935865153,0.8616314876622679,False,False,ieee30,30,1;2;3;4;5;6;7;8;9;10;11;12;13;14;15;16;17;18;19;20;21;22;23;24;25;26;27;28;29;30
616,30,0.3488417255816795,0.14363081246969084,2.0244199316245943,0.8379153046128103,False,False,ieee30,30,1;2;3;4;5;6;7;8;9;10;11;12;13;14;15;16;17;18;19;20;21;22;23;24;25;26;27;28;29;30
617,30,1.0019141058841607,0.5363907871322381,2.622439058750162,1.043072046381849,False,False,ieee30,30,1;2;3;4;5;6;7;8;9;10;11;12;13;14;15;16;17;18;19;20;21;22;23;24;25;26;27;28;29;30
618,30,0.9977357207579118,0.5380893295136275,2.6968713684907577,1.0618456358911506,False,False,ieee30,30,1;2;3;4;5;6;7;8;9;10;11;12;13;14;15;16;17;18;19;20;21;22;23;24;25;26;27;28;29;30
619,30,0.6331263225643611,0.25929003124204786,1.9750190324093146,0.7922459090426031,False,False,ieee30,30,1;2;3;4;5;6;7;8;9;10;11;12;13;14;15;16;17;18;19;20;21;22;23;24;25;26;27;28;29;30
620,30,0.8320164978764042,0.404696073284792,2.43706920492846,1.015209640830234,False,False,ieee30,30,1;2;3;4;5;6;7;8;9;10;11;12;13;14;15;16;17;18;19;20;21;22;23;24;25;26;27;28;29;30
621,30,1.2256200544698905,0.5085002335546392,2.7767654411381812,1.0679462603007555,False,False,ieee30,30,1;2;3;4;5;6;7;8;9;10;11;12;13;14;15;16;17;18;19;20;21;22;23;24;25;26;27;28;29;30
622,30,0.9048556102816433,0.4588349464593082,2.8732383281423806,1.156279761140972,False,False,ieee30,30,1;2;3;4;5;6;7;8;9;10;11;12;13;14;15;16;17;18;19;20;21;22;23;24;25;26;27;28;29;30
623,30,0.8898009010076975,0.3904921457196445,3.0852117210975356,1.2021861904316082,False,False,ieee30,30,1;2;3;4;5;6;7;8;9;10;11;12;13;14;15;16;17;18;19;20;21;22;23;24;25;26;27;28;29;30
624,30,1.3045375004295083,0.5311566116754862,3.3104538879009584,1.2873750979391603,False,False,ieee30,30,1;2;3;4;5;6;7;8;9;10;11;12;13;14;15;16;17;18;19;20;21;22;23;24;25;26;27;28;29;30
625,30,0.35714050098434796,0.09703499773353336,1.9377511885917134,0.7928572728216596,False,False,ieee30,30,1;2;3;4;5;6;7;8;9;10;11;12;13;14;15;16;17;18;19;20;21;22;23;24;25;26;27;28;29;30
626,30,1.1403153519957914,0.526455474059175,2.4942430832306473,0.9721563767101309,False,False,ieee30,30,1;2;3;4;5;6;7;8;9;10;11;12;13;14;15;16;17;18;19;20;21;22;23;24;25;26;27;28;29;30
627,30,0.3205066971342346,0.10693505996991687,1.637034378817368,0.663420568214184,False,False,ieee30,30,1;2;3;4;5;6;7;8;9;10;11;12;13;14;15;16;17;18;19;20;21;22;23;24;25;26;27;28;29;30
628,30,0.9889834720868049,0.4542899383529691,2.2960151594711276,0.8831340215553909,False,False,ieee30,30,1;2;3;4;5;6;7;8;9;10;11;12;13;14;15;16;17;18;19;20;21;22;23;24;25;26;27;28;29;30
629,30,1.1174156071039505,0.5234116134135456,3.0533095518761124,1.183269404505776,False,False,ieee30,30,1;2;3;4;5;6;7;8;9;10;11;12;13;14;15;16;17;18;19;20;21;22;23;24;25;26;27;28;29;30
630,30,1.0169900558047948,0.466900408344781,2.2714115813606233,0.8357588187273011,False,False,ieee30,30,1;2;3;4;5;6;7;8;9;10;11;12;13;14;15;16;17;18;19;20;21;22;23;24;25;26;27;28;29;30
631,30,1.2037094991427684,0.4759013937604591,3.166601368174883,1.1995841179206792,False,False,ieee30,30,1;2;3;4;5;6;7;8;9;10;11;12;13;14;15;16;17;18;19;20;21;22;23;24;25;26;27;28;29;30
632,30,1.0769083088270393,0.4769561408838015,2.4834377947225423,0.9284008761104605,False,False,ieee30,30,1;2;3;4;5;6;7;8;9;10;11;12;13;14;15;16;17;18;19;20;21;22;23;24;25;26;27;28;29;30
633,30,1.0888565485207524,0.4626901868680166,2.887585587689915,1.0642417252042946,False,False,ieee30,30,1;2;3;4;5;6;7;8;9;10;11;12;13;14;15;16;17;18;19;20;21;22;23;24;25;26;27;28;29;30
634,30,1.1340857706556706,0.47597976746252646,2.7448038119054834,1.018031072547388,False,False,ieee30,30,1;2;3;4;5;6;7;8;9;10;11;12;13;14;15;16;17;18;19;20;21;22;23;24;25;26;27;28;29;30
635,30,1.2726395638798729,0.47360389264591357,3.4441390290752487,1.3386559545791596,False,False,ieee30,30,1;2;3;4;5;6;7;8;9;10;11;12;13;14;15;16;17;18;19;20;21;22;23;24;25;26;27;28;29;30
636,30,0.9556410868701054,0.2547464693214712,3.454512553067654,1.3516281871611935,False,False,ieee30,30,1;2;3;4;5;6;7;8;9;10;11;12;13;14;15;16;17;18;19;20;21;22;23;24;25;26;27;28;29;30
637,30,1.1086229842913065,0.4735625565337718,3.533782443960316,1.373578104427582,False,False,ieee30,30,1;2;3;4;5;6;7;8;9;10;11;12;13;14;15;16;17;18;19;20;21;22;23;24;25;26;27;28;29;30
638,30,1.173932185337181,0.44705245376256686,3.701293431542888,1.536507693030647,False,False,ieee30,30,1;2;3;4;5;6;7;8;9;10;11;12;13;14;15;16;17;18;19;20;21;22;23;24;25;26;27;28;29;30
639,30,1.0363712048009595,0.2155747173859313,4.018450019878975,1.8943074839701775,False,False,ieee30,30,1;2;3;4;5;6;7;8;9;10;11;12;13;14;15;16;17;18;19;20;21;22;23;24;25;26;27;28;29;30
640,30,1.0981619654271173,0.3090552944582045,4.355342768681245,1.9471288149332346,False,False,ieee30,30,1;2;3;4;5;6;7;8;9;10;11;12;13;14;15;16;17;18;19;20;21;22;23;24;25;26;27;28;29;30
641,30,1.1355750659801305,0.2856374981320423,3.3847385647668053,1.6977897821765964,False,False,ieee30,30,1;2;3;4;5;6;7;8;9;10;11;12;13;14;15;16;17;18;19;20;21;22;23;24;25;26;27;28;29;30
642,30,0.9559098819672138,0.47032799549719895,2.939530029095221,1.2447930497048552,False,False,ieee30,30,1;2;3;4;5;6;7;8;9;10;11;12;13;14;15;16;17;18;19;20;21;22;23;24;25;26;27;28;29;30
643,30,1.1536229885996914,0.3290808043413853,2.6232108131062892,1.5198159114446348,False,False,ieee30,30,1;2;3;4;5;6;7;8;9;10;11;12;13;14;15;16;17;18;19;20;21;22;23;24;25;26;27;28;29;30
644,30,1.0420619181452917,0.3069198612292247,2.6459284282028728,0.8497183685665257,False,False,ieee30,30,1;2;3;4;5;6;7;8;9;10;11;12;13;14;15;16;17;18;19;20;21;22;23;24;25;26;27;28;29;30
645,30,0.0025608093144689585,0.0006942694307086328,0.12634932363583307,0.06445156294989596,False,False,ieee30,30,1;2;3;4;5;6;7;8;9;10;11;12;13;14;15;16;17;18;19;20;21;22;23;24;25;26;27;28;29;30
646,30,0.02944664293443608,0.013474884649767704,0.44616633676857786,0.2776689283838091,False,False,ieee30,30,1;2;3;4;5;6;7;8;9;10;11;12;13;14;15;16;17;18;19;20;21;22;23;24;25;26;27;28;29;30
647,30,0.007156164133651085,0.0021862614804935964,0.22783386411390844,0.13806907168346821,False,False,ieee30,30,1;2;3;4;5;6;7;8;9;10;11;12;13;14;15;16;17;18;19;20;21;22;23;24;25;26;27;28;29;30
648,30,0.016085226219265947,0.0063358682155566365,0.36881607305884867,0.2345272321297489,False,False,ieee30,30,1;2;3;4;5;6;7;8;9;10;11;12;13;14;15;16;17;18;19;20;21;22;23;24;25;26;27;28;29;30
649,30,0.048904539543703864,0.01978855406685287,0.4791508951032421,0.2927421602557981,False,False,ieee30,30,1;2;3;4;5;6;7;8;9;10;11;12;13;14;15;16;17;18;19;20;21;22;23;24;25;26;27;28;29;30
650,30,0.06619494264627067,0.031731698744035836,0.3098429855086879,0.16918604196925152,False,False,ieee30,30,1;2;3;4;5;6;7;8;9;10;11;12;13;14;15;16;17;18;19;20;21;22;23;24;25;26;27;28;29;30
651,30,0.014983362983425511,0.0048541816213995,0.6934554543640348,0.40494768856101343,False,False,ieee30,30,1;2;3;4;5;6;7;8;9;10;11;12;13;14;15;16;17;18;19;20;21;22;23;24;25;26;27;28;29;30
652,30,0.026148483822988774,0.011001170244906044,1.0785386175683649,0.5672101757224846,False,False,ieee30,30,1;2;3;4;5;6;7;8;9;10;11;12;13;14;15;16;17;18;19;20;21;22;23;24;25;26;27;28;29;30
653,30,0.013715888868582968,0.005209958966761137,0.3362205669876343,0.21137428587400758,False,False,ieee30,30,1;2;3;4;5;6;7;8;9;10;11;12;13;14;15;16;17;18;19;20;21;22;23;24;25;26;27;28;29;30
654,30,0.017664857681516273,0.006937001428869473,0.40254137319598665,0.2551799146074733,False,False,ieee30,30,1;2;3;4;5;6;7;8;9;10;11;12;13;14;15;16;17;18;19;20;21;22;23;24;25;26;27;28;29;30
655,30,0.009417836103518108,0.0032163466894416723,0.22454600615961784,0.1328282847559349,False,False,ieee30,30,1;2;3;4;5;6;7;8;9;10;11;12;13;14;15;16;17;18;19;20;21;22;23;24;25;26;27;28;29;30
656,30,0.023973360033562527,0.008204666977608348,0.42909431021522093,0.26694955131702913,False,False,ieee30,30,1;2;3;4;5;6;7;8;9;10;11;12;13;14;15;16;17;18;19;20;21;22;23;24;25;26;27;28;29;30
657,30,0.008534101355349833,0.002641927362838664,0.36917488760327644,0.2353839654451556,False,False,ieee30,30,1;2;3;4;5;6;7;8;9;10;11;12;13;14;15;16;17;18;19;20;21;22;23;24;25;26;27;28;29;30
658,30,0.021408378624136394,0.007804208049133433,0.4101070171778081,0.2569409930810698,False,False,ieee30,30,1;2;3;4;5;6;7;8;9;10;11;12;13;14;15;16;17;18;19;20;21;22;23;24;25;26;27;28;29;30
659,30,0.006867364524501809,0.0018205279747324655,0.3257310348583186,0.2056155524888526,False,False,ieee30,30,1;2;3;4;5;6;7;8;9;10;11;12;13;14;15;16;17;18;19;20;21;22;23;24;25;26;27;28;29;30
660,30,0.04714159797765765,0.015637269009993376,0.5586335038382081,0.3336808878387898,False,False,ieee30,30,1;2;3;4;5;6;7;8;9;10;11;12;13;14;15;16;17;18;19;20;21;22;23;24;25;26;27;28;29;30
661,30,0.009004369964649124,0.002804680605820134,0.3035481250677269,0.18585001655688138,False,False,ieee30,30,1;2;3;4;5;6;7;8;9;10;11;12;13;14;15;16;17;18;19;20;21;22;23;24;25;26;27;28;29;30
662,30,0.025801943359382306,0.008206425800172092,0.46443048832150835,0.27384920121882117,False,False,ieee30,30,1;2;3;4;5;6;7;8;9;10;11;12;13;14;15;16;17;18;19;20;21;22;23;24;25;26;27;28;29;30
663,30,0.012792436428383827,0.002990868143216259,0.4332363159485681,0.26779158047223267,False,False,ieee30,30,1;2;3;4;5;6;7;8;9;10;11;12;13;14;15;16;17;18;19;20;21;22;23;24;25;26;27;28;29;30
664,30,0.009026213517638895,0.001818197793128598,1.5610659926050001,0.5562031571264299,False,False,ieee30,30,1;2;3;4;5;6;7;8;9;10;11;12;13;14;15;16;17;18;19;20;21;22;23;24;25;26;27;28;29;30
665,30,0.029517356321694478,0.00819763984075969,1.504145939950468,0.6840794604471601,False,False,ieee30,30,1;2;3;4;5;6;7;8;9;10;11;12;13;14;15;16;17;18;19;20;21;22;23;24;25;26;27;28;29;30
666,30,0.011348237533789591,0.0065699032815958736,0.20041394388217004,0.0434347069868809,False,False,ieee30,30,1;2;3;4;5;6;7;8;9;10;11;12;13;14;15;16;17;18;19;20;21;22;23;24;25;26;27;28;29;30
667,30,0.004277537326566595,0.0019298832448568955,0.17130515744923036,0.047559854228191145,False,False,ieee30,30,1;2;3;4;5;6;7;8;9;10;11;12;13;14;15;16;17;18;19;20;21;22;23;24;25;26;27;28;29;30
668,30,0.0033248653048367736,0.0009961839911591386,0.17189327219068717,0.046232742706759256,False,False,ieee30,30,1;2;3;4;5;6;7;8;9;10;11;12;13;14;15;16;17;18;19;20;21;22;23;24;25;26;27;28;29;30
669,30,0.010288911394677611,0.004430405191384372,0.17604260426359442,0.04658197424819921,False,False,ieee30,30,1;2;3;4;5;6;7;8;9;10;11;12;13;14;15;16;17;18;19;20;21;22;23;24;25;26;27;28;29;30
670,30,0.01529772700800687,0.004737476319022743,0.19258309483927777,0.04299157576456197,False,False,ieee30,30,1;2;3;4;5;6;7;8;9;10;11;12;13;14;15;16;17;18;19;20;21;22;23;24;25;26;27;28;29;30
671,30,0.004171539355989811,0.0015395736756401643,0.18208750572219928,0.046400486019131326,False,False,ieee30,30,1;2;3;4;5;6;7;8;9;10;11;12;13;14;15;16;17;18;19;20;21;22;23;24;25;26;27;28;29;30
672,30,0.007410574061031364,0.0037086020775188716,0.2134279794183494,0.05002477966343172,False,False,ieee30,30,1;2;3;4;5;6;7;8;9;10;11;12;13;14;15;16;17;18;19;20;21;22;23;24;25;26;27;28;29;30
673,30,0.0032289127889938447,0.0008903400753028645,0.18723361140761646,0.05021180039870948,False,False,ieee30,30,1;2;3;4;5;6;7;8;9;10;11;12;13;14;15;16;17;18;19;20;21;22;23;24;25;26;27;28;29;30
674,30,0.004343521335531833,0.001808108504030237,0.19098255134451958,0.04440496667191629,False,False,ieee30,30,1;2;3;4;5;6;7;8;9;10;11;12;13;14;15;16;17;18;19;20;21;22;23;24;25;26;27;28;29;30
675,30,0.00400104895151591,0.0016291879721045642,0.1988302867946004,0.04828703392375516,False,False,ieee30,30,1;2;3;4;5;6;7;8;9;10;11;12;13;14;15;16;17;18;19;20;21;22;23;24;25;26;27;28;29;30
676,30,0.005668604273334302,0.001658242564146005,0.19023477419442186,0.04744606840197568,False,False,ieee30,30,1;2;3;4;5;6;7;8;9;10;11;12;13;14;15;16;17;18;19;20;21;22;23;24;25;26;27;28;29;30
677,30,0.003178468017369925,0.0007683008611406028,0.1793703178641724,0.04850179458721354,False,False,ieee30,30,1;2;3;4;5;6;7;8;9;10;11;12;13;14;15;16;17;18;19;20;21;22;23;24;25;26;27;28;29;30
678,30,0.0038494164329818305,0.0008617959007333337,0.18817413376998365,0.04451278357488481,False,False,ieee30,30,1;2;3;4;5;6;7;8;9;10;11;12;13;14;15;16;17;18;19;20;21;22;23;24;25;26;27;28;29;30
679,30,0.003171738070433359,0.000710514556372499,0.18154145370629654,0.048235623759601776,False,False,ieee30,30,1;2;3;4;5;6;7;8;9;10;11;12;13;14;15;16;17;18;19;20;21;22;23;24;25;26;27;28;29;30
680,30,0.006165359275608717,0.0007500439162229922,0.19100299068942456,0.04626575659960802,False,False,ieee30,30,1;2;3;4;5;6;7;8;9;10;11;12;13;14;15;16;17;18;19;20;21;22;23;24;25;26;27;28;29;30
681,30,0.004089200607957515,0.001673983125694431,0.645465242245111,0.22134301159431663,False,False,ieee30,30,1;2;3;4;5;6;7;8;9;10;11;12;13;14;15;16;17;18;19;20;21;22;23;24;25;26;27;28;29;30
682,30,0.005202586617050954,0.001056446807953866,0.20593899677994243,0.08304539249153708,False,False,ieee30,30,1;2;3;4;5;6;7;8;9;10;11;12;13;14;15;16;17;18;19;20;21;22;23;24;25;26;27;28;29;30
683,30,0.0022678807027290745,0.0006707576896302359,0.14965679675034915,0.04883336201072469,False,False,ieee30,30,1;2;3;4;5;6;7;8;9;10;11;12;13;14;15;16;17;18;19;20;21;22;23;24;25;26;27;28;29;30
684,30,0.002531412204129521,0.0006869664301765444,0.030860978454944288,0.011804846127045743,False,False,ieee30,30,1;2;3;4;5;6;7;8;9;10;11;12;13;14;15;16;17;18;19;20;21;22;23;24;25;26;27;28;29;30
685,30,0.0018547947386900968,0.0003151019979595049,0.07306998091386507,0.020018047331707256,False,False,ieee30,30,1;2;3;4;5;6;7;8;9;10;11;12;13;14;15;16;17;18;19;20;21;22;23;24;25;26;27;28;29;30
686,30,0.14754010359991868,0.053855580874191344,1.3463202786186945,0.6823841955849621,False,False,ieee30,30,1;2;3;4;5;6;7;8;9;10;11;12;13;14;15;16;17;18;19;20;21;22;23;24;25;26;27;28;29;30
687,30,0.11686988350663127,0.04790747970068865,1.4112230776224102,0.7087210153723411,False,False,ieee30,30,1;2;3;4;5;6;7;8;9;10;11;12;13;14;15;16;17;18;19;20;21;22;23;24;25;26;27;28;29;30
688,30,0.33423185082873835,0.17803805680199247,1.6880314817925592,0.8071456236303192,False,False,ieee30,30,1;2;3;4;5;6;7;8;9;10;11;12;13;14;15;16;17;18;19;20;21;22;23;24;25;26;27;28;29;30
689,30,0.3178652845855058,0.16991397278247888,1.8381044302672755,0.8395812460815113,False,False,ieee30,30,1;2;3;4;5;6;7;8;9;10;11;12;13;14;15;16;17;18;19;20;21;22;23;24;25;26;27;28;29;30
690,30,0.21040286021244567,0.08574080709905013,1.0440015536792138,0.5484443113279931,False,False,ieee30,30,1;2;3;4;5;6;7;8;9;10;11;12;13;14;15;16;17;18;19;20;21;22;23;24;25;26;27;28;29;30
691,30,0.2803347415500138,0.13278172722763337,1.9386389336807244,0.9034530260455673,False,False,ieee30,30,1;2;3;4;5;6;7;8;9;10;11;12;13;14;15;16;17;18;19;20;21;22;23;24;25;26;27;28;29;30
692,30,0.4078827002091722,0.1687213002973261,1.7032168509025718,0.782964567335281,False,False,ieee30,30,1;2;3;4;5;6;7;8;9;10;11;12;13;14;15;16;17;18;19;20;21;22;23;24;25;26;27;28;29;30
693,30,0.30183356912780634,0.15219328029282725,2.1549409117663787,0.9919006216558126,False,False,ieee30,30,1;2;3;4;5;6;7;8;9;10;11;12;13;14;15;16;17;18;19;20;21;22;23;24;25;26;27;28;29;30
694,30,0.2856673034172168,0.12540139411441326,1.8896329469582485,0.8951195975370925,False,False,ieee30,30,1;2;3;4;5;6;7;8;9;10;11;12;13;14;15;16;17;18;19;20;21;22;23;24;25;26;27;28;29;30
695,30,0.4150883887594403,0.1694524383844103,2.349081254923826,1.076558422901501,False,False,ieee30,30,1;2;3;4;5;6;7;8;9;10;11;12;13;14;15;16;17;18;19;20;21;22;23;24;25;26;27;28;29;30
696,30,0.11965362035255801,0.0321930627589114,1.1844598857716018,0.6188083162946802,False,False,ieee30,30,1;2;3;4;5;6;7;8;9;10;11;12;13;14;15;16;17;18;19;20;21;22;23;24;25;26;27;28;29;30
697,30,0.3803248586761299,0.17500689062497637,1.6196690518201664,0.7800149454556384,False,False,ieee30,30,1;2;3;4;5;6;7;8;9;10;11;12;13;14;15;16;17;18;19;20;21;22;23;24;25;26;27;28;29;30
698,30,0.10709989799647524,0.035346335519694655,0.6485283436984199,0.3792662339087279,False,False,ieee30,30,1;2;3;4;5;6;7;8;9;10;11;12;13;14;15;16;17;18;19;20;21;22;23;24;25;26;27;28;29;30
699,30,0.2801606805293674,0.12794906937877526,1.4808605181866605,0.6729237366939156,False,False,ieee30,30,1;2;3;4;5;6;7;8;9;10;11;12;13;14;15;16;17;18;19;20;21;22;23;24;25;26;27;28;29;30
700,30,0.3715895340284625,0.17342542347382672,1.815046545393217,0.860479318562446,False,False,ieee30,30,1;2;3;4;5;6;7;8;9;10;11;12;13;14;15;16;17;18;19;20;21;22;23;24;25;26;27;28;29;30
701,30,0.3428463723297295,0.1566711390240625,1.3831163952729653,0.6758068254782315,False,False,ieee30,30,1;2;3;4;5;6;7;8;9;10;11;12;13;14;15;16;17;18;19;20;21;22;23;24;25;26;27;28;29;30
702,30,0.4078164448671665,0.16035606136454814,2.1366501456052855,0.9763576787715829,False,False,ieee30,30,1;2;3;4;5;6;7;8;9;10;11;12;13;14;15;16;17;18;19;20;21;22;23;24;25;26;27;28;29;30
703,30,0.36202720146490164,0.15969282887303074,1.6438972229933315,0.7461475488074254,False,False,ieee30,30,1;2;3;4;5;6;7;8;9;10;11;12;13;14;15;16;17;18;19;20;21;22;23;24;25;26;27;28;29;30
704,30,0.36350479963643345,0.15372823864167023,1.9205577491036336,0.8557116789475863,False,False,ieee30,30,1;2;3;4;5;6;7;8;9;10;11;12;13;14;15;16;17;18;19;20;21;22;23;24;25;26;27;28;29;30
705,30,0.3804421224646903,0.15905223771439675,1.9696516533444794,0.8915511338902722,False,False,ieee30,30,1;2;3;4;5;6;7;8;9;10;11;12;13;14;15;16;17;18;19;20;21;22;23;24;25;26;27;28;29;30
706,30,0.42570480975221414,0.1573193724639017,2.369552745380308,1.0778198556674852,False,False,ieee30,30,1;2;3;4;5;6;7;8;9;10;11;12;13;14;15;16;17;18;19;20;21;22;23;24;25;26;27;28;29;30
707,30,0.3200952495409543,0.08441602985458496,2.460506300356245,1.1168114903373105,False,False,ieee30,30,1;2;3;4;5;6;7;8;9;10;11;12;13;14;15;16;17;18;19;20;21;22;23;24;25;26;27;28;29;30
708,30,0.3715452779281796,0.15755150801125395,2.3580386459701503,1.0748562748763555,False,False,ieee30,30,1;2;3;4;5;6;7;8;9;10;11;12;13;14;15;16;17;18;19;20;21;22;23;24;25;26;27;28;29;30
709,30,0.3989090837711393,0.15035873628935476,3.2461330662824732,1.456359291845475,False,False,ieee30,30,1;2;3;4;5;6;7;8;9;10;11;12;13;14;15;16;17;18;19;20;21;22;23;24;25;26;27;28;29;30
710,30,0.3693451971521805,0.07601303257194614,5.237940638669554,2.241412967411347,False,False,ieee30,30,1;2;3;4;5;6;7;8;9;10;11;12;13;14;15;16;17;18;19;20;21;22;23;24;25;26;27;28;29;30
711,30,0.374093912669046,0.10441678184869865,3.910557658626483,1.7436143389322958,False,False,ieee30,30,1;2;3;4;5;6;7;8;9;10;11;12;13;14;15;16;17;18;19;20;21;22;23;24;25;26;27;28;29;30
712,30,0.38903216766578674,0.09814916684594137,4.768066505111697,2.1271008328998455,False,False,ieee30,30,1;2;3;4;5;6;7;8;9;10;11;12;13;14;15;16;17;18;19;20;21;22;23;24;25;26;27;28;29;30
713,30,0.3030003288648663,0.15001568274431837,2.847209461461953,1.2661480701321017,False,False,ieee30,30,1;2;3;4;5;6;7;8;9;10;11;12;13;14;15;16;17;18;19;20;21;22;23;24;25;26;27;28;29;30
714,30,0.3973079306177481,0.11347508949429524,5.5276927705759675,2.370927029118376,False,False,ieee30,30,1;2;3;4;5;6;7;8;9;10;11;12;13;14;15;16;17;18;19;20;21;22;23;24;25;26;27;28;29;30
715,30,0.37127755017347575,0.10927021883869756,4.612210657330067,1.7746587814387031,False,False,ieee30,30,1;2;3;4;5;6;7;8;9;10;11;12;13;14;15;16;17;18;19;20;21;22;23;24;25;26;27;28;29;30
716,30,0.2459941537141683,0.10200194586475386,1.9967680490113948,0.9285797835208525,False,False,ieee30,30,1;2;3;4;5;6;7;8;9;10;11;12;13;14;15;16;17;18;19;20;21;22;23;24;25;26;27;28;29;30
717,30,0.1884216346579317,0.07411752398523602,2.13735467346896,0.9865845221130798,False,False,ieee30,30,1;2;3;4;5;6;7;8;9;10;11;12;13;14;15;16;17;18;19;20;21;22;23;24;25;26;27;28;29;30
718,30,0.546398989143213,0.30745863884746727,3.1347249046666947,1.360886323023209,False,False,ieee30,30,1;2;3;4;5;6;7;8;9;10;11;12;13;14;15;16;17;18;19;20;21;22;23;24;25;26;27;28;29;30
719,30,0.5476869542248447,0.309331776632915,3.277221490147042,1.4228548786840585,False,False,ieee30,30,1;2;3;4;5;6;7;8;9;10;11;12;13;14;15;16;17;18;19;20;21;22;23;24;25;26;27;28;29;30
720,30,0.3430523405811181,0.14588735150780466,1.6705406690895828,0.7896292549793422,False,False,ieee30,30,1;2;3;4;5;6;7;8;9;10;11;12;13;14;15;16;17;18;19;20;21;22;23;24;25;26;27;28;29;30
721,30,0.472923095176955,0.23978606184756335,3.1674565572060436,1.3992003782556008,False,False,ieee30,30,1;2;3;4;5;6;7;8;9;10;11;12;13;14;15;16;17;18;19;20;21;22;23;24;25;26;27;28;29;30
722,30,0.6734606956953743,0.28526678158687846,2.824989446294918,1.2334191145168671,False,False,ieee30,30,1;2;3;4;5;6;7;8;9;10;11;12;13;14;15;16;17;18;19;20;21;22;23;24;25;26;27;28;29;30
723,30,0.4837226989834873,0.25174499839499365,3.462420864354359,1.4629729146309056,False,False,ieee30,30,1;2;3;4;5;6;7;8;9;10;11;12;13;14;15;16;17;18;19;20;21;22;23;24;25;26;27;28;29;30
724,30,0.471312125163427,0.2145892201972673,3.3570473572375414,1.4545479786293065,False,False,ieee30,30,1;2;3;4;5;6;7;8;9;10;11;12;13;14;15;16;17;18;19;20;21;22;23;24;25;26;27;28;29;30
725,30,0.6656457373482335,0.2803987809277093,3.8470227811481834,1.6422910462443205,False,False,ieee30,30,1;2;3;4;5;6;7;8;9;10;11;12;13;14;15;16;17;18;19;20;21;22;23;24;25;26;27;28;29;30
726,30,0.1857212558051788,0.05520627570291908,1.649525943271147,0.7972554280846575,False,False,ieee30,30,1;2;3;4;5;6;7;8;9;10;11;12;13;14;15;16;17;18;19;20;21;22;23;24;25;26;27;28;29;30
727,30,0.6196614675036479,0.2992026115880862,2.4049980559626336,1.0724270158407072,False,False,ieee30,30,1;2;3;4;5;6;7;8;9;10;11;12;13;14;15;16;17;18;19;20;21;22;23;24;25;26;27;28;29;30
728,30,0.16176145470119635,0.05524351687090909,1.271636786893172,0.6405669874348707,False,False,ieee30,30,1;2;3;4;5;6;7;8;9;10;11;12;13;14;15;16;17;18;19;20;21;22;23;24;25;26;27;28;29;30
729,30,0.5773045404337396,0.27876880959065764,2.502394795546162,1.0997679485505005,False,False,ieee30,30,1;2;3;4;5;6;7;8;9;10;11;12;13;14;15;16;17;18;19;20;21;22;23;24;25;26;27;28;29;30
730,30,0.6004981694514453,0.2949737269772981,3.1665315850370486,1.3730750182933762,False,False,ieee30,30,1;2;3;4;5;6;7;8;9;10;11;12;13;14;15;16;17;18;19;20;21;22;23;24;25;26;27;28;29;30
731,30,0.5594651312557366,0.2696701500743911,1.932049697667055,0.8730336704676929,False,False,ieee30,30,1;2;3;4;5;6;7;8;9;10;11;12;13;14;15;16;17;18;19;20;21;22;23;24;25;26;27;28;29;30
732,30,0.6507997470481995,0.27006592892017195,3.6659357822770122,1.5584551662573567,False,False,ieee30,30,1;2;3;4;5;6;7;8;9;10;11;12;13;14;15;16;17;18;19;20;21;22;23;24;25;26;27;28;29;30
733,30,0.5983222809727001,0.2785307399002809,3.024872858546691,1.2963773799028304,False,False,ieee30,30,1;2;3;4;5;6;7;8;9;10;11;12;13;14;15;16;17;18;19;20;21;22;23;24;25;26;27;28;29;30
734,30,0.5946558616340151,0.2640996935573536,3.0925703719911226,1.3227437456399482,False,False,ieee30,30,1;2;3;4;5;6;7;8;9;10;11;12;13;14;15;16;17;18;19;20;21;22;23;24;25;26;27;28;29;30
735,30,0.6169304160935116,0.271876426821633,3.1677562904368743,1.3534924943428366,False,False,ieee30,30,1;2;3;4;5;6;7;8;9;10;11;12;13;14;15;16;17;18;19;20;21;22;23;24;25;26;27;28;29;30
736,30,0.7041235524125377,0.2719036680834981,4.220125376434507,1.7823689812933,False,False,ieee30,30,1;2;3;4;5;6;7;8;9;10;11;12;13;14;15;16;17;18;19;20;21;22;23;24;25;26;27;28;29;30
737,30,0.5105416629352609,0.1425083155835652,3.936837714956382,1.6857603779874175,False,False,ieee30,30,1;2;3;4;5;6;7;8;9;10;11;12;13;14;15;16;17;18;19;20;21;22;23;24;25;26;27;28;29;30
738,30,0.6106604363177874,0.27452821971002583,4.466155129974267,1.8666907393192709,False,False,ieee30,30,1;2;3;4;5;6;7;8;9;10;11;12;13;14;15;16;17;18;19;20;21;22;23;24;25;26;27;28;29;30
739,30,0.6481663200425244,0.255605509180866,4.224391407578449,1.8626510689791926,False,False,ieee30,30,1;2;3;4;5;6;7;8;9;10;11;12;13;14;15;16;17;18;19;20;21;22;23;24;25;26;27;28;29;30
740,30,0.5904040188536063,0.12671374701436966,4.7011549301862985,2.2134143702619475,False,False,ieee30,30,1;2;3;4;5;6;7;8;9;10;11;12;13;14;15;16;17;18;19;20;21;22;23;24;25;26;27;28;29;30
741,30,0.6166221447439063,0.18070946754652528,6.5405766998955315,2.7706834428693714,False,False,ieee30,30,1;2;3;4;5;6;7;8;9;10;11;12;13;14;15;16;17;18;19;20;21;22;23;24;25;26;27;28;29;30
742,30,0.6362144084128845,0.16395380230420803,4.911843179255598,2.3773657556126673,False,False,ieee30,30,1;2;3;4;5;6;7;8;9;10;11;12;13;14;15;16;17;18;19;20;21;22;23;24;25;26;27;28;29;30
743,30,0.517989379668594,0.2650307306601177,3.519708504648257,1.5507073783317455,False,False,ieee30,30,1;2;3;4;5;6;7;8;9;10;11;12;13;14;15;16;17;18;19;20;21;22;23;24;25;26;27;28;29;30
744,30,0.6544891662789076,0.19648741901074016,4.966982325150825,2.2933561698919442,False,False,ieee30,30,1;2;3;4;5;6;7;8;9;10;11;12;13;14;15;16;17;18;19;20;21;22;23;24;25;26;27;28;29;30
745,30,0.5993553677895411,0.17993875364154294,4.73270990143824,2.021570757445499,False,False,ieee30,30,1;2;3;4;5;6;7;8;9;10;11;12;13;14;15;16;17;18;19;20;21;22;23;24;25;26;27;28;29;30
746,30,0.29568792430892865,0.10811084584877967,2.560608876380364,1.1398729940218928,False,False,ieee30,30,1;2;3;4;5;6;7;8;9;10;11;12;13;14;15;16;17;18;19;20;21;22;23;24;25;26;27;28;29;30
747,30,0.2338763897709963,0.09566063278860015,2.7392219493264522,1.2140666113067455,False,False,ieee30,30,1;2;3;4;5;6;7;8;9;10;11;12;13;14;15;16;17;18;19;20;21;22;23;24;25;26;27;28;29;30
748,30,0.6664524606297768,0.3561635801177994,4.064164483644288,1.6940131070865172,False,False,ieee30,30,1;2;3;4;5;6;7;8;9;10;11;12;13;14;15;16;17;18;19;20;21;22;23;24;25;26;27;28;29;30
749,30,0.6554882193720962,0.35229768267522443,4.246059817105797,1.7617516281669805,False,False,ieee30,30,1;2;3;4;5;6;7;8;9;10;11;12;13;14;15;16;17;18;19;20;21;22;23;24;25;26;27;28;29;30
750,30,0.42120375222142337,0.17213776265050623,2.2795548783469446,1.0224939188355155,False,False,ieee30,30,1;2;3;4;5;6;7;8;9;10;11;12;13;14;15;16;17;18;19;20;21;22;23;24;25;26;27;28;29;30
751,30,0.5584372500360134,0.26934444154391723,4.105666832970522,1.7552086837312202,False,False,ieee30,30,1;2;3;4;5;6;7;8;9;10;11;12;13;14;15;16;17;18;19;20;21;22;23;24;25;26;27;28;29;30
752,30,0.8163620737018962,0.3381980066989718,3.489426913688436,1.457132534950314,False,False,ieee30,30,1;2;3;4;5;6;7;8;9;10;11;12;13;14;15;16;17;18;19;20;21;22;23;24;25;26;27;28;29;30
753,30,0.6036823844255135,0.3052831814027771,4.688856889234384,1.9512017013587255,False,False,ieee30,30,1;2;3;4;5;6;7;8;9;10;11;12;13;14;15;16;17;18;19;20;21;22;23;24;25;26;27;28;29;30
754,30,0.581957906994562,0.2553471899011757,4.492903368535745,1.8718643045505885,False,False,ieee30,30,1;2;3;4;5;6;7;8;9;10;11;12;13;14;15;16;17;18;19;20;21;22;23;24;25;26;27;28;29;30
755,30,0.8445058773574925,0.3440644572329792,4.763751755933498,1.9797122526825772,False,False,ieee30,30,1;2;3;4;5;6;7;8;9;10;11;12;13;14;15;16;17;18;19;20;21;22;23;24;25;26;27;28;29;30
756,30,0.23863509073139386,0.06493045802987191,2.1889888979372545,1.0052052500420483,False,False,ieee30,30,1;2;3;4;5;6;7;8;9;10;11;12;13;14;15;16;17;18;19;20;21;22;23;24;25;26;27;28;29;30
757,30,0.7602060549765861,0.3504062895210111,3.0572223379201295,1.3089700207286006,False,False,ieee30,30,1;2;3;4;5;6;7;8;9;10;11;12;13;14;15;16;17;18;19;20;21;22;23;24;25;26;27;28;29;30
758,30,0.2136634253467573,0.07097718903224162,1.8576869030147547,0.8690718322074353,False,False,ieee30,30,1;2;3;4;5;6;7;8;9;10;11;12;13;14;15;16;17;18;19;20;21;22;23;24;25;26;27;28;29;30
759,30,0.6355836722667789,0.29221453117593726,3.071147245657794,1.2741325241069847,False,False,ieee30,30,1;2;3;4;5;6;7;8;9;10;11;12;13;14;15;16;17;18;19;20;21;22;23;24;25;26;27;28;29;30
760,30,0.7458453153135558,0.34871614300102216,3.8745983083535402,1.6308223943589888,False,False,ieee30,30,1;2;3;4;5;6;7;8;9;10;11;12;13;14;15;16;17;18;19;20;21;22;23;24;25;26;27;28;29;30
761,30,0.6812429638142317,0.3120365572275631,2.5664350179214352,1.1070024301582124,False,False,ieee30,30,1;2;3;4;5;6;7;8;9;10;11;12;13;14;15;16;17;18;19;20;21;22;23;24;25;26;27;28;29;30
762,30,0.8069742270186513,0.31802530776382637,4.196788722940493,1.7380424302797337,False,False,ieee30,30,1;2;3;4;5;6;7;8;9;10;11;12;13;14;15;16;17;18;19;20;21;22;23;24;25;26;27;28;29;30
763,30,0.7232836484571326,0.3200128402585007,3.394807081088887,1.4033332067090873,False,False,ieee30,30,1;2;3;4;5;6;7;8;9;10;11;12;13;14;15;16;17;18;19;20;21;22;23;24;25;26;27;28;29;30
764,30,0.7275765187582143,0.3086197584636942,3.8757038335999523,1.5621204499719654,False,False,ieee30,30,1;2;3;4;5;6;7;8;9;10;11;12;13;14;15;16;17;18;19;20;21;22;23;24;25;26;27;28;29;30
765,30,0.7588668741381506,0.31780921048799754,3.9743725839848185,1.6222302107540199,False,False,ieee30,30,1;2;3;4;5;6;7;8;9;10;11;12;13;14;15;16;17;18;19;20;21;22;23;24;25;26;27;28;29;30
766,30,0.8466154534837049,0.3138606904905282,5.14712598683824,2.1237758115858116,False,False,ieee30,30,1;2;3;4;5;6;7;8;9;10;11;12;13;14;15;16;17;18;19;20;21;22;23;24;25;26;27;28;29;30
767,30,0.6401289429449978,0.1696283710606306,5.282100301185777,2.1752375642173143,False,False,ieee30,30,1;2;3;4;5;6;7;8;9;10;11;12;13;14;15;16;17;18;19;20;21;22;23;24;25;26;27;28;29;30
768,30,0.7392312326804373,0.3142524032129661,5.214310370446379,2.1406857617416817,False,False,ieee30,30,1;2;3;4;5;6;7;8;9;10;11;12;13;14;15;16;17;18;19;20;21;22;23;24;25;26;27;28;29;30
769,30,0.7837681162234508,0.2974127244192434,5.401560440835782,2.340413185036943,False,False,ieee30,30,1;2;3;4;5;6;7;8;9;10;11;12;13;14;15;16;17;18;19;20;21;22;23;24;25;26;27;28;29;30
770,30,0.7238022626017258,0.14959259592266563,5.304616410951065,2.6308440170243523,False,False,ieee30,30,1;2;3;4;5;6;7;8;9;10;11;12;13;14;15;16;17;18;19;20;21;22;23;24;25;26;27;28;29;30
771,30,0.7428337940379632,0.20794555108956062,5.7947807165034515,2.6299833618556354,False,False,ieee30,30,1;2;3;4;5;6;7;8;9;10;11;12;13;14;15;16;17;18;19;20;21;22;23;24;25;26;27;28;29;30
772,30,0.7689386618812515,0.19403012884510978,4.581862926865179,2.547293168408691,False,False,ieee30,30,1;2;3;4;5;6;7;8;9;10;11;12;13;14;15;16;17;18;19;20;21;22;23;24;25;26;27;28;29;30
773,30,0.6234154750878961,0.30738374950594277,4.493231127108487,1.9190144249790764,False,False,ieee30,30,1;2;3;4;5;6;7;8;9;10;11;12;13;14;15;16;17;18;19;20;21;22;23;24;25;26;27;28;29;30
774,30,0.7860276117979867,0.22387798041629953,5.303139196604127,2.776952671400556,False,False,ieee30,30,1;2;3;4;5;6;7;8;9;10;11;12;13;14;15;16;17;18;19;20;21;22;23;24;25;26;27;28;29;30
775,30,0.7273593979790387,0.21425921723561508,4.257935703620893,1.5853579426881264,False,False,ieee30,30,1;2;3;4;5;6;7;8;9;10;11;12;13;14;15;16;17;18;19;20;21;22;23;24;25;26;27;28;29;30
776,30,0.44586153384380145,0.16301895626577365,3.561493205129147,1.5056463383598173,False,False,ieee30,30,1;2;3;4;5;6;7;8;9;10;11;12;13;14;15;16;17;18;19;20;21;22;23;24;25;26;27;28;29;30
777,30,0.3495535966677337,0.14370530888689542,3.704750596108357,1.567854199741597,False,False,ieee30,30,1;2;3;4;5;6;7;8;9;10;11;12;13;14;15;16;17;18;19;20;21;22;23;24;25;26;27;28;29;30
778,30,1.0026285547583533,0.5363746137544927,4.668216434449722,1.9155995622204876,False,False,ieee30,30,1;2;3;4;5;6;7;8;9;10;11;12;13;14;15;16;17;18;19;20;21;22;23;24;25;26;27;28;29;30
779,30,0.9984301348040665,0.5380704927935167,4.656708450199835,1.9233866760553942,False,False,ieee30,30,1;2;3;4;5;6;7;8;9;10;11;12;13;14;15;16;17;18;19;20;21;22;23;24;25;26;27;28;29;30
780,30,0.6336913448276132,0.2592119416665314,3.7307690939308733,1.5536707360279365,False,False,ieee30,30,1;2;3;4;5;6;7;8;9;10;11;12;13;14;15;16;17;18;19;20;21;22;23;24;25;26;27;28;29;30
781,30,0.8326238550822874,0.40460756321952956,5.449217521506913,2.2623089914542036,False,False,ieee30,30,1;2;3;4;5;6;7;8;9;10;11;12;13;14;15;16;17;18;19;20;21;22;23;24;25;26;27;28;29;30
782,30,1.2261984530820909,0.508479421341352,4.503617163596078,1.821609905944284,False,False,ieee30,30,1;2;3;4;5;6;7;8;9;10;11;12;13;14;15;16;17;18;19;20;21;22;23;24;25;26;27;28;29;30
783,30,0.9054775345361699,0.45879964977985155,5.231871431537982,2.149729299512293,False,False,ieee30,30,1;2;3;4;5;6;7;8;9;10;11;12;13;14;15;16;17;18;19;20;21;22;23;24;25;26;27;28;29;30
784,30,0.890446678156349,0.3905191707202472,5.117387194244682,2.087574622606352,False,False,ieee30,30,1;2;3;4;5;6;7;8;9;10;11;12;13;14;15;16;17;18;19;20;21;22;23;24;25;26;27;28;29;30
785,30,1.30526628349236,0.5311325687051023,5.669393640307691,2.2961541324865586,False,False,ieee30,30,1;2;3;4;5;6;7;8;9;10;11;12;13;14;15;16;17;18;19;20;21;22;23;24;25;26;27;28;29;30
786,30,0.3577368707162166,0.09699223244882105,3.0492335223129885,1.329979654732663,False,False,ieee30,30,1;2;3;4;5;6;7;8;9;10;11;12;13;14;15;16;17;18;19;20;21;22;23;24;25;26;27;28;29;30
787,30,1.1410648762045534,0.5264428964319334,4.0757740887633,1.6706679557220363,False,False,ieee30,30,1;2;3;4;5;6;7;8;9;10;11;12;13;14;15;16;17;18;19;20;21;22;23;24;25;26;27;28;29;30
788,30,0.3212812942916432,0.10688989351547429,2.7123707852628804,1.1846461677912006,False,False,ieee30,30,1;2;3;4;5;6;7;8;9;10;11;12;13;14;15;16;17;18;19;20;21;22;23;24;25;26;27;28;29;30
789,30,0.9897310997763765,0.454276170697198,4.090137936464939,1.6549735575343407,False,False,ieee30,30,1;2;3;4;5;6;7;8;9;10;11;12;13;14;15;16;17;18;19;20;21;22;23;24;25;26;27;28;29;30
790,30,1.1180770828895026,0.5233948515588563,4.930074548039531,2.002215161974828,False,False,ieee30,30,1;2;3;4;5;6;7;8;9;10;11;12;13;14;15;16;17;18;19;20;21;22;23;24;25;26;27;28;29;30
791,30,1.017797025457782,0.466891035659671,3.5506607223761346,1.444851003528061,False,False,ieee30,30,1;2;3;4;5;6;7;8;9;10;11;12;13;14;15;16;17;18;19;20;21;22;23;24;25;26;27;28;29;30
792,30,1.2044329293924656,0.4758827729272241,5.342102103435726,2.1265496215828947,False,False,ieee30,30,1;2;3;4;5;6;7;8;9;10;11;12;13;14;15;16;17;18;19;20;21;22;23;24;25;26;27;28;29;30
793,30,1.077603668619579,0.4769420055148856,4.823339799605951,1.9163470789993065,False,False,ieee30,30,1;2;3;4;5;6;7;8;9;10;11;12;13;14;15;16;17;18;19;20;21;22;23;24;25;26;27;28;29;30
794,30,1.0894866540830688,0.4626714485971445,4.712806009106111,1.866481794610497,False,False,ieee30,30,1;2;3;4;5;6;7;8;9;10;11;12;13;14;15;16;17;18;19;20;21;22;23;24;25;26;27;28;29;30
795,30,1.13477945831565,0.475963733099399,5.2533669025897956,2.06376267129363,False,False,ieee30,30,1;2;3;4;5;6;7;8;9;10;11;12;13;14;15;16;17;18;19;20;21;22;23;24;25;26;27;28;29;30
796,30,1.2734324095139407,0.47357355834857523,5.611636243569583,2.285465696028109,False,False,ieee30,30,1;2;3;4;5;6;7;8;9;10;11;12;13;14;15;16;17;18;19;20;21;22;23;24;25;26;27;28;29;30
797,30,0.9564470248815797,0.2547251165096266,5.737496214592535,2.3430134254605806,False,False,ieee30,30,1;2;3;4;5;6;7;8;9;10;11;12;13;14;15;16;17;18;19;20;21;22;23;24;25;26;27;28;29;30
798,30,1.1094837577893237,0.4735353317121694,5.612914505502162,2.2813118280105735,False,False,ieee30,30,1;2;3;4;5;6;7;8;9;10;11;12;13;14;15;16;17;18;19;20;21;22;23;24;25;26;27;28;29;30
799,30,1.1746850446596548,0.4470055144311283,6.10813741951681,2.597862832359577,False,False,ieee30,30,1;2;3;4;5;6;7;8;9;10;11;12;13;14;15;16;17;18;19;20;21;22;23;24;25;26;27;28;29;30
800,30,1.0370624834367295,0.21562759888497024,5.7097664310265035,2.9555369712723403,False,False,ieee30,30,1;2;3;4;5;6;7;8;9;10;11;12;13;14;15;16;17;18;19;20;21;22;23;24;25;26;27;28;29;30
801,30,1.0998960618135751,0.30912074337506434,13.048116011901715,5.553222841099465,False,False,ieee30,30,1;2;3;4;5;6;7;8;9;10;11;12;13;14;15;16;17;18;19;20;21;22;23;24;25;26;27;28;29;30
802,30,1.1364245888799345,0.28585822528176635,4.635530773229333,2.8287685976760937,False,False,ieee30,30,1;2;3;4;5;6;7;8;9;10;11;12;13;14;15;16;17;18;19;20;21;22;23;24;25;26;27;28;29;30
803,30,0.9570461400682082,0.47053104340242735,6.486240190916076,2.6851205179828486,False,False,ieee30,30,1;2;3;4;5;6;7;8;9;10;11;12;13;14;15;16;17;18;19;20;21;22;23;24;25;26;27;28;29;30
804,30,1.1538061457310564,0.32899528728090693,2.9865090658142828,2.156736019335411,False,False,ieee30,30,1;2;3;4;5;6;7;8;9;10;11;12;13;14;15;16;17;18;19;20;21;22;23;24;25;26;27;28;29;30
805,30,1.0431808050644802,0.3072804797383955,1.1302393784155873,0.1874212906344906,False,False,ieee30,30,1;2;3;4;5;6;7;8;9;10;11;12;13;14;15;16;17;18;19;20;21;22;23;24;25;26;27;28;29;30
806,30,0.00012542821653868316,2.6174443784166e-05,0.8616159958033915,0.33315024941064386,False,False,ieee30,30,1;2;3;4;5;6;7;8;9;10;11;12;13;14;15;16;17;18;19;20;21;22;23;24;25;26;27;28;29;30
807,30,0.027612812795577202,0.013653092580688725,0.9298956119805635,0.275868241981513,False,False,ieee30,30,1;2;3;4;5;6;7;8;9;10;11;12;13;14;15;16;17;18;19;20;21;22;23;24;25;26;27;28;29;30
808,30,0.004632561954355782,0.0021869088091037037,1.373885304581704,0.46925782647889197,False,False,ieee30,30,1;2;3;4;5;6;7;8;9;10;11;12;13;14;15;16;17;18;19;20;21;22;23;24;25;26;27;28;29;30
809,30,0.01362340260161509,0.006337679556334963,0.5897081115973374,0.15831452158724119,False,False,ieee30,30,1;2;3;4;5;6;7;8;9;10;11;12;13;14;15;16;17;18;19;20;21;22;23;24;25;26;27;28;29;30
810,30,0.047360103159567256,0.019794126875921608,0.47358005708568607,0.12480968646897556,False,False,ieee30,30,1;2;3;4;5;6;7;8;9;10;11;12;13;14;15;16;17;18;19;20;21;22;23;24;25;26;27;28;29;30
811,30,0.06466465992105414,0.031744370209005085,0.44249550203964255,0.10896740625780826,False,False,ieee30,30,1;2;3;4;5;6;7;8;9;10;11;12;13;14;15;16;17;18;19;20;21;22;23;24;25;26;27;28;29;30
812,30,0.013471491867216533,0.004855773687507309,1.1182127488758227,0.3814123464876737,False,False,ieee30,30,1;2;3;4;5;6;7;8;9;10;11;12;13;14;15;16;17;18;19;20;21;22;23;24;25;26;27;28;29;30
813,30,0.024550523964211292,0.011002912201719006,0.9636327584186253,0.3410531686586952,False,False,ieee30,30,1;2;3;4;5;6;7;8;9;10;11;12;13;14;15;16;17;18;19;20;21;22;23;24;25;26;27;28;29;30
814,30,0.011836526719672202,0.0052109690878616305,1.1151621505063218,0.3874622874185781,False,False,ieee30,30,1;2;3;4;5;6;7;8;9;10;11;12;13;14;15;16;17;18;19;20;21;22;23;24;25;26;27;28;29;30
815,30,0.016051631681020653,0.00693871833269763,0.5556339133894855,0.14488213513985432,False,False,ieee30,30,1;2;3;4;5;6;7;8;9;10;11;12;13;14;15;16;17;18;19;20;21;22;23;24;25;26;27;28;29;30
816,30,0.0072103497358861415,0.003216909392330665,1.2569719033853337,0.4266133607845172,False,False,ieee30,30,1;2;3;4;5;6;7;8;9;10;11;12;13;14;15;16;17;18;19;20;21;22;23;24;25;26;27;28;29;30
817,30,0.022456877602132108,0.008207307254310667,0.9617865726389738,0.34055122364772855,False,False,ieee30,30,1;2;3;4;5;6;7;8;9;10;11;12;13;14;15;16;17;18;19;20;21;22;23;24;25;26;27;28;29;30
818,30,0.006433580062180009,0.0026426559599084,0.9686878071278988,0.4196088898758021,False,False,ieee30,30,1;2;3;4;5;6;7;8;9;10;11;12;13;14;15;16;17;18;19;20;21;22;23;24;25;26;27;28;29;30
819,30,0.019877887903087595,0.007806458369560031,0.6242064198536224,0.1655306634179129,False,False,ieee30,30,1;2;3;4;5;6;7;8;9;10;11;12;13;14;15;16;17;18;19;20;21;22;23;24;25;26;27;28;29;30
820,30,0.0047252414085018,0.0018210610132147666,0.7556726605618637,0.3616903090824087,False,False,ieee30,30,1;2;3;4;5;6;7;8;9;10;11;12;13;14;15;16;17;18;19;20;21;22;23;24;25;26;27;28;29;30
821,30,0.045536838835465554,0.015642495157860523,0.36226389139058435,0.08819908956691608,False,False,ieee30,30,1;2;3;4;5;6;7;8;9;10;11;12;13;14;15;16;17;18;19;20;21;22;23;24;25;26;27;28;29;30
822,30,0.007344456663612876,0.002805727294078835,0.8209622086472879,0.24517407916332418,False,False,ieee30,30,1;2;3;4;5;6;7;8;9;10;11;12;13;14;15;16;17;18;19;20;21;22;23;24;25;26;27;28;29;30
823,30,0.024175898126043566,0.008211258600785275,1.1151414637700572,0.3704573030545166,False,False,ieee30,30,1;2;3;4;5;6;7;8;9;10;11;12;13;14;15;16;17;18;19;20;21;22;23;24;25;26;27;28;29;30
824,30,0.010694909709302902,0.002994317364572067,0.9610132641295748,0.28974349860048226,False,False,ieee30,30,1;2;3;4;5;6;7;8;9;10;11;12;13;14;15;16;17;18;19;20;21;22;23;24;25;26;27;28;29;30
825,30,0.006700958684037061,0.001827012307030267,1.6193780952556944,0.7851737476074081,False,False,ieee30,30,1;2;3;4;5;6;7;8;9;10;11;12;13;14;15;16;17;18;19;20;21;22;23;24;25;26;27;28;29;30
826,30,0.027253597333353093,0.007578247507085661,0.9450854241475317,0.33678181574900756,False,False,ieee30,30,1;2;3;4;5;6;7;8;9;10;11;12;13;14;15;16;17;18;19;20;21;22;23;24;25;26;27;28;29;30
827,30,0.010274379370827178,0.006394701849777029,0.30114608780882046,0.07791893072323924,False,False,ieee30,30,1;2;3;4;5;6;7;8;9;10;11;12;13;14;15;16;17;18;19;20;21;22;23;24;25;26;27;28;29;30
828,30,0.0023570649760385424,0.0019322883037057679,0.3181149908551196,0.0876897120819814,False,False,ieee30,30,1;2;3;4;5;6;7;8;9;10;11;12;13;14;15;16;17;18;19;20;21;22;23;24;25;26;27;28;29;30
829,30,0.0015589388638783518,0.0009967353393609407,0.3707672217218482,0.10604969392256425,False,False,ieee30,30,1;2;3;4;5;6;7;8;9;10;11;12;13;14;15;16;17;18;19;20;21;22;23;24;25;26;27;28;29;30
830,30,0.009505335106272647,0.004562159068095942,0.31702691629007107,0.08677539337402257,False,False,ieee30,30,1;2;3;4;5;6;7;8;9;10;11;12;13;14;15;16;17;18;19;20;21;22;23;24;25;26;27;28;29;30
831,30,0.014710970066414728,0.004714175976953394,2.4270806518148182,0.8874482882366446,False,False,ieee30,30,1;2;3;4;5;6;7;8;9;10;11;12;13;14;15;16;17;18;19;20;21;22;23;24;25;26;27;28;29;30
832,30,0.0026131309079366876,0.0015440381360830313,0.3877262050798727,0.10461620327640869,False,False,ieee30,30,1;2;3;4;5;6;7;8;9;10;11;12;13;14;15;16;17;18;19;20;21;22;23;24;25;26;27;28;29;30
833,30,0.006638826320641869,0.0037113357396812985,0.43606977608134556,0.1138550206791566,False,False,ieee30,30,1;2;3;4;5;6;7;8;9;10;11;12;13;14;15;16;17;18;19;20;21;22;23;24;25;26;27;28;29;30
834,30,0.0016436152354614066,0.0008910192262886057,0.3304042605479825,0.08677944084874711,False,False,ieee30,30,1;2;3;4;5;6;7;8;9;10;11;12;13;14;15;16;17;18;19;20;21;22;23;24;25;26;27;28;29;30
835,30,0.0028734061434116196,0.0018116829466486642,0.38441363706264126,0.10635155014860903,False,False,ieee30,30,1;2;3;4;5;6;7;8;9;10;11;12;13;14;15;16;17;18;19;20;21;22;23;24;25;26;27;28;29;30
836,30,0.0024037086492484337,0.0016300970656941,0.553735920010311,0.14739707749231934,False,False,ieee30,30,1;2;3;4;5;6;7;8;9;10;11;12;13;14;15;16;17;18;19;20;21;22;23;24;25;26;27;28;29;30
837,30,0.004672534526656403,0.0016640277360787728,0.33725502393976126,0.09123201300946532,False,False,ieee30,30,1;2;3;4;5;6;7;8;9;10;11;12;13;14;15;16;17;18;19;20;21;22;23;24;25;26;27;28;29;30
838,30,0.0011912528028554456,0.0007692373870593662,0.38479788512015695,0.10688922292367609,False,False,ieee30,30,1;2;3;4;5;6;7;8;9;10;11;12;13;14;15;16;17;18;19;20;21;22;23;24;25;26;27;28;29;30
839,30,0.002471863827592626,0.0008647349769940679,0.38723251897863703,0.10674526302669907,False,False,ieee30,30,1;2;3;4;5;6;7;8;9;10;11;12;13;14;15;16;17;18;19;20;21;22;23;24;25;26;27;28;29;30
840,30,0.0010677645322367257,0.0007109872175050692,0.39815599632505905,0.11092253861317641,False,False,ieee30,30,1;2;3;4;5;6;7;8;9;10;11;12;13;14;15;16;17;18;19;20;21;22;23;24;25;26;27;28;29;30
841,30,0.005771416591964566,0.0008280322933488515,1.9241035844012264,0.7020409319443088,False,False,ieee30,30,1;2;3;4;5;6;7;8;9;10;11;12;13;14;15;16;17;18;19;20;21;22;23;24;25;26;27;28;29;30
842,30,0.002475955251455879,0.0016747726258191584,0.3547626106629971,0.10197524433018124,False,False,ieee30,30,1;2;3;4;5;6;7;8;9;10;11;12;13;14;15;16;17;18;19;20;21;22;23;24;25;26;27;28;29;30
843,30,0.004629308230420855,0.0010512831827865915,0.4553702977282676,0.13029477992126998,False,False,ieee30,30,1;2;3;4;5;6;7;8;9;10;11;12;13;14;15;16;17;18;19;20;21;22;23;24;25;26;27;28;29;30
844,30,0.0015449304047600448,0.00022811316659065994,1.741726460846412,0.7103415199449539,False,False,ieee30,30,1;2;3;4;5;6;7;8;9;10;11;12;13;14;15;16;17;18;19;20;21;22;23;24;25;26;27;28;29;30
845,30,0.0007776038931374338,0.0002317019635695687,0.036243856386203976,0.014024104315163544,False,False,ieee30,30,1;2;3;4;5;6;7;8;9;10;11;12;13;14;15;16;17;18;19;20;21;22;23;24;25;26;27;28;29;30
846,30,0.001572876421217959,0.00046596846833885097,0.5024829345150559,0.17429519177223174,False,False,ieee30,30,1;2;3;4;5;6;7;8;9;10;11;12;13;14;15;16;17;18;19;20;21;22;23;24;25;26;27;28;29;30
847,30,0.14635975075238838,0.05397797047610925,0.9046762033179743,0.3082911222768545,False,False,ieee30,30,1;2;3;4;5;6;7;8;9;10;11;12;13;14;15;16;17;18;19;20;21;22;23;24;25;26;27;28;29;30
848,30,0.11571362809857359,0.04775711499551438,0.37789558011485425,0.09268414683462911,False,False,ieee30,30,1;2;3;4;5;6;7;8;9;10;11;12;13;14;15;16;17;18;19;20;21;22;23;24;25;26;27;28;29;30
849,30,0.3328327767695026,0.17804230469682802,0.4263554194494107,0.21268399067846233,False,False,ieee30,30,1;2;3;4;5;6;7;8;9;10;11;12;13;14;15;16;17;18;19;20;21;22;23;24;25;26;27;28;29;30
850,30,0.3164744183870557,0.1699196164335779,0.4559273159302497,0.18252092110885532,False,False,ieee30,30,1;2;3;4;5;6;7;8;9;10;11;12;13;14;15;16;17;18;19;20;21;22;23;24;25;26;27;28;29;30
851,30,0.2093176350355787,0.08586996473303521,0.26110250647925926,0.04982761687257131,False,False,ieee30,30,1;2;3;4;5;6;7;8;9;10;11;12;13;14;15;16;17;18;19;20;21;22;23;24;25;26;27;28;29;30
852,30,0.27923266057548213,0.13292138883861476,0.6156674996112378,0.31761285140549267,False,False,ieee30,30,1;2;3;4;5;6;7;8;9;10;11;12;13;14;15;16;17;18;19;20;21;22;23;24;25;26;27;28;29;30
853,30,0.40680579885258106,0.16873033417096528,0.4081809881008416,0.1690165671456586,False,False,ieee30,30,1;2;3;4;5;6;7;8;9;10;11;12;13;14;15;16;17;18;19;20;21;22;23;24;25;26;27;28;29;30
854,30,0.3006494347654516,0.1522084862003225,0.8249069515134456,0.40739563798059397,False,False,ieee30,30,1;2;3;4;5;6;7;8;9;10;11;12;13;14;15;16;17;18;19;20;21;22;23;24;25;26;27;28;29;30
855,30,0.2843118657141032,0.1253210678254012,0.5378749771485302,0.28242994301800695,False,False,ieee30,30,1;2;3;4;5;6;7;8;9;10;11;12;13;14;15;16;17;18;19;20;21;22;23;24;25;26;27;28;29;30
856,30,0.41373780381411657,0.16945850945959426,0.9746676672069386,0.4829540576292518,False,False,ieee30,30,1;2;3;4;5;6;7;8;9;10;11;12;13;14;15;16;17;18;19;20;21;22;23;24;25;26;27;28;29;30
857,30,0.11848388222221964,0.032266654108027565,0.7940441186849132,0.24544290245001466,False,False,ieee30,30,1;2;3;4;5;6;7;8;9;10;11;12;13;14;15;16;17;18;19;20;21;22;23;24;25;26;27;28;29;30
858,30,0.3787677406206466,0.17500989183444177,0.28232447152929907,0.06886334424010265,False,False,ieee30,30,1;2;3;4;5;6;7;8;9;10;11;12;13;14;15;16;17;18;19;20;21;22;23;24;25;26;27;28;29;30
859,30,0.10565693188296488,0.035425725207060416,0.2507733244423229,0.050953644833304224,False,False,ieee30,30,1;2;3;4;5;6;7;8;9;10;11;12;13;14;15;16;17;18;19;20;21;22;23;24;25;26;27;28;29;30
860,30,0.27859361039093317,0.1279565890088749,0.560265983979563,0.10435567207420726,False,False,ieee30,30,1;2;3;4;5;6;7;8;9;10;11;12;13;14;15;16;17;18;19;20;21;22;23;24;25;26;27;28;29;30
861,30,0.37009894738346916,0.17342897187226783,0.46311576490970174,0.23154736818031885,False,False,ieee30,30,1;2;3;4;5;6;7;8;9;10;11;12;13;14;15;16;17;18;19;20;21;22;23;24;25;26;27;28;29;30
862,30,0.3412778816994937,0.15667393168145463,0.41808063865677425,0.1896133142797103,False,False,ieee30,30,1;2;3;4;5;6;7;8;9;10;11;12;13;14;15;16;17;18;19;20;21;22;23;24;25;26;27;28;29;30
863,30,0.40649336457535346,0.16036059374506628,0.6608232936449997,0.31651941101596826,False,False,ieee30,30,1;2;3;4;5;6;7;8;9;10;11;12;13;14;15;16;17;18;19;20;21;22;23;24;25;26;27;28;29;30
864,30,0.3606121622674704,0.15969712181727022,0.669436949780793,0.2853794149291965,False,False,ieee30,30,1;2;3;4;5;6;7;8;9;10;11;12;13;14;15;16;17;18;19;20;21;22;23;24;25;26;27;28;29;30
865,30,0.36209708212262004,0.15373447691883124,0.6923105846602554,0.3058003156600425,False,False,ieee30,30,1;2;3;4;5;6;7;8;9;10;11;12;13;14;15;16;17;18;19;20;21;22;23;24;25;26;27;28;29;30
866,30,0.3790171133792578,0.1590561145744917,0.5299281352932845,0.23069494318072326,False,False,ieee30,30,1;2;3;4;5;6;7;8;9;10;11;12;13;14;15;16;17;18;19;20;21;22;23;24;25;26;27;28;29;30
867,30,0.42422787594956235,0.1573275307706441,1.1663893052921495,0.5481734470923049,False,False,ieee30,30,1;2;3;4;5;6;7;8;9;10;11;12;13;14;15;16;17;18;19;20;21;22;23;24;25;26;27;28;29;30
868,30,0.3186084110657521,0.08439767108154222,1.2312537155601087,0.5781606994744508,False,False,ieee30,30,1;2;3;4;5;6;7;8;9;10;11;12;13;14;15;16;17;18;19;20;21;22;23;24;25;26;27;28;29;30
869,30,0.3695271899411462,0.15755668012607016,1.288809250893165,0.5987697029661402,False,False,ieee30,30,1;2;3;4;5;6;7;8;9;10;11;12;13;14;15;16;17;18;19;20;21;22;23;24;25;26;27;28;29;30
870,30,0.3967640889469743,0.15036765487875473,1.6618242000738714,0.7809159564779572,False,False,ieee30,30,1;2;3;4;5;6;7;8;9;10;11;12;13;14;15;16;17;18;19;20;21;22;23;24;25;26;27;28;29;30
871,30,0.3670732063046839,0.07577744231861402,1.5606166625561162,0.8384486262942042,False,False,ieee30,30,1;2;3;4;5;6;7;8;9;10;11;12;13;14;15;16;17;18;19;20;21;22;23;24;25;26;27;28;29;30
872,30,0.3723192289343527,0.10438670583647829,2.3027332303066217,0.6006301421887974,False,False,ieee30,30,1;2;3;4;5;6;7;8;9;10;11;12;13;14;15;16;17;18;19;20;21;22;23;24;25;26;27;28;29;30
873,30,0.38671421374710024,0.09765368294109178,2.9308913398801604,1.3848838031356006,False,False,ieee30,30,1;2;3;4;5;6;7;8;9;10;11;12;13;14;15;16;17;18;19;20;21;22;23;24;25;26;27;28;29;30
874,30,0.3008100037500062,0.14954057890640426,1.0689717542153057,0.5246489947826232,False,False,ieee30,30,1;2;3;4;5;6;7;8;9;10;11;12;13;14;15;16;17;18;19;20;21;22;23;24;25;26;27;28;29;30
875,30,0.3949214638540035,0.1135003172769737,2.747869259818617,1.3097480586188763,False,False,ieee30,30,1;2;3;4;5;6;7;8;9;10;11;12;13;14;15;16;17;18;19;20;21;22;23;24;25;26;27;28;29;30
876,30,0.36890897445376225,0.1085696294184392,2.9865004675526077,1.1578491519218914,False,False,ieee30,30,1;2;3;4;5;6;7;8;9;10;11;12;13;14;15;16;17;18;19;20;21;22;23;24;25;26;27;28;29;30
877,30,0.24472989927143188,0.10212894470856576,0.4484631105213561,0.2563756123643489,False,False,ieee30,30,1;2;3;4;5;6;7;8;9;10;11;12;13;14;15;16;17;18;19;20;21;22;23;24;25;26;27;28;29;30
878,30,0.18719181360425086,0.0739677751691431,0.4620722947031509,0.2599900835244976,False,False,ieee30,30,1;2;3;4;5;6;7;8;9;10;11;12;13;14;15;16;17;18;19;20;21;22;23;24;25;26;27;28;29;30
879,30,0.5449835770430314,0.3074664471663514,0.8684939040404824,0.44164968029237184,False,False,ieee30,30,1;2;3;4;5;6;7;8;9;10;11;12;13;14;15;16;17;18;19;20;21;22;23;24;25;26;27;28;29;30
880,30,0.5462800575319872,0.3093405377397596,0.9427303021700412,0.4723157048017773,False,False,ieee30,30,1;2;3;4;5;6;7;8;9;10;11;12;13;14;15;16;17;18;19;20;21;22;23;24;25;26;27;28;29;30
881,30,0.34199604519317295,0.1460177485131283,0.30150852354807944,0.06482882958986658,False,False,ieee30,30,1;2;3;4;5;6;7;8;9;10;11;12;13;14;15;16;17;18;19;20;21;22;23;24;25;26;27;28;29;30
882,30,0.4718038158219467,0.23993623893350968,1.0364551236598247,0.5186346546506954,False,False,ieee30,30,1;2;3;4;5;6;7;8;9;10;11;12;13;14;15;16;17;18;19;20;21;22;23;24;25;26;27;28;29;30
883,30,0.6723387150007512,0.28527853726879393,0.8308986326003663,0.4153616515613979,False,False,ieee30,30,1;2;3;4;5;6;7;8;9;10;11;12;13;14;15;16;17;18;19;20;21;22;23;24;25;26;27;28;29;30
884,30,0.48246012381619824,0.2517636306296026,1.2245115484174112,0.5545418558255432,False,False,ieee30,30,1;2;3;4;5;6;7;8;9;10;11;12;13;14;15;16;17;18;19;20;21;22;23;24;25;26;27;28;29;30
885,30,0.4699543321628606,0.2145119190259932,1.192109966013816,0.5719140256037772,False,False,ieee30,30,1;2;3;4;5;6;7;8;9;10;11;12;13;14;15;16;17;18;19;20;21;22;23;24;25;26;27;28;29;30
886,30,0.6642066199475911,0.2804001519229295,1.3698750083486284,0.6266950671763246,False,False,ieee30,30,1;2;3;4;5;6;7;8;9;10;11;12;13;14;15;16;17;18;19;20;21;22;23;24;25;26;27;28;29;30
887,30,0.1845529604248043,0.05527652529836172,0.27996975283559244,0.11497807640066249,False,False,ieee30,30,1;2;3;4;5;6;7;8;9;10;11;12;13;14;15;16;17;18;19;20;21;22;23;24;25;26;27;28;29;30
888,30,0.6181112303612224,0.2992069241891066,0.7342526767885815,0.3738535445048746,False,False,ieee30,30,1;2;3;4;5;6;7;8;9;10;11;12;13;14;15;16;17;18;19;20;21;22;23;24;25;26;27;28;29;30
889,30,0.16033524032438765,0.055322721290965965,0.44193513225605974,0.10186406095990375,False,False,ieee30,30,1;2;3;4;5;6;7;8;9;10;11;12;13;14;15;16;17;18;19;20;21;22;23;24;25;26;27;28;29;30
890,30,0.5757858435110308,0.27877346892161553,0.8966501673949584,0.42267788914158555,False,False,ieee30,30,1;2;3;4;5;6;7;8;9;10;11;12;13;14;15;16;17;18;19;20;21;22;23;24;25;26;27;28;29;30
891,30,0.5990183252735064,0.29498474168583966,1.0750160140240064,0.514251930333958,False,False,ieee30,30,1;2;3;4;5;6;7;8;9;10;11;12;13;14;15;16;17;18;19;20;21;22;23;24;25;26;27;28;29;30
892,30,0.557913585156012,0.2696744804916822,0.5147322953355011,0.20692306948577188,False,False,ieee30,30,1;2;3;4;5;6;7;8;9;10;11;12;13;14;15;16;17;18;19;20;21;22;23;24;25;26;27;28;29;30
893,30,0.6493837681196083,0.2700739067763876,1.4435064962014463,0.649086397033707,False,False,ieee30,30,1;2;3;4;5;6;7;8;9;10;11;12;13;14;15;16;17;18;19;20;21;22;23;24;25;26;27;28;29;30
894,30,0.5969213274177284,0.2785343786255039,1.241898203866627,0.5476243188633351,False,False,ieee30,30,1;2;3;4;5;6;7;8;9;10;11;12;13;14;15;16;17;18;19;20;21;22;23;24;25;26;27;28;29;30
895,30,0.5932589059749117,0.2641071745782758,1.2925334280424352,0.5673453966192391,False,False,ieee30,30,1;2;3;4;5;6;7;8;9;10;11;12;13;14;15;16;17;18;19;20;21;22;23;24;25;26;27;28;29;30
896,30,0.6155279901280083,0.27188067300832197,1.3358250813635841,0.5858933384684833,False,False,ieee30,30,1;2;3;4;5;6;7;8;9;10;11;12;13;14;15;16;17;18;19;20;21;22;23;24;25;26;27;28;29;30
897,30,0.7025208764913191,0.27190997957743945,1.7082037211324876,0.76016589969377,False,False,ieee30,30,1;2;3;4;5;6;7;8;9;10;11;12;13;14;15;16;17;18;19;20;21;22;23;24;25;26;27;28;29;30
898,30,0.5089530538671433,0.14250951205370035,1.5959876951679979,0.7262559911729064,False,False,ieee30,30,1;2;3;4;5;6;7;8;9;10;11;12;13;14;15;16;17;18;19;20;21;22;23;24;25;26;27;28;29;30
899,30,0.6089553107917585,0.2745342750795883,1.7411218959822752,0.7740913818233813,False,False,ieee30,30,1;2;3;4;5;6;7;8;9;10;11;12;13;14;15;16;17;18;19;20;21;22;23;24;25;26;27;28;29;30
900,30,0.6460483226611957,0.2556190874454835,1.9694854990749047,0.9083191305784392,False,False,ieee30,30,1;2;3;4;5;6;7;8;9;10;11;12;13;14;15;16;17;18;19;20;21;22;23;24;25;26;27;28;29;30
901,30,0.5881978144157596,0.12648913494509864,2.7271561077021906,1.3725350519091255,False,False,ieee30,30,1;2;3;4;5;6;7;8;9;10;11;12;13;14;15;16;17;18;19;20;21;22;23;24;25;26;27;28;29;30
902,30,0.6144208181860704,0.18072034195336356,2.619797225827581,1.2815453068763585,False,False,ieee30,30,1;2;3;4;5;6;7;8;9;10;11;12;13;14;15;16;17;18;19;20;21;22;23;24;25;26;27;28;29;30
903,30,0.6339048622207192,0.16344038898327834,2.8459404356580955,1.4443189537238585,False,False,ieee30,30,1;2;3;4;5;6;7;8;9;10;11;12;13;14;15;16;17;18;19;20;21;22;23;24;25;26;27;28;29;30
904,30,0.5157332682544113,0.26456599614132764,1.4180496978941368,0.6857840262717686,False,False,ieee30,30,1;2;3;4;5;6;7;8;9;10;11;12;13;14;15;16;17;18;19;20;21;22;23;24;25;26;27;28;29;30
905,30,0.652152350001331,0.1965285992263417,3.0569590408763285,1.5671050610009556,False,False,ieee30,30,1;2;3;4;5;6;7;8;9;10;11;12;13;14;15;16;17;18;19;20;21;22;23;24;25;26;27;28;29;30
906,30,0.599770809808033,0.18012912333221978,9.002732678413768,3.3401682703103512,False,False,ieee30,30,1;2;3;4;5;6;7;8;9;10;11;12;13;14;15;16;17;18;19;20;21;22;23;24;25;26;27;28;29;30
907,30,0.29442282676675957,0.10820362617227208,0.8088623584213434,0.4292157179103977,False,False,ieee30,30,1;2;3;4;5;6;7;8;9;10;11;12;13;14;15;16;17;18;19;20;21;22;23;24;25;26;27;28;29;30
908,30,0.2325901431754926,0.09550955405366945,0.9540555883518027,0.4880747544649837,False,False,ieee30,30,1;2;3;4;5;6;7;8;9;10;11;12;13;14;15;16;17;18;19;20;21;22;23;24;25;26;27;28;29;30
909,30,0.6650455170150087,0.35617135090817725,1.584845840352147,0.7127131296542613,False,False,ieee30,30,1;2;3;4;5;6;7;8;9;10;11;12;13;14;15;16;17;18;19;20;21;22;23;24;25;26;27;28;29;30
910,30,0.6540821633904861,0.35230614152421946,1.6702961418784696,0.7267866624326388,False,False,ieee30,30,1;2;3;4;5;6;7;8;9;10;11;12;13;14;15;16;17;18;19;20;21;22;23;24;25;26;27;28;29;30
911,30,0.42018003515232394,0.17227498330982552,0.7517642925401734,0.3835994493492949,False,False,ieee30,30,1;2;3;4;5;6;7;8;9;10;11;12;13;14;15;16;17;18;19;20;21;22;23;24;25;26;27;28;29;30
912,30,0.5572644643576056,0.26949272784051403,1.6618154573026453,0.7655824439583295,False,False,ieee30,30,1;2;3;4;5;6;7;8;9;10;11;12;13;14;15;16;17;18;19;20;21;22;23;24;25;26;27;28;29;30
913,30,0.8152286989955655,0.33821048099928713,1.5394678279303187,0.67020919589554,False,False,ieee30,30,1;2;3;4;5;6;7;8;9;10;11;12;13;14;15;16;17;18;19;20;21;22;23;24;25;26;27;28;29;30
914,30,0.6023917687776971,0.30530198342112214,1.8783752779433693,0.8413516458369049,False,False,ieee30,30,1;2;3;4;5;6;7;8;9;10;11;12;13;14;15;16;17;18;19;20;21;22;23;24;25;26;27;28;29;30
915,30,0.5806709521187814,0.25526556140816326,1.990405798140375,0.8687041259395304,False,False,ieee30,30,1;2;3;4;5;6;7;8;9;10;11;12;13;14;15;16;17;18;19;20;21;22;23;24;25;26;27;28;29;30
916,30,0.8429864596209667,0.3440698932822745,1.9937653226097845,0.8764136917954203,False,False,ieee30,30,1;2;3;4;5;6;7;8;9;10;11;12;13;14;15;16;17;18;19;20;21;22;23;24;25;26;27;28;29;30
917,30,0.23748458752701526,0.06498787100925588,0.6684104150160121,0.35509637462203714,False,False,ieee30,30,1;2;3;4;5;6;7;8;9;10;11;12;13;14;15;16;17;18;19;20;21;22;23;24;25;26;27;28;29;30
918,30,0.7587094489412664,0.350410996200094,1.3276915105087173,0.6044136815878981,False,False,ieee30,30,1;2;3;4;5;6;7;8;9;10;11;12;13;14;15;16;17;18;19;20;21;22;23;24;25;26;27;28;29;30
919,30,0.2122396413029396,0.07104944896936985,0.4527768012293547,0.23434521390019813,False,False,ieee30,30,1;2;3;4;5;6;7;8;9;10;11;12;13;14;15;16;17;18;19;20;21;22;23;24;25;26;27;28;29;30
920,30,0.634093925011286,0.2922244946471981,1.373863992283932,0.5816596996172873,False,False,ieee30,30,1;2;3;4;5;6;7;8;9;10;11;12;13;14;15;16;17;18;19;20;21;22;23;24;25;26;27;28;29;30
921,30,0.7444411289424441,0.34872101900510755,1.835226504963625,0.8039120719661883,False,False,ieee30,30,1;2;3;4;5;6;7;8;9;10;11;12;13;14;15;16;17;18;19;20;21;22;23;24;25;26;27;28;29;30
922,30,0.6797389473680433,0.3120407353656843,1.064882456808172,0.4662070184202525,False,False,ieee30,30,1;2;3;4;5;6;7;8;9;10;11;12;13;14;15;16;17;18;19;20;21;22;23;24;25;26;27;28;29;30
923,30,0.8055675559575054,0.3180330836352658,2.2027148034420567,0.9256989661708567,False,False,ieee30,30,1;2;3;4;5;6;7;8;9;10;11;12;13;14;15;16;17;18;19;20;21;22;23;24;25;26;27;28;29;30
924,30,0.7219452209567763,0.3200200840035583,2.002032126048036,0.8181944182101107,False,False,ieee30,30,1;2;3;4;5;6;7;8;9;10;11;12;13;14;15;16;17;18;19;20;21;22;23;24;25;26;27;28;29;30
925,30,0.7262533803406375,0.30862873120725953,2.0604639991814433,0.8283001590790856,False,False,ieee30,30,1;2;3;4;5;6;7;8;9;10;11;12;13;14;15;16;17;18;19;20;21;22;23;24;25;26;27;28;29;30
926,30,0.7575697693433682,0.3178161946373762,2.0652628797595383,0.8374809497325879,False,False,ieee30,30,1;2;3;4;5;6;7;8;9;10;11;12;13;14;15;16;17;18;19;20;21;22;23;24;25;26;27;28;29;30
927,30,0.8449544456806092,0.3138710995814346,2.502465243693612,1.0640530554118528,False,False,ieee30,30,1;2;3;4;5;6;7;8;9;10;11;12;13;14;15;16;17;18;19;20;21;22;23;24;25;26;27;28;29;30
928,30,0.6384588216252061,0.16963396026064095,2.6208972015370255,1.1142350738837907,False,False,ieee30,30,1;2;3;4;5;6;7;8;9;10;11;12;13;14;15;16;17;18;19;20;21;22;23;24;25;26;27;28;29;30
929,30,0.7372740786293048,0.31425855238445827,2.502392449965171,1.0600456844701385,False,False,ieee30,30,1;2;3;4;5;6;7;8;9;10;11;12;13;14;15;16;17;18;19;20;21;22;23;24;25;26;27;28;29;30
930,30,0.7817948250142588,0.29742636124297167,3.168448213391239,1.3914534850616387,False,False,ieee30,30,1;2;3;4;5;6;7;8;9;10;11;12;13;14;15;16;17;18;19;20;21;22;23;24;25;26;27;28;29;30
931,30,0.7215204347180982,0.1493440430401561,2.2321882480725757,1.1224694816580656,False,False,ieee30,30,1;2;3;4;5;6;7;8;9;10;11;12;13;14;15;16;17;18;19;20;21;22;23;24;25;26;27;28;29;30
932,30,0.7406505653101882,0.20786693566932196,1.740465551780785,0.7000277206082282,False,False,ieee30,30,1;2;3;4;5;6;7;8;9;10;11;12;13;14;15;16;17;18;19;20;21;22;23;24;25;26;27;28;29;30
933,30,0.7666662697516313,0.19351022208895768,3.294245728237261,1.912615588640401,False,False,ieee30,30,1;2;3;4;5;6;7;8;9;10;11;12;13;14;15;16;17;18;19;20;21;22;23;24;25;26;27;28;29;30
934,30,0.6210683606259726,0.30689270499339416,2.0221558258557697,0.9158617485266654,False,False,ieee30,30,1;2;3;4;5;6;7;8;9;10;11;12;13;14;15;16;17;18;19;20;21;22;23;24;25;26;27;28;29;30
935,30,0.7835021345131263,0.22391089298154176,3.0818155761043426,1.8721872803097126,False,False,ieee30,30,1;2;3;4;5;6;7;8;9;10;11;12;13;14;15;16;17;18;19;20;21;22;23;24;25;26;27;28;29;30
936,30,0.7252341945050477,0.21360395018247566,3.516469051773012,1.2525818686899721,False,False,ieee30,30,1;2;3;4;5;6;7;8;9;10;11;12;13;14;15;16;17;18;19;20;21;22;23;24;25;26;27;28;29;30
937,30,0.44449898105733604,0.16308143267348502,1.6221248767798109,0.7486129911821695,False,False,ieee30,30,1;2;3;4;5;6;7;8;9;10;11;12;13;14;15;16;17;18;19;20;21;22;23;24;25;26;27;28;29;30
938,30,0.34814832675052537,0.14355267890261963,1.7766447807257901,0.8078502664663507,False,False,ieee30,30,1;2;3;4;5;6;7;8;9;10;11;12;13;14;15;16;17;18;19;20;21;22;23;24;25;26;27;28;29;30
939,30,1.0012424612542434,0.5363857467442702,2.669461247655505,1.1206007205154325,False,False,ieee30,30,1;2;3;4;5;6;7;8;9;10;11;12;13;14;15;16;17;18;19;20;21;22;23;24;25;26;27;28;29;30
940,30,0.997061468844112,0.5380823757885095,2.9423734308225913,1.210089528847214,False,False,ieee30,30,1;2;3;4;5;6;7;8;9;10;11;12;13;14;15;16;17;18;19;20;21;22;23;24;25;26;27;28;29;30
941,30,0.6326661228598476,0.25935857505480786,1.4602436255173217,0.6692908601346474,False,False,ieee30,30,1;2;3;4;5;6;7;8;9;10;11;12;13;14;15;16;17;18;19;20;21;22;23;24;25;26;27;28;29;30
942,30,0.8314005739069842,0.4047609665960378,2.8935097781919983,1.2340320938778375,False,False,ieee30,30,1;2;3;4;5;6;7;8;9;10;11;12;13;14;15;16;17;18;19;20;21;22;23;24;25;26;27;28;29;30
943,30,1.2250187984080743,0.5084947981149558,2.508588296552722,1.031159735262333,False,False,ieee30,30,1;2;3;4;5;6;7;8;9;10;11;12;13;14;15;16;17;18;19;20;21;22;23;24;25;26;27;28;29;30
944,30,0.904146527619544,0.4588234214496213,3.1634625150075903,1.321693244430863,False,False,ieee30,30,1;2;3;4;5;6;7;8;9;10;11;12;13;14;15;16;17;18;19;20;21;22;23;24;25;26;27;28;29;30
945,30,0.8891704775032735,0.3904376254039429,3.006475354737445,1.2321285039151837,False,False,ieee30,30,1;2;3;4;5;6;7;8;9;10;11;12;13;14;15;16;17;18;19;20;21;22;23;24;25;26;27;28;29;30
946,30,1.3036992893304855,0.5311465651187959,3.714056151468479,1.4946233452991233,False,False,ieee30,30,1;2;3;4;5;6;7;8;9;10;11;12;13;14;15;16;17;18;19;20;21;22;23;24;25;26;27;28;29;30
947,30,0.35659312511240737,0.09703552218540187,1.3792131025817755,0.6428750421743824,False,False,ieee30,30,1;2;3;4;5;6;7;8;9;10;11;12;13;14;15;16;17;18;19;20;21;22;23;24;25;26;27;28;29;30
948,30,1.1396045434564979,0.5264482316214328,2.214552293316797,0.9297779935140479,False,False,ieee30,30,1;2;3;4;5;6;7;8;9;10;11;12;13;14;15;16;17;18;19;20;21;22;23;24;25;26;27;28;29;30
949,30,0.31985336948716403,0.10695521355771612,1.2637737048848385,0.5827646367569125,False,False,ieee30,30,1;2;3;4;5;6;7;8;9;10;11;12;13;14;15;16;17;18;19;20;21;22;23;24;25;26;27;28;29;30
950,30,0.9883065542671141,0.45428720014600893,2.233936460626454,0.9168135837433066,False,False,ieee30,30,1;2;3;4;5;6;7;8;9;10;11;12;13;14;15;16;17;18;19;20;21;22;23;24;25;26;27;28;29;30
951,30,1.116773615130715,0.5234010408601735,2.8193927598709507,1.1590550043731633,False,False,ieee30,30,1;2;3;4;5;6;7;8;9;10;11;12;13;14;15;16;17;18;19;20;21;22;23;24;25;26;27;28;29;30
952,30,1.016330059806176,0.466896302561571,1.9947961290324856,0.7973406296967118,False,False,ieee30,30,1;2;3;4;5;6;7;8;9;10;11;12;13;14;15;16;17;18;19;20;21;22;23;24;25;26;27;28;29;30
953,30,1.2029558477116449,0.47589486219819876,3.3211419335379384,1.3078862928377033,False,False,ieee30,30,1;2;3;4;5;6;7;8;9;10;11;12;13;14;15;16;17;18;19;20;21;22;23;24;25;26;27;28;29;30
954,30,1.076352035295198,0.47695187648651577,3.2820604764375387,1.2843236537156342,False,False,ieee30,30,1;2;3;4;5;6;7;8;9;10;11;12;13;14;15;16;17;18;19;20;21;22;23;24;25;26;27;28;29;30
955,30,1.0882856441822621,0.46268482123659177,3.285962664266855,1.2757423344536662,False,False,ieee30,30,1;2;3;4;5;6;7;8;9;10;11;12;13;14;15;16;17;18;19;20;21;22;23;24;25;26;27;28;29;30
956,30,1.133475137260469,0.4759748529547677,3.4352253272830704,1.3258847449235893,False,False,ieee30,30,1;2;3;4;5;6;7;8;9;10;11;12;13;14;15;16;17;18;19;20;21;22;23;24;25;26;27;28;29;30
957,30,1.271690488615416,0.473588811877964,3.601255883033442,1.4590333015108778,False,False,ieee30,30,1;2;3;4;5;6;7;8;9;10;11;12;13;14;15;16;17;18;19;20;21;22;23;24;25;26;27;28;29;30
958,30,0.9546996210822433,0.2547567220651047,3.633676698565862,1.4772115968586554,False,False,ieee30,30,1;2;3;4;5;6;7;8;9;10;11;12;13;14;15;16;17;18;19;20;21;22;23;24;25;26;27;28;29;30
959,30,1.1076162041836333,0.4735533617387532,3.613185690471694,1.454000457952254,False,False,ieee30,30,1;2;3;4;5;6;7;8;9;10;11;12;13;14;15;16;17;18;19;20;21;22;23;24;25;26;27;28;29;30
960,30,1.1730628495636033,0.44703286095186723,4.326364828673343,1.8290353306177618,False,False,ieee30,30,1;2;3;4;5;6;7;8;9;10;11;12;13;14;15;16;17;18;19;20;21;22;23;24;25;26;27;28;29;30
961,30,1.03505034164031,0.21540276748889467,3.1425309408260214,1.482802220471041,False,False,ieee30,30,1;2;3;4;5;6;7;8;9;10;11;12;13;14;15;16;17;18;19;20;21;22;23;24;25;26;27;28;29;30
962,30,1.0973375445243216,0.30901351959304413,6.70421354199956,2.897608965523416,False,False,ieee30,30,1;2;3;4;5;6;7;8;9;10;11;12;13;14;15;16;17;18;19;20;21;22;23;24;25;26;27;28;29;30
963,30,1.1341064642048817,0.2852769334989452,3.711200507632883,2.0692934317697476,False,False,ieee30,30,1;2;3;4;5;6;7;8;9;10;11;12;13;14;15;16;17;18;19;20;21;22;23;24;25;26;27;28;29;30
964,30,0.9546499766751679,0.47006416348224683,3.6441367431158485,1.54967215883185,False,False,ieee30,30,1;2;3;4;5;6;7;8;9;10;11;12;13;14;15;16;17;18;19;20;21;22;23;24;25;26;27;28;29;30
965,30,1.1522185443250126,0.32913879489712355,3.6228186041761226,2.524618762922742,False,False,ieee30,30,1;2;3;4;5;6;7;8;9;10;11;12;13;14;15;16;17;18;19;20;21;22;23;24;25;26;27;28;29;30
966,30,1.0408267443971524,0.30657617483993793,1.8686514467354027,0.5126141072534509,False,False,ieee30,30,1;2;3;4;5;6;7;8;9;10;11;12;13;14;15;16;17;18;19;20;21;22;23;24;25;26;27;28;29;30
967,30,0.00017667478192709418,2.8597322111897916e-05,0.3726058869390696,0.11196104125103457,False,False,ieee30,30,1;2;3;4;5;6;7;8;9;10;11;12;13;14;15;16;17;18;19;20;21;22;23;24;25;26;27;28;29;30
968,30,0.027580742259701373,0.013644865572435633,0.9359176804844251,0.29236736145508574,False,False,ieee30,30,1;2;3;4;5;6;7;8;9;10;11;12;13;14;15;16;17;18;19;20;21;22;23;24;25;26;27;28;29;30
969,30,0.004616350808409778,0.0021867141539330323,0.6308494188502101,0.18897121456551763,False,False,ieee30,30,1;2;3;4;5;6;7;8;9;10;11;12;13;14;15;16;17;18;19;20;21;22;23;24;25;26;27;28;29;30
970,30,0.013612489240774342,0.006336899641363435,0.9808022112892124,0.32195780224376536,False,False,ieee30,30,1;2;3;4;5;6;7;8;9;10;11;12;13;14;15;16;17;18;19;20;21;22;23;24;25;26;27;28;29;30
971,30,0.04735755410103032,0.019792328531264503,0.9485749948787262,0.29703774548983464,False,False,ieee30,30,1;2;3;4;5;6;7;8;9;10;11;12;13;14;15;16;17;18;19;20;21;22;23;24;25;26;27;28;29;30
972,30,0.06463282358270976,0.03174074681824032,1.0672136559947003,0.3453576269013144,False,False,ieee30,30,1;2;3;4;5;6;7;8;9;10;11;12;13;14;15;16;17;18;19;20;21;22;23;24;25;26;27;28;29;30
973,30,0.01346556347033018,0.004855043753234228,0.3615293405042191,0.0913458997724278,False,False,ieee30,30,1;2;3;4;5;6;7;8;9;10;11;12;13;14;15;16;17;18;19;20;21;22;23;24;25;26;27;28;29;30
974,30,0.024535535539549673,0.011001759224597674,0.8646726688798689,0.26846392660738866,False,False,ieee30,30,1;2;3;4;5;6;7;8;9;10;11;12;13;14;15;16;17;18;19;20;21;22;23;24;25;26;27;28;29;30
975,30,0.011835413058887589,0.005210226249376795,0.9081629816312864,0.2809376467171117,False,False,ieee30,30,1;2;3;4;5;6;7;8;9;10;11;12;13;14;15;16;17;18;19;20;21;22;23;24;25;26;27;28;29;30
976,30,0.016071766805309598,0.0069377405251336635,0.9295215934506504,0.29159579548862985,False,False,ieee30,30,1;2;3;4;5;6;7;8;9;10;11;12;13;14;15;16;17;18;19;20;21;22;23;24;25;26;27;28;29;30
977,30,0.007199275556895403,0.0032165435532407333,0.7964919055147135,0.24449326024603085,False,False,ieee30,30,1;2;3;4;5;6;7;8;9;10;11;12;13;14;15;16;17;18;19;20;21;22;23;24;25;26;27;28;29;30
978,30,0.022429462198854083,0.008205972519921875,0.8044539093075671,0.24548065719185036,False,False,ieee30,30,1;2;3;4;5;6;7;8;9;10;11;12;13;14;15;16;17;18;19;20;21;22;23;24;25;26;27;28;29;30
979,30,0.006435533154580184,0.002642348453140198,0.37452906906671174,0.09501773089011006,False,False,ieee30,30,1;2;3;4;5;6;7;8;9;10;11;12;13;14;15;16;17;18;19;20;21;22;23;24;25;26;27;28;29;30
980,30,0.019924818392454722,0.007805183859261808,0.932740908216603,0.28750910881804737,False,False,ieee30,30,1;2;3;4;5;6;7;8;9;10;11;12;13;14;15;16;17;18;19;20;21;22;23;24;25;26;27;28;29;30
981,30,0.0047321104128508346,0.0018208395065170344,0.37427859290874704,0.09511799838322854,False,False,ieee30,30,1;2;3;4;5;6;7;8;9;10;11;12;13;14;15;16;17;18;19;20;21;22;23;24;25;26;27;28;29;30
982,30,0.045598636053925744,0.015639859446159796,0.9601464898615524,0.29908524642427864,False,False,ieee30,30,1;2;3;4;5;6;7;8;9;10;11;12;13;14;15;16;17;18;19;20;21;22;23;24;25;26;27;28;29;30
983,30,0.007333417469373148,0.0028052821568733365,1.4046748811798402,0.5048145597739444,False,False,ieee30,30,1;2;3;4;5;6;7;8;9;10;11;12;13;14;15;16;17;18;19;20;21;22;23;24;25;26;27;28;29;30
984,30,0.02422406564847153,0.008210158027158194,0.1785674424895658,0.043575199703717926,False,False,ieee30,30,1;2;3;4;5;6;7;8;9;10;11;12;13;14;15;16;17;18;19;20;21;22;23;24;25;26;27;28;29;30
985,30,0.010911375337579673,0.002993268888274836,0.5701854825231498,0.18755192019321665,False,False,ieee30,30,1;2;3;4;5;6;7;8;9;10;11;12;13;14;15;16;17;18;19;20;21;22;23;24;25;26;27;28;29;30
986,30,0.006573421296912551,0.0018238494899363005,1.2754733685630377,0.5811496238372669,False,False,ieee30,30,1;2;3;4;5;6;7;8;9;10;11;12;13;14;15;16;17;18;19;20;21;22;23;24;25;26;27;28;29;30
987,30,0.02693813985972702,0.007499397636391014,0.8932414758065991,0.3952786906434439,False,False,ieee30,30,1;2;3;4;5;6;7;8;9;10;11;12;13;14;15;16;17;18;19;20;21;22;23;24;25;26;27;28;29;30
988,30,0.010283743452814907,0.006408454149068321,1.0154797612389568,0.35460583414024854,False,False,ieee30,30,1;2;3;4;5;6;7;8;9;10;11;12;13;14;15;16;17;18;19;20;21;22;23;24;25;26;27;28;29;30
989,30,0.00243935271997317,0.0019331436900479025,0.281850306019908,0.07640349246168138,False,False,ieee30,30,1;2;3;4;5;6;7;8;9;10;11;12;13;14;15;16;17;18;19;20;21;22;23;24;25;26;27;28;29;30
990,30,0.0015720286576620338,0.0009964707022798863,0.20877850461114494,0.06013104808891184,False,False,ieee30,30,1;2;3;4;5;6;7;8;9;10;11;12;13;14;15;16;17;18;19;20;21;22;23;24;25;26;27;28;29;30
991,30,0.009589216571333879,0.004570118112407297,0.3281554249423473,0.08659921959601025,False,False,ieee30,30,1;2;3;4;5;6;7;8;9;10;11;12;13;14;15;16;17;18;19;20;21;22;23;24;25;26;27;28;29;30
992,30,0.014772442481646518,0.004726567911442381,0.21872672585412112,0.05379284931361078,False,False,ieee30,30,1;2;3;4;5;6;7;8;9;10;11;12;13;14;15;16;17;18;19;20;21;22;23;24;25;26;27;28;29;30
993,30,0.0026100702902351995,0.0015428660754881612,0.21297756554520542,0.05760146315905629,False,False,ieee30,30,1;2;3;4;5;6;7;8;9;10;11;12;13;14;15;16;17;18;19;20;21;22;23;24;25;26;27;28;29;30
994,30,0.006574366116934616,0.0037088071121829658,0.9659251498190026,0.3119148419211918,False,False,ieee30,30,1;2;3;4;5;6;7;8;9;10;11;12;13;14;15;16;17;18;19;20;21;22;23;24;25;26;27;28;29;30
995,30,0.001594469255665254,0.0008897236108851361,0.983539514624953,0.3292796457563172,False,False,ieee30,30,1;2;3;4;5;6;7;8;9;10;11;12;13;14;15;16;17;18;19;20;21;22;23;24;25;26;27;28;29;30
996,30,0.0029353550496356347,0.0018130464027348997,0.9346699489476131,0.3122077332539443,False,False,ieee30,30,1;2;3;4;5;6;7;8;9;10;11;12;13;14;15;16;17;18;19;20;21;22;23;24;25;26;27;28;29;30
997,30,0.0023726908328424914,0.0016295603222432377,0.9390917602914778,0.2976348515664694,False,False,ieee30,30,1;2;3;4;5;6;7;8;9;10;11;12;13;14;15;16;17;18;19;20;21;22;23;24;25;26;27;28;29;30
998,30,0.00460478594110827,0.0016613652176331595,0.9187204177441923,0.29779602263873456,False,False,ieee30,30,1;2;3;4;5;6;7;8;9;10;11;12;13;14;15;16;17;18;19;20;21;22;23;24;25;26;27;28;29;30
999,30,0.0012182132671090026,0.0007692115439115639,0.2393327949059692,0.06549856206109511,False,False,ieee30,30,1;2;3;4;5;6;7;8;9;10;11;12;13;14;15;16;17;18;19;20;21;22;23;24;25;26;27;28;29;30
1000,30,0.002504431877554199,0.0008636631628892305,0.9258995716699896,0.3020233801415837,False,False,ieee30,30,1;2;3;4;5;6;7;8;9;10;11;12;13;14;15;16;17;18;19;20;21;22;23;24;25;26;27;28;29;30
1001,30,0.0010807839411739982,0.0007109840901038337,0.22302382128540948,0.0613696178993412,False,False,ieee30,30,1;2;3;4;5;6;7;8;9;10;11;12;13;14;15;16;17;18;19;20;21;22;23;24;25;26;27;28;29;30
1002,30,0.005741643438589955,0.0008329385722392058,0.22390461614500995,0.06041658778971065,False,False,ieee30,30,1;2;3;4;5;6;7;8;9;10;11;12;13;14;15;16;17;18;19;20;21;22;23;24;25;26;27;28;29;30
1003,30,0.0024534999582385246,0.0016795897875972014,0.2506444846468315,0.07096491829575396,False,False,ieee30,30,1;2;3;4;5;6;7;8;9;10;11;12;13;14;15;16;17;18;19;20;21;22;23;24;25;26;27;28;29;30
1004,30,0.004619794554087448,0.0010834148809281685,0.8732353606859804,0.3846593514628584,False,False,ieee30,30,1;2;3;4;5;6;7;8;9;10;11;12;13;14;15;16;17;18;19;20;21;22;23;24;25;26;27;28;29;30
1005,30,0.0016148218856608942,0.00025387766297735315,0.17231748241602485,0.04770124380643309,False,False,ieee30,30,1;2;3;4;5;6;7;8;9;10;11;12;13;14;15;16;17;18;19;20;21;22;23;24;25;26;27;28;29;30
1006,30,0.0007991636763820028,0.00023350355693813572,0.5729242792244726,0.19420144338877948,False,False,ieee30,30,1;2;3;4;5;6;7;8;9;10;11;12;13;14;15;16;17;18;19;20;21;22;23;24;25;26;27;28;29;30
1007,30,0.0014411661426950231,0.0003964868859172299,0.06531298026050286,0.017547397836005507,False,False,ieee30,30,1;2;3;4;5;6;7;8;9;10;11;12;13;14;15;16;17;18;19;20;21;22;23;24;25;26;27;28;29;30
1008,30,0.14636471274684976,0.053982519026879894,0.35948827819292295,0.20287184715697237,False,False,ieee30,30,1;2;3;4;5;6;7;8;9;10;11;12;13;14;15;16;17;18;19;20;21;22;23;24;25;26;27;28;29;30
1009,30,0.11564997781909575,0.04774673519065675,0.5403910398680706,0.32467163006466004,False,False,ieee30,30,1;2;3;4;5;6;7;8;9;10;11;12;13;14;15;16;17;18;19;20;21;22;23;24;25;26;27;28;29;30
1010,30,0.33283819678585197,0.17804112067317812,0.7156153701038432,0.3925044497452891,False,False,ieee30,30,1;2;3;4;5;6;7;8;9;10;11;12;13;14;15;16;17;18;19;20;21;22;23;24;25;26;27;28;29;30
1011,30,0.31645979818151426,0.16991738945483864,0.8788721424349812,0.43630440006991467,False,False,ieee30,30,1;2;3;4;5;6;7;8;9;10;11;12;13;14;15;16;17;18;19;20;21;22;23;24;25;26;27;28;29;30
1012,30,0.20930912420200665,0.08588580584416908,1.1138373693975603,0.3108637516091649,False,False,ieee30,30,1;2;3;4;5;6;7;8;9;10;11;12;13;14;15;16;17;18;19;20;21;22;23;24;25;26;27;28;29;30
1013,30,0.27921886322129086,0.13292547581534314,0.960232756601383,0.5044529862503372,False,False,ieee30,30,1;2;3;4;5;6;7;8;9;10;11;12;13;14;15;16;17;18;19;20;21;22;23;24;25;26;27;28;29;30
1014,30,0.4068005906953224,0.16872707842641013,0.7906365017862396,0.4020102782530175,False,False,ieee30,30,1;2;3;4;5;6;7;8;9;10;11;12;13;14;15;16;17;18;19;20;21;22;23;24;25;26;27;28;29;30
1015,30,0.30064393002427253,0.15220249994950982,1.008728059682432,0.5213116395183869,False,False,ieee30,30,1;2;3;4;5;6;7;8;9;10;11;12;13;14;15;16;17;18;19;20;21;22;23;24;25;26;27;28;29;30
1016,30,0.2842846212548412,0.12531258677624624,0.9710491911380353,0.5036319498428461,False,False,ieee30,30,1;2;3;4;5;6;7;8;9;10;11;12;13;14;15;16;17;18;19;20;21;22;23;24;25;26;27;28;29;30
1017,30,0.4137032349908292,0.16945698947374463,0.8607216234641768,0.44887976918584127,False,False,ieee30,30,1;2;3;4;5;6;7;8;9;10;11;12;13;14;15;16;17;18;19;20;21;22;23;24;25;26;27;28;29;30
1018,30,0.11853246172883891,0.032271211428976515,0.34983535812231326,0.09714312332795583,False,False,ieee30,30,1;2;3;4;5;6;7;8;9;10;11;12;13;14;15;16;17;18;19;20;21;22;23;24;25;26;27;28;29;30
1019,30,0.37869277538695334,0.17500802673925087,0.6591308951281971,0.36273387753193154,False,False,ieee30,30,1;2;3;4;5;6;7;8;9;10;11;12;13;14;15;16;17;18;19;20;21;22;23;24;25;26;27;28;29;30
1020,30,0.10571792991399351,0.03542559651912708,0.6184103372960948,0.15949060576856966,False,False,ieee30,30,1;2;3;4;5;6;7;8;9;10;11;12;13;14;15;16;17;18;19;20;21;22;23;24;25;26;27;28;29;30
1021,30,0.2786302912556624,0.1279560413308215,0.5008861299763232,0.20479766594546722,False,False,ieee30,30,1;2;3;4;5;6;7;8;9;10;11;12;13;14;15;16;17;18;19;20;21;22;23;24;25;26;27;28;29;30
1022,30,0.3701468634328394,0.17342698116506858,0.7422846382241887,0.4034203143919015,False,False,ieee30,30,1;2;3;4;5;6;7;8;9;10;11;12;13;14;15;16;17;18;19;20;21;22;23;24;25;26;27;28;29;30
1023,30,0.34127697913229504,0.1566733739207314,0.5367820275849055,0.26403234711549406,False,False,ieee30,30,1;2;3;4;5;6;7;8;9;10;11;12;13;14;15;16;17;18;19;20;21;22;23;24;25;26;27;28;29;30
1024,30,0.4065252094764319,0.1603584159415946,1.1526172572158404,0.5711349064077601,False,False,ieee30,30,1;2;3;4;5;6;7;8;9;10;11;12;13;14;15;16;17;18;19;20;21;22;23;24;25;26;27;28;29;30
1025,30,0.36063288072952343,0.15969594164987683,1.0253116013604215,0.47490467849988105,False,False,ieee30,30,1;2;3;4;5;6;7;8;9;10;11;12;13;14;15;16;17;18;19;20;21;22;23;24;25;26;27;28;29;30
1026,30,0.3620106405240674,0.15373364384433344,1.4135577236685117,0.6312235255106836,False,False,ieee30,30,1;2;3;4;5;6;7;8;9;10;11;12;13;14;15;16;17;18;19;20;21;22;23;24;25;26;27;28;29;30
1027,30,0.37906939802024964,0.1590550545545423,0.9204474005542592,0.4606396231711064,False,False,ieee30,30,1;2;3;4;5;6;7;8;9;10;11;12;13;14;15;16;17;18;19;20;21;22;23;24;25;26;27;28;29;30
1028,30,0.42426798621977846,0.15732340871756378,1.317384556769757,0.6494556818578634,False,False,ieee30,30,1;2;3;4;5;6;7;8;9;10;11;12;13;14;15;16;17;18;19;20;21;22;23;24;25;26;27;28;29;30
1029,30,0.318665239415335,0.08440136370150186,1.310384623128074,0.6504796171671539,False,False,ieee30,30,1;2;3;4;5;6;7;8;9;10;11;12;13;14;15;16;17;18;19;20;21;22;23;24;25;26;27;28;29;30
1030,30,0.36947288357052055,0.1575560523085777,1.408457579363303,0.6857239317327134,False,False,ieee30,30,1;2;3;4;5;6;7;8;9;10;11;12;13;14;15;16;17;18;19;20;21;22;23;24;25;26;27;28;29;30
1031,30,0.39681725330015616,0.15036415077646048,1.6287024002588466,0.8061810056898135,False,False,ieee30,30,1;2;3;4;5;6;7;8;9;10;11;12;13;14;15;16;17;18;19;20;21;22;23;24;25;26;27;28;29;30
1032,30,0.36707899457560844,0.07577334735779455,3.366717218063565,1.5529383633000435,False,False,ieee30,30,1;2;3;4;5;6;7;8;9;10;11;12;13;14;15;16;17;18;19;20;21;22;23;24;25;26;27;28;29;30
1033,30,0.37185340627886576,0.1044327461478917,2.2144592515917556,1.0858878351249435,False,False,ieee30,30,1;2;3;4;5;6;7;8;9;10;11;12;13;14;15;16;17;18;19;20;21;22;23;24;25;26;27;28;29;30
1034,30,0.38679628244838393,0.09767444397870807,3.8819738028934205,1.7809335644735453,False,False,ieee30,30,1;2;3;4;5;6;7;8;9;10;11;12;13;14;15;16;17;18;19;20;21;22;23;24;25;26;27;28;29;30
1035,30,0.30079493136405866,0.14953327967577146,1.281557116385029,0.6455730047584755,False,False,ieee30,30,1;2;3;4;5;6;7;8;9;10;11;12;13;14;15;16;17;18;19;20;21;22;23;24;25;26;27;28;29;30
1036,30,0.39496860724403804,0.11351347852875908,3.3512569860390102,1.5773125748347758,False,False,ieee30,30,1;2;3;4;5;6;7;8;9;10;11;12;13;14;15;16;17;18;19;20;21;22;23;24;25;26;27;28;29;30
1037,30,0.3689431272971345,0.10858845364502367,3.46963583458662,1.3494657314076153,False,False,ieee30,30,1;2;3;4;5;6;7;8;9;10;11;12;13;14;15;16;17;18;19;20;21;22;23;24;25;26;27;28;29;30
1038,30,0.24472761473319535,0.10215166226631983,0.8408763754038125,0.47784004474199293,False,False,ieee30,30,1;2;3;4;5;6;7;8;9;10;11;12;13;14;15;16;17;18;19;20;21;22;23;24;25;26;27;28;29;30
1039,30,0.18716946609234064,0.07396246099224113,0.9288991761464102,0.5128988271052143,False,False,ieee30,30,1;2;3;4;5;6;7;8;9;10;11;12;13;14;15;16;17;18;19;20;21;22;23;24;25;26;27;28;29;30
1040,30,0.5449936243024626,0.3074691267127311,1.4617403726819567,0.7147456700373608,False,False,ieee30,30,1;2;3;4;5;6;7;8;9;10;11;12;13;14;15;16;17;18;19;20;21;22;23;24;25;26;27;28;29;30
1041,30,0.5462878411606775,0.3093430307769268,1.5530209736832619,0.7536906333482764,False,False,ieee30,30,1;2;3;4;5;6;7;8;9;10;11;12;13;14;15;16;17;18;19;20;21;22;23;24;25;26;27;28;29;30
1042,30,0.34200619025460766,0.14602445989685853,0.7437784984354612,0.41081855588983396,False,False,ieee30,30,1;2;3;4;5;6;7;8;9;10;11;12;13;14;15;16;17;18;19;20;21;22;23;24;25;26;27;28;29;30
1043,30,0.47180075648155817,0.23994250259736455,1.6989275564111435,0.8189916014675825,False,False,ieee30,30,1;2;3;4;5;6;7;8;9;10;11;12;13;14;15;16;17;18;19;20;21;22;23;24;25;26;27;28;29;30
1044,30,0.6723327653720114,0.2852790553057294,1.380802463276043,0.6698612815452624,False,False,ieee30,30,1;2;3;4;5;6;7;8;9;10;11;12;13;14;15;16;17;18;19;20;21;22;23;24;25;26;27;28;29;30
1045,30,0.4824444384715851,0.25176185029233983,1.959096549082291,0.8747913204612349,False,False,ieee30,30,1;2;3;4;5;6;7;8;9;10;11;12;13;14;15;16;17;18;19;20;21;22;23;24;25;26;27;28;29;30
1046,30,0.4700102091194306,0.2145123901355915,1.8694004381264167,0.8702180533802354,False,False,ieee30,30,1;2;3;4;5;6;7;8;9;10;11;12;13;14;15;16;17;18;19;20;21;22;23;24;25;26;27;28;29;30
1047,30,0.6642658063754974,0.28040234701830097,1.964687986828027,0.8966657667201147,False,False,ieee30,30,1;2;3;4;5;6;7;8;9;10;11;12;13;14;15;16;17;18;19;20;21;22;23;24;25;26;27;28;29;30
1048,30,0.18460036876655816,0.05528350340340302,0.6707412424812349,0.3812867467384998,False,False,ieee30,30,1;2;3;4;5;6;7;8;9;10;11;12;13;14;15;16;17;18;19;20;21;22;23;24;25;26;27;28;29;30
1049,30,0.6181379041779731,0.2992072867286149,1.2152711442843551,0.6053510948274553,False,False,ieee30,30,1;2;3;4;5;6;7;8;9;10;11;12;13;14;15;16;17;18;19;20;21;22;23;24;25;26;27;28;29;30
1050,30,0.16037379628476123,0.055323649354027754,0.5490690850745873,0.3142552372986328,False,False,ieee30,30,1;2;3;4;5;6;7;8;9;10;11;12;13;14;15;16;17;18;19;20;21;22;23;24;25;26;27;28;29;30
1051,30,0.5758289277204038,0.27877559428529086,1.330620319782529,0.6344541360770547,False,False,ieee30,30,1;2;3;4;5;6;7;8;9;10;11;12;13;14;15;16;17;18;19;20;21;22;23;24;25;26;27;28;29;30
1052,30,0.5990763838114361,0.2949878513221569,1.6451657821978234,0.7758117746197543,False,False,ieee30,30,1;2;3;4;5;6;7;8;9;10;11;12;13;14;15;16;17;18;19;20;21;22;23;24;25;26;27;28;29;30
1053,30,0.5579521412346767,0.2696750313725482,1.0429507896841628,0.5089528982052259,False,False,ieee30,30,1;2;3;4;5;6;7;8;9;10;11;12;13;14;15;16;17;18;19;20;21;22;23;24;25;26;27;28;29;30
1054,30,0.6494443738792739,0.27007537188141517,1.9931244018449283,0.8970778413018875,False,False,ieee30,30,1;2;3;4;5;6;7;8;9;10;11;12;13;14;15;16;17;18;19;20;21;22;23;24;25;26;27;28;29;30
1055,30,0.5969815342039629,0.2785373588018356,1.7276045258425605,0.774435167866898,False,False,ieee30,30,1;2;3;4;5;6;7;8;9;10;11;12;13;14;15;16;17;18;19;20;21;22;23;24;25;26;27;28;29;30
1056,30,0.5933189781068533,0.26410954749333926,1.781430979044209,0.7948677134127659,False,False,ieee30,30,1;2;3;4;5;6;7;8;9;10;11;12;13;14;15;16;17;18;19;20;21;22;23;24;25;26;27;28;29;30
1057,30,0.6155915290905841,0.2718842189234863,1.8439690799821231,0.8200605385740042,False,False,ieee30,30,1;2;3;4;5;6;7;8;9;10;11;12;13;14;15;16;17;18;19;20;21;22;23;24;25;26;27;28;29;30
1058,30,0.7025801103523942,0.2719115397151586,2.3229042380461746,1.0365602759852903,False,False,ieee30,30,1;2;3;4;5;6;7;8;9;10;11;12;13;14;15;16;17;18;19;20;21;22;23;24;25;26;27;28;29;30
1059,30,0.509015893495381,0.14251881376361458,2.2880443934320205,1.0354294407931732,False,False,ieee30,30,1;2;3;4;5;6;7;8;9;10;11;12;13;14;15;16;17;18;19;20;21;22;23;24;25;26;27;28;29;30
1060,30,0.6090026829869273,0.27454072641247557,2.3323169746141637,1.0437012380377104,False,False,ieee30,30,1;2;3;4;5;6;7;8;9;10;11;12;13;14;15;16;17;18;19;20;21;22;23;24;25;26;27;28;29;30
1061,30,0.6461331871167296,0.2556278765623694,2.855932940392589,1.3008692441118384,False,False,ieee30,30,1;2;3;4;5;6;7;8;9;10;11;12;13;14;15;16;17;18;19;20;21;22;23;24;25;26;27;28;29;30
1062,30,0.588345334300658,0.12650623467428046,3.775477723121775,1.8681845460882434,False,False,ieee30,30,1;2;3;4;5;6;7;8;9;10;11;12;13;14;15;16;17;18;19;20;21;22;23;24;25;26;27;28;29;30
1063,30,0.6145456304571325,0.18074676809876566,3.1205323446832294,1.5191388986998522,False,False,ieee30,30,1;2;3;4;5;6;7;8;9;10;11;12;13;14;15;16;17;18;19;20;21;22;23;24;25;26;27;28;29;30
1064,30,0.6341254433147019,0.16349885336553827,3.7908859726906226,1.9001675921317611,False,False,ieee30,30,1;2;3;4;5;6;7;8;9;10;11;12;13;14;15;16;17;18;19;20;21;22;23;24;25;26;27;28;29;30
1065,30,0.5157456502253782,0.2645706003885558,2.2243342605192793,1.0321277725592015,False,False,ieee30,30,1;2;3;4;5;6;7;8;9;10;11;12;13;14;15;16;17;18;19;20;21;22;23;24;25;26;27;28;29;30
1066,30,0.6523936348223021,0.19660265383331546,4.201271124609505,2.0404338857770976,False,False,ieee30,30,1;2;3;4;5;6;7;8;9;10;11;12;13;14;15;16;17;18;19;20;21;22;23;24;25;26;27;28;29;30
1067,30,0.5970732733899111,0.17927209242163628,3.6488752381958243,1.6104279903025893,False,False,ieee30,30,1;2;3;4;5;6;7;8;9;10;11;12;13;14;15;16;17;18;19;20;21;22;23;24;25;26;27;28;29;30
1068,30,0.2944254611894561,0.10820952321590649,1.2054307726005447,0.6223743621962555,False,False,ieee30,30,1;2;3;4;5;6;7;8;9;10;11;12;13;14;15;16;17;18;19;20;21;22;23;24;25;26;27;28;29;30
1069,30,0.23251555788306227,0.09550037444773168,1.5363325290575665,0.7471524086127536,False,False,ieee30,30,1;2;3;4;5;6;7;8;9;10;11;12;13;14;15;16;17;18;19;20;21;22;23;24;25;26;27;28;29;30
1070,30,0.6650492231710909,0.3561740979856039,1.8313085458712652,0.8443311255039209,False,False,ieee30,30,1;2;3;4;5;6;7;8;9;10;11;12;13;14;15;16;17;18;19;20;21;22;23;24;25;26;27;28;29;30
1071,30,0.6540702917435194,0.3523087420604714,2.202564601963223,0.9679423345412775,False,False,ieee30,30,1;2;3;4;5;6;7;8;9;10;11;12;13;14;15;16;17;18;19;20;21;22;23;24;25;26;27;28;29;30
1072,30,0.42015784983708315,0.17228929656148292,0.4020283246647901,0.18176185657297683,False,False,ieee30,30,1;2;3;4;5;6;7;8;9;10;11;12;13;14;15;16;17;18;19;20;21;22;23;24;25;26;27;28;29;30
1073,30,0.5572373875614378,0.26949955238413226,2.3018480869043794,1.0473732257629371,False,False,ieee30,30,1;2;3;4;5;6;7;8;9;10;11;12;13;14;15;16;17;18;19;20;21;22;23;24;25;26;27;28;29;30
1074,30,0.8152183691501815,0.33821149164386866,2.021201240852382,0.8909783682505326,False,False,ieee30,30,1;2;3;4;5;6;7;8;9;10;11;12;13;14;15;16;17;18;19;20;21;22;23;24;25;26;27;28;29;30
1075,30,0.6023747854189031,0.30530156122572993,2.3173035513267344,1.0456225072058905,False,False,ieee30,30,1;2;3;4;5;6;7;8;9;10;11;12;13;14;15;16;17;18;19;20;21;22;23;24;25;26;27;28;29;30
1076,30,0.5806380307149637,0.25525905245556485,2.540760750735591,1.0989447230811513,False,False,ieee30,30,1;2;3;4;5;6;7;8;9;10;11;12;13;14;15;16;17;18;19;20;21;22;23;24;25;26;27;28;29;30
1077,30,0.8429316423765277,0.3440724352650831,2.535948269000346,1.088509646736187,False,False,ieee30,30,1;2;3;4;5;6;7;8;9;10;11;12;13;14;15;16;17;18;19;20;21;22;23;24;25;26;27;28;29;30
1078,30,0.23753218528248188,0.06499239012341554,1.0417711171608421,0.5480827293289787,False,False,ieee30,30,1;2;3;4;5;6;7;8;9;10;11;12;13;14;15;16;17;18;19;20;21;22;23;24;25;26;27;28;29;30
1079,30,0.7586385833497236,0.3504117067211536,1.9390301331332316,0.8553427551083119,False,False,ieee30,30,1;2;3;4;5;6;7;8;9;10;11;12;13;14;15;16;17;18;19;20;21;22;23;24;25;26;27;28;29;30
1080,30,0.21229365104493808,0.07104836149313246,0.7798170367275491,0.4337741585602696,False,False,ieee30,30,1;2;3;4;5;6;7;8;9;10;11;12;13;14;15;16;17;18;19;20;21;22;23;24;25;26;27;28;29;30
1081,30,0.6341407663550702,0.29222726446976643,1.55137438359103,0.6901581185834019,False,False,ieee30,30,1;2;3;4;5;6;7;8;9;10;11;12;13;14;15;16;17;18;19;20;21;22;23;24;25;26;27;28;29;30
1082,30,0.7445120149885729,0.3487236322138148,1.859727602923295,0.8509464132552331,False,False,ieee30,30,1;2;3;4;5;6;7;8;9;10;11;12;13;14;15;16;17;18;19;20;21;22;23;24;25;26;27;28;29;30
1083,30,0.6797377743039343,0.3120427356028518,1.62360670169128,0.718970716408453,False,False,ieee30,30,1;2;3;4;5;6;7;8;9;10;11;12;13;14;15;16;17;18;19;20;21;22;23;24;25;26;27;28;29;30
1084,30,0.805609384437994,0.3180346693672579,2.916074122524096,1.2250203355912377,False,False,ieee30,30,1;2;3;4;5;6;7;8;9;10;11;12;13;14;15;16;17;18;19;20;21;22;23;24;25;26;27;28;29;30
1085,30,0.7220109375357074,0.32002349761781346,2.5136535183435207,1.0369552412902774,False,False,ieee30,30,1;2;3;4;5;6;7;8;9;10;11;12;13;14;15;16;17;18;19;20;21;22;23;24;25;26;27;28;29;30
1086,30,0.7262098074196583,0.30863091001628623,2.930284566059852,1.175498914680074,False,False,ieee30,30,1;2;3;4;5;6;7;8;9;10;11;12;13;14;15;16;17;18;19;20;21;22;23;24;25;26;27;28;29;30
1087,30,0.7576677343206835,0.3178196941243518,2.271593442133401,0.9544798204563573,False,False,ieee30,30,1;2;3;4;5;6;7;8;9;10;11;12;13;14;15;16;17;18;19;20;21;22;23;24;25;26;27;28;29;30
1088,30,0.8450031001680183,0.31387429884323126,3.090106890468072,1.3237307879747706,False,False,ieee30,30,1;2;3;4;5;6;7;8;9;10;11;12;13;14;15;16;17;18;19;20;21;22;23;24;25;26;27;28;29;30
1089,30,0.638516920507668,0.16964285042587654,2.8545340060266318,1.2406510408453073,False,False,ieee30,30,1;2;3;4;5;6;7;8;9;10;11;12;13;14;15;16;17;18;19;20;21;22;23;24;25;26;27;28;29;30
1090,30,0.7372773194561624,0.3142660847207461,3.221158684466156,1.369269729911823,False,False,ieee30,30,1;2;3;4;5;6;7;8;9;10;11;12;13;14;15;16;17;18;19;20;21;22;23;24;25;26;27;28;29;30
1091,30,0.7818651064018645,0.2974345802690521,3.1539428767052673,1.4199982501510067,False,False,ieee30,30,1;2;3;4;5;6;7;8;9;10;11;12;13;14;15;16;17;18;19;20;21;22;23;24;25;26;27;28;29;30
1092,30,0.7217208024035371,0.14937189700003659,4.892812443527534,2.49054014539874,False,False,ieee30,30,1;2;3;4;5;6;7;8;9;10;11;12;13;14;15;16;17;18;19;20;21;22;23;24;25;26;27;28;29;30
1093,30,0.7407369009941761,0.20799063655285685,5.481068203610537,2.4888064291602032,False,False,ieee30,30,1;2;3;4;5;6;7;8;9;10;11;12;13;14;15;16;17;18;19;20;21;22;23;24;25;26;27;28;29;30
1094,30,0.7668054381719994,0.1935482840261925,3.3783180775245887,1.964231055622529,False,False,ieee30,30,1;2;3;4;5;6;7;8;9;10;11;12;13;14;15;16;17;18;19;20;21;22;23;24;25;26;27;28;29;30
1095,30,0.6210414369152019,0.30689328137610805,2.8525276756562654,1.266923644103548,False,False,ieee30,30,1;2;3;4;5;6;7;8;9;10;11;12;13;14;15;16;17;18;19;20;21;22;23;24;25;26;27;28;29;30
1096,30,0.7837753422377276,0.22399214597174932,3.7415709947561395,2.2046142416083496,False,False,ieee30,30,1;2;3;4;5;6;7;8;9;10;11;12;13;14;15;16;17;18;19;20;21;22;23;24;25;26;27;28;29;30
1097,30,0.7247838497340191,0.21347472945049603,1.6508211899117131,0.6994143122126809,False,False,ieee30,30,1;2;3;4;5;6;7;8;9;10;11;12;13;14;15;16;17;18;19;20;21;22;23;24;25;26;27;28;29;30
1098,30,0.4445008355807506,0.1630868575230968,1.8943929532699713,0.8865716329167658,False,False,ieee30,30,1;2;3;4;5;6;7;8;9;10;11;12;13;14;15;16;17;18;19;20;21;22;23;24;25;26;27;28;29;30
1099,30,0.34807284133334865,0.14354550471394328,2.427814295679462,1.0800637182117612,False,False,ieee30,30,1;2;3;4;5;6;7;8;9;10;11;12;13;14;15;16;17;18;19;20;21;22;23;24;25;26;27;28;29;30
1100,30,1.001248424954413,0.5363889460148659,2.6837275960367473,1.1654153910959262,False,False,ieee30,30,1;2;3;4;5;6;7;8;9;10;11;12;13;14;15;16;17;18;19;20;21;22;23;24;25;26;27;28;29;30
1101,30,0.9970580250474961,0.5380852979604492,3.203751175393182,1.3462367547578618,False,False,ieee30,30,1;2;3;4;5;6;7;8;9;10;11;12;13;14;15;16;17;18;19;20;21;22;23;24;25;26;27;28;29;30
1102,30,0.632636674757815,0.25937155613511453,1.008689996247473,0.49730233979532024,False,False,ieee30,30,1;2;3;4;5;6;7;8;9;10;11;12;13;14;15;16;17;18;19;20;21;22;23;24;25;26;27;28;29;30
1103,30,0.8313727248683572,0.4047656620898661,3.208598121033334,1.3868836584368824,False,False,ieee30,30,1;2;3;4;5;6;7;8;9;10;11;12;13;14;15;16;17;18;19;20;21;22;23;24;25;26;27;28;29;30
1104,30,1.2250151205224908,0.5084970978466498,3.0205993504076654,1.2553703058744174,False,False,ieee30,30,1;2;3;4;5;6;7;8;9;10;11;12;13;14;15;16;17;18;19;20;21;22;23;24;25;26;27;28;29;30
1105,30,0.9041316918901139,0.45882540866611987,3.2861888473608,1.4040318925323154,False,False,ieee30,30,1;2;3;4;5;6;7;8;9;10;11;12;13;14;15;16;17;18;19;20;21;22;23;24;25;26;27;28;29;30
1106,30,0.8891394622985459,0.39042976152565423,3.5901316342538463,1.4673395013421757,False,False,ieee30,30,1;2;3;4;5;6;7;8;9;10;11;12;13;14;15;16;17;18;19;20;21;22;23;24;25;26;27;28;29;30
1107,30,1.3036051948779899,0.5311462756177543,3.696132475576103,1.4917028377291168,False,False,ieee30,30,1;2;3;4;5;6;7;8;9;10;11;12;13;14;15;16;17;18;19;20;21;22;23;24;25;26;27;28;29;30
1108,30,0.3566458217387273,0.09704049274274953,1.7040480772654916,0.8069496182026088,False,False,ieee30,30,1;2;3;4;5;6;7;8;9;10;11;12;13;14;15;16;17;18;19;20;21;22;23;24;25;26;27;28;29;30
1109,30,1.1395369886146125,0.5264469494067956,2.822556467553455,1.171791707744112,False,False,ieee30,30,1;2;3;4;5;6;7;8;9;10;11;12;13;14;15;16;17;18;19;20;21;22;23;24;25;26;27;28;29;30
1110,30,0.3199157556413137,0.1069535269974648,1.3288092011090573,0.6581613927349371,False,False,ieee30,30,1;2;3;4;5;6;7;8;9;10;11;12;13;14;15;16;17;18;19;20;21;22;23;24;25;26;27;28;29;30
1111,30,0.9883622646108917,0.45429075931338303,2.3065393543576587,0.9837725631519906,False,False,ieee30,30,1;2;3;4;5;6;7;8;9;10;11;12;13;14;15;16;17;18;19;20;21;22;23;24;25;26;27;28;29;30
1112,30,1.1168566860446325,0.5234047041433305,2.6760097626588677,1.1441288142284458,False,False,ieee30,30,1;2;3;4;5;6;7;8;9;10;11;12;13;14;15;16;17;18;19;20;21;22;23;24;25;26;27;28;29;30
1113,30,1.0163444818699796,0.4668982086041814,2.4873597685195317,1.0196561502189936,False,False,ieee30,30,1;2;3;4;5;6;7;8;9;10;11;12;13;14;15;16;17;18;19;20;21;22;23;24;25;26;27;28;29;30
1114,30,1.2030382923239142,0.47589741153949755,4.162630960785884,1.6556678344644578,False,False,ieee30,30,1;2;3;4;5;6;7;8;9;10;11;12;13;14;15;16;17;18;19;20;21;22;23;24;25;26;27;28;29;30
1115,30,1.0764360546772909,0.47695542602733476,3.633822693125712,1.437633717257706,False,False,ieee30,30,1;2;3;4;5;6;7;8;9;10;11;12;13;14;15;16;17;18;19;20;21;22;23;24;25;26;27;28;29;30
1116,30,1.0882555034881087,0.46268353509971794,3.904297525372582,1.5304340748166436,False,False,ieee30,30,1;2;3;4;5;6;7;8;9;10;11;12;13;14;15;16;17;18;19;20;21;22;23;24;25;26;27;28;29;30
1117,30,1.1335939501144794,0.4759782977716924,3.2649246996070724,1.3052170172054667,False,False,ieee30,30,1;2;3;4;5;6;7;8;9;10;11;12;13;14;15;16;17;18;19;20;21;22;23;24;25;26;27;28;29;30
1118,30,1.2717839730510891,0.47359562571174546,4.154340526321309,1.7019419234542035,False,False,ieee30,30,1;2;3;4;5;6;7;8;9;10;11;12;13;14;15;16;17;18;19;20;21;22;23;24;25;26;27;28;29;30
1119,30,0.954801571845153,0.25476727557234197,3.853585524578681,1.5983931445549002,False,False,ieee30,30,1;2;3;4;5;6;7;8;9;10;11;12;13;14;15;16;17;18;19;20;21;22;23;24;25;26;27;28;29;30
1120,30,1.1076590326303788,0.47356154225559816,4.644582024536377,1.8840572678089602,False,False,ieee30,30,1;2;3;4;5;6;7;8;9;10;11;12;13;14;15;16;17;18;19;20;21;22;23;24;25;26;27;28;29;30
1121,30,1.1731849775603445,0.4470484402196312,4.286655282944805,1.8480205855382414,False,False,ieee30,30,1;2;3;4;5;6;7;8;9;10;11;12;13;14;15;16;17;18;19;20;21;22;23;24;25;26;27;28;29;30
1122,30,1.0354071095050998,0.21546156955768056,5.713692667204879,2.8890234256860197,False,False,ieee30,30,1;2;3;4;5;6;7;8;9;10;11;12;13;14;15;16;17;18;19;20;21;22;23;24;25;26;27;28;29;30
1123,30,1.0972271968074516,0.3090633103839299,4.692228966482812,2.1764210934022135,False,False,ieee30,30,1;2;3;4;5;6;7;8;9;10;11;12;13;14;15;16;17;18;19;20;21;22;23;24;25;26;27;28;29;30
1124,30,1.1343900243325598,0.285356598947588,3.8698315731429984,2.174596725912756,False,False,ieee30,30,1;2;3;4;5;6;7;8;9;10;11;12;13;14;15;16;17;18;19;20;21;22;23;24;25;26;27;28;29;30
1125,30,0.9546411461668131,0.47007500723641366,3.956455963459748,1.6995457528241773,False,False,ieee30,30,1;2;3;4;5;6;7;8;9;10;11;12;13;14;15;16;17;18;19;20;21;22;23;24;25;26;27;28;29;30
1126,30,1.152587917543376,0.3292247267502444,3.3706786636781914,2.356125500076998,False,False,ieee30,30,1;2;3;4;5;6;7;8;9;10;11;12;13;14;15;16;17;18;19;20;21;22;23;24;25;26;27;28;29;30
1127,30,1.041156801852344,0.3066765481588726,1.8533315831051138,0.466697527817375,False,False,ieee30,30,1;2;3;4;5;6;7;8;9;10;11;12;13;14;15;16;17;18;19;20;21;22;23;24;25;26;27;28;29;30
